<?xml version="1.0" encoding="utf-8"?>
<COLLADA xmlns="http://www.collada.org/2005/11/COLLADASchema" version="1.4.1" xmlns:xsi="http://www.w3.org/2001/XMLSchema-instance">
  <asset>
    <contributor>
      <author>Blender User</author>
      <authoring_tool>Blender 4.1.1 commit date:2024-04-15, commit time:15:11, hash:e1743a0317bc</authoring_tool>
    </contributor>
    <created>2024-10-28T17:04:26</created>
    <modified>2024-10-28T17:04:26</modified>
    <unit name="meter" meter="1"/>
    <up_axis>Z_UP</up_axis>
  </asset>
  <library_effects>
    <effect id="Plastic_-_Matte__Black_-effect">
      <profile_COMMON>
        <technique sid="common">
          <lambert>
            <emission>
              <color sid="emission">0 0 0 1</color>
            </emission>
            <diffuse>
              <color sid="diffuse">0.098039 0.098039 0.098039 1</color>
            </diffuse>
            <index_of_refraction>
              <float sid="ior">1.5</float>
            </index_of_refraction>
          </lambert>
        </technique>
      </profile_COMMON>
    </effect>
    <effect id="ABS__White_-effect">
      <profile_COMMON>
        <technique sid="common">
          <lambert>
            <emission>
              <color sid="emission">0 0 0 1</color>
            </emission>
            <diffuse>
              <color sid="diffuse">0.964706 0.964706 0.952941 1</color>
            </diffuse>
            <index_of_refraction>
              <float sid="ior">1.5</float>
            </index_of_refraction>
          </lambert>
        </technique>
      </profile_COMMON>
    </effect>
  </library_effects>
  <library_images/>
  <library_materials>
    <material id="Plastic_-_Matte__Black_-material" name="Plastic_-_Matte_(Black)">
      <instance_effect url="#Plastic_-_Matte__Black_-effect"/>
    </material>
    <material id="ABS__White_-material" name="ABS_(White)">
      <instance_effect url="#ABS__White_-effect"/>
    </material>
  </library_materials>
  <library_geometries>
    <geometry id="fan_fixed-mesh" name="fan_fixed">
      <mesh>
        <source id="fan_fixed-mesh-positions">
          <float_array id="fan_fixed-mesh-positions-array" count="1449">2.054495 2.735857 0.5549311 2.055801 2.399719 0.2928048 2.046485 2.322904 -0.1471553 2.054495 2.623669 -0.5084614 2.052664 3.025735 -0.566067 2.04027 3.419874 -0.3238517 2.049975 3.489082 0.0657981 2.04027 3.223852 0.5198738 2.036259 2.900888 1.175773 2.037161 3.360949 1.1143 2.03986 3.717746 0.844683 2.037033 4.013469 0.461498 2.03626 4.075773 -8.88262e-4 2.064038 4.073659 -0.08678424 2.03944 3.927161 -0.5853415 2.036265 3.731399 -0.8313987 2.039443 3.483085 -1.028958 2.046648 2.965507 -1.175423 2.067026 2.813578 -1.173596 2.039439 2.316305 -1.028427 2.03986 2.082255 -0.844683 2.067129 2.008811 -0.768866 2.039425 1.759757 -0.3110947 2.03986 1.724485 -0.01904839 2.039423 1.759776 0.3111336 2.067752 2.010184 0.771262 2.037582 2.062528 0.8244594 2.03706 2.438094 1.113364 2.104897 2.803128 1.171163 2.060322 2.824379 2.534404 2.074621 2.980934 2.53397 2.101071 2.994442 1.171389 3.091244 2.8 1.170733 2.384873 2.799998 2.533022 2.07912 1.046745 1.729831 2.057306 1.157774 1.842098 2.079007 2.135151 0.8925353 3.05777 2.001458 0.7571253 2.349131 1.03817 1.720409 2.104897 1.728825 -0.09687191 2.07912 0.3663892 -0.08727455 2.057875 0.3655031 0.069696 2.083823 1.727931 0.09163337 3.045675 1.729264 -0.0999999 2.335699 0.3669731 -0.1 2.104899 2.140354 -0.8966444 2.07912 1.170171 -1.853252 2.057874 1.058575 -1.742863 3.06266 2.142875 -0.8985469 2.351882 1.17959 -1.861831 2.077615 2.985576 -2.533689 2.057873 2.830308 -2.534502 3.099762 3 -1.170737 2.420703 3.004353 -2.538084 2.105328 3.796816 -0.7594423 2.074264 4.751533 -1.731835 2.067461 4.637333 -1.846459 2.104929 3.660037 -0.8963447 3.143717 3.799401 -0.7552704 2.425586 4.76908 -1.725307 2.105325 4.071136 0.09713739 2.060366 5.434715 0.07570677 2.077436 5.433799 -0.08408868 3.15985 4.070612 0.1020819 2.433955 5.441363 0.09952908 2.079123 4.629879 1.853307 3.131039 3.657129 0.8985404 2.425659 4.619706 1.861159 2.084316 3.793856 0.763669 2.104898 3.659647 0.8966443 2.057882 4.741586 1.743003 3.19281 3.264641 1.142246 3.182627 2.647298 1.149167 3.155244 2.193773 0.9466804 3.138525 1.801838 0.472125 3.166831 1.746119 -0.1724627 3.142741 1.87745 -0.5898754 3.173128 2.211793 -0.9498802 3.182627 2.647298 -1.149167 3.191247 3.112811 -1.162438 3.190563 1.98331 0.6420466 2.091443 3.051626 0.5407753 2.091443 2.410398 -0.2751708 2.091443 3.292512 -0.401701 2.091443 3.389602 0.2751709 3.19 2.803817 0.564122 3.19 2.452507 0.3268862 3.19 2.335878 -0.09618258 3.19 2.573114 -0.4474927 3.19 2.996183 -0.564122 3.19 3.347493 -0.3268864 3.19 3.464122 0.09618288 3.19 3.226886 0.4474927 3.099762 3 1.170737 3.062589 2.142874 0.8985475 3.045662 1.729264 0.0999999 3.056982 2.001454 -0.7571239 3.091574 2.800001 -1.17073 3.161961 3.654167 -0.8983064 3.16044 4.070793 -0.1020869 3.151428 3.796818 0.753618 2.427386 4.763405 1.720689 2.351881 1.17959 1.861831 2.335702 0.3669731 0.1 2.349108 1.03817 -1.720408 2.410382 2.799631 -2.531805 2.423508 4.622313 -1.865193 2.430142 5.448 -0.1027449 2.388866 3 2.533027 -0.1999939 2.70767 2.533977 -0.2000138 3.473247 2.482316 -0.1999995 4.289374 2.131254 -0.200021 4.853512 1.63148 -0.1999964 5.365766 0.6763269 -0.200142 5.435799 -0.2096123 -0.2000075 5.078161 -1.350456 -0.2000119 4.457349 -2.0146 -0.2000114 3.43007 -2.508826 -0.2000107 2.381391 -2.509281 -0.2000101 1.356096 -2.025845 -0.2000077 0.828886 -1.482353 -0.2000091 0.3766605 -0.4474246 -0.2000114 0.3977415 0.4827533 -0.1999986 0.7099924 1.291139 -0.1999726 1.19688 1.882866 -0.2000014 1.899445 2.337461 2.430005 5.306828 0.8784926 2.430001 4.160515 2.207283 2.43012 3.473846 2.475268 2.429866 2.581471 2.529213 2.43021 1.531234 2.158376 2.430188 0.8763319 1.541049 2.430186 0.4442282 0.6936477 2.429925 0.3664669 -0.1755228 2.429998 0.5227322 -0.9005232 2.430193 0.8932208 -1.560255 2.430161 1.398469 -2.049132 2.430003 2.021105 -2.384822 2.429998 3.862255 -2.352907 2.430001 5.256131 -0.9538708 2.23 3.11284 2.77224 2.23 4.186324 2.476486 2.23 4.998417 1.819428 2.23 5.449584 1.101498 2.23 5.663108 0.2809028 2.23 5.619092 -0.5658733 2.23 5.321638 -1.359907 2.23 4.798462 -2.027195 2.23 4.098346 -2.505522 2.23 3.059843 -2.786048 2.23 2.026021 -2.636254 2.23 1.271339 -2.249698 2.23 0.6684613 -1.653453 2.23 0.2820482 -0.9050707 2.23 0.1140028 0.1607216 2.23 0.4745994 1.380234 2.23 1.197291 2.188081 2.23 2.059394 2.656198 2.23 2.527629 2.695516 2.23 1.170535 2.083178 2.23 0.5004084 1.283132 2.23 0.2040538 0.2501147 2.23 0.3843455 -1.001083 2.23 0.8168213 -1.729464 2.23 1.616868 -2.399592 2.23 2.649885 -2.695946 2.23 3.495222 -2.641287 2.23 4.282293 -2.328078 2.23 4.934055 -1.78698 2.23 5.386709 -1.070963 2.23 5.595946 -0.2501158 2.23 5.50408 0.789454 2.23 4.983179 1.729465 2.23 4.346786 2.288557 2.23 3.56877 2.62363 2.43 2.68716 2.77224 2.43 3.532243 2.701799 2.43 4.286622 2.406441 2.43 4.948073 1.875918 2.43 5.418631 1.170545 2.43 5.65443 0.3560708 2.43 5.633499 -0.4915894 2.43 5.357785 -1.293432 2.43 4.716761 -2.118253 2.43 3.773978 -2.636254 2.43 2.740157 -2.786048 2.43 1.701655 -2.505523 2.43 1.001537 -2.027193 2.43 0.3760621 -1.190525 2.43 0.1098742 0.05301171 2.43 0.4231075 1.285541 2.43 1.103906 2.118424 2.43 1.826781 2.561616 0 2.846112 2.720582 0 1.829037 2.486709 0 1.11302 2.034056 0 0.4514795 1.187104 0 0.1794184 -0.05388808 0 0.4132909 -1.070963 0 0.5587082 -1.430385 0 1.34448 -2.232672 0 2.304778 -2.641287 0 3.378818 -2.678657 0 4.346785 -2.288558 0 4.983179 -1.729465 0 5.415655 -1.001083 0 5.601881 -0.1747116 0 5.470776 0.8919538 0 4.934056 1.78698 0 4.920615 1.897941 0 3.901082 2.515655 0 2.68716 2.77224 0 3.532243 2.701799 0 4.286622 2.40644 0 5.418631 1.170545 0 5.65443 0.3560708 0 5.633499 -0.4915894 0 5.357785 -1.293432 0 4.716761 -2.118253 0 3.773978 -2.636254 0 2.740157 -2.786048 0 1.701655 -2.505523 0 1.001537 -2.027193 0 0.299156 -0.9743126 0 0.1098742 0.05301159 0 0.4231075 1.285541 0 1.103906 2.118424 0 1.826781 2.561616 -0.2 3.11284 2.77224 -0.2 2.059394 2.656197 -0.2 1.162283 2.166567 -0.2 0.4745994 1.380234 -0.2 0.1140028 0.1607216 -0.2 0.273579 -0.9030985 -0.2 0.6684613 -1.653453 -0.2 1.27134 -2.249698 -0.2 2.026021 -2.636254 -0.2 3.059843 -2.786048 -0.2 4.098346 -2.505522 -0.2 4.798461 -2.027195 -0.2 5.321638 -1.359907 -0.2 5.619092 -0.5658733 -0.2 5.663108 0.2809028 -0.2 5.449584 1.101498 -0.2 4.998417 1.819428 -0.2 4.186324 2.476486 2.2 -0.3480232 -3.398291 2.2 -1.402215 -3.914647 0 -0.2586772 -3.36787 2.2 -2.116799 -3.670349 2.2 -2.416275 -3.051288 2.2 -2.181528 -2.364982 0 -2.209805 -2.391169 0 -2.410306 -3.111076 0 -2.155711 -3.615965 0 -1.765209 -3.856865 0 -1.264161 -3.870184 2.2 -0.2586768 3.36787 0 -0.3480229 3.398291 0 -1.296182 3.880152 2.2 1.252479 3.105756 2.2 2.349693 3.051562 0 1.129101 3.119134 1.349778 2.5 -3.573214 1.499889 2.5 -3.833214 1.499889 2.7 -3.833214 1.349778 2.7 -3.573214 1.800111 2.5 -3.833214 1.800111 2.7 -3.833214 1.950222 2.5 -3.573214 1.950222 2.7 -3.573214 1.800111 2.5 -3.313214 1.800111 2.7 -3.313214 1.499889 2.5 -3.313214 1.499889 2.7 -3.313214 1.777283 2.7 -3.640017 1.654621 2.7 -3.71101 1.516053 2.7 -3.635338 1.549299 2.7 -3.479043 1.720378 2.7 -3.438429 1.499889 2.5 3.833214 1.349778 2.5 3.573214 1.349778 2.7 3.573214 1.499889 2.7 3.833214 1.499889 2.5 3.313214 1.499889 2.7 3.313214 1.800111 2.5 3.313214 1.800111 2.7 3.313214 1.950222 2.5 3.573214 1.950222 2.7 3.573214 1.800111 2.5 3.833214 1.800111 2.7 3.833214 1.750702 2.7 3.479043 1.579622 2.7 3.438429 1.522717 2.7 3.640017 1.64538 2.7 3.71101 1.783947 2.7 3.635338 0.399889 2.5 -3.833214 0.700111 2.5 -3.833214 0.700111 2.7 -3.833214 0.399889 2.7 -3.833214 0.850222 2.5 -3.573214 0.850222 2.7 -3.573214 0.700111 2.5 -3.313214 0.700111 2.7 -3.313214 0.399889 2.5 -3.313214 0.399889 2.7 -3.313214 0.249778 2.5 -3.573214 0.249778 2.7 -3.573214 0.6772827 2.7 -3.640017 0.5546206 2.7 -3.71101 0.4160532 2.7 -3.635338 0.4492985 2.7 -3.479043 0.6203778 2.7 -3.438429 0.399889 2.5 3.313214 0.700111 2.5 3.313214 0.700111 2.7 3.313214 0.399889 2.7 3.313214 0.850222 2.5 3.573214 0.850222 2.7 3.573214 0.700111 2.5 3.833214 0.700111 2.7 3.833214 0.399889 2.5 3.833214 0.399889 2.7 3.833214 0.249778 2.5 3.573214 0.249778 2.7 3.573214 0.6507015 2.7 3.479043 0.4796222 2.7 3.438429 0.4227173 2.7 3.640017 0.5453795 2.7 3.71101 0.6839469 2.7 3.635338 0 -1.292198 3.459976 0 -1.040453 3.235164 0 -1.001694 2.838408 0 -1.254836 2.530453 0 -1.651592 2.491694 0 -1.959547 2.744836 0 -1.998306 3.141592 0 -1.684308 3.487608 2.2 -1.707802 3.459976 2.2 -1.959547 3.235164 2.2 -1.998306 2.838408 2.2 -1.684307 2.492392 2.2 -1.292198 2.520024 2.2 -1.002392 2.805692 2.2 -1.030024 3.197801 2.2 -1.315692 3.487608 0 -1.348408 -2.491694 0 -1.040453 -2.744836 0 -1.001694 -3.141592 0 -1.315692 -3.487608 0 -1.707802 -3.459976 0 -1.959547 -3.235164 0 -1.998306 -2.838408 0 -1.745164 -2.530453 2.2 -1.707802 -2.520024 2.2 -1.997608 -2.805692 2.2 -1.969976 -3.197801 2.2 -1.684308 -3.487608 2.2 -1.292198 -3.459976 2.2 -1.002392 -3.174308 2.2 -1.030024 -2.782199 2.2 -1.315693 -2.492392 2.2 2.5 3.948214 0 2.5 3.948214 0 2.493375 3.203316 2.2 2.491506 3.178937 0 2.360325 3.054924 0 -1.80282 3.844419 0 -2.181618 3.587601 0 -2.415838 3.056238 0 -2.183889 2.366961 2.2 -2.212903 2.394569 2.2 -2.406494 2.990202 2.2 -2.290874 3.433001 2.2 -1.973674 3.762893 2.2 -1.357984 3.905456 2.2 -1.218887 -1.784647 2.2 -0.6532577 -1.065561 2.2 -0.4050873 -0.1849725 2.2 -0.511989 0.7236504 2.2 -0.80266 1.300652 2.2 -1.288382 1.841912 0 -1.224832 1.789723 0 -0.6568142 1.072522 0 -0.453394 0.4593 0 -0.4129933 -0.2668244 0 -0.691821 -1.138191 0 -1.282263 -1.837047 0 1.252479 -3.105756 0 2.322028 -3.04868 2.2 1.129101 -3.119134 2.2 2.494087 -3.20481 2.2 2.360999 -3.053524 0 2.486569 -3.16469 2.2 2.5 -3.948214 0 2.5 -3.948214 2.2 3.3 3.948214 0 3.3 3.948214 2.2 3.3 -3.948214 2.2 3.304119 -3.095012 2.2 3.410168 -2.972422 2.2 4.623446 -2.467755 2.2 5.354633 -1.742085 2.2 5.798304 -0.8123509 2.2 5.902484 0.2125324 2.2 5.724299 1.0116 2.2 5.406838 1.666087 2.2 4.69822 2.413811 2.2 3.976459 2.800221 2.2 3.378063 2.98333 2.2 3.301238 3.12903 2.2 2.9 -2.7 2.2 2.201341 -2.618772 2.2 1.302513 -2.189549 2.2 0.6194303 -1.464615 2.2 0.2443524 -0.5418723 2.2 0.2279351 0.4540478 2.2 0.5723958 1.388652 2.2 1.231213 2.135706 2.2 2.115405 2.594321 2.2 3.105563 2.702561 2.2 3.875352 2.517675 2.2 4.497488 2.189549 2.2 5.180569 1.464617 2.2 5.555647 0.5418741 2.2 5.588482 -0.249125 2.2 5.443137 -0.9373073 2.2 4.932813 -1.792698 2.2 4.321367 -2.295586 2.2 3.684595 -2.594321 0 3.3 -3.948214 1.750702 3.3 -3.479043 1.579622 3.3 -3.438429 1.522717 3.3 -3.640017 1.64538 3.3 -3.71101 1.783947 3.3 -3.635338 0.6507014 3.3 -3.479043 0.4796223 3.3 -3.438429 0.4227173 3.3 -3.640017 0.5453795 3.3 -3.71101 0.6839469 3.3 -3.635338 0 3.301138 -3.12938 0 3.410168 2.972422 0 3.303802 3.09559 1.788645 3.3 3.623997 1.654621 3.3 3.71101 1.516053 3.3 3.635338 1.573173 3.3 3.451718 1.731216 3.3 3.458609 0.6772827 3.3 3.640017 0.5546206 3.3 3.71101 0.4160532 3.3 3.635338 0.4492985 3.3 3.479043 0.6203778 3.3 3.438429 0 3.378063 -2.98333 0 3.976459 -2.800221 0 4.69822 -2.413811 0 5.406838 -1.666087 0 5.724299 -1.0116 0 5.902484 -0.2125324 0 5.798304 0.8123509 0 5.354633 1.742085 0 4.623446 2.467755 0 2.9 -2.7 0 2.115405 -2.594321 0 1.231213 -2.135706 0 0.5723957 -1.388652 0 0.2279351 -0.4540478 0 0.2443524 0.5418724 0 0.6194304 1.464615 0 1.302513 2.189549 0 2.20134 2.618772 0 2.9 2.7 0 3.684595 2.594321 0 4.568787 2.135706 0 5.054647 1.627114 0 5.443137 0.9373073 0 5.588482 0.249125 0 5.555647 -0.5418741 0 5.180569 -1.464617 0 4.497488 -2.189549 0 3.59866 -2.618772</float_array>
          <technique_common>
            <accessor source="#fan_fixed-mesh-positions-array" count="483" stride="3">
              <param name="X" type="float"/>
              <param name="Y" type="float"/>
              <param name="Z" type="float"/>
            </accessor>
          </technique_common>
        </source>
        <source id="fan_fixed-mesh-normals">
          <float_array id="fan_fixed-mesh-normals-array" count="5325">-0.999548 0.002312242 -0.02997428 -0.9995818 -0.001897335 -0.02885615 -0.9996193 0.01444786 -0.02350556 -0.9995805 0.01677763 -0.02361357 -0.9254732 -0.304754 -0.2249985 -0.9985403 0.02689665 0.04683983 -0.9995225 0.026057 0.01661509 -0.9999415 0.010544 -0.002450585 -0.9999275 0.01169198 0.002900898 -0.9985898 0.02599495 -0.04629224 -0.9995447 -0.008246004 -0.02902525 -0.9653511 -0.1183384 0.23258 -0.9996877 0.01429331 0.02049756 -0.9985117 0.05444103 -0.003267705 -0.999751 -0.007559597 -0.02099335 -0.9909008 -0.1326338 0.02289247 -0.9997853 -0.01719164 0.01157009 -0.9995344 -0.03047227 -0.001560091 -0.9999179 -0.0128175 2.32544e-5 -0.999943 0.003556191 0.01007258 -0.9988525 0.02064305 0.04321593 -0.9993798 0.02918493 0.01970714 -0.9503451 -0.05698925 -0.3059354 -0.9997218 -0.02354139 -0.001499831 -0.999674 -0.005934119 -0.02483177 -0.999983 -0.003768742 0.004467904 -0.9999777 0.003075718 -0.005940258 -0.9995775 -0.02903252 0.001467168 -0.7585812 -0.651388 -0.01575839 -0.8696089 -0.4934491 -0.0169869 -0.7585862 -0.6513867 -0.01557475 -0.9979042 0.06117343 0.02109706 -0.9997988 -0.007017791 0.01879554 -0.9814177 0.1908672 0.0197246 -0.7625198 0.6468968 -0.009393513 -0.7625269 0.6468952 -0.008915901 -0.872628 0.4883026 -0.009002029 -0.07484745 -0.9971091 0.01309579 -0.003172278 -0.9999936 -0.001646161 -0.8859134 -0.3320753 -0.3238572 -0.9585278 -0.2064322 -0.1964946 -0.885902 -0.3332655 -0.3226637 -0.994015 -0.09049695 -0.06119388 -0.9715604 -0.1805304 -0.1532292 -0.9990603 -0.04076921 -0.01471048 -0.9654696 0.1864675 0.1819295 -0.9232264 0.2767855 0.2665388 -0.8652094 0.3610748 0.3479049 -0.04708284 -0.7048099 -0.7078322 -0.01635921 -0.7009676 -0.7130056 -0.7011185 0.009025514 -0.7129877 -0.825071 0.00903362 -0.564957 -0.701121 0.008849501 -0.7129874 -0.9943258 -0.01998418 -0.1044835 -0.9722064 -0.01925551 -0.2333321 -0.9991829 -0.01747423 -0.03644365 -0.9400746 0.009553492 0.3408349 -0.8875305 0.01134175 0.4606095 -0.9611337 0.007214009 0.2759892 -0.04952102 -0.006098508 -0.9987545 -0.0033257 0.001733243 -0.999993 -0.701115 0.5105446 -0.4977772 -0.825041 0.4058963 -0.3931359 -0.7011173 0.5104202 -0.4979014 -0.9943206 0.05978584 -0.08804684 -0.9721939 0.1513839 -0.1786674 -0.9991814 0.01346117 -0.03814971 -0.975267 -0.1554393 0.1571401 -0.9380763 -0.2426723 0.247231 -0.9880653 -0.1093736 0.1084645 -0.04659086 0.7019731 -0.7106779 -0.00326687 0.7083069 -0.705897 -0.9951654 0.09658706 -0.0178011 -0.9740154 0.2255482 -0.02054882 -0.9994934 0.02855515 -0.01406508 -0.9946553 -0.1032321 0.002004206 -0.9726824 -0.2320932 0.004671514 -0.9993786 -0.03523331 -0.001132428 -0.05447041 0.998424 0.0135104 -0.03281635 0.9992716 0.01947921 -0.7546293 0.4551835 0.4725915 -0.8666449 0.3443523 0.3610377 -0.7546386 0.4555567 0.4722169 -0.9981972 -0.02427595 -0.05489224 -0.9902862 0.1138003 0.07989364 -0.9982005 -0.02437132 -0.05478942 -0.7540295 -0.4732508 -0.4554922 -0.754036 -0.4730384 -0.4557024 -0.8661507 -0.3626137 -0.3439393 -0.04857456 0.7119445 0.7005537 -0.004603207 0.7055234 0.7086716 -0.7575074 -0.01583522 0.6526346 -0.8687943 -0.01708024 0.4948787 -0.7575122 -0.01565569 0.6526333 -0.9968283 0.02198648 -0.07648539 -0.9997698 0.01977491 -0.00832802 -0.9783617 0.02029979 -0.2059041 -0.9166437 0.009241402 -0.3995984 -0.916632 0.01044136 -0.3995957 -0.9763363 0.01090633 -0.2159828 -0.004680454 0.01556009 0.999868 -0.06304651 -0.03152918 0.9975125 -0.03672456 -0.7021307 0.7111004 -0.003042399 -0.7082323 0.705973 -0.9991821 -0.0134164 0.0381487 -0.9943239 -0.05976217 0.08802694 -0.9722018 -0.151381 0.1786268 -0.7011179 -0.5104184 0.4979025 -0.7011155 -0.510543 0.4977782 -0.8250414 -0.4058943 0.393137 -0.9604335 0.1916518 -0.202082 -0.9392107 0.2358094 -0.249554 -0.8863646 0.3191675 -0.3353951 0.950561 -0.1389014 0.2777415 0.9515159 -0.1906597 0.2413842 0.9486113 -0.2151199 0.2320777 0.5990892 -0.6282108 0.4964306 0.6093392 -0.6010155 0.5171905 0.6091785 -0.6417404 0.4659088 0.9279191 -0.3534591 0.1184604 0.9312581 -0.3493677 0.1034445 0.9305487 -0.3651264 0.0276013 0.9544663 -0.2782337 -0.1076116 0.9580227 -0.2474999 -0.1446943 0.9537421 -0.239797 -0.1813104 0.1918878 -0.1565412 -0.9688519 0.1690511 0.02666527 -0.9852465 0.172711 -0.1571505 -0.9723552 -0.8670727 -0.2296338 -0.4421009 -0.8684144 -0.2282797 -0.4401645 -0.8689206 -0.3731173 -0.3252082 0.3985493 -0.8375735 -0.3736699 0.3874342 -0.7497192 -0.5364847 0.3823438 -0.8432666 -0.377776 -0.8905935 -0.4546595 0.01131427 -0.8806172 -0.4732655 0.02309703 -0.9105261 -0.3739452 0.1763722 -0.01535463 -0.4427826 0.8964976 -0.01382499 -0.6002226 0.7997135 -0.02091234 -0.443305 0.8961269 0.3363364 0.7760537 0.5334966 0.3157348 0.6629177 0.6788607 0.3172847 0.7812502 0.5375673 -0.003051161 -0.1752899 -0.9845122 0.02589935 0.0838319 -0.9961433 -0.00440818 -0.1751392 -0.9845338 -0.03909432 -0.1374778 -0.989733 -0.03686916 -0.1375195 -0.9898127 -0.03909367 -0.3890891 -0.9203703 0.02973526 -0.7149341 -0.6985594 0.03152495 -0.5096972 -0.8597761 0.03152507 -0.7149085 -0.698507 -0.03464448 -0.7481177 -0.6626612 -0.0323922 -0.7481938 -0.6626891 -0.03464436 -0.894181 -0.446363 -0.004855275 -0.951946 -0.3062276 -0.03129625 -0.8409829 -0.5401559 0.01466488 -0.9512411 -0.3080996 -0.02793538 -0.9900972 0.1375769 -0.04924058 -0.9890525 0.1391061 -0.02793824 -0.9207345 0.3891883 0.03892213 -0.8625934 0.5043985 0.03007107 -0.9635639 0.265783 0.008800685 -0.8627369 0.5055765 -0.02816992 -0.6627768 0.748287 -0.04245138 -0.6619001 0.7483891 -0.02817583 -0.4464788 0.8943506 0.002511024 -0.4083349 0.9128288 -0.03094333 -0.628695 0.7770362 0.001106679 -0.4081691 0.9129058 -0.01809358 0.26827 0.9631738 0.002563714 0.01144385 0.9999313 0.001392304 0.2698 0.9629155 -0.03956186 0.1374728 0.9897152 -0.02265286 0.1387138 0.9900734 -0.03955674 0.3890841 0.9203526 -0.01584374 0.8191385 0.573377 0.01178497 0.6440283 0.7649109 -0.01852303 0.8189392 0.5735814 -0.03464436 0.7481171 0.6626617 -0.03239208 0.7481933 0.6626897 -0.0346443 0.8941807 0.4463638 -0.0288006 0.8962138 0.4426866 -0.07024389 0.7528379 0.6544471 0.002439916 0.8942835 0.447494 -0.02201706 0.9544082 -0.2976915 -7.61394e-4 0.9991205 -0.04192459 -0.006199359 0.9542404 -0.2989763 -0.03654778 0.9898269 -0.1375036 -0.01763027 0.9901328 -0.1390189 -0.03654235 0.9204642 -0.3891149 -0.0011397 0.6630002 -0.7486183 -0.03013759 0.6602768 -0.7504175 -0.001134335 0.4467023 -0.8946821 -0.001353621 0.5094897 -0.8604758 -0.03054201 0.7122354 -0.701276 -0.02973765 0.5064214 -0.8617733 -0.0259481 0.6571872 0.7532806 -0.02097886 0.5382363 0.8425328 -0.02394574 0.6460413 0.7629267 -0.01004546 0.6321623 0.774771 0.01566022 0.5449687 0.8383103 -0.002808213 0.6328403 0.7742772 0.0160622 0.5943598 0.8040388 0.0218665 0.5016962 0.8647675 0.01447504 0.4613137 0.887119 0.6411455 0.507411 0.5757315 0.6385165 0.4057059 0.6539873 0.6191899 0.5546171 0.5558812 0.02976077 0.07892173 0.9964365 0.03893357 0.09761202 0.9944628 0.01389271 0.06467849 0.9978095 0.2641214 0.03751963 0.9637594 0.2699126 0.04467821 0.9618478 0.3379045 -0.09833073 0.9360297 -0.04786759 0.06764298 0.9965607 -0.04738479 0.08158981 0.995539 -0.04621559 0.2098267 0.9766458 0.01584577 0.2061622 0.9783896 -0.01034975 0.09968608 0.9949651 -0.002930581 0.09882992 0.9951001 0.1845627 0.1045631 0.9772427 0.1838751 -0.04332798 0.9819943 0.1657668 -0.06826496 0.9837995 -0.00209099 -0.1480867 0.9889723 0.006785988 -0.1156646 0.9932652 7.28377e-4 -0.1147543 0.9933937 -1.76139e-4 -0.1354895 0.9907788 -0.007692515 -0.1019732 0.9947574 0.01068657 -0.2098978 0.977665 -0.04638922 -0.2115218 0.9762718 -0.04696708 -0.08281844 0.9954573 -0.04776757 -0.06849116 0.9965075 0.03382396 -0.3111181 0.9497693 0.0390222 -0.3704215 0.9280438 0.03372621 -0.5012156 0.8646649 -0.006276726 -0.5970594 0.8021725 -0.02555948 -0.63339 0.7734106 -0.05806267 -0.7108963 0.7008961 -0.002946794 -0.6329981 0.7741479 0.01695919 -0.5455305 0.8379195 -0.01155591 -0.6321178 0.7747863 0.02844202 -0.6688766 0.7428292 0.02531039 -0.5234901 0.8516557 0.02262896 -0.691105 0.7224001 0.01571816 -0.6680771 0.7439261 -0.01308172 -0.6453248 0.7637963 0.06797063 -0.7604875 0.6457854 0.2146852 -0.693996 0.6872262 0.2254685 -0.7615465 0.6076273 0.1979888 -0.8026582 0.5626191 -0.01018893 -0.837199 0.5468035 0.01051044 -0.7944779 0.6072023 0.004072666 -0.793925 0.6080023 -0.03036797 -0.9113332 0.4105479 -0.02378404 -0.8263723 0.5626217 -0.02824628 -0.9197152 0.391569 0.005583882 -0.9782079 0.2075532 0.01741921 -0.9794618 0.2008761 0.01203227 -0.9957607 0.09119158 0.07381886 -0.9963893 0.04194033 0.06035417 -0.9727193 0.2239968 0.06593966 -0.9978204 0.002538979 0.003474295 -0.9914498 0.1304429 0.007964432 -0.9913671 0.1308741 -0.01449584 -0.9693666 0.2451908 0.2603828 -0.9484525 0.180662 0.2814268 -0.9561934 0.08058065 0.2641538 -0.9644402 0.008829474 0.1688239 -0.9850165 -0.03522813 0.1999704 -0.9770235 0.07373636 0.09997951 -0.9909365 -0.08971655 0.02526652 -0.9653515 -0.2597272 -9.61161e-4 -0.9892269 -0.146388 0.01842731 -0.9672237 -0.2532567 -0.001000821 -0.9961437 -0.08773183 -0.007616639 -0.9960702 -0.08824068 0.009188055 -0.9803831 -0.1968874 -0.005964159 -0.9791494 -0.203054 -6.80231e-4 -0.9976434 -0.06860995 -0.005154371 -0.9987176 -0.05036604 0.03096896 -0.9789814 -0.2015849 0.006302237 -0.9251079 -0.379652 0.003736495 -0.9170281 -0.3988052 -0.01188898 -0.9113993 -0.4113515 -0.01120233 -0.9198768 -0.3920478 -0.022466 -0.8263619 -0.5626913 -0.005536317 -0.8227272 -0.5684097 0.002769112 -0.7770373 -0.6294485 0.007873475 -0.7773377 -0.6290344 0.1382429 -0.7855463 -0.6031634 0.1595785 -0.7418914 -0.6512541 0.1514777 -0.6641161 -0.7321231 0.1090939 -0.6659061 -0.738016 0.1578224 -0.7558023 -0.6354959 0.0793882 -0.645282 -0.7598084 0.01708811 -0.5328385 -0.8460444 -0.01997882 -0.6583542 -0.7524431 0.001659154 -0.5729392 -0.8195963 -0.001029372 -0.642991 -0.7658731 -0.007708787 -0.6425694 -0.7661888 0.009334266 -0.5547378 -0.8319729 -0.005243778 -0.5492363 -0.8356506 -3.27386e-4 -0.6572692 -0.7536559 -0.00470823 -0.6708294 -0.7415968 0.02292543 -0.5081643 -0.860955 0.01197969 -0.3785176 -0.9255166 0.002489209 -0.3196686 -0.9475262 -0.0104742 -0.3111768 -0.9502944 -0.002753496 -0.3704949 -0.9288305 -0.01363092 -0.1838303 -0.9828636 -0.001185476 -0.1475122 -0.9890596 0.001887917 -0.1141922 -0.993457 0.007877111 -0.1151375 -0.9933184 0.1041886 -0.1062899 -0.9888616 0.1210088 -0.07960194 -0.9894546 0.1293577 0.0691204 -0.9891861 0.04265081 0.06310838 -0.9970949 0.1018143 -0.08870297 -0.990841 0.04770255 0.06678289 -0.9966266 0.007531583 0.1872759 -0.9822785 -0.008101642 -0.0399115 -0.9991704 -0.004768729 0.07029318 -0.997515 -0.01606327 0.2893206 -0.9570975 -0.01836258 0.1763625 -0.984154 -0.003643095 0.3630906 -0.9317467 0.01440191 0.3369039 -0.9414289 0.02547901 0.4093751 -0.9120104 0.02671313 0.5392148 -0.8417445 0.001071214 0.6428004 -0.7660331 0.01076257 0.5544602 -0.8321408 -0.005811929 0.6423884 -0.7663574 -0.01571822 0.6586768 -0.7522619 -0.02241408 0.5539116 -0.8322738 -0.01891297 0.6720203 -0.7402912 -4.07083e-4 0.766076 -0.6427499 -0.007134139 0.7663835 -0.6423438 0.009284675 0.8321938 -0.5544072 -0.02221745 0.8324379 -0.5536729 -0.01499795 0.7524123 -0.6585217 -0.0183354 0.7403345 -0.6719888 0.04147654 0.8723835 -0.4870594 0.02585458 0.9443889 -0.3278129 0.01589018 0.9595426 -0.2811149 0.01681864 0.9457195 -0.3245486 0.02477043 0.928228 -0.3711863 -0.004714071 0.982451 -0.1864613 -9.79996e-4 0.9913812 0.1310058 -0.009736895 0.9946323 0.1030139 0.01780676 0.9777638 0.2089521 -0.04566419 0.9763159 0.2114763 -0.04619413 0.9955046 0.08268511 -0.04705047 0.9965549 0.06829935 0.05352127 0.9578222 0.2823336 0.0627042 0.9423184 0.3287921 0.06239348 0.8698751 0.48931 0.02232754 0.8479638 0.5295839 0.02303922 0.837854 0.5454082 -0.01428353 0.7764365 0.6300336 0.02432507 0.7435778 0.6682069 0.01888859 0.851949 0.523284 0.01864272 0.7225663 0.6910502 0.8760771 0.2566836 0.4081699 0.8884472 0.280165 0.3635507 0.8818788 0.2917571 0.3703614 0.8795105 0.308601 0.3622525 0.8873863 0.2905358 0.357959 0.8895288 0.3257539 0.3203485 -0.0085451 0.7184653 -0.6955103 -0.0841149 0.6725847 -0.7352241 0.8902003 -0.3210504 0.3232184 0.8858403 -0.3266277 0.3295469 0.8851648 -0.3600193 0.2947365 0.8796457 -0.3600409 0.3107959 0.8867824 -0.3560166 0.2947356 0.8887997 -0.3213365 0.3267691 -0.0991708 0.6945242 0.7126019 -0.009880006 0.7107073 0.7034184 -0.1083484 -0.01394176 0.9940152 -0.008704364 0.00453633 0.9999518 0.8917611 -0.3498842 -0.2869551 0.8860983 -0.3571285 -0.2954473 0.8827043 -0.3264317 -0.3380468 0.8869746 -0.3216727 -0.3313649 0.8881323 -0.3451849 -0.3034278 0.8828188 -0.329078 -0.3351695 -0.1034419 -0.7114527 0.695079 -0.01366388 -0.7020023 0.7120436 -0.08660268 -0.9961747 -0.01166397 -0.0132693 -0.9998881 0.006912708 -0.06696808 -0.6968195 -0.7141134 -0.005244135 -0.7086363 -0.7055546 0.878166 0.4769393 0.03679114 0.8894954 0.4566508 -0.01637494 0.8831209 0.4690194 0.01088553 0.883038 0.4692756 0.004930496 0.8836312 0.4680963 -0.009038686 0.8833739 0.468608 -0.007561743 -0.01395022 0.002119004 -0.9999005 -0.05168056 -0.02788186 -0.9982744 0.9998319 -0.01640129 0.008213043 0.9999121 0.001931786 0.01311862 0.9999995 6.01336e-4 -8.9029e-4 0.9999995 0.001011371 -2.78942e-4 0.999151 -0.03687709 -0.01837289 0.9999915 -0.001098453 -0.003985166 0.9973902 0.07176345 -0.007934212 0.9982092 0.0495755 0.03347778 0.9982183 0.04929578 0.0336194 0.9987638 0.04962283 0.002930641 0.9989269 0.04465019 -0.01230883 0.9972444 0.05591028 -0.04876315 0.9935169 0.113058 0.01192557 0.9990571 0.02429836 -0.03598266 0.9987611 0.04841244 0.01151859 0.9998267 -0.01855969 -0.001533508 0.9999371 -0.002983272 -0.01082295 0.9995185 -0.02795982 -0.01345914 0.9995781 -0.02407288 -0.01625627 0.9991979 -0.03740203 -0.01431125 -0.06053161 0.9981282 0.008720278 -0.005566596 0.9999803 -0.002905011 0.8913432 -0.05591958 0.449867 0.8827246 -0.003706395 0.4698762 0.8860529 -0.0537585 0.4604566 0.8802774 -0.03763264 0.4729647 0.8867738 0.005582988 0.4621701 0.8900444 0.004303991 0.4558535 0.8895755 -0.4562976 -0.02116793 0.8866019 -0.4619978 0.0222525 0.8853305 -0.4645445 0.01970613 0.8880207 -0.4592776 -0.02198576 0.8839437 -0.4672086 0.0189681 0.8865987 -0.4621133 -0.01985865 0.8887258 -0.00719428 -0.4583827 0.8971603 -0.04837042 -0.4390486 0.8931697 -0.04627346 -0.4473328 0.8948378 -0.04049831 -0.4445506 0.893525 -0.07681447 -0.4423942 0.8947991 -0.04049837 -0.4446286 0.8848949 0.3654303 -0.2888281 0.8781955 0.3750469 -0.2968376 0.8689164 0.4200842 -0.2617514 0.886162 0.328476 -0.326834 0.8882054 0.297053 -0.350501 0.8805622 0.3328765 -0.3373478 0.001157522 -0.6675077 -0.7446021 0.04918313 -0.6215528 -0.7818268 3.74163e-4 -0.6675266 -0.7445859 0.005521535 -0.6787278 -0.7343693 0.004447638 -0.6007596 -0.7994174 0.004449844 -0.7211644 -0.6927497 3.33909e-4 -0.6999988 -0.714144 0.0317862 -0.7041819 -0.7093077 -7.25413e-4 -0.7052523 -0.7089561 0.009616315 -0.6760513 -0.7367919 0.00218451 -0.7732867 -0.6340527 -0.02132689 -0.7342736 -0.6785187 -0.009382367 -0.8154702 -0.5787233 -0.0088647 -0.8451805 -0.5344076 -0.009561717 -0.8633199 -0.5045666 0.02061116 -0.9003272 -0.4347256 0.01418995 -0.840287 -0.5419562 0.01426064 -0.9163452 -0.4001352 -0.008488178 -0.9768947 -0.2135524 -0.01199883 -0.9783447 -0.2066338 -0.009208559 -0.991915 -0.1265693 0.02386462 -0.9997133 0.001950144 0.05985635 -0.9970709 -0.04761332 0.02258408 -0.9997429 0.002044081 0.006152749 -0.9969799 -0.07741737 0.005794644 -0.9873 -0.158761 0.005917072 -0.9999812 0.001669168 -0.002114474 -0.999996 0.001879453 0.0275923 -0.9995897 0.007689595 -9.8924e-4 -0.9999564 0.009286522 0.03574031 -0.9186466 -0.3934606 0.02329367 -0.9180639 -0.3957477 -0.003051817 -0.9474829 -0.3197921 -0.1119191 -0.03455317 -0.9931164 -0.08321613 0.03973531 -0.9957391 -0.09531825 0.04956442 -0.9942122 -0.003654778 -0.02484232 -0.9996848 -0.002750098 0.05843275 -0.9982876 -0.001841664 -0.02483153 -0.99969 -0.003194928 -0.02453804 -0.9996939 -0.004027187 0.05874174 -0.9982652 0.003223836 0.09685313 -0.9952935 0.003491938 -0.03173381 -0.9994903 0.06227338 -0.1035841 -0.9926693 0.004686951 -0.03176254 -0.9994845 -0.004365146 -0.0574454 -0.9983391 -0.00517112 -0.1780619 -0.9840057 2.07872e-4 -0.1836196 -0.9829974 -0.5113959 -0.01144051 -0.859269 -0.5184569 -0.1232522 -0.8461746 -0.5137079 0.01457667 -0.8578414 0.005532383 -0.1473816 -0.9890643 0.007446706 -0.0232262 -0.9997025 0.005529224 0.01316821 -0.9998981 0.01157242 -0.002029657 -0.999931 0.001015424 -0.006574511 -0.9999779 -3.61471e-4 7.75785e-4 -0.9999997 -0.003549337 0.7355321 -0.6774806 -0.004241049 0.7357188 -0.6772739 0.006495952 0.7484665 -0.6631408 -0.1000207 0.7414473 -0.6635147 -0.103842 0.726195 -0.6796012 -0.1157322 0.6724312 -0.7310557 -0.2380838 0.7162486 -0.6559757 -0.2371013 0.65122 -0.7208992 -0.2350867 0.6156756 -0.7521156 0.01317012 0.6289525 -0.7773323 -0.003939628 0.659866 -0.7513729 -0.006238758 0.65912 -0.752012 0.002851545 0.6363757 -0.7713741 -0.01437717 0.6677321 -0.7442628 0.003637135 0.5904936 -0.8070342 0.008411586 0.7104803 -0.7036669 -9.2427e-4 0.7083739 -0.7058369 1.52782e-4 0.7136122 -0.7005411 4.70888e-5 0.7243907 -0.6893897 5.00365e-4 0.7377755 -0.6750461 0.007100462 0.7517291 -0.6594338 -0.01698482 0.9991099 -0.03861343 -0.006641745 0.9998318 0.01710271 -0.01017433 0.9990734 0.04182177 0.0284217 0.9984298 -0.04827219 -0.02263587 0.998786 0.04375177 0.01371896 0.9985248 -0.05253648 -0.01658719 0.9806436 0.195098 -0.01551407 0.9901127 0.1394134 -0.01551008 0.9596331 0.2808273 0.0148791 0.945474 0.3253578 0.01595067 0.9197696 0.3921347 0.01484966 0.8810611 0.4727694 -0.006598591 0.8634682 0.5043603 -0.004325211 0.9050447 0.4252945 -0.004452168 0.8342106 0.5514281 -0.002236008 0.7724063 0.6351248 0.002642929 0.7470026 0.6648159 -0.001915812 0.7319588 0.6813462 -0.003328144 0.734465 0.6786385 0.006177484 0.7476201 0.664098 -0.004222691 0.7346998 0.6783794 -0.08566564 0.7275772 0.6806562 -0.08222597 0.7428488 0.6643904 -0.09682631 0.6738891 0.7324604 -0.1469237 0.6709992 0.7267555 -0.1474731 0.7372108 0.6593725 -0.1452087 0.6368327 0.7572044 -0.008504569 0.6669387 0.7450641 0.003108263 0.6348593 0.7726216 -0.003489613 0.6516415 0.7585191 -0.008714735 0.5421534 0.8402344 1.31437e-4 0.5369826 0.8435932 -2.77184e-4 0.4096621 0.9122374 0.001822948 0.9996548 -0.02621215 0.04219591 0.9964259 -0.07317817 0.003083527 0.9996514 -0.02622562 -0.01356142 0.9969998 -0.07620763 -0.007453322 0.9876247 -0.1566596 0.002858042 0.9837852 -0.1793283 -0.1918188 0.9798369 -0.05590349 -0.1908585 0.9688026 -0.158097 -0.1887937 0.9818512 -0.01803427 0.006511986 0.9946572 -0.1030281 0.007017076 0.9999235 -0.01019364 0.006456315 0.998304 0.0578584 0.002784192 0.9999932 0.002412796 0.003628253 0.9999448 0.009861946 0.03200542 0.999426 0.01111418 -6.55285e-4 0.9994666 0.03265053 -6.2981e-4 0.9994822 0.03217208 -0.001134634 0.9994661 0.03265202 0.003620743 0.7714678 0.6362583 0.003874003 0.7141849 0.6999465 0.003590703 0.6594227 0.7517638 0.05181139 0.6975441 0.7146662 0.00188601 0.705762 0.7084465 0.002656936 0.7003855 0.7137599 0.01013672 0.6774964 0.7354563 -8.95111e-5 0.6859285 0.727669 1.44781e-4 0.685923 0.7276742 -0.02096873 -0.2133013 0.9767615 -0.01993352 -0.1394826 0.9900239 -0.02144736 -0.2808709 0.9595059 0.01492607 -0.3595903 0.932991 0.01748222 -0.4088662 0.9124269 0.01490443 -0.5045777 0.8632377 -0.01572859 -0.5693088 0.8219733 -0.01245856 -0.4778314 0.8783632 -0.011469 -0.599523 0.8002755 0.01632851 -0.721027 0.6927146 0.00630176 -0.7290138 0.6844701 0.006070733 -0.729018 0.6844676 -0.001211643 0.04521715 0.9989764 0.01831334 0.06910687 0.9974412 -5.13971e-4 0.04525291 0.9989754 0.007479429 0.08002597 0.9967647 0.007566094 -3.1653e-4 0.9999714 0.007431685 -0.08088803 0.9966956 0.0766353 -0.02065694 0.9968453 0.006983876 -0.002025008 0.9999736 0.007266044 -0.009702384 0.9999266 0.01337802 0.02806895 0.9995165 0.01398605 0.02803057 0.9995093 0.032615 0.004131853 0.9994595 0.06787914 -0.7011949 0.7097311 0.001374661 -0.7057337 0.708476 0.001837134 -0.7110777 0.7031111 0.00587356 -0.6732124 0.7394258 0.006070792 -0.7319847 0.6812941 0.005843937 -0.7831002 0.6218683 0.02284216 -0.6708731 0.7412204 0.02370876 -0.6709021 0.7411668 0.0512501 -0.6966553 0.7155731 -0.001732945 -0.2952374 -0.9554225 -0.008778572 -0.3056864 -0.9520919 -0.002395808 -0.4299831 -0.9028338 0.01108431 -0.4436396 -0.8961367 0.005385696 -0.3199791 -0.9474093 0.00542277 -0.4677478 -0.8838453 -0.004815638 -0.5426026 -0.8399758 -0.005624532 -0.5783974 -0.8157358 -0.003709971 -0.658098 -0.7529232 -0.005113601 -0.9842617 0.1766434 -0.01258087 -0.9865902 0.1627314 -0.005034744 -0.9648519 0.2627465 0.01928055 -0.9470213 0.3205917 0.01642501 -0.9750524 0.2213666 0.01645296 -0.9269252 0.3748853 -0.02252542 -0.868039 0.4959849 -0.02253264 -0.8461531 0.5324633 -0.02209728 -0.8209249 0.5706084 -0.01782357 0.1134899 0.9933793 -0.01994645 0.2303878 0.9728945 -0.02136349 0.255553 0.9665591 0.02001821 0.3613762 0.9322053 0.01556754 0.3522785 0.9357658 0.0148468 0.4978131 0.8671573 0.004276871 0.9047386 -0.4259458 0.01236408 0.9587215 -0.284078 0.01169377 0.9007553 -0.4341695 -0.01255261 0.9213158 -0.3886126 -0.008249759 0.9178747 -0.3967846 -0.01314228 0.8556014 -0.5174685 0.007870912 0.7466879 -0.6651281 0.00913006 0.8207855 -0.5711636 0.009056568 0.7185388 -0.6954281 0.01612275 0.5374583 -0.8431363 0.01567065 0.608951 -0.7930532 0.01567983 0.4738876 -0.8804457 -0.01516842 0.4002419 -0.9162841 -0.01532179 0.3160395 -0.9486223 -0.01505029 0.263835 -0.9644504 0.004458904 0.261074 -0.9653086 0.006638526 0.3136577 -0.949513 0.006783604 0.1573179 -0.9875248 -1 0 0 -1 -6.44752e-7 0 -1 4.53118e-7 0 -1 -6.03071e-6 0 -1 7.11741e-6 0 -1 -1.43291e-6 0 -1 -7.26465e-7 0 -1 -4.22733e-6 0 -1 1.87789e-6 0 -1 -5.83097e-6 0 -1 -3.17089e-6 0 -1 6.04244e-6 0 -1 2.14796e-6 0 -1 -7.1717e-6 0 -1 -2.78141e-6 0 -1 4.3991e-6 0 -1 0 0 0.122254 0.1381493 0.9828371 0.1204168 0.1363869 0.98331 0.1738254 0.005287647 0.9847624 -0.1689209 -0.1563402 0.9731514 -0.2267476 -0.03024148 0.9734839 -0.1708343 -0.1585545 0.9724588 -0.2122554 0.1849813 0.9595465 -0.1535226 0.3083266 0.9388108 -0.1553971 0.3104332 0.9378075 0.07473438 0.3295124 0.9411888 0.0841273 0.3162078 0.9449525 0.1653742 0.426191 0.889389 -0.006940305 0.5704979 0.8212698 -0.0131126 0.5682525 0.8227499 -0.05013161 0.6822955 0.7293556 -0.05125331 0.567337 0.8218892 -0.04760205 0.6850711 0.7269194 -0.0429545 0.6844907 0.7277551 0.03785693 0.787242 0.6154811 0.0343517 0.7878215 0.6149449 0.04475247 0.8708881 0.4894397 -0.04475551 0.8028672 0.5944756 -0.03785997 0.8836637 0.4665888 -0.03435468 0.8834116 0.467337 0.03785651 0.9362576 0.3492689 0.03435128 0.9366483 0.3485829 0.04475218 0.977976 0.2038637 -0.04475265 0.9448172 0.3245271 -0.03785705 0.9832618 0.1782223 -0.03435182 0.9832471 0.1790116 0.03785854 0.998006 0.05050688 0.03435331 0.9981715 0.049735 0.04475414 0.9939088 -0.1007091 -0.04475557 0.9987016 0.02433383 -0.03785979 0.9912117 -0.1267521 -0.03435456 0.9914358 -0.1259952 0.03785735 0.9667335 -0.252969 0.03435212 0.9666585 -0.2537549 0.04475307 0.9172018 -0.3959015 -0.04475313 0.9595007 -0.2781289 -0.03785753 0.9067741 -0.419914 -0.0343523 0.9072162 -0.41926 0.04760301 0.8326824 -0.5517011 0.04295545 0.8323078 -0.5526471 0.05125415 0.7396847 -0.6709989 0.05013197 0.8305335 -0.5547082 0.006940245 0.7426196 -0.6696776 0.01311254 0.7407703 -0.6716305 -0.1675062 0.6145865 -0.7708601 -0.07652336 0.5326837 -0.8428478 -0.08577859 0.5204848 -0.8495514 0.1430927 0.5161933 -0.8444342 0.1461129 0.5192793 -0.8420215 0.2068115 0.4026987 -0.891663 -0.2068119 0.3281539 -0.9217071 -0.1430931 0.2136287 -0.9663785 -0.1461133 0.2097321 -0.96678 0.1624289 0.1858874 -0.9690526 0.1660252 0.1904004 -0.9675657 0.2281607 0.06364303 -0.9715412 -0.2281595 -0.06364262 -0.9715415 -0.1624276 -0.185887 -0.9690528 -0.1660239 -0.1904 -0.967566 0.1430912 -0.2136289 -0.9663786 0.1461116 -0.2097324 -0.9667801 0.2068102 -0.3281542 -0.9217073 -0.1587097 -0.3807139 -0.9109711 -0.09839797 -0.49802 -0.8615649 -0.1014836 -0.5007811 -0.8596042 0.09839713 -0.5189803 -0.8491039 0.1014828 -0.5159387 -0.850593 0.1587092 -0.6184237 -0.7696516 -0.1587073 -0.6378312 -0.7536469 -0.09839522 -0.7347633 -0.6711493 -0.101481 -0.7368042 -0.668447 0.1560536 -0.7579112 -0.6334177 0.156503 -0.7575549 -0.633733 0.2062389 -0.827095 -0.522857 -0.226846 -0.8276343 -0.5133835 -0.1852068 -0.8995147 -0.3956916 -0.1853825 -0.89954 -0.3955519 0.1153573 -0.9562046 -0.2690082 0.1126659 -0.9570425 -0.2671632 0.1488636 -0.9799898 -0.1321346 -0.09373676 -0.9687618 -0.2295957 -0.08351778 -0.9931428 -0.08180546 -0.07923024 -0.9933813 -0.08316314 0.09256315 -0.9806047 0.1727614 0.08756041 -0.9807844 0.1743425 0.100617 -0.9428235 0.3177421 -0.100616 -0.9727952 0.2086766 -0.09256255 -0.9311832 0.3526048 -0.08755981 -0.9321456 0.3513376 0.07956337 -0.8164218 0.5719486 0.07531297 -0.8159329 0.5732204 0.08986359 -0.7208344 0.6872572 -0.1050663 -0.7896234 0.6045296 -0.09318715 -0.6910891 0.7167371 -0.08904349 -0.6923539 0.7160429 0.02917289 -0.5831653 0.8118296 0.02642291 -0.5824342 0.8124483 0.04551869 -0.4556593 0.8889897 -0.130698 -0.538662 0.832323 -0.09696763 -0.4171965 0.9036285 -0.09526252 -0.4183017 0.9032989 0.1383423 -0.2973841 0.9446821 0.1373752 -0.2967969 0.9450078 0.1739513 -0.1593033 0.9717836 0.9999998 7.29475e-4 -1.79242e-5 1 2.83038e-4 -2.29111e-4 1 5.44544e-6 -1.50138e-6 0.9999794 -0.006146013 -0.001842796 0.9997561 -0.01743733 0.01355314 0.9994819 -0.02846622 0.01501792 0.9997091 -0.006390511 0.0232622 1 -3.76892e-6 7.10653e-6 0.999926 -0.01161712 0.003625154 0.9989979 -0.006418287 0.0442956 0.9949996 -0.04746466 0.08788025 0.9969595 0.03797239 0.06804531 1 -3.05008e-6 -1.267e-5 1 9.93471e-5 -2.86229e-4 0.9999998 -4.40106e-4 -6.45665e-4 0.9999999 -4.33923e-4 -5.13195e-4 0.9999995 -7.99528e-4 -5.98176e-4 1 -2.69703e-4 1.44403e-4 1 -1.28915e-4 7.23238e-5 1 3.58206e-4 7.6919e-5 1 1.98027e-5 -3.02297e-4 0.9999995 -0.001085877 2.76212e-4 0.9999998 -5.81982e-4 2.94301e-4 0.9999996 -7.67265e-4 6.27621e-4 0.9999998 -5.40773e-4 5.38337e-4 0.9999995 -5.78562e-4 9.44906e-4 1 1.93683e-4 3.78499e-4 0.9999998 1.51218e-4 -6.15937e-4 1 -4.39706e-5 -5.31111e-4 0.9999999 -2.48521e-4 5.93429e-4 1 1.8787e-4 4.80861e-4 1 1.40493e-4 -8.41292e-5 0.9999713 0.006402313 -0.00404942 0.9997999 -0.0125153 -0.01560431 0.9999127 -0.01316708 -0.001174151 0.9999333 -0.01086854 -0.003905057 1 1.59834e-5 1.0374e-5 1 2.38528e-5 7.03061e-6 0.9999234 0.01031196 0.006852209 0.9990594 0.03965884 -0.01753515 -0.001870751 -0.2975912 0.9546916 -0.0233196 -0.1469337 0.9888714 -0.004613161 -0.2981991 0.9544926 0.007720649 -0.2836473 0.9588977 0.008167922 -0.2835556 0.9589211 0.01829576 -0.4283283 0.903438 -0.224224 -0.9220629 0.3154739 -0.2221686 -0.922618 0.3153047 -0.2363494 -0.9578323 0.1633905 -0.005815088 -0.5990013 0.800727 0.002495825 -0.4667091 0.8844074 -0.003063082 -0.5989971 0.8007454 0.003857016 -0.7138827 0.7002547 0.008155941 -0.7138781 0.7002225 -0.005531251 -0.8141385 0.5806446 -0.01091825 -0.8338879 0.5518258 0.001950919 -0.73791 0.6748964 -0.006703615 -0.8339061 0.5518658 0.006703615 -0.9366258 0.3502671 0.0109182 -0.9365831 0.3502758 -0.00195086 -0.979735 0.2002891 -0.01498574 -0.9904705 0.1369078 -0.007220149 -0.9571995 0.2893393 -0.01130467 -0.9904842 0.1371611 0.01311528 -0.9998558 0.01079791 0.0159294 -0.9998126 0.01100343 0.01116448 -0.9893827 -0.1449044 -0.2248234 -0.7209542 -0.6554995 -0.2204409 -0.7209749 -0.6569635 -0.2460371 -0.6042147 -0.7578856 -0.008155882 -0.9539648 -0.2998076 0.005531191 -0.98901 -0.1477456 -0.003857076 -0.9539835 -0.2998343 0.003063142 -0.8972408 -0.4415311 0.005815148 -0.8972361 -0.4415128 -0.002495765 -0.8173529 -0.5761318 0.04428809 -0.8942605 -0.4453502 0.06380081 -0.9515758 -0.3007208 0.04808616 -0.8938659 -0.4457482 0.007353127 -0.6589791 -0.7521254 -0.01175564 -0.7670563 -0.6414721 0.005279242 -0.6586318 -0.752447 0.004612863 -0.6990283 -0.7150791 0.001870453 -0.698577 -0.7155325 0.02334272 -0.5798579 -0.8143832 -0.001870691 -0.3203976 -0.9472814 -0.02334284 -0.4623715 -0.8863791 -0.004613101 -0.3197887 -0.9474777 0.00267744 -0.3486846 -0.9372364 1.99134e-4 -0.3481484 -0.9374395 0.02071094 -0.1994664 -0.9796859 -1.99196e-4 0.04142421 -0.9991417 -0.02073436 -0.1130351 -0.9933747 -0.00267744 0.04199689 -0.9991142 -0.003078699 -0.01221585 -0.9999207 -0.00753504 -0.01112467 -0.9999098 0.0200501 0.1423043 -0.9896199 -8.64134e-4 0.2957687 -0.9552592 0.003945708 0.2960759 -0.9551563 -0.01486063 0.4407292 -0.8975172 -0.008155763 0.4453499 -0.8953194 0.005531251 0.3006423 -0.953721 -0.003856956 0.4453791 -0.8953337 0.00306344 0.5764551 -0.8171231 0.005815446 0.5764363 -0.8171215 -0.002495527 0.6969014 -0.7171627 -0.005815029 0.7168879 -0.6971642 0.002495884 0.5993149 -0.8005094 -0.003063082 0.7168866 -0.6971832 0.003063321 0.8007453 -0.5989972 0.005815267 0.8007269 -0.5990015 -0.002495586 0.8844073 -0.4667093 -0.005815088 0.8972359 -0.4415135 0.002495825 0.8173525 -0.5761325 -0.003063082 0.8972405 -0.4415318 0.003063261 0.9466548 -0.3222351 0.005815207 0.9466385 -0.3222449 -0.002495646 0.9853426 -0.1705688 -0.005815029 0.9897572 -0.142643 0.002495825 0.9553832 -0.2953587 -0.003063023 0.9897672 -0.1426591 0.003857076 0.9999461 0.0096367 0.008155941 0.9999201 0.00965619 -0.005531251 0.9862605 0.1651054 -0.01091831 0.9798479 0.1994467 0.001950919 0.999005 0.04455608 -0.006703615 0.9798889 0.1994314 0.006703555 0.9099704 0.4146192 0.0109182 0.9099462 0.4145827 -0.001950919 0.8344025 0.5511523 -0.008155941 0.8146287 0.5799255 0.005531251 0.8949485 0.4461355 -0.003857016 0.8146383 0.5799566 0.003062963 0.7168871 0.6971826 0.005814969 0.7168884 0.6971637 -0.002496004 0.5993156 0.800509 0.2153019 0.9570962 0.1939382 0.230229 0.9723619 0.03882128 0.2175139 0.9565413 0.1942071 -0.00593394 0.4501233 0.8929468 -0.01070499 0.5834807 0.8120565 -0.004948496 0.4502508 0.8928885 0.00295186 0.4656267 0.8849765 0.001010477 0.4653511 0.8851256 0.01608484 0.322253 0.9465169 -1.99362e-4 0.1153864 0.9933207 -0.020711 0.2670426 0.9634622 -0.002677559 0.1148165 0.9933832 0.004613161 0.145211 0.98939 0.001870751 0.1445794 0.9894915 0.02334284 -0.009569287 0.9996818 0.122254 0.1381492 0.9828372 0.1204168 0.1363869 0.98331 0.1738254 0.005287587 0.9847624 -0.168923 -0.1563405 0.9731509 -0.2267497 -0.0302419 0.9734835 -0.1708363 -0.1585549 0.9724584 -0.2122553 0.1849817 0.9595465 -0.1535224 0.308327 0.9388107 -0.1554149 0.3104531 0.9377981 0.07473599 0.3295124 0.9411888 0.08412879 0.3162078 0.9449524 0.1653757 0.4261909 0.8893888 -0.007093012 0.5704346 0.8213125 -0.01310926 0.5682521 0.8227502 -0.04982471 0.6823329 0.7293417 -0.05081307 0.5673203 0.8219282 -0.03919917 0.6840062 0.7284222 -0.03513699 0.6831595 0.7294235 0.07681059 0.7790127 0.6222858 0.0737096 0.7798292 0.6216378 0.09082812 0.8623383 0.4981195 -0.04475551 0.8028673 0.5944755 -0.03785997 0.8836638 0.4665886 -0.03435468 0.8834117 0.4673369 0.03785687 0.9362578 0.3492682 0.03435164 0.9366485 0.3485823 0.04475247 0.9779761 0.203863 -0.04475259 0.9448168 0.3245283 -0.03785699 0.9832616 0.1782235 -0.03435176 0.9832468 0.1790128 0.03785848 0.998006 0.05050551 0.03435325 0.9981716 0.04973357 0.04475408 0.9939087 -0.1007105 -0.04475545 0.9987016 0.02433389 -0.03785967 0.9912117 -0.126752 -0.0343315 0.9914374 -0.1259896 0.03785753 0.9667338 -0.2529678 0.03435236 0.9666587 -0.2537536 0.04475331 0.9172024 -0.3959003 -0.04475313 0.9595006 -0.2781289 -0.0343523 0.9072161 -0.4192599 0.04760307 0.8326822 -0.5517013 0.04293251 0.8323052 -0.5526526 0.05125415 0.7396845 -0.6709992 0.05013024 0.8305341 -0.5547074 0.006938517 0.7426202 -0.6696768 0.01312899 0.7407661 -0.6716348 -0.1675061 0.6145864 -0.7708603 -0.07652324 0.5326836 -0.8428478 -0.08580547 0.520456 -0.8495665 0.1430929 0.5161927 -0.8444345 0.1461132 0.5192787 -0.8420218 0.2068117 0.402698 -0.8916632 -0.206812 0.3281539 -0.921707 -0.1430932 0.2136287 -0.9663784 -0.1461134 0.2097321 -0.9667799 0.1624288 0.1858871 -0.9690526 0.1660251 0.1904001 -0.9675658 0.2281606 0.06364268 -0.9715413 -0.2281595 -0.06364268 -0.9715415 -0.1624276 -0.1858871 -0.9690529 -0.1660239 -0.1904001 -0.967566 0.1430913 -0.2136287 -0.9663787 0.1461116 -0.2097321 -0.9667802 0.2068103 -0.3281539 -0.9217075 -0.1587084 -0.3807147 -0.9109709 -0.09839659 -0.4980208 -0.8615646 -0.1014822 -0.5007819 -0.859604 0.09839576 -0.5189803 -0.8491041 0.1014814 -0.5159389 -0.8505932 0.1587078 -0.6184238 -0.7696518 -0.1587065 -0.6378324 -0.753646 -0.09839433 -0.7347643 -0.6711484 -0.1014801 -0.7368052 -0.668446 0.1593952 -0.7635059 -0.625821 0.164947 -0.758701 -0.6302105 0.2281387 -0.824692 -0.5175287 0.1220733 -0.8315337 -0.5418946 0.1170098 -0.8300114 -0.5453347 0.06664925 -0.9023139 -0.4258962 -0.04475432 -0.846019 -0.5312712 -0.0378586 -0.9167886 -0.3975747 -0.03435337 -0.9165943 -0.3983398 0.04760217 -0.9658791 -0.2545812 0.04295468 -0.9663361 -0.2536721 0.05125355 -0.9930677 -0.1057814 -0.08986616 -0.9708079 -0.2223876 -0.07956546 -0.9940474 -0.07442504 -0.07531517 -0.9942771 -0.07576823 0.09256315 -0.9806047 0.1727616 0.08753752 -0.9807849 0.1743507 0.100617 -0.9428235 0.3177423 -0.1006162 -0.9727952 0.2086765 -0.09256273 -0.9311833 0.3526046 -0.08755993 -0.9321456 0.3513374 0.07956349 -0.8164213 0.5719493 0.07531309 -0.8159323 0.5732212 0.08986371 -0.7208338 0.6872578 -0.05125486 -0.7995554 0.5984013 -0.04760354 -0.7001459 0.7124112 -0.04295599 -0.7010032 0.7118633 0.03785645 -0.584877 0.8102382 0.03435122 -0.584319 0.8107968 0.04475218 -0.4557243 0.8889953 -0.1327499 -0.5402774 0.8309501 -0.09986263 -0.4188422 0.9025512 -0.09789204 -0.420116 0.9021751 0.1383449 -0.2973836 0.9446818 0.1373991 -0.2968097 0.9450002 0.1739538 -0.159303 0.9717833 1 0 0 -1 3.50649e-6 -3.1629e-5 -1 9.35529e-6 -3.59039e-7 -1 -3.22961e-6 5.9878e-6 -1 1.98871e-5 -9.39039e-5 -1 9.66594e-5 -8.45408e-5 -1 1.73756e-5 2.95017e-5 -1 1.05213e-5 1.17934e-5 -1 -6.04086e-5 1.78799e-5 -1 -3.83628e-5 -1.58117e-6 -1 -5.31907e-5 -7.97948e-6 -1 -2.8111e-5 -1.36384e-5 -1 -3.09615e-5 -1.62807e-5 -1 -2.5956e-5 -2.08859e-5 -1 -3.26153e-5 -3.28847e-5 -1 -1.85652e-5 -3.81792e-5 -1 -1.76524e-5 -3.45286e-5 -1 -8.68227e-6 -5.97838e-5 -1 -7.19262e-7 -4.0318e-5 -1 1.7436e-5 -6.45779e-5 -1 1.73224e-5 -3.6787e-5 -1 3.29194e-5 -4.82255e-5 -1 3.38248e-5 -2.50686e-5 -1 2.9979e-5 -2.34697e-5 -1 3.03888e-5 -1.13895e-5 -1 3.39184e-4 -2.24224e-4 -0.9999998 7.03859e-4 -3.65848e-5 -1 2.30849e-4 1.82593e-4 -1 -1.83971e-5 -4.76571e-6 -1 2.37134e-5 -1.30521e-5 -1 7.99793e-5 5.03076e-5 -1 3.64078e-5 8.40723e-5 -1 -1.61169e-6 -1.93481e-6 -1 1.95384e-5 4.33781e-6 -1 1.9952e-5 7.26186e-5 -1 -2.49617e-5 1.67286e-5 0.005766153 0.3891282 -0.9211657 0.01735967 0.3900516 -0.9206295 0.005768477 0.5028673 -0.8643444 -0.001832604 0.4952036 -0.868775 0.009433746 0.3818793 -0.9241642 0.009436547 0.4960606 -0.8682367 -0.01640075 0.1010438 -0.9947469 -0.01772522 0.1010927 -0.9947192 -0.01668936 -0.1537606 -0.9879673 0.01342022 -0.4407268 -0.897541 0.0233671 -0.2001613 -0.9794843 0.01328647 -0.4407131 -0.8975497 0.003500998 -0.4130122 -0.9107189 0.007725059 -0.4135296 -0.910458 -0.01793843 -0.6290922 -0.7771237 0.002076685 -0.8281911 -0.5604422 -0.003912091 -0.8283331 -0.5602221 0.0192002 -0.9425922 -0.3333936 0.01255917 -0.9483072 -0.3171057 -0.005249977 -0.8377473 -0.546033 0.007128 -0.9483628 -0.3171076 -0.007652938 -0.9896582 0.1432414 -0.013897 -0.9895862 0.1432697 0.00680828 -0.9216502 0.3879622 0.01326912 -0.8971331 0.4415611 -0.008394777 -0.9794791 0.2013711 0.006923198 -0.8971531 0.4416655 0.002470612 0.5088121 0.8608741 0.01684337 0.5073281 0.8615884 0.002468764 0.3954668 0.918477 -0.01875716 0.3825447 0.9237467 -0.005408108 0.4955201 0.8685796 -0.005405783 0.3813031 0.9244343 0.006041884 0.2137376 0.9768725 0.01164031 0.2131881 0.9769418 0.006042897 0.1575024 0.9875001 -0.009107172 0.1431606 0.9896577 -0.00359112 0.1990238 0.9799882 -0.003589928 0.1426352 0.9897689 0.001763939 0.02073228 0.9997835 -0.001821339 0.02095788 0.9997788 0.001764118 0.07789325 0.9969602 0.006369531 0.08045387 0.996738 0.003150403 0.02348285 0.9997194 0.003149211 0.08063578 0.9967387 0.8660261 0 0.4999988 0.8660248 0 0.5000012 0 0 1 -0.8660257 0 0.4999997 -0.8660253 0 0.5000003 -0.8660261 0 -0.4999988 -0.8660253 0 -0.5000003 0 0 -1 0.8660261 0 -0.4999988 0.8660253 0 -0.5000003 -1.24308e-6 -1 0 -1.77434e-6 -1 2.34588e-6 -6.68521e-7 -1 0 0 -1 4.87387e-6 6.29895e-7 -1 0 1.82825e-6 -1 1.75794e-6 1.32832e-6 -1 5.31171e-7 1.64256e-6 -1 -1.57938e-6 3.18771e-7 -1 0 0 -1 -4.75668e-6 -1.56827e-6 -1 0 0.8660257 0 -0.4999997 0.8660253 0 0.5000003 -0.8660261 0 0.4999988 -0.8660248 0 -0.5000012 -1.32831e-6 -1 0 -1.64256e-6 -1 7.89692e-7 -3.18773e-7 -1 0 0 -1 5.54946e-6 1.56827e-6 -1 0 1.24308e-6 -1 1.54161e-6 1.77434e-6 -1 -2.34588e-6 6.68521e-7 -1 0 0 -1 -4.87387e-6 -6.29893e-7 -1 0 -1.82825e-6 -1 -1.75794e-6 -0.8660252 0 0.5000004 -0.8660257 0 0.4999995 -0.8660257 0 -0.4999995 0.8660257 0 -0.4999995 0.8660257 0 0.4999995 -1.24308e-6 -1 -1.54161e-6 -1.77434e-6 -1 2.98566e-6 -6.68521e-7 -1 -2.35418e-6 0 -1 3.24925e-6 6.29894e-7 -1 0 1.82825e-6 -1 1.75794e-6 1.32832e-6 -1 0 1.64256e-6 -1 -1.57938e-6 3.18771e-7 -1 3.92438e-6 0 -1 -3.17112e-6 -1.56827e-6 -1 -3.01591e-6 -0.8660252 0 -0.5000004 0.8660252 0 -0.5000004 -1.32832e-6 -1 5.31172e-7 -1.64256e-6 -1 1.57938e-6 -3.18771e-7 -1 3.92438e-6 0 -1 1.58556e-6 1.56828e-6 -1 0 1.24308e-6 -1 1.54161e-6 1.77434e-6 -1 -1.91935e-6 6.68522e-7 -1 0 0 -1 -1.62462e-6 -6.29895e-7 -1 0 -1.82825e-6 -1 -1.75793e-6 0.01167505 -0.1998661 -0.9797537 0.02169281 -0.1994737 -0.979663 0.01167684 0.06048512 -0.9981008 -0.02169281 0.1994737 -0.9796631 -0.01167684 -0.06048518 -0.9981008 -0.01167505 0.199866 -0.9797537 0.01065582 0.7572625 -0.6530237 -0.002235829 0.563047 -0.826422 -0.002233386 0.7577193 -0.6525768 0.01539868 0.6464202 -0.7628263 0.008408248 0.6466267 -0.7627604 0.01540118 0.8218138 -0.569548 -0.00734508 0.9994168 0.03334981 -0.01328313 0.9739745 -0.2262682 -0.0132789 0.9993509 0.03349214 0.01327884 0.9993507 -0.0334931 0.00734508 0.9994167 -0.03335082 0.01328313 0.9739747 0.2262672 -0.008408188 0.6466256 0.7627613 -0.01540112 0.8218129 0.5695492 -0.01539862 0.6464191 0.7628271 0.009116291 0.7303613 0.6830003 -0.001006901 0.7301164 0.683322 0.009118795 0.5287395 0.8487353 -0.001744329 0.03348428 0.9994378 0.01184785 0.03277534 0.9993925 -0.001746475 -0.226276 0.9740617 -0.01016604 -0.199157 0.9799149 0.003504753 0.0604813 0.9981632 0.003502249 -0.1998699 0.9798162 0.001286506 -0.7887111 0.6147627 -0.008472502 -0.6030377 0.7976677 -0.008469998 -0.7889128 0.6144468 0.009116291 -0.6829999 0.7303617 -0.001006901 -0.6833217 0.7301168 0.009118795 -0.8487349 0.5287399 -0.001744329 -0.9994377 0.03348577 0.01184779 -0.9993925 0.03277683 -0.001746535 -0.9740621 -0.2262746 -0.01016616 -0.979915 -0.1991567 0.003504633 -0.9981632 0.06048172 0.00350213 -0.9798163 -0.1998696 0.001286268 -0.6147629 -0.7887111 -0.00847274 -0.7976679 -0.6030377 -0.008470237 -0.614447 -0.7889128 0.002233386 -0.757719 -0.6525771 -0.01065576 -0.7572624 -0.653024 0.002235889 -0.5630467 -0.8264221 -0.001744329 -0.03348422 -0.9994378 0.01184785 -0.03277522 -0.9993926 -0.001746475 0.2262761 -0.9740616 -0.01016634 0.1991576 -0.9799148 0.003504455 -0.06048071 -0.9981633 0.003501951 0.1998705 -0.9798161 0.001286208 0.7887113 -0.6147624 -0.00847274 0.603038 -0.7976675 -0.008470237 0.788913 -0.6144466 0.009116291 0.6829999 -0.7303617 -0.001006901 0.6833216 -0.7301168 0.009118795 0.848735 -0.52874 -0.001744389 0.9994378 -0.03348469 0.01184779 0.9993925 -0.0327757 -0.001746535 0.9740617 0.2262756 -0.0101661 0.979915 0.1991568 0.003504633 0.9981632 -0.06048166 0.00350213 0.9798163 0.1998696 0.001286089 0.6147637 0.7887103 -0.008472859 0.7976684 0.6030368 -0.008470356 0.6144478 0.788912 0.002233386 0.7577188 0.6525774 -0.01065576 0.7572621 0.6530243 0.002235889 0.5630463 0.8264223 0.01167505 0.199866 0.9797537 0.02169281 0.1994737 0.9796631 0.01167684 -0.06048518 0.9981008 -0.02169281 -0.1994737 0.979663 -0.01167684 0.06048512 0.9981008 -0.01167505 -0.1998661 0.9797537 0.01242858 -0.7884257 0.6150044 -0.001435697 -0.6030627 0.7976925 -0.001435101 -0.7889376 0.6144717 0.009673714 -0.6464741 0.7628747 -0.001462578 -0.6468746 0.7625951 0.00967431 -0.8218677 0.5695964 -0.001744449 -0.9994377 0.03348565 0.01184773 -0.9993925 0.03277671 -0.001746594 -0.974062 -0.2262747 -0.01016616 -0.9799149 -0.1991572 0.003504574 -0.9981632 0.06048119 0.00350207 -0.9798161 -0.1998701 0.001286506 -0.6147625 -0.7887113 -0.008472502 -0.7976676 -0.6030381 -0.008469998 -0.6144465 -0.788913 0.009116291 -0.7303606 -0.683001 -0.001006901 -0.7301158 -0.6833228 0.009118795 -0.5287387 -0.8487358 0 -1 0 0 -1 7.77667e-6 0 -1 -3.76946e-6 0 -1 -3.45279e-6 -0.01657396 -0.9998018 0.01103967 -0.01778817 -0.999789 0.01027095 0 -0.9980052 0.06313186 0 -0.9981881 0.06017148 -1.69195e-4 -0.9981225 0.06125152 0 -0.9980053 0.06313043 0.01429677 -0.9998638 0.008253693 0.0133512 -0.9998714 0.008893132 4.80779e-4 -0.6573861 0.7535538 0.006714165 -0.820625 0.5714278 0.006708681 -0.6572486 0.753644 -0.002071082 -0.7542349 0.6566016 0.004552543 -0.7541104 0.656732 -0.002076566 -0.5721622 0.820138 0.008080422 -0.1948876 0.9807924 -0.01969212 0.05697441 0.9981815 0.003652095 -0.1955583 0.9806854 0.001472949 -0.1009469 0.9948907 -0.001144886 -0.1013281 0.9948524 0.02008903 -0.3476306 0.9374163 -6.16073e-4 -0.6614637 0.749977 -0.01437473 -0.4512584 0.8922775 -0.002432346 -0.6615844 0.7498669 0.002432525 -0.6271352 0.7789067 6.16354e-4 -0.6272642 0.7788063 0.01430034 -0.8030763 0.5957046 4.68924e-4 -0.9585821 0.2848162 -0.01859098 -0.856146 0.5163993 -0.001916706 -0.9586685 0.2845188 -0.003480911 -0.927889 0.3728404 -0.007668256 -0.9280804 0.3723006 0.01788735 -0.9916628 0.1276128 -0.002669513 -0.9826173 -0.1856242 0.004138171 -0.982553 -0.1859374 -0.02182877 -0.9042207 -0.4265075 -0.01340711 -0.8994579 -0.4368018 0.008198499 -0.9804018 -0.196838 -0.007055759 -0.8994804 -0.4369044 -0.003610849 -0.4264549 0.9045017 0.01391708 -0.4278469 0.9037442 -0.003609001 -0.5943406 0.8042055 -0.02259492 -0.5962145 0.8025072 -0.005498826 -0.4300706 0.9027785 -0.005495548 -0.5975532 0.8018106 0.006598174 -0.6970878 0.7169555 0.01768153 -0.6974381 0.716427 0.006601452 -0.8232983 0.5675706 -0.01768153 -0.8422048 0.5388678 -0.006601452 -0.7217452 0.6921274 -0.006598174 -0.842652 0.5384183 0.006598174 -0.9180417 0.396429 0.01768159 -0.9181637 0.3958067 0.006601452 -0.9776427 0.2101693 -0.01768147 -0.9841558 0.1764221 -0.006601393 -0.9313496 0.3640667 -0.006598114 -0.9843975 0.1758359 0.005624413 -0.9990872 0.04234468 0.01090794 -0.9990495 0.04220384 0.005627691 -0.9882232 -0.1529164 -0.01575165 -0.9768542 -0.2133257 -0.01235097 -0.9997401 -0.01916587 -0.01234728 -0.9768893 -0.2133895 0.01248806 -0.9753047 -0.2205104 0.007118225 -0.9753222 -0.220672 0.01249176 -0.9137312 -0.4061275 -0.007118165 -0.8448648 -0.5349326 -0.01249176 -0.9327217 -0.3603808 -0.012488 -0.8447381 -0.5350343 0.01234728 -0.8408136 -0.5411841 0.0157516 -0.8407437 -0.5412042 0.01235097 -0.7193962 -0.6944902 -0.01090788 -0.6754462 -0.7373287 -0.005627632 -0.8059881 -0.5919051 -0.005624413 -0.6753731 -0.7374548 0.005399286 -0.5969787 -0.802239 0.02236807 -0.5956605 -0.8029249 0.005402565 -0.4294238 -0.903087 -0.01339668 -0.4280717 -0.9036454 0.003985464 -0.5945578 -0.8040429 0.003987371 -0.4266992 -0.9043847 -0.006041884 0.2137376 -0.9768725 -0.01164031 0.2131881 -0.9769418 -0.006042897 0.1575024 -0.9875001 0.009107768 0.1431607 -0.9896575 0.003591656 0.1990239 -0.979988 0.003590464 0.1426353 -0.9897688 -0.003141224 0.02469259 -0.9996902 5.26419e-4 0.02492898 -0.9996892 -0.00314176 0.08184188 -0.9966405 -0.006313562 0.08155387 -0.996649 -0.003088474 0.02458685 -0.9996929 -0.003087282 0.08173644 -0.9966493 -0.004015088 -0.6644352 -0.7473351 -0.009407639 -0.8259669 -0.5636401 -0.009402155 -0.6643183 -0.7473907 0.002931118 -0.6717829 -0.7407424 0.008344054 -0.4718726 -0.8816272 0.00833863 -0.6718546 -0.7406362 0 -1 2.8664e-7 0 -1 -1.03689e-5 0 -1 2.8271e-6 0 -0.998516 -0.05446165 0.00192815 -0.9967088 -0.08104234 0 -0.998516 -0.05445921 -0.01278311 -0.9998911 -0.007381141 -0.01193934 -0.9998972 -0.007952809 0 -1 3.45279e-6 0.02572244 -0.9995223 -0.01713305 0.02764135 -0.9994906 -0.01595866 0 -0.9959368 -0.09005653 1 0 -3.20712e-7 1 0 -2.79623e-7 1 3.27189e-7 5.30066e-7 1 0 2.57245e-7 1 -1.84672e-5 0 1 2.98212e-7 1.11991e-6 1 0 2.86794e-7 1 0 3.74256e-7 1 0 0 1 0 -3.13783e-7 1 0 3.78521e-7 1 0 2.69512e-7 1 0 -2.54408e-7 1 2.90206e-7 2.33016e-7 1 -4.90574e-7 0 1 9.53227e-7 -1.28503e-7 1 4.4729e-7 -2.43773e-7 1 -1.67857e-7 0 1 0 2.91071e-7 1 0 3.09926e-7 1 4.08891e-7 0 1 -5.57859e-7 0 1 4.05562e-7 0 1 -1.22948e-7 0 1 2.47964e-7 0 1 -6.03251e-7 0 1 1.94056e-7 0 1 2.19033e-7 0 1 6.92852e-7 0 1 -7.02948e-7 0 1 3.55139e-7 0 1 1.39512e-7 0 1 0 -5.63711e-7 1 -2.91113e-7 3.15679e-7 1 -3.03949e-7 0 1 -5.57982e-7 0 1 0 0 1 2.08976e-7 0 1 1.03554e-6 0 1 -6.61316e-7 0 1 3.4867e-7 0 1 -1.02586e-6 0 1 6.71441e-7 0 1 -2.37615e-6 0 1 4.15357e-7 0 1 2.35801e-7 0 1 -3.59958e-7 0 1 5.24015e-7 0 1 -2.18313e-7 0 1 0 1.3091e-7 1 0 2.46755e-7 -0.00363028 0.9999818 -0.00482726 0 1 0 0 1 -1.82749e-6 0.001013219 0.9999986 -0.00138998 0.002007484 0.9999979 -5.65413e-4 0 0.9999932 -0.003683328 -0.007756829 0.9999686 -0.001651823 -0.001992642 0.9999629 -0.008389234 0 1 1.75978e-7 0 1 -2.02141e-6 0 1 5.7285e-6 -0.00120145 0.9999511 -0.009824037 0.003179073 0.8265737 0.5628196 0.007752478 0.6771032 0.7358472 0.00774759 0.8266065 0.5627271 -0.001499772 0.8254657 0.5644504 -0.006018519 0.9320881 0.3621816 -0.006013631 0.8253999 0.5645166 -0.00119096 0.9999982 0.0015105 0.001075446 0.9999819 0.005924463 -1.54181e-4 0.9999938 0.003534138 0.003353297 0.9999845 0.004458606 0.007161796 0.9999732 0.001523077 0 1 7.52147e-7 0 1 3.71834e-6 0 1 5.08829e-7 -0.002122402 0.9999976 7.36572e-4 0 1 7.9645e-7 0.001841545 0.9999683 0.007758021 -1.58684e-4 0.9999353 0.0113762 -0.003176987 0.8260948 -0.5635223 -0.007741451 0.676477 -0.7364231 -0.007736563 0.8261275 -0.5634302 0.00157094 0.8257227 -0.5640741 0.006041169 0.9322536 -0.361755 0.006036221 0.8256579 -0.5641388 -0.9186319 0.01270276 -0.3949102 -0.9190892 -0.003137052 -0.3940371 -0.9895357 0.01269733 -0.1437288 -0.609583 -0.001173079 0.7927215 -0.608423 0.01756829 0.7934184 -0.383692 -0.001175105 0.9234604 -0.361662 -0.02520257 0.9319686 -0.5896717 -0.007318556 0.8076099 -0.3606446 -0.00731647 0.9326746 0.3606486 0.007316589 0.9326731 0.3616661 0.02520275 0.931967 0.5896751 0.007318675 0.8076074 0.6084225 -0.01756852 0.7934189 0.3836914 0.001174926 0.9234606 0.6095825 0.0011729 0.7927218 0.9190884 0.003137171 -0.3940391 0.9895355 -0.01269721 -0.1437309 0.9186311 -0.01270264 -0.3949121 0.9962985 -0.03502064 -0.07850456 0.9950281 -0.05870759 -0.08045238 0.9420126 -0.03502625 -0.333745 0.3556414 0.05363839 -0.9330821 0.3547024 0.06788724 -0.9325115 0.1017022 0.05364412 -0.9933676 -0.354702 -0.0678876 -0.9325116 -0.1017019 -0.05364441 -0.9933675 -0.355641 -0.05363875 -0.9330823 -0.9950282 0.05870813 -0.08045041 -0.9420132 0.03502672 -0.333743 -0.9962986 0.03502112 -0.07850259 -0.919089 0.003137171 0.3940377 -0.9895356 -0.01269716 0.1437295 -0.9186317 -0.01270258 0.3949108 -0.9962984 -0.03502094 0.07850426 -0.9950281 -0.05870789 0.08045208 -0.9420127 -0.03502655 0.3337447 -0.3556415 0.05363839 0.9330821 -0.3547025 0.0678873 0.9325114 -0.1017023 0.05364412 0.9933675 0.3547022 -0.06788748 0.9325115 0.1017021 -0.05364435 0.9933675 0.3556413 -0.05363863 0.9330821 0.9950281 0.05870807 0.08045148 0.9420127 0.03502672 0.333744 0.9962986 0.03502112 0.0785036 0.9186318 0.01270234 0.3949106 0.9190891 -0.003137469 0.3940375 0.9895357 0.01269686 0.1437292 0.6095827 -0.001173198 -0.7927217 0.6084228 0.01756823 -0.7934187 0.3836917 -0.001175224 -0.9234606 0.3616617 -0.02520275 -0.9319687 0.5896715 -0.007318675 -0.8076102 0.3606444 -0.007316589 -0.9326747 -0.3606486 0.007316648 -0.9326731 -0.3616661 0.02520281 -0.931967 -0.5896751 0.007318735 -0.8076074 -0.6084189 -0.01756799 -0.7934216 -0.3836874 0.001175463 -0.9234623 -0.609579 0.001173436 -0.7927246 -0.9186318 0.01270258 -0.3949106 -0.9190891 -0.003137111 -0.3940376 -0.9895356 0.01269716 -0.1437292 -0.6095793 -0.001173436 0.7927243 -0.6084192 0.01756799 0.7934214 -0.3836878 -0.001175463 0.9234622 -0.3616658 -0.02520281 0.9319672 -0.5896749 -0.007318735 0.8076076 -0.3606483 -0.007316648 0.9326732 0.3606486 0.007316589 0.9326731 0.3616661 0.02520275 0.931967 0.6084186 -0.01756793 0.7934218 0.3836871 0.001175582 0.9234625 0.6095787 0.001173555 0.7927247 0.9190889 0.00313729 -0.394038 0.9895356 -0.01269704 -0.1437296 0.9186316 -0.01270246 -0.3949111 0.9962986 -0.035021 -0.07850378 0.9950281 -0.05870795 -0.0804516 0.9420128 -0.0350266 -0.3337442 0.3556414 0.05363833 -0.9330821 0.3547024 0.06788724 -0.9325115 0.1017022 0.05364406 -0.9933676 -0.3547024 -0.06788724 -0.9325114 -0.1017023 -0.05364412 -0.9933675 -0.3556415 -0.05363839 -0.9330821 -0.9950281 0.05870771 -0.08045256 -0.9420125 0.03502643 -0.3337451 -0.9962985 0.03502082 -0.07850468 -0.9968388 0.01148843 0.07861709 -0.9963846 0.02925366 0.07976233 -0.9425535 0.01149094 0.3338576 -0.8936561 -0.03623431 0.4472874 -0.9792199 -0.01933687 0.2018778 -0.8936071 -0.01933205 0.4484338 -0.3559014 0.025402 0.9341782 -0.3546608 0.04283004 0.9340136 -0.1019623 0.02540659 0.9944638 0.08591914 -0.04078179 0.9954671 -0.1735474 -0.02239775 0.9845709 0.08720183 -0.0223962 0.9959389 0.9849929 0.02231842 0.1711458 0.9079518 0.003653347 0.4190587 0.9854573 0.003647923 0.169885 0.9186318 0.01270246 0.3949106 0.9190891 -0.00313735 0.3940376 0.9895356 0.01269704 0.1437292 0.6095827 -0.001173079 -0.7927217 0.6084228 0.01756829 -0.7934187 0.3836917 -0.001175105 -0.9234606 0.361662 -0.02520257 -0.9319686 0.5896717 -0.007318556 -0.8076099 0.3606446 -0.00731647 -0.9326746 -0.3606448 0.00731647 -0.9326747 -0.3616622 0.02520257 -0.9319686 -0.589672 0.007318556 -0.8076098 -0.6481681 -0.029253 -0.7609353 -0.4303914 -0.01149022 -0.9025692 -0.6492991 -0.01148778 -0.7604464 -0.02173084 0.3710569 0.9283558 0.01120674 0.210201 0.977594 -0.01543766 0.3723579 0.9279609 -0.0115906 0.3045911 0.9524127 -0.01189714 0.3045386 0.9524257 -0.02166694 0.4616895 0.8867769 0.004906475 0.5459194 0.8378235 6.84116e-4 0.3946868 0.9188154 0.003173351 0.545897 0.8378463 -0.004141628 0.6409097 0.7676053 -0.007749259 0.6408761 0.7676053 0.002931535 0.7624149 0.6470819 0.00774914 0.7821781 0.6230069 -0.002931654 0.664489 0.7472923 0.004141509 0.7821787 0.6230405 -0.004141628 0.8622107 0.506533 -0.007749319 0.8621791 0.5065444 0.002931714 0.9359591 0.3520969 7.11959e-4 0.9336788 0.3581108 -0.01866829 0.859065 0.5115261 -0.003745198 0.9338172 0.3577311 -0.006881237 0.9907692 0.1353854 0.02040868 0.9536311 0.3002855 -0.002281427 0.9909208 0.1344285 -0.004134178 0.9827672 0.1848018 -0.001587748 0.9828674 0.1843072 -0.02165448 0.9996476 0.01535302 0.001587748 0.9828674 -0.1843072 0.02165448 0.9996476 -0.01535302 0.004134178 0.9827672 -0.1848018 0.002281427 0.9909207 -0.1344289 0.006881237 0.9907691 -0.1353858 -0.02040874 0.9536309 -0.3002859 0.003745198 0.9338174 -0.3577307 -7.11955e-4 0.933679 -0.3581104 0.01866829 0.8590652 -0.5115256 0.007749259 0.8621792 -0.5065443 -0.002931714 0.9359591 -0.3520967 0.004141569 0.8622108 -0.5065329 -0.004141747 0.7821786 -0.6230406 -0.007749378 0.7821779 -0.6230071 0.002931416 0.6644889 -0.7472924 0.007749259 0.6408761 -0.7676053 -0.002931475 0.7624149 -0.6470819 0.004141628 0.6409097 -0.7676053 -0.003173351 0.5458972 -0.8378463 -0.004906475 0.5459195 -0.8378233 -6.8414e-4 0.394687 -0.9188155 0.01189714 0.3045385 -0.9524257 0.02166694 0.4616895 -0.8867771 0.0115906 0.304591 -0.9524127 0.01543772 0.3723578 -0.9279609 0.02173089 0.3710569 -0.9283558 -0.01120668 0.210201 -0.977594 -0.005771994 -0.2243363 0.9744948 -0.01117146 -0.2241756 0.9744848 -0.005775213 -0.04149562 0.9991221 0.006222844 -0.02357298 0.9997028 0 -0.2066217 0.978421 0 -0.02336424 0.9997271 0 0.02336436 0.999727 -0.006222784 0.0235731 0.9997028 0 0.2066218 0.978421 0.01117128 0.2241752 0.9744849 0.005775094 0.04149526 0.999122 0.005771815 0.224336 0.9744948 -0.006770908 0.3458341 0.9382713 -0.01803112 0.3464232 0.937905 -0.006774187 0.5123174 0.8587695 0.01803129 0.5396968 0.8416664 0.006774365 0.3765716 0.9263628 0.006771087 0.5403441 0.841417 -0.006770849 0.6614225 0.7499831 -0.01803117 0.6618396 0.7494288 -0.006774127 0.7879443 0.6157093 0.01803129 0.8072964 0.5898706 0.006774246 0.6857824 0.7277752 0.006770968 0.8078099 0.5894042 -0.006770968 0.8876843 0.4604029 -0.01803135 0.8878729 0.4597353 -0.006774246 0.9571567 0.2894912 0.01803129 0.965868 0.2584064 0.006774187 0.9023769 0.4308947 0.006770908 0.9661783 0.257786 -0.006770908 0.9940577 0.108645 -0.01803117 0.9939923 0.1079543 -0.006774187 0.9970985 -0.07582175 0.01803117 0.9939923 -0.1079543 0.006774187 0.9970985 0.07582175 0.006770908 0.9940577 -0.108645 -0.006770968 0.9661784 -0.2577859 -0.01803135 0.9658681 -0.2584064 -0.006774246 0.9023768 -0.4308946 0.01803135 0.887873 -0.4597353 0.006774246 0.9571568 -0.2894912 0.006770968 0.8876844 -0.4604029 -0.006770968 0.80781 -0.5894041 -0.01803129 0.8072966 -0.5898705 -0.006774246 0.6857826 -0.727775 0.01803129 0.6618394 -0.7494288 0.006774246 0.7879442 -0.6157094 0.006770968 0.6614223 -0.7499831 -0.006771087 0.5403442 -0.841417 -0.01803129 0.5396969 -0.8416664 -0.006774365 0.3765716 -0.9263628 0.01803112 0.3464233 -0.937905 0.006774187 0.5123174 -0.8587695 0.006770908 0.3458341 -0.9382713 -0.006771087 0.1999022 -0.9797925 -0.01803135 0.1992086 -0.9797913 -0.006774365 0.01650297 -0.999841 0.004357457 0.02442836 -0.9996921 -0.009592711 0.2066164 -0.9783751 -0.009588599 0.02335894 -0.9996812 -0.001086831 -0.2231918 -0.974774 0.01356679 -0.04148554 -0.9990471 0.01356887 -0.2243263 -0.9744197 -0.01356899 -0.1428236 -0.9896553 0.001086771 -0.1440094 -0.9895758 -0.01356685 -0.3222138 -0.9465697 0.009588658 -0.3829061 -0.9237375 -0.004357397 -0.3839074 -0.9233614 0.009592711 -0.5460921 -0.8376702 0.01803112 -0.5396971 -0.8416662 0.006774187 -0.376572 -0.9263626 0.006770908 -0.5403444 -0.8414167 -0.006770849 -0.6614225 -0.749983 -0.01803112 -0.6618396 -0.7494286 -0.006774127 -0.7879444 -0.6157092 0.004357576 -0.7830486 -0.6219453 -0.009592592 -0.6562442 -0.7544877 -0.009588479 -0.7836844 -0.6210853 -0.001086711 -0.9123899 -0.4093208 0.01356703 -0.8222579 -0.5689534 0.01356911 -0.9127908 -0.408202 -0.02021884 -0.887515 -0.4603352 -0.01208019 -0.8878036 -0.4600642 -0.02021676 -0.9569877 -0.2894235 0.007375359 -0.9932614 -0.1156606 0.01283872 -0.9551025 -0.2959975 0.01283556 -0.993226 -0.1154876 -0.009349465 -0.9910097 -0.1334629 -0.006621718 -0.991037 -0.1334236 -0.009352505 -0.9986615 0.05087012 0.006621718 -0.991037 0.1334236 0.009352564 -0.9986615 -0.05087012 0.009349405 -0.9910097 0.1334629 -0.01283556 -0.993226 0.1154876 -0.007375359 -0.9932614 0.1156606 -0.01283878 -0.9551025 0.2959975 0.01208019 -0.8878036 0.4600642 0.02021676 -0.9569877 0.2894235 0.02021884 -0.887515 0.4603352 -0.02021884 -0.9022036 0.4308366 -0.01207995 -0.9021611 0.4312301 -0.02021676 -0.80768 0.5892744 0.01207983 -0.6616559 0.7497104 0.02021664 -0.787811 0.6155852 0.02021872 -0.6612889 0.7498588 -0.01356917 -0.7036913 0.7103763 0.001086652 -0.7029134 0.7112748 -0.01356703 -0.5612015 0.827568 0.009588658 -0.5064047 0.8622426 -0.004357397 -0.5055012 0.862815 0.009592711 -0.3393799 0.9406005 0.01803112 -0.3464233 0.937905 0.006774187 -0.5123175 0.8587694 0.006770908 -0.3458342 0.9382712</float_array>
          <technique_common>
            <accessor source="#fan_fixed-mesh-normals-array" count="1775" stride="3">
              <param name="X" type="float"/>
              <param name="Y" type="float"/>
              <param name="Z" type="float"/>
            </accessor>
          </technique_common>
        </source>
        <source id="fan_fixed-mesh-map-0">
          <float_array id="fan_fixed-mesh-map-0-array" count="6132">0.5720809 -0.1331912 1.068654 -0.4449785 1.175 0 0.5720809 -0.1331912 1.175 0 1.069141 0.4438844 1.068654 -0.4449785 0.5720809 -0.1331912 0.3103426 -0.4987028 1.068654 -0.4449785 0.3103426 -0.4987028 0.83085 -0.83085 0.83085 -0.83085 0.3103426 -0.4987028 0.652795 -0.976977 0.652795 -0.976977 0.3103426 -0.4987028 0.3076208 -1.128643 0.3076208 -1.128643 0.3103426 -0.4987028 -0.1331911 -0.5720809 0.3076208 -1.128643 -0.1331911 -0.5720809 0 -1.175 0 -1.175 -0.1331911 -0.5720809 -0.3075798 -1.128656 -0.3075798 -1.128656 -0.1331911 -0.5720809 -0.652795 -0.976977 -0.652795 -0.976977 -0.1331911 -0.5720809 -0.498703 -0.3103422 -0.652795 -0.976977 -0.498703 -0.3103422 -0.83085 -0.83085 -0.83085 -0.83085 -0.498703 -0.3103422 -1.017137 -0.5776601 -1.017137 -0.5776601 -0.498703 -0.3103422 -1.152423 -0.2292309 -1.152423 -0.2292309 -0.498703 -0.3103422 -0.5720809 0.1331913 -1.152423 -0.2292309 -0.5720809 0.1331913 -1.157995 0.1726525 -1.157995 0.1726525 -0.5720809 0.1331913 -1.017508 0.5769655 -1.017508 0.5769655 -0.5720809 0.1331913 -0.3103422 0.4987029 -1.017508 0.5769655 -0.3103422 0.4987029 -0.83085 0.83085 -0.83085 0.83085 -0.3103422 0.4987029 -0.5794672 1.016171 -0.5794672 1.016171 -0.3103422 0.4987029 -0.2292309 1.152423 -0.2292309 1.152423 -0.3103422 0.4987029 0.1331909 0.5720809 -0.2292309 1.152423 0.1331909 0.5720809 0 1.175 0 1.175 0.1331909 0.5720809 0.4445088 1.06867 0.4445088 1.06867 0.1331909 0.5720809 0.498703 0.3103421 0.4445088 1.06867 0.498703 0.3103421 0.83085 0.83085 0.83085 0.83085 0.498703 0.3103421 1.069141 0.4438844 1.069141 0.4438844 0.498703 0.3103421 0.5720809 -0.1331912 -2.134781 -0.004335641 -0.7753208 -0.07813608 -0.7722715 0.04752016 -0.7753208 -0.07813608 -2.134781 -0.004335641 -2.134561 -0.1714882 -2.134561 -0.1714882 -0.7723209 -0.1952419 -0.7753208 -0.07813608 0.372253 1.05 1.734489 0.8052202 1.734543 1.05 0.3721145 0.09901654 1.734489 0.8052202 0.372253 1.05 -2.134506 0.01774245 -0.7755545 -0.0694791 -0.7722714 0.04752022 -0.7755545 -0.0694791 -2.134506 0.01774245 -2.1348 -0.1493803 -0.7755545 -0.0694791 -2.1348 -0.1493803 -0.7731341 -0.1744386 0.372253 1.05 1.734508 0.840933 1.734543 1.05 0.372253 1.05 0.3718402 0.133019 1.734508 0.840933 -2.134505 0.01774269 -0.7755029 -0.06140285 -0.7722713 0.04752045 -0.7755029 -0.06140285 -2.134505 0.01774269 -2.134809 -0.1506792 -2.134809 -0.1506792 -0.7729327 -0.1796361 -0.7755029 -0.06140285 0.372253 1.05 1.73454 0.8543073 1.734543 1.05 0.372253 1.05 0.3721922 0.1444403 1.73454 0.8543073 -2.134505 0.01774227 -0.7755029 -0.06140303 -0.7722714 0.04752069 -0.7755029 -0.06140303 -2.134505 0.01774227 -2.134808 -0.150677 -2.134808 -0.150677 -0.7729329 -0.1796332 -0.7755029 -0.06140303 0.372253 1.05 1.734542 0.8381196 1.734543 1.05 0.372253 1.05 0.3722619 0.1273216 1.734542 0.8381196 -0.7731676 0.01737052 -2.13445 0.01299875 -2.134807 -0.1506745 -2.134807 -0.1506745 -0.7729328 -0.1796328 -0.7731676 0.01737052 1.734543 1.05 0.372253 1.05 1.734543 0.801134 1.734543 0.801134 0.372253 1.05 0.372253 0.09023797 -2.13458 0.01369452 -0.7754142 -0.07829135 -0.7722584 0.04794406 -0.7754142 -0.07829135 -2.13458 0.01369452 -2.134656 -0.1637071 -2.134656 -0.1637071 -0.7722251 -0.1996257 -0.7754142 -0.07829135 0.372253 1.05 1.734542 0.7643243 1.734543 1.05 0.372253 1.05 0.3722809 0.05355554 1.734542 0.7643243 -2.13478 -0.004227578 -0.775321 -0.07813602 -0.7722584 0.04794335 -0.775321 -0.07813602 -2.13478 -0.004227578 -2.134499 -0.1749022 -2.134499 -0.1749022 -0.772213 -0.200155 -0.775321 -0.07813602 0.372253 1.05 0.372128 0.04041993 1.734543 1.05 1.734543 1.05 0.372128 0.04041993 1.742113 0.76 0.372253 1.05 1.734499 0.767296 1.734543 1.05 0.372253 1.05 0.3717422 0.05994462 1.734499 0.767296 1.209048 -0.006389021 -0.150255 -0.09567683 1.208748 -0.1748265 -0.153487 -0.2045999 1.208748 -0.1748265 -0.150255 -0.09567683 -0.150255 -0.09567683 1.209048 -0.006389021 -0.152843 0.02318918 0.9573307 -0.4858914 0.9392505 -0.8627199 1.013925 -1.232053 1.013925 -1.232053 0.9392505 -0.8627199 0.9065366 -1.461079 1.013925 -1.232053 0.9065366 -1.461079 0.9329895 -2.08764 0.9329895 -2.08764 0.9109765 -2.512567 0.9379652 -2.980784 -0.03535497 -1.648306 0.03535497 -1.806416 0.03535497 -1.486528 -0.03535497 -1.648306 0.03535497 -1.486528 -0.03535497 -1.196704 -0.03535497 -1.196704 0.03535497 -1.486528 0.01252514 -0.9665858 0.01252514 -0.9665858 0.03535497 -0.5833206 -0.03535497 -0.4456314 -0.03535497 -0.4456314 0.03535497 -0.5833206 0.01381027 -0.1130902 -0.03535497 0.6097125 0.005796492 0.2825149 0.03525555 0.7716765 0 1.606758 1.1 1.516369 1.1 1.727876 0 -1.669001 1.1 -1.57664 0 -1.381019 0 -1.381019 1.1 -1.57664 1.1 -1.144673 0 -1.381019 1.1 -1.144673 0 -0.9573061 0 -0.9573061 1.1 -1.144673 1.1 -0.7874674 0 -0.9573061 1.1 -0.7874674 0 -0.5170814 0 -0.5170814 1.1 -0.7874674 1.1 -0.4262561 0 -0.5170814 1.1 -0.4262561 0 -0.09336823 0 -0.09336823 1.1 -0.4262561 1.1 -0.06751501 0 -0.09336823 1.1 -0.06751501 1.1 0.2204635 0 -0.09336823 1.1 0.2204635 0 0.3468566 0 0.3468566 1.1 0.2204635 1.1 0.5832032 0 0.3468566 1.1 0.5832032 0 0.7705701 0 0.7705701 1.1 0.5832032 1.1 0.863938 0 0.7705701 1.1 0.863938 1.1 1.157633 0 0.7705701 1.1 1.157633 0 1.210794 0 1.210794 1.1 1.157633 0 1.606758 0 1.606758 1.1 1.157633 1.1 1.516369 -1.146094 -2.785067 -1.15 -3.228991 -1.079635 -2.861368 -1.079635 -2.861368 -1.15 -3.228991 -0.06020897 -2.86865 -0.06020897 -2.86865 -1.15 -3.228991 0 -3.327013 -0.06020897 -2.86865 0 -3.327013 -0.04161661 -2.661957 0 -3.327013 -1.15 -3.228991 -0.09023797 -3.59125 0 -3.327013 -0.09023797 -3.59125 -0.09908795 -3.791492 -1.147281 -3.678378 -1.088099 -3.602018 -1.15 -3.228991 -1.15 -3.228991 -1.088099 -3.602018 -0.09023797 -3.59125 0 -3.327013 -0.09908795 -3.791492 -0.01058596 -3.831336 -0.01665532 3.407924 -0.09908795 3.59125 -1.079636 3.598531 -0.01665532 3.407924 -1.079636 3.598531 -1.15 3.227786 -1.15 3.227786 -1.079636 3.598531 -1.144406 3.669014 -0.01665532 3.407924 -1.15 3.227786 -0.03461396 2.938263 -0.03461396 2.938263 -1.15 3.227786 -0.127317 2.86865 -0.127317 2.86865 -1.15 3.227786 -1.103007 2.844112 -1.103007 2.844112 -1.15 3.227786 -1.146552 2.759905 -0.03461396 2.938263 -0.127317 2.86865 -0.133233 2.668407 -0.03461396 2.938263 -0.133233 2.668407 -0.04977732 2.323737 -0.04977732 2.323737 -0.133233 2.668407 -1.081614 2.671812 -0.04977732 2.323737 -1.081614 2.671812 -1.15 2.158445 -0.04977732 2.323737 -1.15 2.158445 -1.099071 1.924355 -1.099071 1.924355 -1.15 2.158445 -1.146094 1.829147 -1.099071 1.924355 -0.144472 1.945807 -0.04977732 2.323737 -0.04977732 2.323737 -0.144472 1.945807 -0.05385833 1.715357 -0.05385833 1.715357 -0.144472 1.945807 -0.144472 1.745565 -0.05385833 1.715357 -0.144472 1.745565 -1.15 1.532969 -0.144472 1.745565 -1.079635 1.752846 -1.15 1.532969 -1.15 1.532969 -1.079635 1.752846 -1.146094 1.829147 -0.05385833 1.715357 -1.15 1.532969 -0.0476998 1.230835 -0.0476998 1.230835 -1.15 1.532969 -1.099049 1.001436 -0.0476998 1.230835 -1.099049 1.001436 -0.133233 1.022964 -0.0476998 1.230835 -0.133233 1.022964 -0.03461396 0.7531079 -0.03461396 0.7531079 -0.133233 1.022964 -0.127317 0.822722 -0.03461396 0.7531079 -0.127317 0.822722 -1.15 0.6068003 -0.127317 0.822722 -1.079635 0.830003 -1.15 0.6068003 -1.15 0.6068003 -1.079635 0.830003 -1.146094 0.9063046 -0.03461396 0.7531079 -1.15 0.6068003 -0.01665532 0.283448 -0.01665532 0.283448 -1.15 0.6068003 -1.099046 0.07858514 -0.01665532 0.283448 -1.099046 0.07858514 -0.09908795 0.100121 -0.01665532 0.283448 -0.09908795 0.100121 0 -0.2125841 0 -0.2125841 -0.09908795 0.100121 -0.09023797 -0.100121 0 -0.2125841 -0.09023797 -0.100121 -1.083682 -0.0915457 0 -0.2125841 -1.083682 -0.0915457 -1.15 -0.6060114 0 -0.2125841 -1.15 -0.6060114 -0.04207742 -0.806129 -0.04207742 -0.806129 -1.15 -0.6060114 -1.083997 -0.8322274 -1.083997 -0.8322274 -1.15 -0.6060114 -1.144936 -0.9230834 -0.052096 -1.027049 -1.079236 -1.015802 -1.15 -1.236833 -1.15 -1.236833 -1.079236 -1.015802 -1.144936 -0.9230834 -0.052096 -1.027049 -1.15 -1.236833 -0.03939706 -1.741153 -0.03939706 -1.741153 -1.15 -1.236833 -1.087557 -1.74638 -0.03925251 -1.950282 -1.079237 -1.938646 -1.15 -2.308829 -1.15 -2.308829 -1.079237 -1.938646 -1.143965 -1.845948 -0.03925251 -1.950282 -1.15 -2.308829 -0.04161661 -2.661957 -0.04161661 -2.661957 -1.15 -2.308829 -1.098529 -2.689591 -1.098529 -2.689591 -1.15 -2.308829 -1.146094 -2.785067 1.037656 1.126601 1.051449 1.4489 -0.4848807 1.422626 -0.4913012 1.277892 1.037656 1.126601 -0.4848807 1.422626 0.116973 1.05 1.479219 0.05356383 1.479263 1.05 0.116973 1.05 0.1169732 0.7643249 1.479219 0.05356383 0.8919854 -1.466912 -0.6443885 -1.490672 0.8797035 -1.775525 -0.6504701 -1.6384 0.8797035 -1.775525 -0.6443885 -1.490672 0.116973 1.05 0.1169734 0.8381198 1.479263 1.05 1.479263 1.05 0.1169734 0.8381198 1.479224 0.1273372 0.116973 1.05 0.1169775 0.8543066 1.479263 1.05 1.479263 1.05 0.1169775 0.8543066 1.479318 0.1444432 0.8793407 -4.273847 -0.6504803 -4.410926 0.892019 -4.582416 0.892019 -4.582416 -0.6504803 -4.410926 -0.6443881 -4.558654 0.116973 1.05 0.1169985 0.8409377 1.479263 1.05 0.1169985 0.8409377 1.479352 0.1331868 1.479263 1.05 0.116973 1.05 0.1169903 0.805239 1.479263 1.05 1.479263 1.05 0.1169903 0.805239 1.479538 0.09894573 0.116973 1.05 0.116986 0.7673122 1.479263 1.05 0.116986 0.7673122 1.479375 0.06015115 1.479263 1.05 1.079859 2.607784 1.079836 2.936495 -0.475531 2.700349 -0.475531 2.700349 1.079836 2.936495 -0.475531 2.844069 0.116973 1.05 1.479367 0.04043096 1.479263 1.05 1.479367 0.04043096 0.116973 1.05 0.1139675 0.76 -0.5193104 -0.08927369 -1.098745 0.3520272 -1.091066 -0.3043148 -0.5193104 -0.08927369 -1.091066 -0.3043148 -0.6063771 -0.860144 -0.5193104 -0.08927369 -0.6063771 -0.860144 -0.3215774 -0.4405741 -0.3215774 -0.4405741 -0.6063771 -0.860144 0.08927351 -0.5193105 0.08927351 -0.5193105 -0.6063771 -0.860144 0.2447081 -1.023646 -1.098745 0.3520272 -0.5193104 -0.08927369 -0.4405739 0.3215776 -1.098745 0.3520272 -0.4405739 0.3215776 -0.7299546 0.9110327 -0.7299546 0.9110327 -0.4405739 0.3215776 -0.08927375 0.5193105 -0.7299546 0.9110327 -0.08927375 0.5193105 -0.2436533 1.141825 -0.2436533 1.141825 -0.08927375 0.5193105 0.2603604 1.137938 0.2603604 1.137938 -0.08927375 0.5193105 0.3215775 0.440574 0.2603604 1.137938 0.3215775 0.440574 0.635432 0.988358 0.635432 0.988358 0.3215775 0.440574 0.9269797 0.7095048 0.9269797 0.7095048 0.3215775 0.440574 0.5193104 0.08927386 0.9269797 0.7095048 0.5193104 0.08927386 1.148499 0.2099927 1.148499 0.2099927 0.5193104 0.08927386 1.091066 -0.3043149 1.091066 -0.3043149 0.5193104 0.08927386 0.4405741 -0.3215775 1.091066 -0.3043149 0.4405741 -0.3215775 0.820012 -0.72525 0.820012 -0.72525 0.4405741 -0.3215775 0.08927351 -0.5193105 0.820012 -0.72525 0.08927351 -0.5193105 0.2447081 -1.023646 0.116973 1.05 0.116973 0.801134 1.479263 1.05 1.479263 1.05 0.116973 0.801134 1.479263 0.09023797 0.9532014 -0.3140329 0.972178 0 -0.5732758 -0.1462308 -0.5732758 -0.1462308 0.972178 0 -0.564444 0 0.8550185 -3.224106 0.8550123 -2.917065 -0.6793769 -2.99638 0.8550185 -3.224106 -0.6793769 -2.99638 -0.6793783 -3.144791 0.972178 -5.830242 0.9533543 -5.516187 -0.5733165 -5.684013 0.972178 -5.830242 -0.5733165 -5.684013 -0.564444 -5.830242 1.03721 4.478943 -0.4913363 4.327717 1.051467 4.156711 1.051467 4.156711 -0.4913363 4.327717 -0.4848793 4.182984 2.625594 6.072979 0 6.499271 2.286675 6.049656 2.286675 6.049656 0 6.499271 0 5.745993 2.286675 6.049656 0 5.745993 2.274743 5.915282 2.274743 5.915282 0 5.745993 2.627437 5.872274 2.627437 5.872274 0 5.745993 2.63 4.869426 2.63 4.869426 0 5.745993 0 4.661228 2.63 4.869426 0 4.661228 2.63 4.081995 2.63 4.081995 0 4.661228 2.276013 4.041122 2.276013 4.041122 0 4.661228 0 3.773342 2.276013 4.041122 0 3.773342 2.286603 3.905008 2.286603 3.905008 0 3.773342 2.63 3.880377 2.588866 -8.063963 2.63 -7.646874 2.584752 -7.863911 2.584752 -7.863911 2.63 -7.646874 2.275827 -7.903788 2.275827 -7.903788 2.63 -7.646874 0 -7.771941 2.283655 7.888406 0 7.388835 2.588866 7.863911 2.588866 7.863911 0 7.388835 2.63 7.386537 2.588866 7.863911 2.63 7.386537 2.63 7.908269 0 7.388835 2.283655 7.888406 0 7.963937 0 7.963937 2.283655 7.888406 2.240916 7.954639 2.286671 -5.896252 2.549049 -5.872927 2.63 -5.631811 2.63 -5.631811 2.549049 -5.872927 2.55188 -6.072979 2.63 -5.631811 2.55188 -6.072979 2.63 -6.531872 2.63 -6.531872 2.55188 -6.072979 2.274602 -6.029321 2.63 -6.531872 2.274602 -6.029321 0 -6.099844 0 -6.099844 2.274602 -6.029321 2.286671 -5.896252 0 -6.099844 2.286671 -5.896252 2.63 -5.631811 2.535691 -4.081995 2.63 -3.806647 2.535691 -3.881943 2.535691 -3.881943 2.63 -3.806647 0 -3.536626 0 -3.536626 2.63 -3.806647 2.63 -3.064036 0 -3.536626 2.63 -3.064036 0 -2.40697 0 -2.40697 2.63 -3.064036 2.63 -2.306591 0 -2.40697 2.63 -2.306591 2.274734 -2.048647 2.274734 -2.048647 2.63 -2.306591 2.549049 -2.09101 2.549049 -2.09101 2.63 -2.306591 2.55188 -1.890958 2.55188 -1.890958 2.63 -2.306591 2.63 -1.6031 2.55188 -1.890958 2.63 -1.6031 0 -1.6509 0 -1.6509 2.63 -1.6031 2.63 -0.8952037 2.274736 -4.039632 0 -4.464929 2.535691 -4.081995 2.535691 -4.081995 0 -4.464929 2.63 -4.680239 2.535691 -4.081995 2.63 -4.680239 2.63 -3.806647 0 -4.464929 2.274736 -4.039632 0 -3.536626 2.274736 -4.039632 2.286671 -3.905267 0 -3.536626 0 -3.536626 2.286671 -3.905267 2.535691 -3.881943 0 -2.40697 2.274734 -2.048647 0 -1.6509 0 -1.6509 2.274734 -2.048647 2.286671 -1.914283 0 -1.6509 2.286671 -1.914283 2.55188 -1.890958 0 0.5281554 2.589854 0.1077758 2.63 0.9841526 0 0.5281554 2.63 0.9841526 0 1.668422 0 1.668422 2.63 0.9841526 2.624499 1.890498 0 1.668422 2.624499 1.890498 2.28109 1.923077 2.274733 -0.05766028 0 -0.5168817 2.598461 -0.1128004 0 -0.5168817 2.274733 -0.05766028 0 0.5281554 0 0.5281554 2.274733 -0.05766028 2.282261 0.07523643 2.282261 0.07523643 2.589854 0.1077758 0 0.5281554 0 1.668422 2.28109 1.923077 2.284502 2.064503 0 1.668422 2.284502 2.064503 0 2.575377 2.284502 2.064503 2.626829 2.091735 0 2.575377 2.63 7.386537 0 7.388835 2.63 6.648675 2.63 6.648675 0 7.388835 0 6.499271 2.63 6.648675 0 6.499271 2.625594 6.072979 2.63 3.880377 0 3.773342 2.63 3.007004 2.63 3.007004 0 3.773342 0 2.575377 2.63 3.007004 0 2.575377 2.626829 2.091735 2.598461 -0.1128004 0 -0.5168817 2.63 -0.8952037 2.63 -0.8952037 0 -0.5168817 0 -1.6509 2.63 -4.680239 0 -4.464929 0 -5.332472 2.63 -4.680239 0 -5.332472 2.63 -5.631811 2.63 -5.631811 0 -5.332472 0 -6.099844 2.63 -6.531872 0 -6.099844 0 -6.938631 2.63 -6.531872 0 -6.938631 2.63 -7.646874 2.63 -7.646874 0 -6.938631 0 -7.771941 2.620493 -0.828602 2.753768 0.2114222 2.65176 -0.3665609 2.65176 -0.3665609 2.753768 0.2114222 2.608478 0.6651324 2.608478 0.6651324 2.753768 0.2114222 2.440482 1.267299 2.608478 0.6651324 2.440482 1.267299 2.275271 1.438644 2.275271 1.438644 2.440482 1.267299 1.809302 2.087054 2.275271 1.438644 1.809302 2.087054 1.719345 2.07133 1.719345 2.07133 1.809302 2.087054 1.095271 2.535695 1.719345 2.07133 1.095271 2.535695 0.7776474 2.564099 0.7776474 2.564099 1.095271 2.535695 0.2791573 2.747988 0.7776474 2.564099 0.2791573 2.747988 -0.2488932 2.680412 -0.2488932 2.680412 0.2791573 2.747988 -0.5629754 2.70415 -0.2488932 2.680412 -0.5629754 2.70415 -1.065 2.472313 -1.065 2.472313 -0.5629754 2.70415 -1.352636 2.408266 -1.065 2.472313 -1.352636 2.408266 -1.77686 2.022207 -1.77686 2.022207 -1.352636 2.408266 -2.016228 1.887907 -1.77686 2.022207 -2.016228 1.887907 -2.314792 1.374151 -2.314792 1.374151 -2.016228 1.887907 -2.491882 1.191592 -2.314792 1.374151 -2.491882 1.191592 -2.626135 0.5915845 -2.626135 0.5915845 -2.491882 1.191592 -2.745378 0.1577972 -2.626135 0.5915845 -2.745378 0.1577972 -2.680412 -0.2488921 -2.680412 -0.2488921 -2.745378 0.1577972 -2.621743 -0.8693865 -2.680412 -0.2488921 -2.621743 -0.8693865 -2.362973 -1.26321 -2.362973 -1.26321 -2.621743 -0.8693865 -2.237249 -1.619904 -2.362973 -1.26321 -2.237249 -1.619904 -1.719345 -2.07133 -1.719345 -2.07133 -2.237249 -1.619904 -1.644226 -2.219434 -1.719345 -2.07133 -1.644226 -2.219434 -0.9951196 -2.501258 -0.9951196 -2.501258 -1.644226 -2.219434 -0.9005893 -2.611793 -0.9005893 -2.611793 0.1596118 -2.742907 0.2488922 -2.680412 0.2488922 -2.680412 0.1596118 -2.742907 1.26321 -2.362972 1.26321 -2.362972 0.1596118 -2.742907 1.360119 -2.387277 1.26321 -2.362972 1.360119 -2.387277 2.07133 -1.719345 2.07133 -1.719345 1.360119 -2.387277 2.172951 -1.691746 2.172951 -1.691746 2.620493 -0.828602 2.65176 -0.3665609 -0.2 8.065467 0 8.489961 -0.2 8.702213 -0.2 -8.48996 0 -8.702213 0 -7.853889 0 8.489961 -0.2 8.065467 0 7.37569 0 7.37569 -0.2 8.065467 -0.2 7.254343 0 7.37569 -0.2 7.254343 -0.2 6.405346 0 7.37569 -0.2 6.405346 0 6.329604 0 6.329604 -0.2 6.405346 -0.2 5.556346 0 6.329604 -0.2 5.556346 0 5.480605 0 5.480605 -0.2 5.556346 -0.2 4.70735 0 5.480605 -0.2 4.70735 0 4.631609 0 4.631609 -0.2 4.70735 -0.2 3.858357 0 4.631609 -0.2 3.858357 0 3.782615 0 3.782615 -0.2 3.858357 -0.1999999 3.00936 0 3.782615 -0.1999999 3.00936 0 2.933619 0 2.933619 -0.1999999 3.00936 -0.2 1.964886 0 2.933619 -0.2 1.964886 0 2.084614 0 2.084614 -0.2 1.964886 0 1.235624 0 1.235624 -0.2 1.964886 -0.1999999 0.8868691 0 1.235624 -0.1999999 0.8868691 0 0.1592193 0 0.1592193 -0.1999999 0.8868691 -0.2 -0.1592193 0 0.1592193 -0.2 -0.1592193 0 -0.8868693 0 -0.8868693 -0.2 -0.1592193 -0.2 -1.235623 0 -0.8868693 -0.2 -1.235623 0 -1.735865 0 -1.735865 -0.2 -1.235623 -0.2 -2.084616 0 -1.735865 -0.2 -2.084616 0 -2.584862 0 -2.584862 -0.2 -2.084616 -0.2 -3.130708 0 -2.584862 -0.2 -3.130708 0 -3.433855 0 -3.433855 -0.2 -3.130708 -0.2 -4.4042 0 -3.433855 -0.2 -4.4042 0 -4.511878 0 -4.511878 -0.2 -4.4042 -0.2 -5.677694 0 -4.511878 -0.2 -5.677694 0 -5.78537 0 -5.78537 -0.2 -5.677694 -0.1999999 -6.754097 0 -5.78537 -0.1999999 -6.754097 0 -6.829839 0 -6.829839 -0.1999999 -6.754097 -0.1999999 -7.603091 0 -6.829839 -0.1999999 -7.603091 0 -7.853889 0 -7.853889 -0.1999999 -7.603091 -0.2 -8.48996 0.1015546 2.535846 0.4886915 2.718557 -0.3543252 2.73931 0.4886915 2.718557 0.1015546 2.535846 0.9486443 2.343802 0.4886915 2.718557 0.9486443 2.343802 1.286161 2.444414 1.286161 2.444414 0.9486443 2.343802 1.719843 1.862282 1.286161 2.444414 1.719843 1.862282 2.084656 1.789756 2.084656 1.789756 1.719843 1.862282 1.862117 1.720051 2.084656 1.789756 1.862117 1.720051 2.340219 0.9571286 2.084656 1.789756 2.340219 0.9571286 2.621743 0.8693862 2.621743 0.8693862 2.340219 0.9571286 2.499835 0.42077 2.621743 0.8693862 2.499835 0.42077 2.745377 -0.1577972 2.745377 -0.1577972 2.499835 0.42077 2.524422 -0.1417696 2.745377 -0.1577972 2.524422 -0.1417696 2.372525 -0.8745449 2.745377 -0.1577972 2.372525 -0.8745449 2.491883 -1.191592 2.491883 -1.191592 2.372525 -0.8745449 2.039423 -1.494457 2.491883 -1.191592 2.039423 -1.494457 2.016227 -1.887909 2.016227 -1.887909 2.039423 -1.494457 1.552073 -1.996052 2.016227 -1.887909 1.552073 -1.996052 1.172893 -2.487231 1.172893 -2.487231 1.552073 -1.996052 0.8956522 -2.364405 1.172893 -2.487231 0.8956522 -2.364405 0.1747103 -2.522329 1.172893 -2.487231 0.1747103 -2.522329 -0.05252504 -2.749407 -0.05252504 -2.749407 0.1747103 -2.522329 -0.6843699 -2.421875 -0.05252504 -2.749407 -0.6843699 -2.421875 -1.267037 -2.440618 -1.267037 -2.440618 -0.6843699 -2.421875 -1.531787 -2.011524 -1.267037 -2.440618 -1.531787 -2.011524 -2.106682 -1.786411 -2.106682 -1.786411 -1.531787 -2.011524 -2.12579 -1.347455 -2.106682 -1.786411 -2.12579 -1.347455 -2.547499 -1.067529 -2.547499 -1.067529 -2.12579 -1.347455 -2.497207 -0.3139955 -2.547499 -1.067529 -2.497207 -0.3139955 -2.753768 -0.2114223 -2.753768 -0.2114223 -2.497207 -0.3139955 -2.689223 0.6293001 -2.689223 0.6293001 -2.497207 -0.3139955 -2.463228 0.5709107 -2.689223 0.6293001 -2.463228 0.5709107 -2.393357 1.378844 -2.393357 1.378844 -2.463228 0.5709107 -2.195743 1.253772 -2.393357 1.378844 -2.195743 1.253772 -1.861831 1.72041 -2.393357 1.378844 -1.861831 1.72041 -1.865792 2.036711 -1.865792 2.036711 -1.861831 1.72041 -1.719912 1.862252 -1.865792 2.036711 -1.719912 1.862252 -0.860216 2.355868 -1.865792 2.036711 -0.860216 2.355868 -1.164319 2.504742 -1.164319 2.504742 -0.860216 2.355868 -0.3543252 2.73931 -0.860216 2.355868 -0.09992426 2.540599 -0.3543252 2.73931 -0.3543252 2.73931 -0.09992426 2.540599 0.1015546 2.535846 0 8.111182 -2.23 8.305594 -2.23 7.384154 0 8.111182 -2.23 7.384154 0 7.209955 0 7.209955 -2.23 7.384154 0 6.611642 0 6.611642 -2.23 7.384154 -2.23 6.535927 0 6.611642 -2.23 6.535927 0 5.566474 0 5.566474 -2.23 6.535927 -2.23 5.458815 0 5.566474 -2.23 5.458815 0 4.491069 0 4.491069 -2.23 5.458815 -2.23 4.18647 0 4.491069 -2.23 4.18647 0 3.817035 0 3.817035 -2.23 4.18647 0 3.218721 0 3.218721 -2.23 4.18647 -2.23 3.143005 0 3.218721 -2.23 3.143005 0 2.370493 0 2.370493 -2.23 3.143005 -2.23 2.54469 0 2.370493 -2.23 2.54469 -2.23 1.643479 0 2.370493 -2.23 1.643479 0 1.325324 0 1.325324 -2.23 1.643479 -2.23 0.5983134 0 1.325324 -2.23 0.5983134 0 0.2499186 0 0.2499186 -2.23 0.5983134 -2.23 -0.4770958 0 0.2499186 -2.23 -0.4770958 0 -0.5983137 0 -0.5983137 -2.23 -0.4770958 0 -1.446545 0 -1.446545 -2.23 -0.4770958 -2.23 -1.522261 0 -1.446545 -2.23 -1.522261 0 -2.294776 0 -2.294776 -2.23 -1.522261 -2.23 -2.370492 0 -2.294776 -2.23 -2.370492 0 -3.143005 0 -3.143005 -2.23 -2.370492 -2.23 -3.21872 0 -3.143005 -2.23 -3.21872 0 -3.99123 0 -3.99123 -2.23 -3.21872 -2.23 -4.066945 0 -3.99123 -2.23 -4.066945 0 -5.036399 0 -5.036399 -2.23 -4.066945 -2.23 -5.144057 0 -5.036399 -2.23 -5.144057 0 -6.111808 0 -6.111808 -2.23 -5.144057 -2.23 -6.187523 0 -6.111808 -2.23 -6.187523 0 -6.960039 0 -6.960039 -2.23 -6.187523 -2.23 -6.78584 0 -6.960039 -2.23 -6.78584 -2.23 -7.459871 0 -6.960039 -2.23 -7.459871 0 -7.80827 0 -7.80827 -2.23 -7.459871 -2.23 -8.270239 0 -7.80827 -2.23 -8.270239 0 -8.4823 -0.2 8.065467 0 8.489961 -0.2 8.702213 -0.2 -8.48996 0 -8.702213 0 -7.853888 0 8.489961 -0.2 8.065467 0 7.375689 0 7.375689 -0.2 8.065467 -0.1999999 7.254343 0 7.375689 -0.1999999 7.254343 -0.2 6.405346 0 7.375689 -0.2 6.405346 0 6.329604 0 6.329604 -0.2 6.405346 -0.2 5.556346 0 6.329604 -0.2 5.556346 0 5.480605 0 5.480605 -0.2 5.556346 -0.2 4.70735 0 5.480605 -0.2 4.70735 0 4.631608 0 4.631608 -0.2 4.70735 -0.2 3.858357 0 4.631608 -0.2 3.858357 0 3.782615 0 3.782615 -0.2 3.858357 -0.1999999 3.00936 0 3.782615 -0.1999999 3.00936 0 2.933619 0 2.933619 -0.1999999 3.00936 -0.2 1.964886 0 2.933619 -0.2 1.964886 0 2.084613 0 2.084613 -0.2 1.964886 0 1.235624 0 1.235624 -0.2 1.964886 -0.1999999 0.8868691 0 1.235624 -0.1999999 0.8868691 0 0.1592193 0 0.1592193 -0.1999999 0.8868691 -0.2 -0.1592193 0 0.1592193 -0.2 -0.1592193 0 -0.8868693 0 -0.8868693 -0.2 -0.1592193 -0.2 -1.235623 0 -0.8868693 -0.2 -1.235623 0 -1.735865 0 -1.735865 -0.2 -1.235623 -0.2 -2.084616 0 -1.735865 -0.2 -2.084616 0 -2.584862 0 -2.584862 -0.2 -2.084616 -0.2 -2.759238 0 -2.584862 -0.2 -2.759238 -0.2 -3.358113 0 -2.584862 -0.2 -3.358113 0 -3.433855 0 -3.433855 -0.2 -3.358113 -0.2 -4.4042 0 -3.433855 -0.2 -4.4042 0 -4.511878 0 -4.511878 -0.2 -4.4042 -0.2 -5.677694 0 -4.511878 -0.2 -5.677694 0 -5.78537 0 -5.78537 -0.2 -5.677694 -0.1999999 -6.754097 0 -5.78537 -0.1999999 -6.754097 0 -6.829839 0 -6.829839 -0.1999999 -6.754097 -0.2 -7.603092 0 -6.829839 -0.2 -7.603092 0 -7.853888 0 -7.853888 -0.2 -7.603092 -0.2 -8.48996 -2.676455 -0.05278199 -2.689223 0.6293001 -2.753768 -0.2114223 -2.689223 0.6293001 -2.676455 -0.05278199 -2.501258 0.9951193 -2.689223 0.6293001 -2.501258 0.9951193 -2.393357 1.378844 -2.393357 1.378844 -2.501258 0.9951193 -1.885931 2.008282 -1.885931 2.008282 -1.77686 2.022207 -1.164319 2.504742 -1.164319 2.504742 -1.77686 2.022207 -0.8788585 2.528635 -1.164319 2.504742 -0.8788585 2.528635 -0.3543252 2.739311 -0.3543252 2.739311 -0.8788585 2.528635 0.173489 2.686346 -0.3543252 2.739311 0.173489 2.686346 0.4886915 2.718557 0.4886915 2.718557 0.173489 2.686346 0.9951199 2.501258 0.4886915 2.718557 0.9951199 2.501258 1.286161 2.444414 1.286161 2.444414 0.9951199 2.501258 1.719345 2.07133 1.286161 2.444414 1.719345 2.07133 2.084656 1.789756 2.084656 1.789756 1.719345 2.07133 2.275271 1.438643 2.084656 1.789756 2.275271 1.438643 2.621743 0.8693862 2.621743 0.8693862 2.275271 1.438643 2.637674 0.4711873 2.621743 0.8693862 2.637674 0.4711873 2.745377 -0.1577972 2.745377 -0.1577972 2.637674 0.4711873 2.626135 -0.5915843 2.745377 -0.1577972 2.626135 -0.5915843 2.491883 -1.191592 2.491883 -1.191592 2.626135 -0.5915843 2.198297 -1.531937 2.491883 -1.191592 2.198297 -1.531937 2.016227 -1.887909 2.016227 -1.887909 2.198297 -1.531937 1.47978 -2.369847 1.47978 -2.369847 1.065 -2.472313 0.9691678 -2.586519 0.9691678 -2.586519 1.065 -2.472313 0.05445581 -2.676457 0.9691678 -2.586519 0.05445581 -2.676457 -0.05252498 -2.749407 -0.05252498 -2.749407 0.05445581 -2.676457 -1.166566 -2.409463 -0.05252498 -2.749407 -1.166566 -2.409463 -1.267038 -2.440618 -1.267038 -2.440618 -1.166566 -2.409463 -2.022207 -1.77686 -1.267038 -2.440618 -2.022207 -1.77686 -2.106682 -1.786411 -2.106682 -1.786411 -2.022207 -1.77686 -2.472313 -1.065 -2.106682 -1.786411 -2.472313 -1.065 -2.547499 -1.06753 -2.547499 -1.06753 -2.472313 -1.065 -2.676455 -0.05278199 -2.547499 -1.06753 -2.676455 -0.05278199 -2.753768 -0.2114223 2.519567 -0.1911663 2.620493 -0.8286022 2.753768 0.2114222 2.620493 -0.8286022 2.519567 -0.1911663 2.322906 -0.9943543 2.620493 -0.8286022 2.322906 -0.9943543 2.154825 -1.728034 2.154825 -1.728034 2.322906 -0.9943543 1.873926 -1.6952 2.154825 -1.728034 1.873926 -1.6952 1.360119 -2.387277 1.360119 -2.387277 1.873926 -1.6952 1.283443 -2.176678 1.360119 -2.387277 1.283443 -2.176678 0.4784581 -2.481219 1.360119 -2.387277 0.4784581 -2.481219 0.1596118 -2.742907 0.1596118 -2.742907 0.4784581 -2.481219 -0.4387241 -2.473395 0.1596118 -2.742907 -0.4387241 -2.473395 -0.8979538 -2.612096 -0.8979538 -2.612096 -0.4387241 -2.473395 -1.471113 -2.05483 -0.8979538 -2.612096 -1.471113 -2.05483 -1.644226 -2.219434 -1.644226 -2.219434 -1.471113 -2.05483 -2.009652 -1.531736 -1.644226 -2.219434 -2.009652 -1.531736 -2.237249 -1.619904 -2.237249 -1.619904 -2.009652 -1.531736 -2.461668 -0.5085782 -2.237249 -1.619904 -2.461668 -0.5085782 -2.621743 -0.8693865 -2.621743 -0.8693865 -2.461668 -0.5085782 -2.745377 0.1577972 -2.745377 0.1577972 -2.461668 -0.5085782 -2.458279 0.5193037 -2.745377 0.1577972 -2.458279 0.5193037 -2.491882 1.191592 -2.491882 1.191592 -2.458279 0.5193037 -1.999137 1.545729 -2.491882 1.191592 -1.999137 1.545729 -2.016228 1.887907 -2.016228 1.887907 -1.999137 1.545729 -1.32377 2.134984 -2.016228 1.887907 -1.32377 2.134984 -1.352636 2.408266 -1.352636 2.408266 -1.32377 2.134984 -0.5629754 2.70415 -0.5629754 2.70415 -1.32377 2.134984 -0.2077082 2.520118 -0.5629754 2.70415 -0.2077082 2.520118 0.2791572 2.747988 0.2791572 2.747988 -0.2077082 2.520118 0.6651366 2.423198 0.2791572 2.747988 0.6651366 2.423198 1.095271 2.535696 1.095271 2.535696 0.6651366 2.423198 1.619943 1.939381 1.095271 2.535696 1.619943 1.939381 1.809302 2.087054 1.809302 2.087054 1.619943 1.939381 2.116794 1.380231 1.809302 2.087054 2.116794 1.380231 2.440482 1.267299 2.440482 1.267299 2.116794 1.380231 2.462323 0.5683188 2.440482 1.267299 2.462323 0.5683188 2.753768 0.2114222 2.753768 0.2114222 2.462323 0.5683188 2.519567 -0.1911663 2.2 0.2118865 0 0.1175985 2.2 -0.62973 2.2 -0.62973 0 0.1175985 0 -0.62973 -2.2 -0.2360877 0 -0.09382581 -2.2 0.2670016 -2.2 0.2670016 0 -0.09382581 0 0.6645182 -2.2 0.2670016 0 0.6645182 -2.2 0.7275366 -2.2 0.7275366 0 0.6645182 -2.2 1.295396 -2.2 1.295396 0 0.6645182 0 1.355325 -2.2 1.295396 0 1.355325 -2.2 2.043466 -2.2 2.043466 0 1.355325 0 2.081429 2.2 0.62973 0 0.62973 2.2 -0.1175988 2.2 -0.1175988 0 0.62973 0 -0.2118869 2.2 -0.925102 0 -0.925102 2.2 -1.91642 2.2 -1.91642 0 -0.925102 0 -2.040537 0 -3.031853 2.2 -3.031853 0 -2.040537 0 -2.040537 2.2 -3.031853 2.2 -1.91642 -0.300222 0 0 0 -0.300222 0.2 -0.300222 0.2 0 0 0 0.2 -0.300222 0 0 0 -0.300222 0.2 -0.300222 0.2 0 0 0 0.2 -0.300222 0 0 0 -0.300222 0.2 -0.300222 0.2 0 0 0 0.2 -0.300222 0 0 0 -0.300222 0.2 -0.300222 0.2 0 0 0 0.2 -0.300222 0 0 0 -0.300222 0.2 -0.300222 0.2 0 0 0 0.2 -0.300222 0 0 0 -0.300222 0.2 -0.300222 0.2 0 0 0 0.2 -0.1045624 0.05298364 0.05904906 0.1115517 0 0.300222 0 0.300222 0.05904906 0.1115517 0.26 0.150111 0.05904906 0.1115517 0.1317425 0.004746317 0.26 0.150111 0.26 0.150111 0.1317425 0.004746317 0.26 -0.150111 0.26 -0.150111 0.1317425 0.004746317 0.05166286 -0.1102987 0.26 -0.150111 0.05166286 -0.1102987 0 -0.300222 0 -0.300222 0.05166286 -0.1102987 -0.08980172 -0.09651011 0 -0.300222 -0.08980172 -0.09651011 -0.26 -0.150111 -0.08980172 -0.09651011 -0.1045624 0.05298364 -0.26 -0.150111 -0.26 -0.150111 -0.1045624 0.05298364 -0.26 0.150111 -0.26 0.150111 -0.1045624 0.05298364 0 0.300222 -0.300222 0 0 0 -0.300222 0.2 -0.300222 0.2 0 0 0 0.2 -0.300222 0 0 0 -0.300222 0.2 -0.300222 0.2 0 0 0 0.2 -0.300222 0 0 0 -0.300222 0.2 -0.300222 0.2 0 0 0 0.2 -0.300222 0 0 0 -0.300222 0.2 -0.300222 0.2 0 0 0 0.2 -0.300222 0 0 0 -0.300222 0.2 -0.300222 0.2 0 0 0 0.2 -0.300222 0 0 0 -0.300222 0.2 -0.300222 0.2 0 0 0 0.2 0 0.300222 -0.05166304 0.1102986 0.08980143 0.09651035 0 0.300222 0.08980143 0.09651035 0.26 0.150111 0.08980143 0.09651035 0.1045625 -0.05298352 0.26 0.150111 0.26 0.150111 0.1045625 -0.05298352 0.26 -0.150111 0.26 -0.150111 0.1045625 -0.05298352 0 -0.300222 0 -0.300222 0.1045625 -0.05298352 -0.05904906 -0.1115515 0 -0.300222 -0.05904906 -0.1115515 -0.26 -0.150111 -0.05904906 -0.1115515 -0.1317425 -0.004746139 -0.26 -0.150111 -0.26 -0.150111 -0.1317425 -0.004746139 -0.26 0.150111 -0.26 0.150111 -0.1317425 -0.004746139 -0.05166304 0.1102986 -0.26 0.150111 -0.05166304 0.1102986 0 0.300222 -0.300222 0 0 0 -0.300222 0.2 -0.300222 0.2 0 0 0 0.2 -0.300222 0 0 0 -0.300222 0.2 -0.300222 0.2 0 0 0 0.2 -0.300222 0 0 0 -0.300222 0.2 -0.300222 0.2 0 0 0 0.2 -0.300222 0 0 0 -0.300222 0.2 -0.300222 0.2 0 0 0 0.2 -0.300222 0 0 0 -0.300222 0.2 -0.300222 0.2 0 0 0 0.2 -0.300222 0 0 0 -0.300222 0.2 -0.300222 0.2 0 0 0 0.2 -0.1045625 0.05298352 0.05904906 0.1115515 0 0.300222 0 0.300222 0.05904906 0.1115515 0.26 0.150111 0.05904906 0.1115515 0.1317425 0.004746258 0.26 0.150111 0.26 0.150111 0.1317425 0.004746258 0.26 -0.150111 0.26 -0.150111 0.1317425 0.004746258 0.05166286 -0.1102987 0.26 -0.150111 0.05166286 -0.1102987 0 -0.300222 0 -0.300222 0.05166286 -0.1102987 -0.0898016 -0.09651017 0 -0.300222 -0.0898016 -0.09651017 -0.26 -0.150111 -0.0898016 -0.09651017 -0.1045625 0.05298352 -0.26 -0.150111 -0.26 -0.150111 -0.1045625 0.05298352 -0.26 0.150111 -0.26 0.150111 -0.1045625 0.05298352 0 0.300222 -0.300222 0 0 0 -0.300222 0.2 -0.300222 0.2 0 0 0 0.2 -0.300222 0 0 0 -0.300222 0.2 -0.300222 0.2 0 0 0 0.2 -0.300222 0 0 0 -0.300222 0.2 -0.300222 0.2 0 0 0 0.2 -0.300222 0 0 0 -0.300222 0.2 -0.300222 0.2 0 0 0 0.2 -0.300222 0 0 0 -0.300222 0.2 -0.300222 0.2 0 0 0 0.2 -0.300222 0 0 0 -0.300222 0.2 -0.300222 0.2 0 0 0 0.2 0 0.300222 -0.05166286 0.1102987 0.0898016 0.09651017 0 0.300222 0.0898016 0.09651017 0.26 0.150111 0.0898016 0.09651017 0.1045625 -0.05298352 0.26 0.150111 0.26 0.150111 0.1045625 -0.05298352 0.26 -0.150111 0.26 -0.150111 0.1045625 -0.05298352 0 -0.300222 0 -0.300222 0.1045625 -0.05298352 -0.05904906 -0.1115515 0 -0.300222 -0.05904906 -0.1115515 -0.26 -0.150111 -0.05904906 -0.1115515 -0.1317425 -0.004746198 -0.26 -0.150111 -0.26 -0.150111 -0.1317425 -0.004746198 -0.26 0.150111 -0.26 0.150111 -0.1317425 -0.004746198 -0.05166286 0.1102987 -0.26 0.150111 -0.05166286 0.1102987 0 0.300222 2.2 -1.38977 0 -1.421756 2.2 -1.602212 2.2 1.421756 0 1.602212 0 1.38977 2.2 1.421756 0 1.38977 0 1.051462 2.2 1.421756 0 1.051462 2.2 0.9513033 2.2 0.9513033 0 1.051462 0 0.6509089 2.2 0.9513033 0 0.6509089 2.2 0.5507504 2.2 0.5507504 0 0.6509089 0 0.1804562 2.2 0.5507504 0 0.1804562 2.2 0.150197 2.2 0.150197 0 0.1804562 2.2 -0.2503562 2.2 -0.2503562 0 0.1804562 0 -0.2124426 2.2 -0.2503562 0 -0.2124426 0 -0.6206496 2.2 -0.2503562 0 -0.6206496 2.2 -0.6509087 2.2 -0.6509087 0 -0.6206496 2.2 -1.051462 2.2 -1.051462 0 -0.6206496 0 -1.013549 2.2 -1.051462 0 -1.013549 0 -1.421756 2.2 -1.051462 0 -1.421756 2.2 -1.38977 2.2 1.602212 0 1.602212 2.2 1.351856 2.2 1.351856 0 1.602212 0 1.38977 2.2 1.351856 0 1.38977 0 0.9815625 2.2 1.351856 0 0.9815625 2.2 0.9513035 2.2 0.9513035 0 0.9815625 2.2 0.5507504 2.2 0.5507504 0 0.9815625 0 0.5886641 2.2 0.5507504 0 0.5886641 0 0.1804563 2.2 0.5507504 0 0.1804563 2.2 0.2124428 2.2 0.2124428 0 0.1804563 2.2 -0.1804562 2.2 -0.1804562 0 0.1804563 0 -0.2124426 2.2 -0.1804562 0 -0.2124426 0 -0.6206498 2.2 -0.1804562 0 -0.6206498 2.2 -0.6509091 2.2 -0.6509091 0 -0.6206498 2.2 -1.051462 2.2 -1.051462 0 -0.6206498 0 -1.013549 2.2 -1.051462 0 -1.013549 0 -1.421756 2.2 -1.051462 0 -1.421756 2.2 -1.452015 0.04225695 0.700111 0.302257 0.850222 0.302257 1.349778 0.302257 1.349778 0.302257 0.850222 0.562257 0.700111 0.302257 1.349778 0.562257 0.700111 0.562257 1.499889 0.562257 1.499889 0.562257 0.700111 0.677257 0 0.562257 1.499889 0.677257 0 0.677257 2.2 0.562257 0.700111 0.562257 0.399889 0.677257 0 0.677257 0 0.562257 0.399889 0.302257 0.249778 0.677257 0 0.302257 0.249778 0 0 0 0 0.302257 0.249778 0.04225695 0.399889 0 0 0.04225695 0.399889 0.04225695 0.700111 0.04225695 1.800111 0 2.2 0.04225695 1.499889 0.04225695 1.499889 0 2.2 0 0 0.04225695 1.499889 0 0 0.04225695 0.700111 0.04225695 1.800111 0.302257 1.950222 0 2.2 0 2.2 0.302257 1.950222 0.677257 2.2 0.677257 2.2 0.302257 1.950222 0.562257 1.800111 0.677257 2.2 0.562257 1.800111 0.562257 1.499889 0.302257 1.349778 0.04225695 1.499889 0.04225695 0.700111 0 -0.2958441 2.2 -0.3189537 2.2 -0.1171465 0 -0.2958441 2.2 -0.1171465 -1.99502e-7 -0.1070884 0 -2.689173 -2.2 -2.624653 -2.2 -3.134181 0 -2.689173 -2.2 -3.134181 0 -3.322067 0 -3.322067 -2.2 -3.134181 -2.2 -3.593522 0 -3.322067 -2.2 -3.593522 0 -3.781409 0 -3.781409 -2.2 -3.593522 -2.2 -4.177875 0 -3.781409 -2.2 -4.177875 0 -4.240745 0 -4.240745 -2.2 -4.177875 0 -4.866445 0 -4.866445 -2.2 -4.177875 -2.2 -4.905888 2.2 0 0 0 2.2 -0.6464374 2.2 -0.6464374 0 0 0 -0.7288025 2.2 -0.6464374 0 -0.7288025 2.2 -1.563256 2.2 -1.563256 0 -0.7288025 0 -1.645621 2.2 -1.563256 0 -1.645621 2.2 -2.480076 2.2 -2.480076 0 -1.645621 0 -2.562441 2.2 -2.480076 0 -2.562441 2.2 -3.208872 2.2 -3.208872 0 -2.562441 0 -3.47926 2.2 -3.208872 0 -3.47926 2.2 -3.855304 2.2 -3.855304 0 -3.47926 0 -4.125693 2.2 -3.855304 0 -4.125693 2.2 -4.772123 2.2 -4.772123 0 -4.125693 0 -4.854487 2.2 -4.772123 0 -4.854487 2.2 -5.500923 2.2 -5.500923 0 -4.854487 0 -5.500923 0 -2.10675 2.2 -2.10675 0 -1.115433 0 -1.115433 2.2 -2.10675 2.2 -0.9913151 2.2 0 0 0 2.2 -0.9913151 2.2 -0.9913151 0 0 0 -1.115433 2.2 -0.1037982 -1.9657e-7 -0.06586998 0 -0.2691289 0 -0.2691289 2.2 -0.3065369 2.2 -0.1037982 0.375 0.850222 0.375 1.349778 0.115 0.700111 0.115 0.700111 0.375 1.349778 0.115 1.499889 0.115 0.700111 0.115 1.499889 0 0 0 0 0.115 1.499889 0 2.2 0 2.2 0.115 1.499889 0.115 1.800111 0 2.2 0.115 1.800111 0.375 1.950222 0.375 0.850222 0.635 0.700111 0.375 1.349778 0.375 1.349778 0.635 0.700111 0.635 1.499889 0.635 1.499889 0.635 0.700111 0.677257 0 0.635 1.499889 0.677257 0 0.677257 2.2 0.635 0.700111 0.635 0.399889 0.677257 0 0.677257 0 0.635 0.399889 0.375 0.249778 0.677257 0 0.375 0.249778 0 0 0 0 0.375 0.249778 0.115 0.399889 0 0 0.115 0.399889 0.115 0.700111 0 2.2 0.375 1.950222 0.677257 2.2 0.677257 2.2 0.375 1.950222 0.635 1.800111 0.677257 2.2 0.635 1.800111 0.635 1.499889 -2.2 0 0 0 -2.2 0.8 -2.2 0.8 0 0 0 0.8 3.948214 0 3.948214 0.8 3.206952 -0.01286077 3.206952 -0.01286077 3.948214 0.8 3.098806 0.8155502 3.206952 -0.01286077 3.098806 0.8155502 2.7 0.4 2.7 0.4 3.098806 0.8155502 2.573626 1.178707 2.573626 1.178707 3.098806 0.8155502 2.971314 0.910728 2.573626 1.178707 2.971314 0.910728 2.450946 2.11132 2.573626 1.178707 2.450946 2.11132 2.295586 1.821367 2.295586 1.821367 2.450946 2.11132 1.778202 2.416912 1.778202 2.416912 2.450946 2.11132 1.730349 2.837548 1.778202 2.416912 1.730349 2.837548 0.9295345 2.923073 0.9295345 2.923073 1.730349 2.837548 0.8070634 3.278263 0.9295345 2.923073 0.8070634 3.278263 0.249125 3.088482 0.249125 3.088482 0.8070634 3.278263 -0.2107524 3.381834 0.249125 3.088482 -0.2107524 3.381834 -0.5379204 3.034497 -0.5379204 3.034497 -0.2107524 3.381834 -1.0116 3.224299 -0.5379204 3.034497 -1.0116 3.224299 -1.453289 2.662275 -1.453289 2.662275 -1.0116 3.224299 -1.654351 2.889753 -1.453289 2.662275 -1.654351 2.889753 -2.172378 1.984521 -2.172378 1.984521 -1.654351 2.889753 -2.397002 2.186094 -2.172378 1.984521 -2.397002 2.186094 -2.517675 1.375352 -2.517675 1.375352 -2.397002 2.186094 -2.800221 1.476459 -2.517675 1.375352 -2.800221 1.476459 -2.994634 0.8878507 -2.517675 1.375352 -2.994634 0.8878507 -2.681136 0.6035773 -2.681136 0.6035773 -2.994634 0.8878507 -3.129345 0.8039744 -2.681136 0.6035773 -3.129345 0.8039744 -3.185973 -0.02573126 -3.185973 -0.02573126 -3.129345 0.8039744 -3.948214 0.8 -3.185973 -0.02573126 -3.948214 0.8 -3.948214 0 -2.681136 0.6035773 -3.185973 -0.02573126 -3.063546 -0.154181 -2.681136 0.6035773 -3.063546 -0.154181 -2.573626 -0.3787063 -2.573626 -0.3787063 -3.063546 -0.154181 -3.115154 -1.246502 -2.573626 -0.3787063 -3.115154 -1.246502 -2.118535 -1.25582 -2.118535 -1.25582 -3.115154 -1.246502 -3.397498 -2.748297 -2.118535 -1.25582 -3.397498 -2.748297 -1.377324 -1.90931 -1.377324 -1.90931 -3.397498 -2.748297 -2.82092 -3.541581 -1.377324 -1.90931 -2.82092 -3.541581 -1.825734 -3.801668 -1.825734 -3.801668 -2.82092 -3.541581 -2.527495 -3.795293 -2.82092 -3.541581 -3.397498 -2.748297 -3.194706 -3.537495 -3.194706 -3.537495 -3.397498 -2.748297 -3.448419 -3.83092 -3.448419 -3.83092 -3.397498 -2.748297 -3.856485 -3.865632 -3.448419 -3.83092 -3.856485 -3.865632 -3.452505 -4.204707 -3.452505 -4.204707 -3.856485 -3.865632 -3.751489 -4.466319 -3.452505 -4.204707 -3.751489 -4.466319 -3.225221 -4.440393 -3.225221 -4.440393 -3.751489 -4.466319 -3.426643 -4.778884 -3.225221 -4.440393 -3.426643 -4.778884 -2.990511 -4.892927 -3.225221 -4.440393 -2.990511 -4.892927 -2.844921 -4.477731 -2.844921 -4.477731 -2.990511 -4.892927 -2.428779 -4.673108 -2.844921 -4.477731 -2.428779 -4.673108 -2.531581 -4.169079 -2.531581 -4.169079 -2.428779 -4.673108 -1.825734 -3.801668 -2.531581 -4.169079 -1.825734 -3.801668 -2.527495 -3.795293 -1.825734 -3.801668 -1.300652 -3.30266 -1.377324 -1.90931 -1.377324 -1.90931 -1.300652 -3.30266 -0.7175534 -3.032016 -1.377324 -1.90931 -0.7175534 -3.032016 -0.4500941 -2.250914 -0.4500941 -2.250914 -0.7175534 -3.032016 0.1829598 -2.925925 -0.4500941 -2.250914 0.1829598 -2.925925 0.5379186 -2.234497 0.5379186 -2.234497 0.1829598 -2.925925 1.055743 -3.171748 0.5379186 -2.234497 1.055743 -3.171748 1.453288 -1.862276 1.453288 -1.862276 1.055743 -3.171748 1.768513 -3.732227 1.453288 -1.862276 1.768513 -3.732227 2.785293 -3.537495 2.785293 -3.537495 1.768513 -3.732227 2.531581 -3.830921 2.531581 -3.830921 1.768513 -3.732227 2.394894 -4.648575 2.531581 -3.830921 2.394894 -4.648575 2.527495 -4.204707 2.527495 -4.204707 2.394894 -4.648575 2.82092 -4.458419 2.82092 -4.458419 2.394894 -4.648575 3.046675 -4.877967 2.82092 -4.458419 3.046675 -4.877967 3.194706 -4.462505 3.194706 -4.462505 3.046675 -4.877967 3.640429 -4.592436 3.194706 -4.462505 3.640429 -4.592436 3.448419 -4.16908 3.448419 -4.16908 3.640429 -4.592436 3.859972 -3.908913 3.448419 -4.16908 3.859972 -3.908913 3.452505 -3.795293 3.452505 -3.795293 3.859972 -3.908913 3.15908 -3.541581 3.15908 -3.541581 3.859972 -3.908913 3.425792 -2.837985 3.15908 -3.541581 3.425792 -2.837985 2.785293 -3.537495 2.785293 -3.537495 3.425792 -2.837985 1.453288 -1.862276 1.453288 -1.862276 3.425792 -2.837985 2.172378 -1.18452 2.172378 -1.18452 3.425792 -2.837985 3.128532 -1.36988 2.172378 -1.18452 3.128532 -1.36988 2.598076 -0.2927711 2.598076 -0.2927711 3.128532 -1.36988 3.06907 -0.145753 2.598076 -0.2927711 3.06907 -0.145753 2.7 0.4 2.7 0.4 3.06907 -0.145753 3.206952 -0.01286077 -2.2 0 0 0 -2.2 0.8 -2.2 0.8 0 0 0 0.8 0.5483369 1.760299 1.009355 2.2 0.225 2.2 0.5483369 1.760299 0.225 2.2 0.4682574 1.645254 0.4682574 1.645254 0.225 2.2 0.225 0 0.4682574 1.645254 0.225 0 0.4682574 0.5452538 0.4682574 0.5452538 0.225 0 0.540951 0.4384484 0.540951 0.4384484 0.225 0 1.009355 0 0.540951 0.4384484 1.009355 0 0.7045626 0.4970164 0.7045626 0.4970164 1.009355 0 0.7045626 1.597017 0.7045626 0.4970164 0.7045626 1.597017 0.6898017 0.6465101 0.5483369 1.760299 0.6898014 1.746511 1.009355 2.2 0.6898014 1.746511 0.7045626 1.597017 1.009355 2.2 0.6898017 0.6465101 0.7045626 1.597017 0.5483371 0.6602987 0.5483371 0.6602987 0.7045626 1.597017 0.5409511 1.538448 0.5483371 0.6602987 0.5409511 1.538448 0.4682574 1.645254 0.4682574 0.5452538 0.5483371 0.6602987 0.4682574 1.645254 1.009355 0 1.009355 2.2 0.7045626 1.597017 2.2 0.04530698 0 0.08021044 0 -0.08761084 0 -0.08761084 2.2 -0.1199555 2.2 0.04530698 0.975 2.2 0.7317426 1.654746 0.975 0 0.975 0 0.7317426 1.654746 0.7317426 0.5547463 0.190645 2.2 0.6430867 1.764452 0.975 2.2 0.190645 0 0.4942122 1.582037 0.190645 2.2 0.190645 2.2 0.4942122 1.582037 0.494372 1.724638 0.975 0 0.6516631 0.4397013 0.190645 0 0.190645 0 0.6516631 0.4397013 0.5101985 0.4534897 0.975 2.2 0.6430867 1.764452 0.7317426 1.654746 0.7317426 0.5547463 0.7317426 1.654746 0.659049 0.6615515 0.659049 0.6615515 0.7317426 1.654746 0.6516631 1.539701 0.659049 0.6615515 0.6516631 1.539701 0.4954375 0.6029835 0.4954375 0.6029835 0.6516631 1.539701 0.4942122 1.582037 0.494372 1.724638 0.6430867 1.764452 0.190645 2.2 0.975 0 0.7317426 0.5547463 0.6516631 0.4397013 0.190645 0 0.5101985 0.4534897 0.4954375 0.6029835 0.190645 0 0.4954375 0.6029835 0.4942122 1.582037 0 0.04530698 -2.2 0.08021044 -2.2 -0.08696359 -2.2 -0.08696359 0 -0.1203157 0 0.04530698 0.6 -0.2756337 0 -0.4140016 0.6 -0.424115 0.6 0.3583456 0 0.3572406 0.6 0.2168585 0.6 0.2168585 0 0.3572406 0 0.2072569 0.6 0.2168585 0 0.2072569 0.6 0.05900979 0.6 0.05900979 0 0.2072569 0 0.06576925 0.6 0.05900979 0 0.06576925 0 -0.1484816 0.6 0.05900979 0 -0.1484816 0.6 -0.1012308 0.6 -0.1012308 0 -0.1484816 0.6 -0.2756337 0.6 -0.2756337 0 -0.1484816 0 -0.3228847 0.6 -0.2756337 0 -0.3228847 0 -0.4140016 0.6 0.4140015 0 0.424115 0 0.2756336 0.6 0.4140015 0 0.2756336 0.6 0.3228843 0.6 0.3228843 0 0.2756336 0.6 0.1484815 0.6 0.1484815 0 0.2756336 0 0.1012305 0.6 0.1484815 0 0.1012305 0 -0.05901002 0.6 0.1484815 0 -0.05901002 0.6 -0.06576943 0.6 -0.06576943 0 -0.05901002 0.6 -0.2072568 0.6 -0.2072568 0 -0.05901002 0 -0.2168585 0.6 -0.2072568 0 -0.2168585 0.6 -0.3572407 0.6 -0.3572407 0 -0.2168585 0 -0.3583456 0.6 -0.2756336 0 -0.4140015 0.6 -0.424115 0.6 0.3583456 0 0.3572407 0.6 0.2168585 0.6 0.2168585 0 0.3572407 0 0.2072569 0.6 0.2168585 0 0.2072569 0.6 0.05900979 0.6 0.05900979 0 0.2072569 0 0.06576943 0.6 0.05900979 0 0.06576943 0 -0.1484815 0.6 0.05900979 0 -0.1484815 0.6 -0.1012306 0.6 -0.1012306 0 -0.1484815 0.6 -0.2756336 0.6 -0.2756336 0 -0.1484815 0 -0.3228843 0.6 -0.2756336 0 -0.3228843 0 -0.4140015 0.6 0.4140015 0 0.4032224 0.6 0.3228846 0.6 0.3228846 0 0.4032224 0 0.2951675 0.6 0.3228846 0 0.2951675 0.6 0.1484815 0.6 0.1484815 0 0.2951675 0 0.1350763 0.6 0.1484815 0 0.1350763 0 -0.05901002 0.6 0.1484815 0 -0.05901002 0.6 -0.06576943 0.6 -0.06576943 0 -0.05901002 0.6 -0.2072569 0.6 -0.2072569 0 -0.05901002 0 -0.2168585 0.6 -0.2072569 0 -0.2168585 0.6 -0.3572404 0.6 -0.3572404 0 -0.2168585 0 -0.3685221 0 8.841531 -2.2 8.83968 -2.2 8.323769 0 8.841531 -2.2 8.323769 0 7.59606 0 7.59606 -2.2 8.323769 -2.2 7.503745 0 7.59606 -2.2 7.503745 0 6.564241 0 6.564241 -2.2 7.503745 -2.2 6.471927 0 6.564241 -2.2 6.471927 0 5.532415 0 5.532415 -2.2 6.471927 -2.2 5.744212 0 5.532415 -2.2 5.744212 -2.2 4.924184 0 5.532415 -2.2 4.924184 0 4.500594 0 4.500594 -2.2 4.924184 -2.2 3.892363 0 4.500594 -2.2 3.892363 0 3.680566 0 3.680566 -2.2 3.892363 0 2.952851 0 2.952851 -2.2 3.892363 -2.2 2.860536 0 2.952851 -2.2 2.860536 0 1.921033 0 1.921033 -2.2 2.860536 -2.2 1.828718 0 1.921033 -2.2 1.828718 0 1.101009 0 1.101009 -2.2 1.828718 -2.2 0.583247 0 1.101009 -2.2 0.583247 0 0.585098 2.2 0.7931763 0 0.7037029 2.2 0 2.2 0 0 0.7037029 0 0 2.2 0 0 0 2.2 -0.7037025 2.2 -0.7037025 0 0 0 -0.7931759 2.2 -0.7037025 0 -0.7931759 2.2 -1.701616 2.2 -1.701616 0 -0.7931759 0 -1.791089 2.2 -1.701616 0 -1.791089 2.2 -2.699534 2.2 -2.699534 0 -1.791089 0 -2.789008 2.2 -2.699534 0 -2.789008 2.2 -3.697456 2.2 -3.697456 0 -2.789008 0 -3.786929 2.2 -3.697456 0 -3.786929 2.2 -4.695371 2.2 -4.695371 0 -3.786929 0 -4.784844 2.2 -4.695371 0 -4.784844 2.2 -5.693292 2.2 -5.693292 0 -4.784844 0 -5.782765 2.2 -5.693292 0 -5.782765 2.2 -6.691211 2.2 -6.691211 0 -5.782765 0 -6.780684 2.2 -6.691211 0 -6.780684 2.2 -7.689124 2.2 -7.689124 0 -6.780684 0 -7.778598 2.2 -7.689124 0 -7.778598 2.2 -8.4823 2.2 -8.4823 0 -7.778598 0 -8.4823 2.2 8.27756 0 8.4823 0 7.689124 2.2 8.27756 0 7.689124 2.2 7.484382 2.2 7.484382 0 7.689124 2.2 6.780683 2.2 6.780683 0 7.689124 0 6.691211 2.2 6.780683 0 6.691211 2.2 5.782767 2.2 5.782767 0 6.691211 0 5.987506 2.2 5.782767 0 5.987506 0 5.194329 2.2 5.782767 0 5.194329 2.2 4.784845 2.2 4.784845 0 5.194329 0 4.490629 2.2 4.784845 0 4.490629 2.2 3.991671 2.2 3.991671 0 4.490629 0 3.697454 2.2 3.991671 0 3.697454 2.2 3.28797 2.2 3.28797 0 3.697454 0 2.699532 2.2 3.28797 0 2.699532 2.2 2.290056 2.2 2.290056 0 2.699532 0 1.701616 2.2 2.290056 0 1.701616 2.2 1.496876 2.2 1.496876 0 1.701616 2.2 0.7931763 2.2 0.7931763 0 1.701616 0 0.7037029 -2.598076 1.092772 -2.994634 0.8878507 -2.7 0.4 -2.7 0.4 -2.994634 0.8878507 -3.129702 0.8039333 -2.172378 1.984521 -2.397002 2.186094 -2.598076 1.092772 -2.598076 1.092772 -2.397002 2.186094 -2.800221 1.476459 -2.598076 1.092772 -2.800221 1.476459 -2.994634 0.8878507 -2.397002 2.186094 -2.172378 1.984521 -1.654351 2.889753 -1.654351 2.889753 -2.172378 1.984521 -1.453289 2.662274 -1.654351 2.889753 -1.453289 2.662274 -1.0116 3.224299 -1.0116 3.224299 -1.453289 2.662274 -0.5379203 3.034497 -1.0116 3.224299 -0.5379203 3.034497 -0.2107524 3.381834 -0.2107524 3.381834 -0.5379203 3.034497 0.249125 3.088482 -0.2107524 3.381834 0.249125 3.088482 0.8070634 3.278263 0.8070634 3.278263 0.249125 3.088482 0.9295344 2.923073 0.8070634 3.278263 0.9295344 2.923073 1.730349 2.837549 1.730349 2.837549 0.9295344 2.923073 1.627114 2.554647 1.730349 2.837549 1.627114 2.554647 2.118535 2.05582 1.730349 2.837549 2.118535 2.05582 2.450946 2.11132 2.450946 2.11132 2.118535 2.05582 2.573625 1.178707 2.450946 2.11132 2.573625 1.178707 2.971314 0.910728 2.971314 0.910728 2.573625 1.178707 3.09942 0.8153748 3.09942 0.8153748 2.573625 1.178707 2.7 0.4 3.09942 0.8153748 2.7 0.4 3.205377 -0.01323127 3.09942 0.8153748 3.205377 -0.01323127 3.948214 0.8 3.948214 0.8 3.205377 -0.01323127 3.948214 0 2.598076 -0.2927712 3.068665 -0.1458926 2.7 0.4 2.7 0.4 3.068665 -0.1458926 3.205377 -0.01323127 3.068665 -0.1458926 2.598076 -0.2927712 3.128532 -1.36988 3.128532 -1.36988 2.598076 -0.2927712 2.172378 -1.18452 3.128532 -1.36988 2.172378 -1.18452 3.425792 -2.837985 3.425792 -2.837985 2.172378 -1.18452 1.453288 -1.862275 3.425792 -2.837985 1.453288 -1.862275 2.844921 -3.522269 2.844921 -3.522269 1.453288 -1.862275 1.773545 -3.738118 2.844921 -3.522269 1.773545 -3.738118 2.549607 -3.764779 2.549607 -3.764779 1.773545 -3.738118 2.512269 -4.145079 2.512269 -4.145079 1.773545 -3.738118 2.39767 -4.64997 2.512269 -4.145079 2.39767 -4.64997 2.754779 -4.440394 2.754779 -4.440394 2.39767 -4.64997 3.051448 -4.87775 2.754779 -4.440394 3.051448 -4.87775 3.135079 -4.477732 3.135079 -4.477732 3.051448 -4.87775 3.578423 -4.671622 3.135079 -4.477732 3.578423 -4.671622 3.448419 -4.16908 3.448419 -4.16908 3.578423 -4.671622 3.831527 -4.298582 3.448419 -4.16908 3.831527 -4.298582 3.857793 -3.80123 3.448419 -4.16908 3.857793 -3.80123 3.452505 -3.795293 3.452505 -3.795293 3.857793 -3.80123 3.225221 -3.559607 3.225221 -3.559607 3.857793 -3.80123 3.425792 -2.837985 3.225221 -3.559607 3.425792 -2.837985 2.844921 -3.522269 1.773545 -3.738118 1.453288 -1.862275 1.062643 -3.175271 1.062643 -3.175271 1.453288 -1.862275 0.5379187 -2.234497 1.062643 -3.175271 0.5379187 -2.234497 0.4593 -2.953394 0.4593 -2.953394 0.5379187 -2.234497 -0.2648117 -2.933831 -0.2648117 -2.933831 0.5379187 -2.234497 -0.4500941 -2.250914 -0.2648117 -2.933831 -0.4500941 -2.250914 -1.128373 -3.210311 -1.128373 -3.210311 -0.4500941 -2.250914 -1.377324 -1.90931 -1.128373 -3.210311 -1.377324 -1.90931 -1.820913 -3.795603 -1.820913 -3.795603 -1.377324 -1.90931 -2.754779 -3.559606 -2.754779 -3.559606 -1.377324 -1.90931 -3.397498 -2.748297 -3.397498 -2.748297 -1.377324 -1.90931 -2.118535 -1.25582 -3.397498 -2.748297 -2.118535 -1.25582 -3.115154 -1.246502 -3.115154 -1.246502 -2.118535 -1.25582 -2.573626 -0.3787063 -3.115154 -1.246502 -2.573626 -0.3787063 -3.052592 -0.1788195 -3.052592 -0.1788195 -2.573626 -0.3787063 -3.175722 -0.03333449 -3.175722 -0.03333449 -2.573626 -0.3787063 -2.7 0.4 -3.175722 -0.03333449 -2.7 0.4 -3.129702 0.8039333 -2.549607 -4.235221 -2.425134 -4.67062 -2.512269 -3.854921 -2.512269 -3.854921 -2.425134 -4.67062 -1.820913 -3.795603 -2.512269 -3.854921 -1.820913 -3.795603 -2.754779 -3.559606 -2.425134 -4.67062 -2.549607 -4.235221 -2.844921 -4.477731 -2.425134 -4.67062 -2.844921 -4.477731 -3.105877 -4.874269 -3.105877 -4.874269 -2.844921 -4.477731 -3.225221 -4.440393 -3.105877 -4.874269 -3.225221 -4.440393 -3.606777 -4.645631 -3.606777 -4.645631 -3.225221 -4.440393 -3.452505 -4.204707 -3.606777 -4.645631 -3.452505 -4.204707 -3.843917 -4.260919 -3.843917 -4.260919 -3.452505 -4.204707 -3.448419 -3.83092 -3.843917 -4.260919 -3.448419 -3.83092 -3.848454 -3.76961 -3.848454 -3.76961 -3.448419 -3.83092 -3.397498 -2.748297 -3.397498 -2.748297 -3.448419 -3.83092 -3.135079 -3.522269 -3.397498 -2.748297 -3.135079 -3.522269 -2.754779 -3.559606 -3.948214 0 -3.175722 -0.03333449 -3.948214 0.8 -3.948214 0.8 -3.175722 -0.03333449 -3.129702 0.8039333</float_array>
          <technique_common>
            <accessor source="#fan_fixed-mesh-map-0-array" count="3066" stride="2">
              <param name="S" type="float"/>
              <param name="T" type="float"/>
            </accessor>
          </technique_common>
        </source>
        <vertices id="fan_fixed-mesh-vertices">
          <input semantic="POSITION" source="#fan_fixed-mesh-positions"/>
        </vertices>
        <triangles material="Plastic_-_Matte__Black_-material" count="524">
          <input semantic="VERTEX" source="#fan_fixed-mesh-vertices" offset="0"/>
          <input semantic="NORMAL" source="#fan_fixed-mesh-normals" offset="1"/>
          <input semantic="TEXCOORD" source="#fan_fixed-mesh-map-0" offset="2" set="0"/>
          <p>0 0 0 27 0 1 8 0 2 0 1 3 8 1 4 9 1 5 27 2 6 0 2 7 1 2 8 27 3 9 1 3 10 26 3 11 26 4 12 1 4 13 25 4 14 25 5 15 1 5 16 24 5 17 24 6 18 1 6 19 2 6 20 24 7 21 2 7 22 23 7 23 23 8 24 2 8 25 22 8 26 22 9 27 2 9 28 21 9 29 21 10 30 2 10 31 3 10 32 21 11 33 3 11 34 20 11 35 20 12 36 3 12 37 19 12 38 19 13 39 3 13 40 18 13 41 18 14 42 3 14 43 4 14 44 18 15 45 4 15 46 17 15 47 17 16 48 4 16 49 16 16 50 16 17 51 4 17 52 5 17 53 16 18 54 5 18 55 15 18 56 15 19 57 5 19 58 14 19 59 14 20 60 5 20 61 13 20 62 13 21 63 5 21 64 6 21 65 13 22 66 6 22 67 12 22 68 12 23 69 6 23 70 11 23 71 11 24 72 6 24 73 7 24 74 11 25 75 7 25 76 10 25 77 10 26 78 7 26 79 9 26 80 9 27 81 7 27 82 0 27 83 29 28 84 8 29 85 28 30 86 8 31 87 29 32 88 30 33 89 30 34 90 31 35 91 8 36 92 28 37 93 33 37 94 29 37 95 32 38 96 33 38 97 28 38 98 34 39 99 26 40 100 25 41 101 26 42 102 34 43 103 35 44 104 26 45 105 35 46 106 36 47 107 25 48 108 38 48 109 34 48 110 25 49 111 37 49 112 38 49 113 40 50 114 23 51 115 39 52 116 23 53 117 40 54 118 41 55 119 41 56 120 42 57 121 23 58 122 39 59 123 44 59 124 40 59 125 39 60 126 43 60 127 44 60 128 46 61 129 20 62 130 45 63 131 20 64 132 46 65 133 47 66 134 47 67 135 21 68 136 20 69 137 45 70 138 49 70 139 46 70 140 45 71 141 48 71 142 49 71 143 17 72 144 50 73 145 51 74 146 51 75 147 18 76 148 17 77 149 50 78 150 17 78 151 53 78 152 53 79 153 17 79 154 52 79 155 55 80 156 15 81 157 54 82 158 15 83 159 55 84 160 56 85 161 56 86 162 57 87 163 15 88 164 54 89 165 59 89 166 55 89 167 54 90 168 58 90 169 59 90 170 61 91 171 12 92 172 60 93 173 12 94 174 61 95 175 62 96 176 62 97 177 13 98 178 12 99 179 60 100 180 63 100 181 61 100 182 61 101 183 63 101 184 64 101 185 69 102 186 67 102 187 65 102 188 69 103 189 66 103 190 67 103 191 70 104 192 10 105 193 65 106 194 69 107 195 65 108 196 10 109 197 10 110 198 70 111 199 68 112 200 72 113 201 73 114 202 80 115 203 80 116 204 73 117 205 74 118 206 80 119 207 74 120 208 75 121 209 75 122 210 76 123 211 77 124 212 81 125 213 0 126 214 7 127 215 81 128 216 7 129 217 84 130 218 84 131 219 7 132 220 6 133 221 6 134 222 5 135 223 83 136 224 83 137 225 5 138 226 4 139 227 82 140 228 3 141 229 2 142 230 85 143 231 0 144 232 81 145 233 85 146 234 81 147 235 92 148 236 92 149 237 81 150 238 84 151 239 92 152 240 84 153 241 91 154 242 91 155 243 84 156 244 6 157 245 91 158 246 6 159 247 90 160 248 90 161 249 6 162 250 83 163 251 90 164 252 83 165 253 89 166 254 89 167 255 83 168 256 4 169 257 89 170 258 4 171 259 3 172 260 89 173 261 3 174 262 88 175 263 88 176 264 3 177 265 82 178 266 88 179 267 82 180 268 87 181 269 87 182 270 82 183 271 2 184 272 87 185 273 2 186 274 1 187 275 87 188 276 1 189 277 86 190 278 86 191 279 1 192 280 85 193 281 85 194 282 1 195 283 0 196 284 10 197 285 9 198 286 69 199 287 69 200 288 9 201 289 66 202 290 66 203 291 9 204 292 71 205 293 66 206 294 71 207 295 100 208 296 71 209 297 9 210 298 93 211 299 71 212 300 93 213 301 32 214 302 8 215 303 31 216 304 9 217 305 9 218 306 31 219 307 93 220 308 71 221 309 32 222 310 72 223 311 72 224 312 32 225 313 28 226 314 72 227 315 28 228 316 27 229 317 27 230 318 28 231 319 8 232 320 72 233 321 27 234 322 73 235 323 73 236 324 27 237 325 94 238 326 94 239 327 27 240 328 36 241 329 36 242 330 27 243 331 26 244 332 73 245 333 94 246 334 37 247 335 73 248 336 37 249 337 74 250 338 74 251 339 37 252 340 25 253 341 74 254 342 25 255 343 24 256 344 74 257 345 24 258 346 42 259 347 42 260 348 24 261 349 23 262 350 42 263 351 95 264 352 74 265 353 74 266 354 95 267 355 75 268 356 75 269 357 95 270 358 43 271 359 75 272 360 43 273 361 22 274 362 43 275 363 39 276 364 22 277 365 22 278 366 39 279 367 23 280 368 75 281 369 22 282 370 76 283 371 76 284 372 22 285 373 21 286 374 76 287 375 21 288 376 96 289 377 76 290 378 96 291 379 77 292 380 77 293 381 96 294 382 48 295 383 77 296 384 48 297 385 19 298 386 48 299 387 45 300 388 19 301 389 19 302 390 45 303 391 20 304 392 77 305 393 19 306 394 78 307 395 78 308 396 19 309 397 18 310 398 78 311 399 18 312 400 97 313 401 78 314 402 97 315 403 79 316 404 79 317 405 97 318 406 52 319 407 79 320 408 52 321 409 17 322 410 79 323 411 17 324 412 16 325 413 79 326 414 16 327 415 98 328 416 98 329 417 16 330 418 57 331 419 57 332 420 16 333 421 15 334 422 58 335 423 54 336 424 14 337 425 14 338 426 54 339 427 15 340 428 58 341 429 14 342 430 99 343 431 99 344 432 14 345 433 13 346 434 63 347 435 60 348 436 11 349 437 11 350 438 60 351 439 12 352 440 63 353 441 11 354 442 100 355 443 100 356 444 11 357 445 68 358 446 68 359 447 11 360 448 10 361 449 66 362 450 100 363 451 101 364 452 67 365 453 66 366 454 101 367 455 70 368 456 100 368 457 68 368 458 70 369 459 101 369 460 100 369 461 94 370 462 102 371 463 37 372 464 38 373 465 37 374 466 102 375 467 35 376 468 102 376 469 36 376 470 36 377 471 102 377 472 94 377 473 41 378 474 103 378 475 42 378 476 42 379 477 103 379 478 95 379 479 96 380 480 104 381 481 48 382 482 48 383 483 104 384 484 49 385 485 47 386 486 104 386 487 21 386 488 104 387 489 96 387 490 21 387 491 51 388 492 105 388 493 18 388 494 18 389 495 105 389 496 97 389 497 56 390 498 106 390 499 57 390 500 106 391 501 98 391 502 57 391 503 63 392 504 99 393 505 64 394 506 64 395 507 99 396 508 107 397 509 62 398 510 99 398 511 13 398 512 99 399 513 62 399 514 107 399 515 85 400 516 71 400 517 72 400 518 85 401 519 72 401 520 80 401 521 85 402 522 80 402 523 86 402 524 86 403 525 80 403 526 87 403 527 87 404 528 80 404 529 75 404 530 71 405 531 85 405 532 92 405 533 71 406 534 92 406 535 100 406 536 100 407 537 92 407 538 91 407 539 100 408 540 91 408 541 63 408 542 63 409 543 91 409 544 99 409 545 99 410 546 91 410 547 90 410 548 99 411 549 90 411 550 58 411 551 58 412 552 90 412 553 98 412 554 98 413 555 90 413 556 89 413 557 98 414 558 89 414 559 79 414 560 79 415 561 89 415 562 78 415 563 78 416 564 89 416 565 88 416 566 78 417 567 88 417 568 77 417 569 77 418 570 88 418 571 87 418 572 77 419 573 87 419 574 75 419 575 30 420 576 108 420 577 31 420 578 31 421 579 108 421 580 93 421 581 32 422 582 93 423 583 33 424 584 33 425 585 93 426 586 108 427 587 43 428 588 95 429 589 103 430 590 43 431 591 103 432 592 44 433 593 52 434 594 97 435 595 105 436 596 52 437 597 105 438 598 53 439 599 98 440 600 106 441 601 58 442 602 58 443 603 106 444 604 59 445 605 67 446 606 111 447 607 65 448 608 65 449 609 111 450 610 112 451 611 65 452 612 112 453 613 70 454 614 70 455 615 112 456 616 101 457 617 101 458 618 112 459 619 126 460 620 126 461 621 112 462 622 113 463 623 126 464 624 113 465 625 64 466 626 64 467 627 113 468 628 61 469 629 61 470 630 113 471 631 114 472 632 61 473 633 114 474 634 62 475 635 62 476 636 114 477 637 107 478 638 108 479 639 129 480 640 33 481 641 33 482 642 129 483 643 29 484 644 29 485 645 129 486 646 109 487 647 30 488 648 110 489 649 108 490 650 108 491 651 110 492 652 128 493 653 108 494 654 128 495 655 129 496 656 110 497 657 30 498 658 109 499 659 109 500 660 30 501 661 29 502 662 34 503 663 38 504 664 131 505 665 131 506 666 38 507 667 102 508 668 131 509 669 102 510 670 130 511 671 130 512 672 102 513 673 35 514 674 130 515 675 35 516 676 124 517 677 124 518 678 35 519 679 34 520 680 124 521 681 34 522 682 131 523 683 103 524 684 133 525 685 44 526 686 44 527 687 133 528 688 121 529 689 121 530 690 133 531 691 134 532 692 121 533 693 134 534 694 120 535 695 120 536 696 134 537 697 135 538 698 120 539 699 135 540 700 47 541 701 47 542 702 135 543 703 104 544 704 104 545 705 135 546 706 49 547 707 49 548 708 135 549 709 136 550 710 49 551 711 136 552 712 119 553 713 119 554 714 136 555 715 137 556 716 41 557 717 122 558 718 103 559 719 103 560 720 122 561 721 132 562 722 103 563 723 132 564 724 133 565 725 122 566 726 41 567 727 121 568 728 41 569 729 40 570 730 121 571 731 121 572 732 40 573 733 44 574 734 120 575 735 47 576 736 119 577 737 119 578 738 47 579 739 46 580 740 119 581 741 46 582 742 49 583 743 117 584 744 53 585 745 138 586 746 117 587 747 138 588 748 116 589 749 116 590 750 138 591 751 106 592 752 116 593 753 106 594 754 56 595 755 51 596 756 118 597 757 105 598 758 118 599 759 51 600 760 117 601 761 117 602 762 51 603 763 50 604 764 50 605 765 53 606 766 117 607 767 116 608 768 56 609 769 55 610 770 116 611 771 55 612 772 115 613 773 55 614 774 59 615 775 115 616 776 128 617 777 110 618 778 127 619 779 127 620 780 110 621 781 111 622 782 127 623 783 111 624 784 67 625 785 107 626 786 114 627 787 139 628 788 139 629 789 114 630 790 115 631 791 139 632 792 115 633 793 59 634 794 105 635 795 118 636 796 137 637 797 137 638 798 118 639 799 119 640 800 132 641 801 122 642 802 123 643 803 132 644 804 123 645 805 131 646 806 131 647 807 123 648 808 124 649 809 130 650 810 124 651 811 125 652 812 130 653 813 125 654 814 129 655 815 129 656 816 125 657 817 109 658 818 157 659 819 140 659 820 158 659 821 158 659 822 140 659 823 174 659 824 174 659 825 140 659 826 141 659 827 174 660 828 141 660 829 173 660 830 173 659 831 141 659 832 142 659 833 173 661 834 142 661 835 172 661 836 172 659 837 142 659 838 143 659 839 172 659 840 143 659 841 171 659 842 171 659 843 143 659 844 144 659 845 171 662 846 144 662 847 170 662 848 170 663 849 144 663 850 145 663 851 170 659 852 145 659 853 169 659 854 169 659 855 145 659 856 146 659 857 169 659 858 146 659 859 168 659 860 168 659 861 146 659 862 147 659 863 168 664 864 147 664 865 167 664 866 167 659 867 147 659 868 148 659 869 167 665 870 148 665 871 166 665 872 166 666 873 148 666 874 149 666 875 166 659 876 149 659 877 165 659 878 165 667 879 149 667 880 150 667 881 165 659 882 150 659 883 164 659 884 164 668 885 150 668 886 151 668 887 164 659 888 151 659 889 163 659 890 163 659 891 151 659 892 152 659 893 163 669 894 152 669 895 162 669 896 162 670 897 152 670 898 153 670 899 153 671 900 154 671 901 161 671 902 161 659 903 154 659 904 160 659 905 160 672 906 154 672 907 155 672 908 160 673 909 155 673 910 159 673 911 159 674 912 155 674 913 156 674 914 156 675 915 157 675 916 158 675 917 176 676 918 140 677 919 175 678 920 175 679 921 140 680 922 157 681 923 140 682 924 176 683 925 141 684 926 141 685 927 176 686 928 177 687 929 141 688 930 177 689 931 178 690 932 141 691 933 178 692 934 142 693 935 142 694 936 178 695 937 179 696 938 142 697 939 179 698 940 143 699 941 143 700 942 179 701 943 180 702 944 143 703 945 180 704 946 144 705 947 144 706 948 180 707 949 181 708 950 144 709 951 181 710 952 145 711 953 145 712 954 181 713 955 182 714 956 145 715 957 182 716 958 146 717 959 146 718 960 182 719 961 183 720 962 146 721 963 183 722 964 147 723 965 147 724 966 183 725 967 148 726 968 148 727 969 183 728 970 184 729 971 148 730 972 184 731 973 149 732 974 149 733 975 184 734 976 185 735 977 149 736 978 185 737 979 150 738 980 150 739 981 185 740 982 186 741 983 150 742 984 186 743 985 151 744 986 151 745 987 186 746 988 187 747 989 151 748 990 187 749 991 152 750 992 152 751 993 187 752 994 188 753 995 152 754 996 188 755 997 153 756 998 153 757 999 188 758 1000 189 759 1001 153 760 1002 189 761 1003 154 762 1004 154 763 1005 189 764 1006 190 765 1007 154 766 1008 190 767 1009 155 768 1010 155 769 1011 190 770 1012 191 771 1013 155 772 1014 191 773 1015 156 774 1016 156 775 1017 191 776 1018 192 777 1019 156 778 1020 192 779 1021 157 780 1022 157 781 1023 192 782 1024 175 783 1025 107 784 1026 181 784 1027 180 784 1028 181 785 1029 107 785 1030 139 785 1031 181 786 1032 139 786 1033 182 786 1034 182 787 1035 139 787 1036 59 787 1037 182 788 1038 59 788 1039 183 788 1040 183 789 1041 59 789 1042 106 789 1043 183 790 1044 106 790 1045 138 790 1046 183 791 1047 138 791 1048 184 791 1049 184 792 1050 138 792 1051 53 792 1052 184 793 1053 53 793 1054 185 793 1055 185 794 1056 53 794 1057 105 794 1058 185 795 1059 105 795 1060 137 795 1061 185 796 1062 137 796 1063 186 796 1064 186 797 1065 137 797 1066 136 797 1067 186 798 1068 136 798 1069 187 798 1070 187 799 1071 136 799 1072 135 799 1073 187 800 1074 135 800 1075 188 800 1076 188 801 1077 135 801 1078 134 801 1079 188 802 1080 134 802 1081 133 802 1082 188 803 1083 133 803 1084 189 803 1085 189 804 1086 133 804 1087 132 804 1088 189 805 1089 132 805 1090 190 805 1091 190 806 1092 132 806 1093 131 806 1094 190 807 1095 131 807 1096 191 807 1097 191 808 1098 131 808 1099 130 808 1100 191 809 1101 130 809 1102 192 809 1103 192 810 1104 130 810 1105 129 810 1106 192 811 1107 129 811 1108 175 811 1109 175 812 1110 129 812 1111 176 812 1112 176 813 1113 129 813 1114 128 813 1115 176 814 1116 128 814 1117 177 814 1118 177 815 1119 128 815 1120 127 815 1121 177 816 1122 127 816 1123 67 816 1124 177 817 1125 67 817 1126 178 817 1127 178 818 1128 67 818 1129 101 818 1130 178 819 1131 101 819 1132 126 819 1133 178 820 1134 126 820 1135 179 820 1136 179 821 1137 126 821 1138 180 821 1139 126 822 1140 64 822 1141 180 822 1142 180 823 1143 64 823 1144 107 823 1145 158 824 1146 193 825 1147 194 826 1148 158 827 1149 194 828 1150 156 829 1151 156 830 1152 194 831 1153 159 832 1154 159 833 1155 194 834 1156 195 835 1157 159 836 1158 195 837 1159 160 838 1160 160 839 1161 195 840 1162 196 841 1163 160 842 1164 196 843 1165 161 844 1166 161 845 1167 196 846 1168 197 847 1169 161 848 1170 197 849 1171 153 850 1172 153 851 1173 197 852 1174 162 853 1175 162 854 1176 197 855 1177 198 856 1178 162 857 1179 198 858 1180 163 859 1181 163 860 1182 198 861 1183 199 862 1184 163 863 1185 199 864 1186 200 865 1187 163 866 1188 200 867 1189 164 868 1190 164 869 1191 200 870 1192 201 871 1193 164 872 1194 201 873 1195 165 874 1196 165 875 1197 201 876 1198 202 877 1199 165 878 1200 202 879 1201 166 880 1202 166 881 1203 202 882 1204 167 883 1205 167 884 1206 202 885 1207 203 886 1208 167 887 1209 203 888 1210 168 889 1211 168 890 1212 203 891 1213 204 892 1214 168 893 1215 204 894 1216 169 895 1217 169 896 1218 204 897 1219 205 898 1220 169 899 1221 205 900 1222 170 901 1223 170 902 1224 205 903 1225 206 904 1226 170 905 1227 206 906 1228 171 907 1229 171 908 1230 206 909 1231 207 910 1232 171 911 1233 207 912 1234 172 913 1235 172 914 1236 207 915 1237 208 916 1238 172 917 1239 208 918 1240 173 919 1241 173 920 1242 208 921 1243 209 922 1244 173 923 1245 209 924 1246 210 925 1247 173 926 1248 210 927 1249 174 928 1250 174 929 1251 210 930 1252 193 931 1253 174 932 1254 193 933 1255 158 934 1256 212 935 1257 228 936 1258 211 937 1259 211 938 1260 228 939 1261 229 940 1262 228 941 1263 212 942 1264 245 943 1265 245 944 1266 212 945 1267 213 946 1268 245 947 1269 213 948 1270 209 949 1271 245 950 1272 209 951 1273 244 952 1274 244 953 1275 209 954 1276 214 955 1277 244 956 1278 214 957 1279 243 958 1280 243 959 1281 214 960 1282 215 961 1283 243 962 1284 215 963 1285 242 964 1286 242 965 1287 215 966 1288 216 967 1289 242 968 1290 216 969 1291 241 970 1292 241 971 1293 216 972 1294 217 973 1295 241 974 1296 217 716 1297 240 975 1298 240 976 1299 217 977 1300 218 978 1301 240 979 1302 218 980 1303 239 981 1304 239 982 1305 218 983 1306 238 984 1307 238 985 1308 218 986 1309 219 987 1310 238 988 1311 219 989 1312 237 990 1313 237 991 1314 219 992 1315 220 993 1316 237 994 1317 220 995 1318 236 996 1319 236 997 1320 220 998 1321 221 999 1322 236 1000 1323 221 1001 1324 235 1002 1325 235 1003 1326 221 1004 1327 222 1005 1328 235 1006 1329 222 1007 1330 234 1008 1331 234 1009 1332 222 1010 1333 199 1011 1334 234 1012 1335 199 1013 1336 223 1014 1337 234 1015 1338 223 1016 1339 233 1017 1340 233 1018 1341 223 1019 1342 224 1020 1343 233 1021 1344 224 1022 1345 232 1023 1346 232 1024 1347 224 1025 1348 225 1026 1349 232 1027 1350 225 1028 1351 231 1029 1352 231 1030 1353 225 1031 1354 226 1032 1355 231 1033 1356 226 1034 1357 230 1035 1358 230 1036 1359 226 1037 1360 227 1038 1361 230 1039 1362 227 1040 1363 229 1041 1364 229 1042 1365 227 1043 1366 211 1044 1367 193 1045 1368 212 1045 1369 211 1045 1370 212 1045 1371 193 1045 1372 210 1045 1373 212 1045 1374 210 1045 1375 213 1045 1376 213 1045 1377 210 1045 1378 209 1045 1379 209 1045 1380 208 1045 1381 214 1045 1382 214 1045 1383 208 1045 1384 207 1045 1385 214 1045 1386 207 1045 1387 215 1045 1388 215 1045 1389 207 1045 1390 206 1045 1391 215 1045 1392 206 1045 1393 216 1045 1394 216 1045 1395 206 1045 1396 205 1045 1397 216 1045 1398 205 1045 1399 217 1045 1400 217 1045 1401 205 1045 1402 204 1045 1403 217 1045 1404 204 1045 1405 218 1045 1406 218 1045 1407 204 1045 1408 203 1045 1409 218 1045 1410 203 1045 1411 219 1045 1412 219 1045 1413 203 1045 1414 202 1045 1415 219 1045 1416 202 1045 1417 220 1045 1418 220 1045 1419 202 1045 1420 201 1045 1421 220 1045 1422 201 1045 1423 221 1045 1424 221 1045 1425 201 1045 1426 200 1045 1427 221 1045 1428 200 1045 1429 222 1045 1430 222 1045 1431 200 1045 1432 199 1045 1433 199 1045 1434 198 1045 1435 223 1045 1436 223 1045 1437 198 1045 1438 197 1045 1439 223 1045 1440 197 1045 1441 224 1045 1442 224 1045 1443 197 1045 1444 196 1045 1445 224 1045 1446 196 1045 1447 225 1045 1448 225 1045 1449 196 1045 1450 195 1045 1451 225 1045 1452 195 1045 1453 226 1045 1454 226 1045 1455 195 1045 1456 194 1045 1457 226 1045 1458 194 1045 1459 227 1045 1460 227 1045 1461 194 1045 1462 193 1045 1463 227 1045 1464 193 1045 1465 211 1045 1466 109 1046 1467 229 1046 1468 228 1046 1469 229 1047 1470 109 1047 1471 125 1047 1472 229 1048 1473 125 1048 1474 230 1048 1475 230 1049 1476 125 1049 1477 124 1049 1478 230 1050 1479 124 1050 1480 231 1050 1481 231 1051 1482 124 1051 1483 123 1051 1484 231 1052 1485 123 1052 1486 122 1052 1487 231 1053 1488 122 1053 1489 232 1053 1490 232 1054 1491 122 1054 1492 121 1054 1493 232 1055 1494 121 1055 1495 233 1055 1496 233 1056 1497 121 1056 1498 120 1056 1499 233 1057 1500 120 1057 1501 234 1057 1502 234 1058 1503 120 1058 1504 119 1058 1505 234 1059 1506 119 1059 1507 235 1059 1508 235 1060 1509 119 1060 1510 118 1060 1511 235 1061 1512 118 1061 1513 236 1061 1514 236 1062 1515 118 1062 1516 237 1062 1517 237 1063 1518 118 1063 1519 117 1063 1520 237 1064 1521 117 1064 1522 238 1064 1523 238 1065 1524 117 1065 1525 116 1065 1526 238 1066 1527 116 1066 1528 239 1066 1529 239 1067 1530 116 1067 1531 115 1067 1532 239 1068 1533 115 1068 1534 240 1068 1535 240 1069 1536 115 1069 1537 241 1069 1538 241 1070 1539 115 1070 1540 114 1070 1541 241 1071 1542 114 1071 1543 242 1071 1544 242 1072 1545 114 1072 1546 113 1072 1547 242 1073 1548 113 1073 1549 243 1073 1550 243 1074 1551 113 1074 1552 112 1074 1553 243 1075 1554 112 1075 1555 244 1075 1556 244 1076 1557 112 1076 1558 111 1076 1559 244 1077 1560 111 1077 1561 245 1077 1562 245 1078 1563 111 1078 1564 110 1078 1565 245 1079 1566 110 1079 1567 228 1079 1568 228 1080 1569 110 1080 1570 109 1080 1571</p>
        </triangles>
        <triangles material="ABS__White_-material" count="498">
          <input semantic="VERTEX" source="#fan_fixed-mesh-vertices" offset="0"/>
          <input semantic="NORMAL" source="#fan_fixed-mesh-normals" offset="1"/>
          <input semantic="TEXCOORD" source="#fan_fixed-mesh-map-0" offset="2" set="0"/>
          <p>248 1081 1572 246 1082 1573 256 1083 1574 256 1084 1575 246 1085 1576 247 1086 1577 256 1087 1578 247 1088 1579 255 1089 1580 255 1090 1581 247 1091 1582 249 1092 1583 255 1093 1584 249 1094 1585 254 1095 1586 254 1096 1587 249 1097 1588 253 1098 1589 253 1099 1590 249 1100 1591 250 1101 1592 253 1102 1593 250 1103 1594 252 1104 1595 252 1105 1596 250 1106 1597 251 1107 1598 259 1108 1599 376 1109 1600 258 1110 1601 258 1111 1602 376 1112 1603 257 1113 1604 258 1114 1605 257 1115 1606 262 1116 1607 262 1117 1608 257 1118 1609 260 1119 1610 261 1120 1611 367 1121 1612 260 1122 1613 260 1123 1614 367 1124 1615 262 1125 1616 263 1126 1617 264 1126 1618 266 1126 1619 266 1127 1620 264 1127 1621 265 1127 1622 264 1128 1623 267 1128 1624 265 1128 1625 265 1128 1626 267 1128 1627 268 1128 1628 267 1129 1629 269 1129 1630 268 1129 1631 268 1130 1632 269 1130 1633 270 1130 1634 269 1131 1635 271 1131 1636 270 1131 1637 270 1132 1638 271 1132 1639 272 1132 1640 271 1133 1641 273 1133 1642 272 1133 1643 272 1133 1644 273 1133 1645 274 1133 1646 273 1134 1647 263 1134 1648 274 1134 1649 274 1135 1650 263 1135 1651 266 1135 1652 279 1136 1653 275 1136 1654 270 1136 1655 270 1137 1656 275 1137 1657 268 1137 1658 275 1138 1659 276 1138 1660 268 1138 1661 268 1139 1662 276 1139 1663 265 1139 1664 265 1140 1665 276 1140 1666 277 1140 1667 265 1141 1668 277 1141 1669 266 1141 1670 266 1142 1671 277 1142 1672 278 1142 1673 266 1143 1674 278 1143 1675 274 1143 1676 278 1144 1677 279 1144 1678 274 1144 1679 274 1145 1680 279 1145 1681 272 1145 1682 272 1146 1683 279 1146 1684 270 1146 1685 280 1147 1686 281 1147 1687 283 1147 1688 283 1135 1689 281 1135 1690 282 1135 1691 281 1126 1692 284 1126 1693 282 1126 1694 282 1148 1695 284 1148 1696 285 1148 1697 284 1128 1698 286 1128 1699 285 1128 1700 285 1128 1701 286 1128 1702 287 1128 1703 286 1149 1704 288 1149 1705 287 1149 1706 287 1130 1707 288 1130 1708 289 1130 1709 288 1131 1710 290 1131 1711 289 1131 1712 289 1150 1713 290 1150 1714 291 1150 1715 290 1133 1716 280 1133 1717 291 1133 1718 291 1133 1719 280 1133 1720 283 1133 1721 289 1151 1722 296 1151 1723 292 1151 1724 289 1152 1725 292 1152 1726 287 1152 1727 292 1153 1728 293 1153 1729 287 1153 1730 287 1154 1731 293 1154 1732 285 1154 1733 285 1155 1734 293 1155 1735 282 1155 1736 282 1156 1737 293 1156 1738 294 1156 1739 282 1157 1740 294 1157 1741 283 1157 1742 294 1158 1743 295 1158 1744 283 1158 1745 283 1159 1746 295 1159 1747 291 1159 1748 291 1160 1749 295 1160 1750 296 1160 1751 291 1161 1752 296 1161 1753 289 1161 1754 297 1128 1755 298 1128 1756 300 1128 1757 300 1128 1758 298 1128 1759 299 1128 1760 298 1162 1761 301 1162 1762 299 1162 1763 299 1163 1764 301 1163 1765 302 1163 1766 301 1164 1767 303 1164 1768 302 1164 1769 302 1164 1770 303 1164 1771 304 1164 1772 303 1133 1773 305 1133 1774 304 1133 1775 304 1133 1776 305 1133 1777 306 1133 1778 305 1165 1779 307 1165 1780 306 1165 1781 306 1135 1782 307 1135 1783 308 1135 1784 307 1166 1785 297 1166 1786 308 1166 1787 308 1127 1788 297 1127 1789 300 1127 1790 313 1167 1791 309 1167 1792 302 1167 1793 302 1168 1794 309 1168 1795 299 1168 1796 309 1169 1797 310 1169 1798 299 1169 1799 299 1170 1800 310 1170 1801 300 1170 1802 300 1171 1803 310 1171 1804 311 1171 1805 300 1172 1806 311 1172 1807 308 1172 1808 308 1173 1809 311 1173 1810 312 1173 1811 308 1174 1812 312 1174 1813 306 1174 1814 312 1175 1815 313 1175 1816 306 1175 1817 306 1176 1818 313 1176 1819 304 1176 1820 304 1177 1821 313 1177 1822 302 1177 1823 314 1128 1824 315 1128 1825 317 1128 1826 317 1128 1827 315 1128 1828 316 1128 1829 315 1163 1830 318 1163 1831 316 1163 1832 316 1163 1833 318 1163 1834 319 1163 1835 318 1164 1836 320 1164 1837 319 1164 1838 319 1178 1839 320 1178 1840 321 1178 1841 320 1133 1842 322 1133 1843 321 1133 1844 321 1133 1845 322 1133 1846 323 1133 1847 322 1179 1848 324 1179 1849 323 1179 1850 323 1135 1851 324 1135 1852 325 1135 1853 324 1166 1854 314 1166 1855 325 1166 1856 325 1148 1857 314 1148 1858 317 1148 1859 319 1180 1860 330 1180 1861 326 1180 1862 319 1181 1863 326 1181 1864 316 1181 1865 326 1182 1866 327 1182 1867 316 1182 1868 316 1183 1869 327 1183 1870 317 1183 1871 317 1184 1872 327 1184 1873 325 1184 1874 325 1185 1875 327 1185 1876 328 1185 1877 325 1186 1878 328 1186 1879 323 1186 1880 328 1187 1881 329 1187 1882 323 1187 1883 323 1188 1884 329 1188 1885 321 1188 1886 321 1189 1887 329 1189 1888 330 1189 1889 321 1190 1890 330 1190 1891 319 1190 1892 331 1191 1893 346 1192 1894 338 1193 1895 338 1194 1896 346 1195 1897 339 1196 1898 338 1197 1899 339 1198 1900 340 1199 1901 338 1200 1902 340 1201 1903 337 1202 1904 337 1203 1905 340 1204 1906 341 1205 1907 337 1206 1908 341 1207 1909 336 1208 1910 336 1209 1911 341 1210 1912 342 1211 1913 336 1212 1914 342 1213 1915 335 1214 1916 335 1215 1917 342 1216 1918 334 1217 1919 334 1218 1920 342 1219 1921 343 1220 1922 334 1221 1923 343 1222 1924 344 1223 1925 334 1224 1926 344 1225 1927 333 1226 1928 333 1227 1929 344 1228 1930 332 1229 1931 332 1230 1932 344 1231 1933 345 1232 1934 332 1233 1935 345 1234 1936 346 1235 1937 332 1236 1938 346 1237 1939 331 1238 1940 347 1239 1941 362 1240 1942 354 1241 1943 354 1242 1944 362 1243 1945 355 1244 1946 354 1245 1947 355 1246 1948 356 1247 1949 354 1248 1950 356 1249 1951 353 1250 1952 353 1251 1953 356 1252 1954 352 1253 1955 352 1254 1956 356 1255 1957 357 1256 1958 352 1257 1959 357 1258 1960 358 1259 1961 352 1260 1962 358 1261 1963 351 1262 1964 351 1263 1965 358 1264 1966 350 1265 1967 350 1266 1968 358 1267 1969 359 1268 1970 350 1269 1971 359 1270 1972 360 1271 1973 350 1272 1974 360 1273 1975 349 1274 1976 349 1275 1977 360 1276 1978 348 1277 1979 348 1278 1980 360 1279 1981 361 1280 1982 348 1281 1983 361 1282 1984 362 1283 1985 348 1284 1986 362 1285 1987 347 1286 1988 284 1287 1989 281 1287 1990 318 1287 1991 318 1287 1992 281 1287 1993 280 1287 1994 318 1287 1995 280 1287 1996 320 1287 1997 320 1288 1998 280 1288 1999 363 1288 2000 320 1289 2001 363 1289 2002 364 1289 2003 280 1290 2004 290 1290 2005 363 1290 2006 363 1287 2007 290 1287 2008 288 1287 2009 363 1291 2010 288 1291 2011 366 1291 2012 366 1292 2013 288 1292 2014 286 1292 2015 366 1293 2016 286 1293 2017 284 1293 2018 314 1294 2019 365 1294 2020 315 1294 2021 315 1295 2022 365 1295 2023 366 1295 2024 315 1296 2025 366 1296 2026 284 1296 2027 314 1297 2028 324 1297 2029 365 1297 2030 365 1298 2031 324 1298 2032 364 1298 2033 364 1287 2034 324 1287 2035 322 1287 2036 364 1287 2037 322 1287 2038 320 1287 2039 318 1287 2040 315 1287 2041 284 1287 2042 366 1299 2043 365 1300 2044 367 1301 2045 366 1302 2046 367 1303 2047 261 1304 2048 376 1305 2049 259 1306 2050 368 1307 2051 376 1308 2052 368 1309 2053 375 1310 2054 375 1311 2055 368 1312 2056 369 1313 2057 375 1314 2058 369 1315 2059 374 1316 2060 374 1317 2061 369 1318 2062 370 1319 2063 374 1320 2064 370 1321 2065 373 1322 2066 373 1323 2067 370 1324 2068 372 1325 2069 372 1326 2070 370 1327 2071 371 1328 2072 252 1329 2073 251 1330 2074 388 1331 2075 388 1332 2076 251 1333 2077 377 1334 2078 388 1335 2079 377 1336 2080 387 1337 2081 387 1338 2082 377 1339 2083 378 1340 2084 387 1341 2085 378 1342 2086 386 1343 2087 386 1344 2088 378 1345 2089 379 1346 2090 386 1347 2091 379 1348 2092 385 1349 2093 385 1350 2094 379 1351 2095 380 1352 2096 385 1353 2097 380 1354 2098 384 1355 2099 384 1356 2100 380 1357 2101 381 1358 2102 384 1359 2103 381 1360 2104 383 1361 2105 383 1362 2106 381 1363 2107 382 1364 2108 383 1365 2109 382 1366 2110 371 1367 2111 371 1368 2112 382 1369 2113 372 1370 2114 246 1371 2115 248 1372 2116 391 1373 2117 391 1374 2118 248 1375 2119 389 1376 2120 390 1377 2121 393 1378 2122 389 1379 2123 389 1380 2124 393 1381 2125 391 1382 2126 394 1383 2127 392 1384 2128 393 1385 2129 393 1386 2130 390 1387 2131 394 1388 2132 263 1287 2133 301 1287 2134 264 1287 2135 264 1389 2136 301 1389 2137 298 1389 2138 264 1390 2139 298 1390 2140 395 1390 2141 395 1391 2142 298 1391 2143 396 1391 2144 396 1287 2145 298 1287 2146 297 1287 2147 396 1287 2148 297 1287 2149 307 1287 2150 263 1287 2151 273 1287 2152 301 1287 2153 301 1287 2154 273 1287 2155 303 1287 2156 303 1392 2157 273 1392 2158 392 1392 2159 303 1393 2160 392 1393 2161 394 1393 2162 273 1394 2163 271 1394 2164 392 1394 2165 392 1395 2166 271 1395 2167 269 1395 2168 392 1396 2169 269 1396 2170 395 1396 2171 395 1287 2172 269 1287 2173 267 1287 2174 395 1397 2175 267 1397 2176 264 1397 2177 396 1398 2178 307 1398 2179 394 1398 2180 394 1399 2181 307 1399 2182 305 1399 2183 394 1400 2184 305 1400 2185 303 1400 2186 397 1128 2187 398 1128 2188 363 1128 2189 363 1128 2190 398 1128 2191 364 1128 2192 395 1401 2193 399 1401 2194 392 1401 2195 392 1402 2196 399 1402 2197 400 1402 2198 392 1403 2199 400 1403 2200 412 1403 2201 412 1404 2202 400 1404 2203 430 1404 2204 430 1405 2205 400 1405 2206 401 1405 2207 430 1045 2208 401 1045 2209 402 1045 2210 430 1406 2211 402 1406 2212 429 1406 2213 429 1407 2214 402 1407 2215 428 1407 2216 428 1045 2217 402 1045 2218 403 1045 2219 428 1045 2220 403 1045 2221 427 1045 2222 427 1045 2223 403 1045 2224 404 1045 2225 427 1408 2226 404 1408 2227 426 1408 2228 426 1409 2229 404 1409 2230 405 1409 2231 426 1410 2232 405 1410 2233 425 1410 2234 425 1411 2235 405 1411 2236 406 1411 2237 425 1412 2238 406 1412 2239 424 1412 2240 424 1413 2241 406 1413 2242 407 1413 2243 424 1045 2244 407 1045 2245 423 1045 2246 423 1045 2247 407 1045 2248 408 1045 2249 423 1414 2250 408 1414 2251 422 1414 2252 422 1415 2253 408 1415 2254 409 1415 2255 422 1416 2256 409 1416 2257 410 1416 2258 422 1417 2259 410 1417 2260 421 1417 2261 421 1045 2262 410 1045 2263 411 1045 2264 421 1418 2265 411 1418 2266 366 1418 2267 366 1419 2268 411 1419 2269 397 1419 2270 366 1420 2271 397 1420 2272 363 1420 2273 421 1421 2274 366 1421 2275 261 1421 2276 421 1422 2277 261 1422 2278 420 1422 2279 420 1423 2280 261 1423 2281 260 1423 2282 420 1045 2283 260 1045 2284 419 1045 2285 419 1045 2286 260 1045 2287 257 1045 2288 419 1045 2289 257 1045 2290 418 1045 2291 418 1424 2292 257 1424 2293 344 1424 2294 418 1425 2295 344 1425 2296 382 1425 2297 382 1426 2298 344 1426 2299 343 1426 2300 344 1427 2301 257 1427 2302 345 1427 2303 345 1428 2304 257 1428 2305 346 1428 2306 346 1045 2307 257 1045 2308 376 1045 2309 346 1045 2310 376 1045 2311 339 1045 2312 339 1045 2313 376 1045 2314 375 1045 2315 339 1045 2316 375 1045 2317 340 1045 2318 340 1429 2319 375 1429 2320 374 1429 2321 340 1430 2322 374 1430 2323 373 1430 2324 340 1431 2325 373 1431 2326 341 1431 2327 341 1045 2328 373 1045 2329 372 1045 2330 341 1432 2331 372 1432 2332 342 1432 2333 342 1045 2334 372 1045 2335 382 1045 2336 342 1045 2337 382 1045 2338 343 1045 2339 382 1433 2340 381 1433 2341 418 1433 2342 418 1434 2343 381 1434 2344 380 1434 2345 418 1435 2346 380 1435 2347 417 1435 2348 417 1045 2349 380 1045 2350 379 1045 2351 417 1436 2352 379 1436 2353 416 1436 2354 416 1045 2355 379 1045 2356 378 1045 2357 416 1437 2358 378 1437 2359 415 1437 2360 415 1438 2361 378 1438 2362 377 1438 2363 415 1045 2364 377 1045 2365 361 1045 2366 361 1439 2367 377 1439 2368 362 1439 2369 362 1045 2370 377 1045 2371 251 1045 2372 362 1045 2373 251 1045 2374 355 1045 2375 355 1440 2376 251 1440 2377 356 1440 2378 356 1045 2379 251 1045 2380 250 1045 2381 356 1441 2382 250 1441 2383 357 1441 2384 357 1442 2385 250 1442 2386 249 1442 2387 357 1443 2388 249 1443 2389 358 1443 2390 358 1045 2391 249 1045 2392 247 1045 2393 358 1045 2394 247 1045 2395 359 1045 2396 359 1444 2397 247 1444 2398 360 1444 2399 360 1445 2400 247 1445 2401 246 1445 2402 360 1045 2403 246 1045 2404 361 1045 2405 361 1045 2406 246 1045 2407 415 1045 2408 415 1446 2409 246 1446 2410 414 1446 2411 414 1447 2412 246 1447 2413 391 1447 2414 414 1448 2415 391 1448 2416 413 1448 2417 413 1449 2418 391 1449 2419 393 1449 2420 413 1450 2421 393 1450 2422 412 1450 2423 412 1451 2424 393 1451 2425 392 1451 2426 431 1133 2427 399 1133 2428 396 1133 2429 396 1133 2430 399 1133 2431 395 1133 2432 436 1452 2433 400 1452 2434 399 1452 2435 436 1453 2436 399 1453 2437 435 1453 2438 435 1453 2439 399 1453 2440 431 1453 2441 435 1454 2442 431 1454 2443 440 1454 2444 440 1453 2445 431 1453 2446 439 1453 2447 439 1455 2448 431 1455 2449 442 1455 2450 439 1456 2451 442 1456 2452 438 1456 2453 438 1457 2454 442 1457 2455 433 1457 2456 438 1453 2457 433 1453 2458 437 1453 2459 436 1458 2460 432 1458 2461 400 1458 2462 432 1459 2463 433 1459 2464 400 1459 2465 437 1453 2466 433 1453 2467 441 1453 2468 441 1460 2469 433 1460 2470 434 1460 2471 441 1461 2472 434 1461 2473 435 1461 2474 440 1462 2475 441 1462 2476 435 1462 2477 442 1463 2478 400 1463 2479 433 1463 2480 410 1464 2481 443 1465 2482 444 1466 2483 444 1467 2484 411 1468 2485 410 1469 2486 397 1453 2487 446 1453 2488 398 1453 2489 398 1453 2490 446 1453 2491 451 1453 2492 411 1470 2493 445 1470 2494 397 1470 2495 444 1471 2496 448 1471 2497 411 1471 2498 411 1472 2499 448 1472 2500 449 1472 2501 398 1473 2502 452 1473 2503 444 1473 2504 444 1474 2505 452 1474 2506 453 1474 2507 397 1475 2508 445 1475 2509 446 1475 2510 451 1453 2511 446 1453 2512 450 1453 2513 450 1476 2514 446 1476 2515 447 1476 2516 450 1453 2517 447 1453 2518 454 1453 2519 454 1477 2520 447 1477 2521 448 1477 2522 449 1478 2523 445 1478 2524 411 1478 2525 398 1479 2526 451 1479 2527 452 1479 2528 444 1480 2529 453 1480 2530 454 1480 2531 444 1481 2532 454 1481 2533 448 1481 2534 455 1482 2535 401 1483 2536 400 1484 2537 400 1485 2538 442 1486 2539 455 1487 2540 279 1488 2541 436 1489 2542 275 1490 2543 275 1491 2544 436 1492 2545 276 1493 2546 276 1494 2547 436 1495 2548 435 1496 2549 276 1497 2550 435 1498 2551 277 1499 2552 277 1500 2553 435 1501 2554 434 1502 2555 277 1503 2556 434 1504 2557 433 1505 2558 277 1506 2559 433 1507 2560 278 1508 2561 278 1509 2562 433 1510 2563 279 1511 2564 279 1512 2565 433 1513 2566 432 1514 2567 279 1515 2568 432 1516 2569 436 1517 2570 330 1518 2571 450 1519 2572 454 1520 2573 330 1521 2574 454 1522 2575 326 1523 2576 326 1524 2577 454 1525 2578 327 1526 2579 327 1527 2580 454 1528 2581 453 1529 2582 327 1530 2583 453 1531 2584 452 1532 2585 327 1533 2586 452 1534 2587 328 1535 2588 328 1536 2589 452 1537 2590 329 1538 2591 329 1539 2592 452 1540 2593 451 1541 2594 329 1542 2595 451 1543 2596 330 1544 2597 330 1545 2598 451 1546 2599 450 1547 2600 313 1548 2601 441 1549 2602 309 1550 2603 309 1551 2604 441 1552 2605 310 1553 2606 310 1554 2607 441 1555 2608 440 1556 2609 310 1557 2610 440 1558 2611 311 1499 2612 311 1559 2613 440 1560 2614 439 1561 2615 311 1562 2616 439 1563 2617 438 1564 2618 311 1565 2619 438 1566 2620 312 1567 2621 312 1568 2622 438 1569 2623 313 1570 2624 313 1571 2625 438 1572 2626 437 1573 2627 313 1574 2628 437 1575 2629 441 1576 2630 296 1577 2631 445 1578 2632 292 1579 2633 292 1580 2634 445 1581 2635 449 1582 2636 292 1583 2637 449 1584 2638 293 1585 2639 293 1586 2640 449 1587 2641 448 1588 2642 293 1589 2643 448 1590 2644 447 1591 2645 293 1592 2646 447 1593 2647 294 1594 2648 294 1595 2649 447 1596 2650 295 1597 2651 295 1598 2652 447 1599 2653 446 1600 2654 295 1601 2655 446 1602 2656 296 1603 2657 296 1604 2658 446 1605 2659 445 1606 2660 443 1607 2661 410 1608 2662 409 1609 2663 443 1610 2664 409 1611 2665 463 1612 2666 463 1613 2667 409 1614 2668 408 1615 2669 463 1616 2670 408 1617 2671 462 1618 2672 462 1619 2673 408 1620 2674 407 1621 2675 462 1622 2676 407 1623 2677 461 1624 2678 461 1625 2679 407 1626 2680 406 1627 2681 461 1628 2682 406 1629 2683 405 1630 2684 461 1631 2685 405 1632 2686 460 1633 2687 460 1634 2688 405 1635 2689 404 1636 2690 460 1637 2691 404 1638 2692 459 1639 2693 459 1640 2694 404 1641 2695 458 1642 2696 458 1643 2697 404 1644 2698 403 1645 2699 458 1646 2700 403 1647 2701 457 1648 2702 457 1649 2703 403 1650 2704 402 1651 2705 457 1652 2706 402 1653 2707 456 1654 2708 456 1655 2709 402 1656 2710 401 1657 2711 456 1658 2712 401 1659 2713 455 1660 2714 430 1661 2715 482 1662 2716 412 1663 2717 412 1664 2718 482 1665 2719 464 1666 2720 412 1667 2721 464 1668 2722 413 1669 2723 413 1670 2724 464 1671 2725 465 1672 2726 413 1673 2727 465 1674 2728 414 1675 2729 414 1676 2730 465 1677 2731 466 1678 2732 414 1679 2733 466 1680 2734 415 1681 2735 415 1682 2736 466 1683 2737 467 1684 2738 415 1685 2739 467 1686 2740 416 1687 2741 416 1688 2742 467 1689 2743 468 1690 2744 416 1691 2745 468 1692 2746 417 1693 2747 417 1694 2748 468 1695 2749 469 1696 2750 417 1697 2751 469 1698 2752 418 1699 2753 418 1700 2754 469 1701 2755 470 1702 2756 418 1703 2757 470 1704 2758 419 1705 2759 419 1706 2760 470 1707 2761 471 1708 2762 419 1709 2763 471 1710 2764 420 1711 2765 420 1712 2766 471 1713 2767 472 1714 2768 420 1715 2769 472 1716 2770 421 1717 2771 421 1718 2772 472 1719 2773 473 1720 2774 421 1721 2775 473 1722 2776 474 1723 2777 421 1724 2778 474 1725 2779 422 1726 2780 422 1727 2781 474 1728 2782 423 1729 2783 423 1730 2784 474 1731 2785 475 1732 2786 423 1733 2787 475 1734 2788 424 1735 2789 424 1736 2790 475 1737 2791 476 1738 2792 424 1739 2793 476 1740 2794 477 1741 2795 424 1742 2796 477 1743 2797 425 1744 2798 425 1745 2799 477 1746 2800 478 1747 2801 425 1748 2802 478 1749 2803 426 1750 2804 426 1751 2805 478 1752 2806 479 1753 2807 426 1754 2808 479 1755 2809 427 1756 2810 427 1757 2811 479 1758 2812 480 1759 2813 427 1760 2814 480 1761 2815 428 1762 2816 428 1763 2817 480 1764 2818 481 1765 2819 428 1766 2820 481 1767 2821 429 1768 2822 429 1769 2823 481 1770 2824 430 1771 2825 430 1772 2826 481 1773 2827 482 1774 2828 482 659 2829 455 659 2830 464 659 2831 464 659 2832 455 659 2833 442 659 2834 481 659 2835 457 659 2836 482 659 2837 482 659 2838 457 659 2839 456 659 2840 482 659 2841 456 659 2842 455 659 2843 457 659 2844 481 659 2845 458 659 2846 458 659 2847 481 659 2848 480 659 2849 458 659 2850 480 659 2851 459 659 2852 459 659 2853 480 659 2854 479 659 2855 459 659 2856 479 659 2857 460 659 2858 460 659 2859 479 659 2860 478 659 2861 460 659 2862 478 659 2863 461 659 2864 461 659 2865 478 659 2866 477 659 2867 461 659 2868 477 659 2869 462 659 2870 462 659 2871 477 659 2872 476 659 2873 462 659 2874 476 659 2875 475 659 2876 462 659 2877 475 659 2878 463 659 2879 463 659 2880 475 659 2881 474 659 2882 463 659 2883 474 659 2884 443 659 2885 443 659 2886 474 659 2887 444 659 2888 444 659 2889 474 659 2890 473 659 2891 444 659 2892 473 659 2893 365 659 2894 444 659 2895 365 659 2896 398 659 2897 398 659 2898 365 659 2899 364 659 2900 472 659 2901 367 659 2902 473 659 2903 473 659 2904 367 659 2905 365 659 2906 367 659 2907 472 659 2908 262 659 2909 262 659 2910 472 659 2911 471 659 2912 262 659 2913 471 659 2914 258 659 2915 258 659 2916 471 659 2917 470 659 2918 258 659 2919 470 659 2920 333 659 2921 333 659 2922 470 659 2923 383 659 2924 333 659 2925 383 659 2926 334 659 2927 334 659 2928 383 659 2929 335 659 2930 335 659 2931 383 659 2932 371 659 2933 335 659 2934 371 659 2935 336 659 2936 336 659 2937 371 659 2938 370 659 2939 336 659 2940 370 659 2941 337 659 2942 337 659 2943 370 659 2944 369 659 2945 337 659 2946 369 659 2947 338 659 2948 338 659 2949 369 659 2950 368 659 2951 338 659 2952 368 659 2953 259 659 2954 338 659 2955 259 659 2956 331 659 2957 331 659 2958 259 659 2959 332 659 2960 332 659 2961 259 659 2962 258 659 2963 332 659 2964 258 659 2965 333 659 2966 383 659 2967 470 659 2968 384 659 2969 384 659 2970 470 659 2971 469 659 2972 384 659 2973 469 659 2974 385 659 2975 385 659 2976 469 659 2977 386 659 2978 386 659 2979 469 659 2980 468 659 2981 386 659 2982 468 659 2983 387 659 2984 387 659 2985 468 659 2986 467 659 2987 387 659 2988 467 659 2989 388 659 2990 388 659 2991 467 659 2992 348 659 2993 348 659 2994 467 659 2995 248 659 2996 248 659 2997 467 659 2998 466 659 2999 248 659 3000 466 659 3001 389 659 3002 389 659 3003 466 659 3004 465 659 3005 389 659 3006 465 659 3007 390 659 3008 390 659 3009 465 659 3010 394 659 3011 394 659 3012 465 659 3013 464 659 3014 394 659 3015 464 659 3016 442 659 3017 354 659 3018 252 659 3019 347 659 3020 347 659 3021 252 659 3022 388 659 3023 347 659 3024 388 659 3025 348 659 3026 252 659 3027 354 659 3028 353 659 3029 252 659 3030 353 659 3031 253 659 3032 253 659 3033 353 659 3034 352 659 3035 253 659 3036 352 659 3037 254 659 3038 254 659 3039 352 659 3040 351 659 3041 254 659 3042 351 659 3043 255 659 3044 255 659 3045 351 659 3046 350 659 3047 255 659 3048 350 659 3049 256 659 3050 256 659 3051 350 659 3052 248 659 3053 248 659 3054 350 659 3055 349 659 3056 248 659 3057 349 659 3058 348 659 3059 396 659 3060 394 659 3061 431 659 3062 431 659 3063 394 659 3064 442 659 3065</p>
        </triangles>
      </mesh>
    </geometry>
  </library_geometries>
  <library_visual_scenes>
    <visual_scene id="Scene" name="Scene">
      <node id="fan_fixed" name="fan_fixed" type="NODE">
        <matrix sid="transform">0.01 0 0 -0.011 0 7.54979e-10 -0.01 0 0 0.01 7.54979e-10 0 0 0 0 1</matrix>
        <instance_geometry url="#fan_fixed-mesh" name="fan_fixed">
          <bind_material>
            <technique_common>
              <instance_material symbol="Plastic_-_Matte__Black_-material" target="#Plastic_-_Matte__Black_-material">
                <bind_vertex_input semantic="UVMap" input_semantic="TEXCOORD" input_set="0"/>
              </instance_material>
              <instance_material symbol="ABS__White_-material" target="#ABS__White_-material">
                <bind_vertex_input semantic="UVMap" input_semantic="TEXCOORD" input_set="0"/>
              </instance_material>
            </technique_common>
          </bind_material>
        </instance_geometry>
      </node>
    </visual_scene>
  </library_visual_scenes>
  <scene>
    <instance_visual_scene url="#Scene"/>
  </scene>
</COLLADA>