<?xml version="1.0" encoding="utf-8"?>
<COLLADA xmlns="http://www.collada.org/2005/11/COLLADASchema" version="1.4.1" xmlns:xsi="http://www.w3.org/2001/XMLSchema-instance">
  <asset>
    <contributor>
      <author>Blender User</author>
      <authoring_tool>Blender 4.1.1 commit date:2024-04-15, commit time:15:11, hash:e1743a0317bc</authoring_tool>
    </contributor>
    <created>2024-09-29T05:10:05</created>
    <modified>2024-09-29T05:10:05</modified>
    <unit name="meter" meter="1"/>
    <up_axis>Z_UP</up_axis>
  </asset>
  <library_effects>
    <effect id="Aluminum_-_Cast_003-effect">
      <profile_COMMON>
        <technique sid="common">
          <lambert>
            <emission>
              <color sid="emission">0 0 0 1</color>
            </emission>
            <diffuse>
              <color sid="diffuse">0.807843 0.043137 0.905882 1</color>
            </diffuse>
            <index_of_refraction>
              <float sid="ior">1.5</float>
            </index_of_refraction>
          </lambert>
        </technique>
      </profile_COMMON>
    </effect>
    <effect id="Plastic_-_Glossy__Black__002-effect">
      <profile_COMMON>
        <technique sid="common">
          <lambert>
            <emission>
              <color sid="emission">0 0 0 1</color>
            </emission>
            <diffuse>
              <color sid="diffuse">0.098039 0.098039 0.098039 1</color>
            </diffuse>
            <index_of_refraction>
              <float sid="ior">1.5</float>
            </index_of_refraction>
          </lambert>
        </technique>
      </profile_COMMON>
    </effect>
    <effect id="Plastic_-_Matte__Black__002-effect">
      <profile_COMMON>
        <technique sid="common">
          <lambert>
            <emission>
              <color sid="emission">0 0 0 1</color>
            </emission>
            <diffuse>
              <color sid="diffuse">0.098039 0.098039 0.098039 1</color>
            </diffuse>
            <index_of_refraction>
              <float sid="ior">1.5</float>
            </index_of_refraction>
          </lambert>
        </technique>
      </profile_COMMON>
    </effect>
  </library_effects>
  <library_images/>
  <library_materials>
    <material id="Aluminum_-_Cast_003-material" name="Aluminum_-_Cast.003">
      <instance_effect url="#Aluminum_-_Cast_003-effect"/>
    </material>
    <material id="Plastic_-_Glossy__Black__002-material" name="Plastic_-_Glossy_(Black).002">
      <instance_effect url="#Plastic_-_Glossy__Black__002-effect"/>
    </material>
    <material id="Plastic_-_Matte__Black__002-material" name="Plastic_-_Matte_(Black).002">
      <instance_effect url="#Plastic_-_Matte__Black__002-effect"/>
    </material>
  </library_materials>
  <library_geometries>
    <geometry id="edf_impeler_002-mesh" name="edf_impeler.002">
      <mesh>
        <source id="edf_impeler_002-mesh-positions">
          <float_array id="edf_impeler_002-mesh-positions-array" count="1098">4.803668 17.97957 5.780538 5.606413 16.20594 5.780538 7.760324 16.9529 5.780538 7.342896 18.7992 5.780538 5.836678 19.1224 5.780538 4.843861 18.12957 19.26247 5.986676 19.16259 19.26247 7.760321 18.35986 19.26247 7.342907 16.51357 19.26247 5.405518 16.32192 19.26247 4.859448 16.9529 65.78054 5.276875 18.7992 65.78054 6.783094 19.1224 65.78054 7.816103 17.97957 65.78054 7.013359 16.20594 65.78054 5.276865 16.51357 63.98054 7.214254 16.32192 63.98054 7.775911 18.12957 63.98054 6.633095 19.16259 63.98054 4.859451 18.35986 63.98054 12.12897 15.40204 23.48682 7.987354 12.26067 23.57686 3.834053 12.58809 23.58072 2.131921 13.8926 23.59732 1.045563 15.69095 23.59607 0.6887382 17.76872 23.58414 1.128857 19.81669 23.59899 3.931213 22.75448 23.58719 8.057735 23.0063 23.58547 11.14799 20.65325 23.56148 11.8784 17.08287 23.68506 11.25825 15.04779 23.68408 9.925591 13.39241 23.68196 5.974312 12.0802 23.67492 2.283284 21.50863 23.67636 6.034658 23.21805 23.69007 9.939219 21.87752 23.70035 11.69486 19.20431 23.68479 11.44397 15.45415 34.99997 9.32298 12.89971 35.04864 6.33633 12.07052 35.00092 1.193453 15.40606 35.00062 1.175786 19.85855 34.99997 3.2968 22.41304 35.04864 6.28344 23.24222 35.00092 11.42632 19.90668 35.00062 11.87248 17.69153 35.02614 3.18994 12.96596 35.04916 0.7480848 17.62165 35.02429 9.429834 22.34678 35.04916 10.74694 8.794379 35.16173 8.046627 7.897714 35.17488 5.141064 7.843945 35.12968 -0.03689628 10.08031 35.15019 -1.941662 12.21689 35.16003 -3.103702 14.79218 35.11156 -3.134514 20.50937 35.12195 0.02715402 25.28767 35.16524 2.507656 26.76166 35.12467 8.101504 27.38815 35.16529 10.81462 26.4809 35.18338 16.19473 16.09695 35.24338 14.85151 12.64088 35.13498 13.19729 10.45022 35.2861 2.412921 8.510088 35.26906 5.266259 27.53802 35.2656 13.14399 24.82578 35.1706 14.9014 22.5571 35.13295 16.02723 19.82038 35.27397 -3.604616 17.62038 35.2463 -1.929698 23.18025 35.25011 16.29657 16.37817 37.92922 13.99699 11.15129 37.96773 9.291144 8.038715 37.96794 3.649396 7.946126 37.9695 -1.157999 10.90506 37.97262 -3.69367 16.2313 37.98168 -2.785363 21.89283 37.92366 -0.224856 25.19787 37.98054 3.328592 27.27403 37.96793 8.970405 27.36662 37.9695 13.77777 24.4077 37.97262 15.8845 20.46774 37.98054 19.17222 17.64065 42.11772 18.59128 13.90062 42.11622 17.21232 10.87394 42.11716 15.104 8.304599 42.11813 12.40946 6.364064 42.11912 9.310989 5.180587 42.12015 6.017056 4.830687 42.12119 2.747968 5.334462 42.12216 -0.2792434 6.654949 42.12283 -2.865131 8.701389 42.12272 -4.840604 11.3359 42.12094 -6.077518 14.38283 42.11638 -6.500045 17.65055 42.11592 -6.07834 20.92012 42.11349 -4.841237 23.9692 42.11585 -2.866053 26.6043 42.11697 -0.2812454 28.65064 42.11711 2.744141 29.97106 42.11669 6.011031 30.4753 42.11602 9.302714 30.1266 42.11522 12.39933 28.94502 42.11437 15.09257 27.00694 42.11348 17.20035 24.44037 42.11253 18.5795 21.41661 42.11151 18.63577 14.33578 57.94459 17.35546 11.25705 57.94433 15.32145 8.614824 57.94411 12.67247 6.589461 57.94395 9.589292 5.319231 57.94385 6.282305 4.890845 57.94381 2.977211 5.333547 57.94383 -0.1004297 6.617111 57.94392 -2.740587 8.653903 57.94405 -4.763122 11.30487 57.94425 -6.030078 14.38906 57.94448 -6.458581 17.68254 57.93503 -6.015996 20.97698 57.94459 -4.735689 24.0557 57.94432 -2.701671 26.69793 57.94411 -0.05270338 28.72329 57.94395 3.03048 29.99352 57.94385 6.337466 30.42191 57.9438 9.642566 29.9792 57.94383 12.7202 28.69564 57.94392 15.36036 26.65884 57.94406 17.3829 24.00787 57.94425 18.64985 20.9237 57.94448 19.07836 17.63021 57.93503 16.72508 16.17574 59.03032 15.14305 11.97965 58.98054 12.11708 8.783263 58.98393 6.309887 7.048891 58.98194 0.5026863 8.783265 58.98393 -2.523276 11.97965 58.98054 -4.105306 16.17572 59.03032 -3.397559 21.9015 58.99023 0.5026749 26.52948 58.98393 6.309887 28.26386 58.98194 12.11709 26.52948 58.98393 16.01733 21.90151 58.99023 14.30438 16.40597 61.94772 11.96986 11.91094 61.9563 7.539896 9.685236 61.95617 2.666832 10.44689 61.94437 7.539887 25.62751 61.95617 11.96987 23.40179 61.9563 13.89095 20.15268 61.94934 -0.82278 13.9164 61.96455 -1.660298 17.65637 61.96186 -0.8227793 21.39635 61.96455 2.666848 24.86587 61.94436 10.82613 18.43327 61.98054 9.909185 14.82 61.98054 7.700463 13.37662 61.98054 4.724583 13.35675 61.98054 2.053871 15.95746 61.98054 2.199519 19.68242 61.98054 5.065148 22.06666 61.98054 8.754494 21.53244 61.98054 10.76105 18.08453 63.76229 10.47809 16.19001 63.88998 9.604563 14.63264 63.76221 8.023597 13.5715 63.86994 6.211383 13.227 63.86867 4.415959 13.6504 63.86736 2.948695 14.76808 63.86589 2.063719 16.38578 63.86408 1.906264 18.21335 63.84874 2.525988 19.96485 63.8617 3.793094 21.30489 63.86105 5.495237 22.01307 63.86035 7.33802 21.96751 63.85971 9.002993 21.17614 63.85922 10.20224 19.77539 63.85894 10.71986 8.775161 19.35249 5.178578 7.794574 19.39062 2.392448 8.551504 19.37262 -0.0459882 10.05083 19.38272 -1.958925 12.21751 19.36495 -3.140971 14.76425 19.36776 -3.562109 17.58856 19.33448 -1.912328 23.17069 19.37871 0.02326458 25.30263 19.36993 2.46661 26.79319 19.38922 5.244676 27.5099 19.3798 8.1066 27.41637 19.39865 10.82607 26.47089 19.35038 16.21589 16.09365 19.46213 14.9028 12.65505 19.3804 13.13429 10.42247 19.39604 8.099205 7.840487 19.49872 13.24252 24.82309 19.49296 14.94033 22.58215 19.40541 15.98251 19.91539 19.39027 -3.211328 20.53463 19.47435 16.21589 19.21911 23.28089 15.98251 15.39736 23.35275 15.01201 12.78214 23.24959 13.15702 10.4944 23.39165 10.81877 8.818464 23.35594 8.106589 7.896386 23.34437 5.264022 7.753587 23.25875 2.4995 8.531539 23.3998 0.02326405 10.01013 23.3731 -1.947348 12.12074 23.2743 -3.154748 14.79722 23.40255 -3.583831 17.73015 23.36828 -3.188849 20.54597 23.28517 -1.956345 23.07142 23.40444 -0.06282925 25.3046 23.26203 2.377121 26.7374 23.39781 5.17855 27.51817 23.3524 8.099206 27.47226 23.2443 10.71987 26.53759 23.39053 13.21224 24.87774 23.2382 14.87013 22.68219 23.38944 5.241968 17.27442 -11.01946 6.912798 16.76674 -11.01946 7.199518 18.25929 -11.01946 5.994405 18.63372 -11.01946 5.57602 18.52112 -12.01946 7.276841 18.12537 -12.01946 6.998567 16.8945 -12.01946 5.706974 16.76674 -12.01946 16.30141 16.23624 -0.01816797 15.51286 21.82801 -0.01827418 11.85695 26.11494 -0.01842087 6.309885 27.81093 -0.02067178 0.7628102 26.11493 -0.01842087 -2.893082 21.82802 -0.01827418 -3.68163 16.23624 -0.01816797 -0.3561363 9.910836 -0.02192729 6.309885 7.501816 -0.0206719 12.9759 9.910831 -0.02192729 7.904111 17.21515 -12.02222 6.309886 15.9499 -12.03245 4.574262 17.65637 -12.0326 5.879463 19.23502 -12.02289 7.44965 18.85314 -12.0228 14.80058 13.36004 14.73039 13.57353 11.50149 7.505293 11.71711 9.827687 3.250519 24.34719 -1.230592 3.123212 25.74273 0.3800104 6.523319 27.32715 2.208502 13.90814 13.45789 11.31753 5.382753 26.82806 1.632443 9.470853 25.63938 0.2607135 5.035187 -2.637898 14.33637 13.27996 -3.24212 17.8671 4.05548 -19.77585 16.39302 3.123209 -19.47253 14.28364 6.523285 -19.12822 11.88881 13.90809 -3.1513 16.41785 5.364565 -19.23674 12.64322 9.470843 -19.495 14.43986 5.035171 -0.407132 24.43259 13.18922 2.542018 26.44702 4.034411 -5.67571 40.85998 3.123211 -7.468479 39.70779 6.523315 -9.503859 38.39975 13.90813 1.255661 25.74208 5.367397 -8.862708 38.81186 9.470886 -7.335706 39.79313 5.035195 13.97592 23.32832 13.14158 15.57045 20.11299 3.992477 30.98305 26.21776 3.12321 30.09771 28.15625 6.523307 29.09264 30.35708 13.9082 15.02953 21.51178 5.374747 29.40933 29.66378 9.470844 30.16331 28.01267 5.035163 -3.004184 19.71947 13.20701 -1.612649 23.00915 4.041511 -17.2031 28.75807 6.523298 -18.2082 26.55725 13.90815 -2.316689 21.72801 5.365836 -17.89163 27.25059 9.470855 -16.85948 29.50985 4.185462 0.8454553 9.869951 14.70058 -0.8367334 11.35833 7.44523 -2.193172 13.40956 3.26871 -14.95181 2.490557 3.123212 -13.55621 0.8800191 6.523296 -11.97181 -0.9485036 13.90817 -0.9818894 11.49772 5.363846 -12.47098 -0.3725211 9.470891 -13.65958 0.999287 5.035193 5.923704 8.152013 14.70398 3.711397 8.493247 7.46572 1.453408 9.483497 3.270069 -3.377334 -6.596867 3.123212 -1.332558 -7.197223 6.523307 0.9888904 -7.878876 13.90814 3.500207 8.522282 5.361026 0.2575675 -7.664199 9.47087 -1.484003 -7.152769 5.035188 11.12434 9.45078 14.70546 9.086735 8.547703 7.488951 6.642933 8.155103 3.269902 13.31754 -7.383615 6.523339 15.63899 -6.701988 13.90819 8.89131 8.455789 5.373139 14.90768 -6.916779 9.470849 12.52433 -7.616234 4.185463 15.8245 18.26764 13.0827 15.42815 14.7105 3.983831 31.6949 11.51936 3.123217 31.99814 13.62875 6.523296 32.34248 16.02358 13.90811 15.74847 16.1933 5.390864 32.23406 15.26915 9.470861 31.9757 13.47254 5.035212 4.333705 26.99303 13.14914 7.898496 27.0903 4.026184 8.77178 43.65639 3.12321 6.640692 43.65634 6.523303 4.221232 43.65636 13.90814 6.428069 27.19181 5.369743 4.983414 43.65641 9.470868 6.798525 43.65636 5.035186 9.330439 26.68307 14.84465 11.36132 25.72118 7.517565 13.27882 24.12574 3.261466 22.43763 38.19797 3.123212 20.64483 39.3501 6.523309 18.60945 40.65817 13.90818 11.56401 25.61546 5.371627 19.25067 40.24615 9.470889 20.77761 39.26478 5.035204 4.859448 16.9529 0.483129 5.276875 18.7992 0.483129 6.783094 19.1224 0.483129 7.816103 17.97957 0.483129 7.013359 16.20594 0.483129 5.276865 16.51357 18.76247 7.214254 16.32192 18.76247 7.775911 18.12957 18.76247 6.633095 19.16259 18.76247 4.859451 18.35986 18.76247 -2.630095 21.13803 0.4813447 -0.236826 24.54046 0.483129 3.579144 26.86762 0.4848371 9.157012 26.83313 0.4846203 13.86724 23.61179 0.483887 15.89933 18.24823 0.4836561 15.19516 14.29454 0.483129 13.05667 10.848 0.4838823 9.221383 8.61352 0.483129 4.965117 8.159419 0.4814939 -0.2261991 10.61676 0.48106 -3.05487 15.5783 0.4815967 -3.299361 17.98393 18.76141 -1.461035 23.34699 18.76067 3.145429 26.759 18.76001 8.776138 26.95806 18.75975 13.57363 23.98 18.75971 15.54503 19.88395 18.76247 15.72184 15.80782 18.76489 13.09944 10.87104 18.76446 8.054852 8.195668 18.76405 2.505294 8.839879 18.76331 -1.852703 12.5385 18.76256</float_array>
          <technique_common>
            <accessor source="#edf_impeler_002-mesh-positions-array" count="366" stride="3">
              <param name="X" type="float"/>
              <param name="Y" type="float"/>
              <param name="Z" type="float"/>
            </accessor>
          </technique_common>
        </source>
        <source id="edf_impeler_002-mesh-normals">
          <float_array id="edf_impeler_002-mesh-normals-array" count="1890">-0.397938 -0.9172203 -0.01876908 -0.553626 -0.8327122 0.009419322 -0.9877486 0.155835 -0.008263349 -0.9643937 0.264396 0.006294012 -0.3071857 0.9516331 -0.005610644 -0.1580175 0.9873598 0.01228767 0.6990615 0.7148996 -0.01521754 0.8941941 0.4470908 0.02295053 0.8734012 -0.4862946 -0.02622663 0.6587578 -0.7521397 0.01800858 -0.6673371 0.7430988 0.04965347 -0.8928077 0.4460942 -0.06240612 -0.8749278 -0.4778378 0.07856541 -0.6282346 -0.7767223 -0.04498744 0.4035037 -0.9123961 0.06868952 0.5666273 -0.8233352 -0.0324487 0.9870448 0.1576662 0.02973252 0.9625204 0.2697437 -0.02815991 0.3106703 0.9502207 0.02376312 0.174057 0.9832704 -0.05369985 0 0 1 1.24871e-6 0 1 -5.5495e-6 0 1 3.46844e-7 0 -1 0 0 -1 -1.8021e-7 0 -1 0.03478628 0.0166645 0.9992558 0.0583477 -0.008616566 0.9982591 0.04892295 -0.005060732 0.9987898 0.02919703 0.0311495 0.9990882 0.03160691 0.03132241 0.9990096 0.002544045 0.05320733 0.9985803 0.001536786 0.05256605 0.9986163 -0.00242573 0.04655092 0.9989131 -0.02905976 0.03615838 0.9989235 -0.02929162 0.03195458 0.99906 -0.05754578 0.005128383 0.9983298 -0.05053544 0.008637368 0.998685 -0.05049782 0.004282295 0.998715 -0.04557609 -0.002094984 0.9989588 -0.04090923 -0.02401691 0.9988743 -0.04268664 -0.03448194 0.9984934 -0.02433574 -0.04446107 0.9987148 -0.03123939 -0.0342741 0.9989241 -0.00251609 -0.04372835 0.9990403 0.003857254 -0.05308854 0.9985824 0.01369869 -0.05281585 0.9985103 0.0193032 -0.04821354 0.9986506 0.0314328 -0.0127964 0.999424 0.03475278 -0.01209872 0.9993228 0.2191237 0.1791495 0.9591091 0.8494628 0.2857805 -0.4435568 0.1295055 -0.04505747 0.9905545 0.9562695 -0.01651656 0.2920207 0.6770161 -0.4075074 0.6128516 0.5350057 -0.7050043 -0.4655512 0.2506251 -0.9659897 0.06364911 -0.005046308 -0.8544806 -0.519459 -0.4743032 -0.8782798 0.06050866 -0.9443801 0.3156288 0.09233069 -0.5770348 0.4876927 -0.6551235 -0.4547034 0.8884862 0.06194424 -0.08421206 0.7990803 -0.5952975 0.2809756 0.9594531 0.02241855 0.5752651 0.6642661 -0.4773056 0.9545797 0.2972868 -0.01995402 0.9865033 0.005098342 -0.163662 0.8370481 -0.5471176 -0.003612041 0.5632801 -0.8242815 -0.05723315 -0.1583827 -0.9873633 0.005345404 -0.5796484 -0.813056 -0.05429339 -0.7959383 -0.5968317 0.1013626 -0.9570073 -0.2663643 0.1148351 -0.8311923 -0.5559478 -0.00643754 -0.9910343 -0.07741874 0.1088917 -0.9883483 -0.004975974 -0.1521279 -0.8356881 0.5491805 0.005131363 -0.5654073 0.8232412 -0.0508787 0.1604772 0.9869226 0.01519227 0.5848972 0.8089477 -0.05915337 0.04058611 -0.003334224 -0.9991706 0.0474056 -0.007584512 -0.998847 0.05399966 0.01033288 -0.9984875 0.01409798 0.03141182 -0.9994071 0.01424455 0.0276212 -0.999517 0.01419484 0.02769684 -0.9995157 0.01575177 0.0271756 -0.9995066 0.02364426 0.02925074 -0.9992925 0.002964079 0.03831773 -0.9992612 -0.01982557 0.01388168 -0.9997072 -0.02412921 0.01309901 -0.9996231 -0.01750361 0.02063739 -0.9996339 -0.022569 0.03777325 -0.9990314 -0.02908784 -0.005304932 -0.9995628 -0.02388906 0.001688897 -0.9997133 -0.02657043 0.005337059 -0.9996328 -0.02055382 -0.03668832 -0.9991155 -0.01768285 -0.02679055 -0.9994847 -0.01970636 -0.01296693 -0.9997218 -0.01286393 -0.02061772 -0.9997048 -0.02220016 -0.02417016 -0.9994614 0.02649068 -0.03792297 -0.9989295 0.01609051 -0.02933031 -0.9994403 0.00383228 -0.02620834 -0.9996492 0.01455926 -0.02248859 -0.9996412 0.0141645 -0.03080469 -0.9994251 0.04251044 0.003545224 -0.9990898 0.8235085 0.5249756 0.2150219 0.8871853 0.1726022 -0.4279144 0.9895308 0.06565076 0.1285261 0.9234332 -0.2885705 0.252979 0.6922456 -0.5923963 -0.4121441 0.606962 -0.7642791 0.2178871 0.07996374 -0.9781066 0.1921286 -0.2748314 -0.846426 -0.456104 -0.4864982 -0.8603998 0.1517625 -0.8888627 -0.441623 0.1220345 -0.8525742 -0.03980147 -0.5210884 -0.9939615 0.07111603 0.08356499 -0.749182 0.4388773 -0.4960979 -0.642268 0.7486354 0.1644291 -0.522812 0.838162 0.1554095 -0.1672198 0.8854087 -0.4336923 0.009114325 0.986278 0.1648416 0.9877207 -0.1561699 -0.004337728 0.7682406 -0.6399803 0.01522439 0.293322 -0.9559754 0.008554339 -0.02627527 -0.9864359 0.1620308 -0.2590324 -0.9658141 0.01027488 -0.7447943 -0.6672829 0.003879964 -0.9013659 -0.418132 0.1127173 -0.989462 -0.1446415 -0.006624937 -0.9167315 0.3995015 0.001432776 0.9564679 0.291598 0.0118224 0.7340168 0.6791298 0.001455307 0.7883232 0.6021651 0.1262699 0.611769 0.7723627 0.1708646 0.2646164 0.9642764 0.01221871 -0.2936412 0.9558823 -0.007991969 -0.6491487 0.760596 -0.009982943 0.7873592 0.2303966 -0.5718242 0.7932848 0.5867671 -0.162492 0.8068735 -0.1154967 -0.5793235 0.978898 0.2041082 0.009927928 0.8911327 -0.4534735 0.01562565 0.5787633 0.7696899 -0.2694637 0.5940794 0.5531892 -0.5839962 0.4030517 0.8988263 -0.172223 0.141644 0.9505854 -0.276269 0.2143067 0.7810612 -0.5865288 -0.06564724 0.98114 -0.1818103 -0.3135504 0.9074705 -0.2796133 -0.2268952 0.7834112 -0.5786067 -0.5010628 0.841992 -0.1999639 -0.6809704 0.6774418 -0.2781223 -0.5400364 0.6156185 -0.5739116 -0.8115639 0.5110424 -0.283196 -0.7436249 0.3319315 -0.5803822 -0.9051742 0.3492254 -0.2422836 -0.9040617 0.1830278 -0.3862296 -0.7993975 -0.1143473 -0.5898207 -0.9617462 -0.06827497 -0.2652978 -0.8872295 -0.2525127 -0.3860846 -0.7819539 -0.4438767 -0.4376319 -0.6011088 -0.54009 -0.5890424 -0.6211014 -0.6344808 -0.460073 -0.4334184 -0.7444865 -0.5078272 -0.2142857 -0.7811393 -0.5864325 -0.2165637 -0.8273345 -0.5182836 0.001083552 -0.829664 -0.5582621 0.240354 -0.7739149 -0.5859059 0.2154008 -0.8002404 -0.5596588 0.4079893 -0.6962189 -0.5906133 0.6195123 -0.5218903 -0.5863747 0.5704092 -0.5742251 -0.587281 0.69164 -0.3898032 -0.6080194 0.84861 -0.3010721 0.4349905 0.8114335 0.0988546 0.5760239 0.4101255 -0.05474257 0.9103847 0.7736255 0.3108708 0.5521441 0.3738626 0.1632472 0.9130045 0.6540134 0.4981791 0.5692839 0.522785 0.5916734 0.6136925 0.2238215 0.3390669 0.9137493 0.3183823 0.7765002 0.543765 0.1479955 0.7767784 0.6121379 -1.40743e-5 0.4058593 0.9139357 -0.1139284 0.8496562 0.5148832 -0.2719091 0.7460239 0.6078764 -0.2239099 0.3391121 0.9137108 -0.5245893 0.6965154 0.4895636 -0.6215431 0.5037797 0.5999087 -0.3739405 0.1631887 0.912983 -0.8048567 0.3573622 0.4738122 -0.8024927 0.1146085 0.5855513 -0.4101327 -0.05453372 0.910394 -0.8798931 -0.0863372 0.4672625 -0.7610157 -0.3110271 0.5693131 -0.660647 -0.4419002 0.6068524 -0.3471168 -0.2176127 0.9122252 -0.5144376 -0.6188456 0.5936196 -0.2218338 -0.3465157 0.9114366 -0.318878 -0.7774295 0.5421442 -0.1483826 -0.7779099 0.6106054 1.32235e-5 -0.4058586 0.9139358 0.1138969 -0.8506363 0.5132695 0.2721377 -0.7470201 0.6065493 0.2217676 -0.3465195 0.9114513 0.5249911 -0.6972562 0.488076 0.6223894 -0.5102777 0.593505 0.347487 -0.2174636 0.9121198 0.7756397 -0.3144499 0.5472701 0.7593123 -0.2145656 0.6143343 0.7621273 -0.09052056 0.6410681 0.7038022 0.3022127 0.6429075 0.7931201 0.1555513 0.5888671 0.61388 0.5172973 0.5962843 0.4121243 0.6436859 0.6448427 0.2099189 0.7689375 0.6038786 -0.00730443 0.7627323 0.6466731 -0.2788953 0.7477937 0.602513 -0.423148 0.634243 0.6470561 -0.6568914 0.4578531 0.5990529 -0.7028642 0.3112224 0.6396268 -0.7980409 0.08760917 0.5962008 -0.763207 -0.09702545 0.638828 -0.7334021 -0.314654 0.6025896 -0.6370126 -0.4240128 0.6437609 -0.4108213 -0.6334666 0.6557027 -0.4262441 -0.6740117 0.6033443 -0.007313668 -0.7627321 0.6466733 0.04728555 -0.7952164 0.604479 0.3971551 -0.6480797 0.6498159 0.4958566 -0.6097043 0.6183746 0.6466295 -0.4006379 0.6491222 0.009815096 6.50192e-4 0.9999517 0.00854659 0.00291109 0.9999593 0.00542736 0.003628671 0.9999788 0.003479063 0.006982266 0.9999696 8.99093e-4 0.006217539 0.9999803 -0.003918707 0.009566426 0.9999466 -0.003815889 0.009655237 0.9999461 -0.003146827 0.003781676 0.9999879 -0.005057096 4.14196e-4 0.9999872 -0.004939675 1.93161e-4 0.9999879 -0.005235433 -4.54561e-4 0.9999862 -0.00321573 -0.003302335 0.9999894 -0.003860831 -0.009700596 0.9999455 -0.003928482 -0.009651124 0.9999458 4.44613e-5 -0.006602168 0.9999783 0.003357768 -0.006746292 0.9999717 0.003720581 -0.005696237 0.9999769 0.008340954 -0.002423346 0.9999623 0.008218824 -0.002085745 0.9999641 0.9853907 0.1665555 -0.03555977 0.8982312 0.05444455 0.4361386 0.8816889 -0.4556843 -0.1223791 0.7986854 -0.6017002 -0.007641255 0.4480946 -0.6333008 0.6309845 0.4147875 -0.895393 -0.1619341 0.3025318 -0.9531216 -0.005821228 0.1863533 -0.9795567 -0.07577091 -0.363144 -0.9316434 -0.01291853 -0.2682589 -0.9628201 -0.03185224 -0.5874997 -0.8005429 -0.1182171 -0.9285668 -0.3700574 -0.02865761 -0.8941815 -0.446587 -0.03161555 -0.9876587 -0.1005126 -0.1201152 -0.8953737 0.44438 -0.02885246 -0.9279053 0.3712126 -0.03454184 -0.7339717 0.6687141 -0.118774 -0.269865 0.9624962 -0.02781867 -0.3460882 0.9376205 -0.03302747 0.005996108 0.9929137 -0.1186872 0.5347126 0.8445832 -0.027601 0.4655143 0.8844279 -0.0329259 0.8377808 0.5007353 -0.2176867 -0.04500782 0.008531033 0.9989503 -0.04480844 0.004521965 0.9989855 -0.03062224 0.02944815 0.9990972 -0.01430648 0.03536516 0.9992721 -0.01614969 0.03568524 0.9992327 0.001401066 0.04268622 0.9990876 0.01854014 0.03838014 0.9990913 0.02636694 0.02917128 0.9992266 0.03176271 0.02699488 0.9991309 0.04201054 0.01188027 0.9990466 0.02739536 -0.008511126 0.9995885 0.02641344 -0.03240537 0.9991257 0.00657612 -0.03824931 0.9992466 -0.008592009 -0.03334277 0.9994071 -0.003793776 -0.03835886 0.9992569 -0.02529394 -0.03188991 0.9991713 -0.03548914 -0.01829773 0.9992026 -0.0358988 -0.008115947 0.9993225 -0.008398115 -0.002609372 -0.9999613 -0.009251296 0.01065689 -0.9999005 -0.01208865 0.006855309 -0.9999035 -0.01154452 -0.004251301 -0.9999244 -0.009901762 -0.01325941 -0.9998632 -0.01038146 -0.01014846 -0.9998946 -0.006261289 -0.01373028 -0.9998862 0.001102387 -0.01115071 -0.9999372 -0.004241228 -0.01491349 -0.9998799 0.00236088 -0.01508927 -0.9998834 0.02000993 -0.002897799 -0.9997956 0.008562386 -0.01378554 -0.9998684 0.01398479 -0.003161609 -0.9998973 0.02718675 0.01337558 -0.9995409 0.01887637 -0.01764422 -0.9996662 0.01347166 0.01093983 -0.9998494 0.01739901 0.004260122 -0.9998396 0.004188477 0.009254574 -0.9999485 -0.0110259 0.0193268 -0.9997525 0.007066011 0.01468205 -0.9998673 -0.006860136 0.01344442 -0.9998861 -0.001745879 0.01580369 -0.9998736 -0.008422374 0.00931853 -0.9999212 0.491342 -0.8401191 0.2297457 0.2835356 -0.8579124 -0.4284787 -0.0544719 -0.9766978 0.2075918 -0.9884227 -0.05408149 0.1417595 -0.8530812 0.2103796 -0.477486 -0.8372027 0.5199152 0.1696468 0.3953115 0.8897479 0.2282051 0.5377046 0.7289423 -0.4236945 0.8148864 0.5251699 0.2452686 0.9844536 0.05684316 0.1661928 0.9925867 -0.07855188 -0.09274351 0.9536769 -0.163509 0.2525178 0.9243384 -0.299845 -0.2359904 0.7038956 -0.5672059 0.4275611 0.7541618 -0.632602 0.1762237 0.6996769 -0.6747937 -0.2347462 0.5413416 -0.820965 0.1815652 0.640946 -0.7642312 -0.07168591 0.2232383 -0.9502242 -0.2173446 -0.2292263 -0.8554714 0.4643532 -0.3406797 -0.9187465 -0.199605 -0.5053648 -0.849289 0.1526913 -0.5855343 -0.7895412 -0.1837779 -0.7187068 -0.6824179 0.1332908 -0.7728649 -0.3985612 0.4937903 -0.8843457 -0.4532164 0.1119268 -0.9255828 -0.3543775 -0.133091 -0.9747648 -0.1986556 0.1018312 -0.9741521 0.1849483 0.1296995 -0.740562 0.330784 0.5849359 -0.7372766 0.664865 -0.1199073 0.9759047 0.2180518 -0.007962703 0.6530639 0.6658204 0.3608196 0.698942 0.6978286 0.1565742 0.3429746 0.92877 0.1405521 0.1852193 0.9019096 0.390196 0.04418963 0.9897061 0.1361218 0.1471141 0.9890722 0.009681344 -0.2494535 0.9595485 0.1305359 -0.1516729 0.9883691 0.01104277 -0.5217238 0.8464123 0.1067277 -0.5594919 0.7124563 0.4235267 0.943505 0.3306616 -0.0214793 0.5545358 0.8315705 0.03131669 0.6252437 -0.7769869 0.07322323 0.2156794 -0.9762657 0.01969122 -0.8072679 -0.5883205 0.04687935 -0.8766685 -0.4809868 0.0102154 -0.5529674 0.8268496 -0.1026978 -0.702644 0.7108852 0.03055566 -1.44531e-6 0 -1 0 1.89894e-5 1 0 1.89882e-5 1 0 -5.9432e-4 0.9999999 0 -5.94317e-4 0.9999998 0 5.21113e-4 0.9999999 0 3.42251e-5 1 0 3.42177e-5 1 0 0.001327157 0.9999991 0.01231664 9.19414e-4 -0.9999238 0.02725118 -0.01638489 -0.9994944 -0.00100851 -0.004376351 -0.99999 0.05712717 0.05801129 -0.9966801 -0.001465439 0.01482009 -0.9998891 -0.01067203 0.02153003 -0.9997113 -0.003316581 7.49528e-4 -0.9999943 -0.008228063 -0.00263828 -0.9999627 -0.001012623 -0.00435239 -0.9999901 0.5493278 0.5703514 -0.6106868 0.7458674 0.3339375 -0.5763399 0.74568 -0.2348057 -0.6235605 0.8066398 -0.1354262 -0.5753191 0.4459044 0.6841958 -0.5771008 -0.2510232 0.7480627 -0.6143204 0.002144455 0.8154462 -0.5788291 -0.4503687 0.677905 -0.5810448 -0.7534883 -0.02591103 -0.6569505 -0.7411217 0.3407148 -0.5784912 -0.8082422 -0.1400604 -0.5719509 -0.5355026 -0.6134164 -0.5804803 -0.03678637 -0.7506916 -0.6596279 -1.29464e-6 -0.8182025 -0.5749303 0.5353989 -0.6156531 -0.5782036 0.1575339 0.1642102 0.9737649 -0.01216584 0.4161959 0.9091936 -0.5956313 -0.6979882 0.3975372 -0.5931999 -0.6857894 0.4216713 -0.4017264 -0.4931885 -0.7716094 -0.4378967 -0.4287758 -0.7901886 0.5679527 0.6470589 -0.5086695 0.5473729 0.6232892 -0.5584744 0.6305718 0.7258604 -0.2747838 0.7557534 -0.6548564 1.06781e-5 0.7556974 -0.6549209 1.90639e-5 0.7556887 -0.654931 2.90834e-5 0.06140798 -0.2170974 0.9742165 0.08025151 -0.1986956 0.9767701 -0.1256482 0.9005931 0.4161065 -0.1567941 0.5751308 -0.8028949 0.02634698 0.6274552 -0.7782068 0.1172668 -0.8481564 -0.5166035 0.1125299 -0.8219506 -0.5583317 0.1360157 -0.9520454 -0.2740611 -0.9898192 -0.1423311 3.25777e-6 -0.9898301 -0.142255 1.12001e-5 -0.9898347 -0.1422232 2.85231e-5 -0.1685397 -0.1511122 0.9740428 -0.1548434 -0.1609284 0.9747439 0.7670013 0.4883493 0.416202 0.4499558 0.3740782 -0.8109287 0.5815979 0.2367742 -0.7782557 -0.7239152 -0.459454 -0.5146347 -0.7008858 -0.4438535 -0.5583487 -0.8093981 -0.5194635 -0.2739205 -0.5406471 0.8412495 5.79154e-6 -0.5405879 0.8412876 1.52511e-5 -0.5405632 0.8413034 2.83832e-5 -0.1284402 0.1869227 0.9739421 -0.1376166 0.1850256 0.9730505 0.3742862 -0.828617 0.4162977 0.3031424 -0.4891509 -0.817824 0.1518664 -0.6091234 -0.7783992 -0.3521397 0.7839173 -0.5113428 -0.339606 0.7568678 -0.5584076 -0.3991065 0.8750454 -0.2738792 0.9096301 0.4154191 1.44789e-5 0.9096667 0.4153391 2.47834e-5 0.909673 0.4153254 3.06234e-5 -0.06119161 -0.2176898 0.9740979 -0.0415163 -0.2155309 0.9756141 0.3812504 0.8656302 0.3245498 0.1782787 0.5627805 -0.8071523 -0.1282467 0.4203836 -0.8982374 -0.3583849 -0.7761312 -0.5188261 -0.402645 -0.8667153 -0.2944178 -0.9098041 0.4150379 -2.67927e-4 -0.9095903 0.4155065 3.13707e-5 0.1395611 -0.1800194 0.9737124 0.4254048 -0.05952954 0.9030432 -0.6055419 0.6887793 0.3986254 -0.5944252 0.6848348 0.4214975 -0.4226856 0.4688205 -0.7755929 -0.3622405 0.4945423 -0.7900695 0.5591382 -0.6534992 -0.5101994 0.5390357 -0.6306446 -0.5583261 0.6288484 -0.7273442 -0.2748091 -0.7557463 -0.6548647 1.01353e-5 -0.7558007 -0.6548017 1.87959e-5 -0.7558154 -0.6547849 2.97019e-5 0.2148066 -0.07550776 0.9737334 0.3771658 0.1864181 0.9071904 -0.8820769 0.2520134 0.3980323 -0.8702427 0.2548407 0.4215851 -0.6177439 0.1621172 -0.7694872 -0.572062 0.2202057 -0.7900978 0.8235192 -0.2474037 -0.5104975 0.794427 -0.2391201 -0.5583075 0.9222572 -0.2718066 -0.2748872 -0.2817264 -0.9594948 8.68734e-6 -0.2818017 -0.9594727 1.71576e-5 -0.2818221 -0.9594667 2.80097e-5 0.2212595 0.05325734 0.9737597 0.2148852 0.3587731 0.9083536 -0.878498 -0.2650683 0.397467 -0.8978977 -0.2868444 0.3339164 -0.6080516 -0.1929712 -0.7700879 -0.1704626 -0.4853658 -0.8575329 0.8248103 0.2385867 -0.5126054 0.9186027 0.2627094 -0.2952169 0.2821602 -0.9593673 -2.75885e-4 0.2816405 -0.9595201 2.96901e-5 -0.01089614 0.2271297 0.9738036 -0.01632052 0.2195723 0.9754598 -0.1331976 -0.899387 0.4163671 -0.003549873 -0.5885469 -0.8084553 -0.2024137 -0.5943601 -0.778309 0.1279862 0.8506156 -0.5099732 0.1234396 0.8202738 -0.5584922 0.1374313 0.9519587 -0.2736558 0.9898223 -0.1423089 7.7825e-6 0.9898114 -0.142385 1.50129e-5 0.9898092 -0.1424 2.64225e-5 -0.2234112 -0.03871333 0.9739552 -0.2116264 -0.05613976 0.975737 0.9092435 -0.003885865 0.4162465 0.5795497 0.07194685 -0.8117548 0.6172546 -0.1152454 -0.7782772 -0.8577941 0.004977703 -0.5139694 -0.8295762 0.005531907 -0.5583661 -0.961759 4.34728e-4 -0.2738968 -4.00907e-6 1 1.15831e-5 7.35418e-5 1 1.52512e-5 9.26813e-5 1 3.13707e-5 -0.1831215 0.1354568 0.9737136 -0.422694 -0.06413769 0.9040002 0.7745786 -0.4940353 0.3949142 0.7631781 -0.4896708 0.4216421 0.5366249 -0.3290274 -0.7770295 0.4866204 -0.3726944 -0.7901262 -0.7211211 0.4698192 -0.5091701 -0.6948916 0.4531424 -0.5583794 -0.8082221 0.520729 -0.2749881 0.5406438 0.8412517 1.15831e-5 0.5407004 0.8412154 1.90638e-5 0.5407125 0.8412076 2.76359e-5 0.7001755 -0.7138779 0.01152229 0.8945143 -0.4466981 -0.01746618 0.8736146 0.4862104 0.01992875 0.6596493 0.7514482 -0.01373481 -0.3971662 0.9176365 0.01422452 -0.5533535 0.832916 -0.007142245 -0.9878234 -0.1554538 0.006261289 -0.9644231 -0.264321 -0.00473231 -0.3071828 -0.9516413 0.004224896 -0.1570634 -0.9875452 -0.009248197 2.04199e-4 -6.09334e-5 -1 1.59076e-4 1.98861e-4 -1 1.7256e-4 1.88016e-4 -1 6.47575e-5 1.8672e-4 -1 3.72591e-4 1.08358e-4 -1 1.67978e-4 4.88475e-5 -1 -4.46023e-5 -1.90907e-4 -1 6.11376e-5 1.22432e-4 -1 6.2987e-5 6.69041e-5 -1 6.80232e-5 6.14898e-5 -1 -1.93266e-5 1.99359e-4 -1 -3.76124e-5 2.04981e-4 -1 -4.34546e-5 2.02559e-4 -1 2.82288e-4 2.71103e-4 -1 3.152e-4 3.02706e-4 -1 2.11508e-4 -4.78212e-5 -1 0.5511331 -0.8332708 -0.0437296 0.7064161 -0.7068454 0.03668606 0.4765897 -0.8789121 -0.01938647 0.7276121 -0.6858966 -0.0112493 0.8813598 -0.4723163 -0.01105898 0.9780236 -0.207483 0.02051377 0.942014 -0.3313024 -0.05337113 0.7924297 -0.6099195 0.007319271 0.7125542 -0.701596 -0.005447685 0.2961819 -0.9550444 -0.01290178 0.3180353 -0.9480769 -0.001958727 -0.9986764 0.05081385 -0.007971286 -0.9628683 0.2670655 -0.03950619 -0.9387546 0.3433774 -0.02884006 -0.9750892 -0.2165387 -0.04808479 -0.9990992 0.03590011 0.02262848 -0.9303328 -0.3650113 -0.03532469 -0.8463568 -0.5319101 0.02742326 -0.8880175 -0.4597225 -0.008953213 -0.9917104 -0.127344 0.01714771 -0.44413 0.8959603 -0.001938164 -0.1171923 0.9926046 -0.03165864 -0.2725121 0.9619452 -0.01996213 -0.0311653 0.9992421 -0.02332681 -0.3245404 0.9458286 0.009043097 -0.64434 0.7639911 -0.03381991 -0.8044744 0.5937477 0.01687544 -0.8205246 0.5716106 9.59769e-4 -0.6850332 0.7281941 -0.02151876 -0.5606685 0.8279485 -0.01233977 0.950868 0.2900419 -0.1082857 0.9699883 0.2431495 0.001130402 0.9989229 0.04092043 -0.02188116 0.7492988 0.662211 -0.005302727 0.8702132 0.4922934 -0.01939868 0.687904 0.7257418 0.009327113 0.583309 0.8122444 -0.003101527 0.7846657 0.6194109 -0.02509742 0.9112722 0.4112378 -0.02159744 0.9965552 0.08250689 -0.008400738 0.9966152 -0.0821253 0.003700137 -0.903881 0.4275212 0.01499396 -0.8025654 -0.5965632 0.001102328 -0.6222268 -0.782653 -0.01697909 -0.396413 -0.917316 0.03725904 -0.3628935 -0.9226275 -0.1306409 -0.6714295 -0.7400229 -0.03935158 -0.2982479 -0.954466 -0.006566286 -0.335403 -0.9402088 0.05926543 -0.09308904 -0.9952771 -0.02753031 0.05326253 -0.9983223 0.02270948 -0.3169078 -0.9483521 -0.01406669 -0.7715077 -0.6359563 0.01832228 -0.008158266 -0.9999611 0.003361403 0.2302678 -0.9600219 -0.1591694 0.02110606 -0.9995253 0.02244913 0.2003974 -0.9790366 -0.03644526 0.2458004 -0.9692181 -0.01408821 0.4304885 -0.9025464 -0.00946623 0.9280525 -0.372436 0.003183066 0.09503078 0.9954005 -0.01212763 0.3945581 0.9182095 -0.03486227 0.2980067 0.9541736 -0.02729058 0.5253856 0.8507667 -0.01289671 0.2598155 0.9656569 0.001637756 -1.38093e-4 1.7552e-4 1 -1.38893e-4 1.84471e-4 1 -1.21898e-4 2.67759e-4 1 -6.40656e-5 2.79481e-4 1 3.44019e-5 3.39352e-4 1 1.92038e-4 2.96176e-4 1 2.24516e-4 2.4867e-4 1 -1.36883e-4 6.07331e-4 0.9999998 -1.32651e-4 5.87118e-4 0.9999999 -2.7854e-4 8.66322e-5 1 -2.80547e-4 6.30922e-5 1 -1.75021e-4 1.75931e-4 1 -1.11644e-4 1.82542e-4 1 1.00953e-5 1.05593e-4 1 -6.04164e-5 1.31013e-4 1 1.18385e-5 2.63191e-6 1</float_array>
          <technique_common>
            <accessor source="#edf_impeler_002-mesh-normals-array" count="630" stride="3">
              <param name="X" type="float"/>
              <param name="Y" type="float"/>
              <param name="Z" type="float"/>
            </accessor>
          </technique_common>
        </source>
        <source id="edf_impeler_002-mesh-map-0">
          <float_array id="edf_impeler_002-mesh-map-0-array" count="4344">0 -0.3041313 -1.348194 -0.3272084 0 -0.471239 0 -0.471239 -1.348194 -0.3272084 -1.348194 -0.471239 0 0.4398231 -1.348194 0.4241151 0 0.2827433 0 0.2827433 -1.348194 0.4241151 -1.348194 0.2670355 0 0.2827433 -1.348194 0.2670355 0 0.1256642 0 0.1256642 -1.348194 0.2670355 -1.348194 0.06549054 0 0.1256642 -1.348194 0.06549054 0 -0.06851255 0 -0.06851255 -1.348194 0.06549054 -1.348194 -0.1256625 0 -0.06851255 -1.348194 -0.1256625 0 -0.3041313 0 -0.3041313 -1.348194 -0.1256625 -1.348194 -0.3272084 -6 0.3455747 -5.820001 0.4057484 -6 0.471239 -6 -0.4027264 -5.820001 -0.471239 -5.820001 -0.3455764 -6 -0.4027264 -5.820001 -0.3455764 -6 -0.1671072 -6 -0.1671072 -5.820001 -0.3455764 -5.820001 -0.1440303 -6 -0.1671072 -5.820001 -0.1440303 -6 0.03141587 -6 0.03141587 -5.820001 -0.1440303 -5.820001 0.04712378 -6 0.03141587 -5.820001 0.04712378 -6 0.1884952 -6 0.1884952 -5.820001 0.04712378 -5.820001 0.2042029 -6 0.1884952 -5.820001 0.2042029 -6 0.3455747 -6 0.3455747 -5.820001 0.2042029 -5.820001 0.4057484 -0.1079426 -0.09696131 0.06041598 -0.1237945 -0.1379423 0.04500031 -0.1379423 0.04500031 0.06041598 -0.1237945 0.1237941 0.06041544 -0.1379423 0.04500031 0.1237941 0.06041544 -0.02999985 0.1419616 -0.1237941 -0.06041544 0.02999985 -0.1419616 0.1379423 -0.04500031 -0.1237941 -0.06041544 0.1379423 -0.04500031 -0.06041604 0.1237945 -0.06041604 0.1237945 0.1379423 -0.04500031 0.1079427 0.09696131 0.307794 -0.280017 0.35 0 -0.06635665 -0.2090426 -0.06635665 -0.2090426 0.35 0 0.2463608 0.4075848 -0.06635665 -0.2090426 0.2463608 0.4075848 -0.09855675 0.3104823 -0.09855675 0.3104823 0.2463608 0.4075848 -0.1303054 0.813535 -0.09855675 0.3104823 -0.1303054 0.813535 -0.4386001 0.5672701 -0.4386001 0.5672701 -0.1303054 0.813535 -0.529006 0.947344 -0.4386001 0.5672701 -0.529006 0.947344 -0.9431984 0.8744526 -0.4386001 0.5672701 -0.9431984 0.8744526 -0.8628893 0.5279526 -0.8628893 0.5279526 -0.9431984 0.8744526 -1.376159 0.5291781 -0.8628893 0.5279526 -1.376159 0.5291781 -1.11013 0.315859 -1.11013 0.315859 -1.376159 0.5291781 -1.189784 0.1102499 -1.189784 0.1102499 -1.376159 0.5291781 -1.539389 0.1415899 -1.189784 0.1102499 -1.539389 0.1415899 -1.497655 -0.276889 -1.189784 0.1102499 -1.497655 -0.276889 -1.189784 -0.1102499 -1.189784 -0.1102499 -1.497655 -0.276889 -1.11013 -0.315859 -1.11013 -0.315859 -1.497655 -0.276889 -1.296399 -0.646164 -1.11013 -0.315859 -1.296399 -0.646164 -0.8628893 -0.5279526 -0.8628893 -0.5279526 -1.296399 -0.646164 -0.9431967 -0.8744533 -0.8628893 -0.5279526 -0.9431967 -0.8744533 -0.4385969 -0.5672692 -0.4385969 -0.5672692 -0.9431967 -0.8744533 -0.529006 -0.947344 -0.4385969 -0.5672692 -0.529006 -0.947344 -0.252926 -0.88433 -0.4385969 -0.5672692 -0.252926 -0.88433 0.08862155 -0.6389464 -0.4385969 -0.5672692 0.08862155 -0.6389464 -0.06635665 -0.2090426 -0.06635665 -0.2090426 0.08862155 -0.6389464 0.307794 -0.280017 -0.1127595 0.3130382 -0.1365292 0.1547958 -0.07853996 -0.2107643 -0.07853996 -0.2107643 -0.1365292 0.1547958 -0.135933 -0.06122767 -0.07853996 -0.2107643 -0.135933 -0.06122767 -0.1350963 -0.2772482 -0.07853996 -0.2107643 -0.1350963 -0.2772482 -0.133964 -0.4931743 -0.07853996 -0.2107643 -0.133964 -0.4931743 -0.120357 -0.7137072 -0.120357 -0.7137072 -0.1305202 -0.9241179 -0.1192673 -1.14022 -0.1238036 1.548634 -0.1296827 1.348888 -0.1235606 1.136465 -0.1235606 1.136465 -0.1340297 0.9192053 -0.1241657 0.7092003 -0.1241657 0.7092003 -0.1358906 0.489031 -0.1127595 0.3130382 -0.1365292 0.1547958 -0.1127595 0.3130382 -0.1358906 0.489031 0.54567 0.215984 -0.54567 0.215984 0.54567 0 0.54567 0 -0.54567 0.215984 -0.54567 0 0.54567 0 -0.54567 0 0.54567 -0.215984 0.54567 -0.215984 -0.54567 0 -0.54567 -0.215984 0.54567 -0.215984 -0.54567 -0.215984 0.54567 -0.431969 0.54567 -0.431969 -0.54567 -0.215984 -0.54567 -0.5537707 0.54567 -0.431969 -0.54567 -0.5537707 0.54567 -0.647953 0.54567 -0.647953 -0.54567 -0.5537707 0.54567 -0.863938 0.54567 -0.863938 -0.54567 -0.5537707 -0.54567 -0.863938 0.54567 -0.863938 -0.54567 -0.863938 0.54567 -1.079922 0.54567 -1.079922 -0.54567 -0.863938 -0.54567 -1.196366 0.54567 -1.079922 -0.54567 -1.196366 0.54567 -1.295907 0.54567 -1.295907 -0.54567 -1.196366 0.54567 -1.511891 0.54567 -1.511891 -0.54567 -1.196366 -0.54567 -1.511891 0.54567 -1.511891 -0.54567 -1.511891 0.54567 -1.727876 0.54567 -1.727876 -0.54567 -1.511891 -0.54567 -1.727876 0.54567 1.727876 -0.54567 1.727876 0.54567 1.511891 0.54567 1.511891 -0.54567 1.727876 -0.54567 1.511891 0.54567 1.511891 -0.54567 1.511891 0.54567 1.295907 0.54567 1.295907 -0.54567 1.511891 -0.54567 1.174687 0.54567 1.295907 -0.54567 1.174687 0.54567 1.079922 0.54567 1.079922 -0.54567 1.174687 0.54567 0.863938 0.54567 0.863938 -0.54567 1.174687 -0.54567 0.863938 0.54567 0.863938 -0.54567 0.863938 0.54567 0.647953 0.54567 0.647953 -0.54567 0.863938 -0.54567 0.5320721 0.54567 0.647953 -0.54567 0.5320721 0.54567 0.431969 0.54567 0.431969 -0.54567 0.5320721 0.54567 0.215984 0.54567 0.215984 -0.54567 0.5320721 -0.54567 0.215984 0.425891 0.216216 0.103409 0.4066781 0.382883 0 0.382883 0 0.103409 0.4066781 0 0 0.382883 0 0 0 0.1034092 -0.4066785 0.103409 0.4066781 0.425891 0.216216 0.6333219 0.45628 0.103409 0.4066781 0.6333219 0.45628 0.356888 0.741085 0.356888 0.741085 0.6333219 0.45628 0.601582 0.882359 0.601582 0.882359 0.6333219 0.45628 0.877047 0.945232 0.877047 0.945232 0.6333219 0.45628 0.947883 0.565 0.877047 0.945232 0.947883 0.565 1.290315 0.8725039 1.290315 0.8725039 0.947883 0.565 1.244523 0.4682543 1.290315 0.8725039 1.244523 0.4682543 1.64273 0.644724 1.64273 0.644724 1.244523 0.4682543 1.843537 0.2762724 1.843537 0.2762724 1.244523 0.4682543 1.469875 0.216216 1.843537 0.2762724 1.469875 0.216216 1.512883 0 1.843537 0.2762724 1.512883 0 1.843537 -0.2762742 1.843537 -0.2762742 1.512883 0 1.469875 -0.216216 1.843537 -0.2762742 1.469875 -0.216216 1.262921 -0.4559612 1.843537 -0.2762742 1.262921 -0.4559612 1.64273 -0.644724 1.64273 -0.644724 1.262921 -0.4559612 1.421824 -0.820891 1.421824 -0.820891 1.262921 -0.4559612 1.017926 -0.9346745 1.017926 -0.9346745 1.262921 -0.4559612 0.947883 -0.565 1.017926 -0.9346745 0.947883 -0.565 0.651737 -0.4685845 1.017926 -0.9346745 0.651737 -0.4685845 0.601582 -0.882359 0.601582 -0.882359 0.651737 -0.4685845 0.356888 -0.741085 0.356888 -0.741085 0.651737 -0.4685845 0.1034092 -0.4066785 0.1034092 -0.4066785 0.651737 -0.4685845 0.425891 -0.216216 0.1034092 -0.4066785 0.425891 -0.216216 0.382883 0 0.02676111 0.5040358 0.0187627 0.2133991 0.01171475 -0.1545903 0.02208495 -0.5146488 0.01735264 -0.7928321 0.01736879 -1.076003 0.0260806 -1.646839 0.01992833 -1.937946 0.0266034 -2.217601 0.04664182 -2.796408 0.02963864 -3.088933 0.07853996 -3.236025 0.04461169 2.796775 0.02753347 2.506847 0.03167539 2.219227 0.03869551 1.925775 0.02166837 1.646897 0.02335464 1.35695 0.12183 0.284995 -0.12183 -0.1268376 0.1218299 -0.1182164 0.1218299 -0.1182164 -0.12183 -0.1268376 -0.1218299 -0.7006698 0.1218299 -0.1182164 -0.1218299 -0.7006698 0.12183 -0.569989 0.12183 -0.569989 -0.1218299 -0.7006698 0.12183 -0.854984 0.12183 -0.854984 -0.1218299 -0.7006698 -0.12183 -1.267336 0.12183 -0.854984 -0.12183 -1.267336 0.12183 -1.139979 0.12183 -1.139979 -0.12183 -1.267336 0.12183 -1.424973 0.12183 -1.424973 -0.12183 -1.267336 -0.1218299 -1.834105 0.12183 -1.424973 -0.1218299 -1.834105 0.12183 -1.709968 0.12183 -1.709968 -0.1218299 -1.834105 0.12183 -1.994962 0.12183 -1.994962 -0.1218299 -1.834105 -0.12183 -2.401194 0.12183 -1.994962 -0.12183 -2.401194 0.12183 -2.279957 0.12183 -2.279957 -0.12183 -2.401194 0.12183 -2.564952 0.12183 -2.564952 -0.12183 -2.401194 -0.12183 -2.993757 0.12183 -2.564952 -0.12183 -2.993757 0.12183 -2.849946 0.12183 -2.849946 -0.12183 -2.993757 0.12183 -3.134941 0.12183 3.134941 -0.12183 3.134941 0.12183 2.849946 0.12183 2.849946 -0.12183 3.134941 -0.12183 2.699892 -0.12183 -0.1268376 0.12183 0.284995 -0.12183 0.284995 -0.12183 0.284995 0.12183 0.284995 0.12183 0.569989 -0.12183 0.284995 0.12183 0.569989 -0.12183 0.7337468 -0.12183 0.7337468 0.12183 0.569989 0.12183 0.854984 -0.12183 0.7337468 0.12183 0.854984 0.12183 1.139979 -0.12183 0.7337468 0.12183 1.139979 -0.12183 1.300832 -0.12183 1.300832 0.12183 1.139979 0.12183 1.424973 -0.12183 1.300832 0.12183 1.424973 0.12183 1.709968 -0.12183 1.300832 0.12183 1.709968 -0.12183 1.867609 -0.12183 1.867609 0.12183 1.709968 0.12183 1.994962 -0.12183 1.867609 0.12183 1.994962 0.12183 2.279957 -0.12183 1.867609 0.12183 2.279957 -0.12183 2.279957 -0.12183 2.279957 0.12183 2.279957 0.12183 2.564952 -0.12183 2.279957 0.12183 2.564952 -0.12183 2.699892 -0.12183 2.699892 0.12183 2.564952 0.12183 2.849946 0.242731 0.324321 -0.242731 0.297294 0.242731 -0.1443397 0.242731 -0.1443397 -0.242731 0.297294 -0.242731 0 0.242731 -0.1443397 -0.242731 0 -0.242731 -0.297294 -0.242731 0.297294 0.242731 0.324321 -0.242731 0.594588 -0.242731 0.594588 0.242731 0.324321 0.242731 0.8349955 -0.242731 0.594588 0.242731 0.8349955 -0.242731 0.891882 -0.242731 0.891882 0.242731 0.8349955 -0.242731 1.189176 -0.242731 1.189176 0.242731 0.8349955 0.242731 1.480332 -0.242731 1.189176 0.242731 1.480332 -0.242731 1.486469 -0.242731 1.486469 0.242731 1.480332 -0.242731 1.783763 -0.242731 1.783763 0.242731 1.480332 0.242731 2.125318 -0.242731 1.783763 0.242731 2.125318 -0.242731 2.081057 -0.242731 2.081057 0.242731 2.125318 -0.242731 2.378351 -0.242731 2.378351 0.242731 2.125318 0.242731 2.594565 -0.242731 2.378351 0.242731 2.594565 -0.242731 2.675645 -0.242731 2.675645 0.242731 2.594565 0.242731 3.072447 -0.242731 2.675645 0.242731 3.072447 -0.242731 2.972939 -0.242731 2.972939 0.242731 3.072447 -0.242731 3.270233 -0.242731 3.270233 0.242731 3.072447 0.242731 3.567527 -0.242731 3.270233 0.242731 3.567527 -0.242731 3.567527 -0.242731 -3.567527 0.242731 -3.406861 -0.242731 -3.270233 -0.242731 -3.270233 0.242731 -3.406861 -0.242731 -2.972939 -0.242731 -2.972939 0.242731 -3.406861 0.242731 -2.732532 -0.242731 -2.972939 0.242731 -2.732532 -0.242731 -2.675645 -0.242731 -2.675645 0.242731 -2.732532 -0.242731 -2.378351 -0.242731 -2.378351 0.242731 -2.732532 0.242731 -2.087191 -0.242731 -2.378351 0.242731 -2.087191 -0.242731 -2.081057 -0.242731 -2.081057 0.242731 -2.087191 -0.242731 -1.783763 -0.242731 -1.783763 0.242731 -2.087191 0.242731 -1.442213 -0.242731 -1.783763 0.242731 -1.442213 -0.242731 -1.486469 -0.242731 -1.486469 0.242731 -1.442213 -0.242731 -1.189176 -0.242731 -1.189176 0.242731 -1.442213 0.242731 -0.7973542 -0.242731 -1.189176 0.242731 -0.7973542 -0.242731 -0.891882 -0.242731 -0.891882 0.242731 -0.7973542 -0.242731 -0.594588 -0.242731 -0.594588 0.242731 -0.7973542 0.242731 -0.1443397 -0.242731 -0.594588 0.242731 -0.1443397 -0.242731 -0.297294 0.109922 -0.301317 0.109922 0 -0.1099219 -0.1625201 -0.1099219 -0.1625201 0.109922 0 0.109922 0.301317 -0.1099219 -0.1625201 0.109922 0.301317 -0.109922 0.4742446 -0.109922 0.4742446 0.109922 0.301317 0.109922 0.602633 -0.109922 0.4742446 0.109922 0.602633 0.109922 0.90395 -0.109922 0.4742446 0.109922 0.90395 -0.109922 1.140784 -0.109922 1.140784 0.109922 0.90395 0.109922 1.205267 -0.109922 1.140784 0.109922 1.205267 0.109922 1.506583 -0.109922 1.140784 0.109922 1.506583 -0.109922 1.807899 -0.109922 1.807899 0.109922 1.506583 0.109922 1.8079 -0.109922 1.807899 0.109922 1.8079 0.109922 2.109217 -0.109922 1.807899 0.109922 2.109217 -0.109922 2.475017 -0.109922 2.475017 0.109922 2.109217 0.109922 2.410533 -0.109922 2.475017 0.109922 2.410533 0.109922 2.71185 -0.109922 2.475017 0.109922 2.71185 -0.109922 3.141558 -0.109922 3.141558 0.109922 2.71185 0.109922 3.013167 -0.109922 3.141558 0.109922 3.013167 0.109922 3.314483 -0.109922 3.141558 0.109922 3.314483 -0.109922 3.6158 -0.109922 3.6158 0.109922 3.314483 0.109922 3.6158 -0.109922 -3.453277 0.109922 -3.6158 0.109922 -3.314483 -0.109922 -3.453277 0.109922 -3.314483 0.109922 -3.013167 -0.109922 -3.453277 0.109922 -3.013167 -0.109922 -2.958382 -0.109922 -2.958382 0.109922 -3.013167 0.109922 -2.71185 -0.109922 -2.958382 0.109922 -2.71185 -0.109922 -2.475015 -0.109922 -2.475015 0.109922 -2.71185 0.109922 -2.410533 -0.109922 -2.475015 0.109922 -2.410533 0.109922 -2.109217 -0.109922 -2.475015 0.109922 -2.109217 -0.109922 -1.807899 -0.109922 -1.807899 0.109922 -2.109217 0.109922 -1.8079 -0.109922 -1.807899 0.109922 -1.8079 0.109922 -1.506583 -0.109922 -1.807899 0.109922 -1.506583 -0.109922 -1.140785 -0.109922 -1.140785 0.109922 -1.506583 0.109922 -1.205267 -0.109922 -1.140785 0.109922 -1.205267 0.109922 -0.90395 -0.109922 -1.140785 0.109922 -0.90395 -0.109922 -0.657418 -0.109922 -0.657418 0.109922 -0.90395 0.109922 -0.602633 -0.109922 -0.657418 0.109922 -0.602633 -0.1099219 -0.1625201 -0.1099219 -0.1625201 0.109922 -0.602633 0.109922 -0.301317 -0.183547 -0.1428257 0.183547 -0.1316737 0.183547 0.3842334 -0.183547 -0.1428257 0.183547 0.3842334 -0.183547 0.292952 -0.183547 0.292952 0.183547 0.3842334 -0.183547 0.7368345 -0.183547 0.7368345 0.183547 0.3842334 0.183547 0.9242637 -0.183547 0.7368345 0.183547 0.9242637 -0.183547 1.321253 -0.183547 1.321253 0.183547 0.9242637 0.183547 1.464761 -0.183547 1.321253 0.183547 1.464761 -0.183547 1.902102 -0.183547 1.902102 0.183547 1.464761 0.183547 2.005259 -0.183547 1.902102 0.183547 2.005259 -0.183547 2.482221 -0.183547 2.482221 0.183547 2.005259 0.183547 2.545292 -0.183547 2.482221 0.183547 2.545292 -0.183547 2.929523 -0.183547 2.929523 0.183547 2.545292 0.183547 2.929523 -0.183547 -2.929523 0.183547 -2.797847 -0.183547 -2.482221 -0.183547 -2.482221 0.183547 -2.797847 0.183547 -2.396883 -0.183547 -2.482221 0.183547 -2.396883 0.183547 -2.005258 -0.183547 -2.482221 0.183547 -2.005258 -0.183547 -1.902103 -0.183547 -1.902103 0.183547 -2.005258 0.183547 -1.464761 -0.183547 -1.902103 0.183547 -1.464761 -0.183547 -1.321252 -0.183547 -1.321252 0.183547 -1.464761 0.183547 -0.924265 -0.183547 -1.321252 0.183547 -0.924265 -0.183547 -0.7368365 -0.183547 -0.7368365 0.183547 -0.924265 0.183547 -0.532641 -0.183547 -0.7368365 0.183547 -0.532641 -0.183547 -0.1428257 -0.183547 -0.1428257 0.183547 -0.532641 0.183547 -0.1316737 -0.01572948 0.07400059 0.3060668 -0.122936 0.284504 0.252156 -0.01572948 0.07400059 0.284504 0.252156 0.06593179 0.5661892 -0.01572948 0.07400059 0.06593179 0.5661892 -0.2144096 0.3722421 -0.2144096 0.3722421 0.06593179 0.5661892 -0.3893258 0.7635874 -0.2144096 0.3722421 -0.3893258 0.7635874 -0.5689917 0.4241555 -0.5689917 0.4241555 -0.3893258 0.7635874 -0.761949 0.711172 -0.5689917 0.4241555 -0.761949 0.711172 -1.063784 0.458518 -0.5689917 0.4241555 -1.063784 0.458518 -0.8448296 0.1953881 -0.8448296 0.1953881 -1.063784 0.458518 -1.21599 1.78814e-7 -0.8448296 0.1953881 -1.21599 1.78814e-7 -0.8593943 -0.162675 -0.8593943 -0.162675 -1.21599 1.78814e-7 -1.063785 -0.4585165 -0.8593943 -0.162675 -1.063785 -0.4585165 -0.6030483 -0.4130898 -0.6030483 -0.4130898 -1.063785 -0.4585165 -0.761949 -0.711172 -0.6030483 -0.4130898 -0.761949 -0.711172 -0.3893251 -0.7635872 -0.6030483 -0.4130898 -0.3893251 -0.7635872 -0.310942 -0.427975 -0.310942 -0.427975 -0.3893251 -0.7635872 0.06593054 -0.5661903 -0.310942 -0.427975 0.06593054 -0.5661903 -0.1044229 -0.2732095 -0.1044229 -0.2732095 0.06593054 -0.5661903 0.3060668 -0.122936 -0.1044229 -0.2732095 0.3060668 -0.122936 -0.01572948 0.07400059 0.07499998 0.07621008 -0.07499998 0 -0.07499998 -0.1884959 0.07499998 0.07621008 -0.07499998 -0.1884959 0.07499998 -0.3007812 0.07499998 -0.3007812 -0.07499998 -0.1884959 -0.07499998 -0.376991 0.07499998 -0.3007812 -0.07499998 -0.376991 -0.07499998 -0.565487 0.07499998 -0.3007812 -0.07499998 -0.565487 0.07499998 -0.565487 0.07499998 -0.565487 -0.07499998 -0.565487 -0.07499998 -0.753982 0.07499998 -0.565487 -0.07499998 -0.753982 0.07499998 -0.8662673 0.07499998 -0.8662673 -0.07499998 -0.753982 -0.07499998 -0.942478 0.07499998 -0.8662673 -0.07499998 -0.942478 -0.07499998 -1.130973 0.07499998 -0.8662673 -0.07499998 -1.130973 0.07499998 -1.243257 0.07499998 -1.243257 -0.07499998 -1.130973 -0.07499998 -1.319469 0.07499998 1.507964 -0.07499998 1.507964 -0.07499998 1.319469 0.07499998 1.507964 -0.07499998 1.319469 0.07499998 1.207185 0.07499998 1.207185 -0.07499998 1.319469 -0.07499998 1.130973 0.07499998 1.207185 -0.07499998 1.130973 -0.07499998 0.942478 0.07499998 1.207185 -0.07499998 0.942478 0.07499998 0.8301948 0.07499998 0.8301948 -0.07499998 0.942478 -0.07499998 0.753982 0.07499998 0.8301948 -0.07499998 0.753982 -0.07499998 0.565487 0.07499998 0.8301948 -0.07499998 0.565487 0.07499998 0.4532015 0.07499998 0.4532015 -0.07499998 0.565487 -0.07499998 0.376991 0.07499998 0.4532015 -0.07499998 0.376991 -0.07499998 0.1884959 0.07499998 0.4532015 -0.07499998 0.1884959 0.07499998 0.07621008 0.07499998 0.07621008 -0.07499998 0.1884959 -0.07499998 0 -0.02649682 -0.1384504 -0.01882618 0.04548364 -0.02123427 0.2234178 -0.01882523 -0.3193386 -0.02649682 -0.1384504 -0.0212745 -0.5023474 -0.1238045 0.05708956 -0.360388 0.173553 -0.4 0 -0.1238045 0.05708956 -0.4 0 -0.360388 -0.173553 -0.360388 0.173553 -0.1238045 0.05708956 -0.249396 0.312733 -0.249396 0.312733 -0.1238045 0.05708956 -0.08900797 0.389971 -0.08900797 0.389971 -0.1238045 0.05708956 0.03000038 0.1419615 -0.08900797 0.389971 0.03000038 0.1419615 0.08900797 0.389971 0.08900797 0.389971 0.03000038 0.1419615 0.249396 0.312733 0.249396 0.312733 0.03000038 0.1419615 0.1379424 0.04499983 0.249396 0.312733 0.1379424 0.04499983 0.360388 0.173553 0.360388 0.173553 0.1379424 0.04499983 0.3808563 -0.0838747 0.3808563 -0.0838747 0.1379424 0.04499983 0.07867294 -0.111343 0.3808563 -0.0838747 0.07867294 -0.111343 0.249396 -0.312733 0.249396 -0.312733 0.07867294 -0.111343 0.08900797 -0.389971 0.08900797 -0.389971 0.07867294 -0.111343 -0.08900797 -0.389971 -0.08900797 -0.389971 0.07867294 -0.111343 -0.09696257 -0.1079414 -0.08900797 -0.389971 -0.09696257 -0.1079414 -0.249396 -0.312733 -0.249396 -0.312733 -0.09696257 -0.1079414 -0.360388 -0.173553 -0.360388 -0.173553 -0.09696257 -0.1079414 -0.1238045 0.05708956 1.028673 -0.111343 1.889389 0 1.087942 0.04499983 1.087942 0.04499983 1.889389 0 1.80592 0.41219 1.087942 0.04499983 1.80592 0.41219 1.646399 0.646164 1.028673 -0.111343 1.646399 -0.646164 1.80592 -0.41219 1.028673 -0.111343 1.80592 -0.41219 1.889389 0 1.028673 -0.111343 1.161395 -0.926182 1.425 -0.822724 1.028673 -0.111343 1.425 -0.822724 1.646399 -0.646164 0.8530375 -0.1079414 0.4803068 -0.8135357 1.028673 -0.111343 1.028673 -0.111343 0.4803068 -0.8135357 0.879006 -0.947344 1.028673 -0.111343 0.879006 -0.947344 1.161395 -0.926182 0.4803068 -0.8135357 0.8530375 -0.1079414 0.165073 -0.535154 0.165073 -0.535154 0.8530375 -0.1079414 0.04220587 -0.280017 0.04220587 -0.280017 0.8530375 -0.1079414 0.8261955 0.05708956 0.04220587 -0.280017 0.8261955 0.05708956 0 0 0 0 0.8261955 0.05708956 0.04220587 0.280017 0.04220587 0.280017 0.8261955 0.05708956 0.165073 0.535154 0.165073 0.535154 0.8261955 0.05708956 0.480306 0.8135352 0.480306 0.8135352 0.8261955 0.05708956 0.9800005 0.1419615 0.480306 0.8135352 0.9800005 0.1419615 0.879006 0.947344 0.879006 0.947344 0.9800005 0.1419615 1.161395 0.926182 1.161395 0.926182 0.9800005 0.1419615 1.425 0.822724 1.425 0.822724 0.9800005 0.1419615 1.646399 0.646164 1.646399 0.646164 0.9800005 0.1419615 1.087942 0.04499983 0.01989024 -1.079519 0.01820391 -1.368419 0.02130341 -1.649262 0.04702031 3.044413 0.02748626 2.803873 0.03406697 2.514393 0.02623933 1.069894 0.01935362 0.788785 0.02044218 0.5080969 0.160903 0.285599 -0.160903 0.1184491 0.160903 -0.1184487 0.160903 -0.1184487 -0.160903 0.1184491 -0.160903 -0.285599 0.160903 -0.1184487 -0.160903 -0.285599 -0.160903 -0.571199 0.160903 -0.1184487 -0.160903 -0.571199 0.160903 -0.571199 0.160903 -0.571199 -0.160903 -0.571199 -0.160903 -0.856798 0.160903 -0.571199 -0.160903 -0.856798 0.160903 -0.856798 0.160903 -0.856798 -0.160903 -0.856798 -0.160903 -1.142397 0.160903 -0.856798 -0.160903 -1.142397 0.160903 -1.142397 0.160903 -1.142397 -0.160903 -1.142397 -0.160903 -1.427997 0.160903 -1.142397 -0.160903 -1.427997 0.160903 -1.427997 0.160903 -1.427997 -0.160903 -1.427997 -0.160903 -1.713596 0.160903 -1.427997 -0.160903 -1.713596 0.160903 -1.713596 0.160903 -1.713596 -0.160903 -1.713596 -0.160903 -1.999195 0.160903 -1.713596 -0.160903 -1.999195 0.160903 -1.999195 0.160903 -1.999195 -0.160903 -1.999195 -0.160903 -2.284795 0.160903 -1.999195 -0.160903 -2.284795 0.160903 -2.284795 0.160903 -2.284795 -0.160903 -2.284795 -0.160903 -2.570394 0.160903 -2.284795 -0.160903 -2.570394 0.160903 -2.570394 0.160903 -2.570394 -0.160903 -2.570394 -0.160903 -2.855993 0.160903 -2.570394 -0.160903 -2.855993 0.160903 -2.855993 0.160903 -2.855993 -0.160903 -2.855993 0.160903 -3.141593 0.160903 -3.141593 -0.160903 -2.855993 -0.160903 -3.141593 0.160903 3.141593 -0.160903 3.141593 0.160903 2.855993 0.160903 2.855993 -0.160903 3.141593 -0.160903 2.855993 0.160903 2.855993 -0.160903 2.855993 -0.160903 2.570394 -0.160903 0.1184491 0.160903 0.285599 0.160903 0.571199 -0.160903 0.1184491 0.160903 0.571199 -0.160903 0.571199 -0.160903 0.571199 0.160903 0.571199 0.160903 0.856798 -0.160903 0.571199 0.160903 0.856798 -0.160903 0.856798 -0.160903 0.856798 0.160903 0.856798 0.160903 1.142397 -0.160903 0.856798 0.160903 1.142397 -0.160903 1.142397 -0.160903 1.142397 0.160903 1.142397 0.160903 1.427997 -0.160903 1.142397 0.160903 1.427997 -0.160903 1.427997 -0.160903 1.427997 0.160903 1.427997 0.160903 1.713596 -0.160903 1.427997 0.160903 1.713596 -0.160903 1.713596 -0.160903 1.713596 0.160903 1.713596 0.160903 1.999195 -0.160903 1.713596 0.160903 1.999195 -0.160903 1.999195 -0.160903 1.999195 0.160903 1.999195 0.160903 2.284795 -0.160903 1.999195 0.160903 2.284795 -0.160903 2.284795 -0.160903 2.284795 0.160903 2.284795 0.160903 2.570394 -0.160903 2.284795 0.160903 2.570394 -0.160903 2.570394 -0.160903 2.570394 0.160903 2.570394 0.160903 2.855993 -0.02209895 0.5157453 -0.01735103 0.7945269 -0.01989001 1.079517 -0.01989001 1.079517 -0.01820468 1.368419 -0.02130329 1.649263 -0.02988946 1.936815 -0.02211987 2.227268 -0.03841197 2.512913 -0.03841197 2.512913 -0.02999126 2.803292 -0.03618806 3.091671 -0.0446245 -2.802799 -0.02751946 -2.512253 -0.03278702 -2.223752 -0.03868794 -1.929938 -0.02165615 -1.650455 -0.02257567 -1.360527 -0.02294683 -0.7846305 -0.01899486 -0.5013716 -0.02017694 -0.222452 0.769456 0.335653 -0.769456 0.335653 0.769456 0 0.769456 0 -0.769456 0.335653 -0.769456 0 0.769456 0 -0.769456 0 0.769456 -0.335653 0.769456 -0.335653 -0.769456 0 -0.769456 -0.335653 0.769456 -0.335653 -0.769456 -0.335653 0.769456 -0.671306 0.769456 -0.671306 -0.769456 -0.335653 -0.769456 -0.671306 0.769456 -0.671306 -0.769456 -0.671306 0.769456 -1.006958 0.769456 -1.006958 -0.769456 -0.671306 -0.769456 -1.006958 0.769456 -1.006958 -0.769456 -1.006958 0.769456 -1.342611 0.769456 -1.342611 -0.769456 -1.006958 -0.769456 -1.342611 0.769456 -1.342611 -0.769456 -1.342611 0.769456 -1.678264 0.769456 -1.678264 -0.769456 -1.342611 -0.769456 -1.678264 0.769456 -1.678264 -0.769456 -1.678264 0.769456 -2.013917 0.769456 -2.013917 -0.769456 -1.678264 -0.769456 -2.013917 0.769456 -2.013917 -0.769456 -2.013917 0.769456 -2.349569 0.769456 -2.349569 -0.769456 -2.013917 -0.769456 -2.349569 0.769456 -2.349569 -0.769456 -2.349569 0.769456 -2.685222 0.769456 -2.685222 -0.769456 -2.349569 -0.769456 -2.685222 0.769456 -2.685222 -0.769456 -2.685222 0.769456 -3.020875 0.769456 -3.020875 -0.769456 -2.685222 -0.769456 -3.020875 0.769456 -3.020875 -0.769456 -3.020875 0.769456 -3.356528 0.769456 -3.356528 -0.769456 -3.020875 -0.769456 -3.356528 0.769456 -3.356528 -0.769456 -3.356528 0.769456 -3.69218 0.769456 -3.69218 -0.769456 -3.356528 -0.769456 -3.69218 0.769456 -3.69218 -0.769456 -3.69218 0.769456 -4.027833 0.769456 -4.027833 -0.769456 -3.69218 -0.769456 -4.027833 0.769456 4.027833 -0.769456 4.027833 0.769456 3.69218 0.769456 3.69218 -0.769456 4.027833 -0.769456 3.69218 0.769456 3.69218 -0.769456 3.69218 0.769456 3.356528 0.769456 3.356528 -0.769456 3.69218 -0.769456 3.356528 0.769456 3.356528 -0.769456 3.356528 0.769456 3.020875 0.769456 3.020875 -0.769456 3.356528 -0.769456 3.020875 0.769456 3.020875 -0.769456 3.020875 0.769456 2.685222 0.769456 2.685222 -0.769456 3.020875 -0.769456 2.685222 0.769456 2.685222 -0.769456 2.685222 0.769456 2.349569 0.769456 2.349569 -0.769456 2.685222 -0.769456 2.349569 0.769456 2.349569 -0.769456 2.349569 0.769456 2.013917 0.769456 2.013917 -0.769456 2.349569 -0.769456 2.013917 0.769456 2.013917 -0.769456 2.013917 0.769456 1.678264 0.769456 1.678264 -0.769456 2.013917 -0.769456 1.678264 0.769456 1.678264 -0.769456 1.678264 0.769456 1.342611 0.769456 1.342611 -0.769456 1.678264 -0.769456 1.342611 0.769456 1.342611 -0.769456 1.342611 0.769456 1.006958 0.769456 1.006958 -0.769456 1.342611 -0.769456 1.006958 0.769456 1.006958 -0.769456 1.006958 0.769456 0.671306 0.769456 0.671306 -0.769456 1.006958 -0.769456 0.671306 0.769456 0.671306 -0.769456 0.671306 0.769456 0.335653 0.769456 0.335653 -0.769456 0.671306 -0.769456 0.335653 0.1 -0.2693798 0 -0.2181389 0 -0.314159 0.1 0.2932153 0 0.2267684 0.1 0.188497 0.1 0.188497 0 0.2267684 0.1 0.05904501 0.1 0.05904501 0 0.2267684 0 0.04366064 0.1 0.05904501 0 0.04366064 0.1 -0.09602034 0.1 -0.09602034 0 0.04366064 0 -0.08377498 0.1 -0.09602034 0 -0.08377498 0 -0.2181389 0.1 -0.09602034 0 -0.2181389 0.1 -0.2693798 0.07860589 -0.02915519 -0.07614582 0.05133426 -0.05244868 -0.07422876 -0.07614582 0.05133426 0.07860589 -0.02915519 0.03000104 0.09196144 0.9015531 0.408604 -0.9015526 0.4086051 0.9799779 -0.139257 0.9799779 -0.139257 -0.9015526 0.4086051 -0.979978 -0.1392564 0.9799779 -0.139257 -0.979978 -0.1392564 0.6345952 -0.7394993 0.6345952 -0.7394993 -0.979978 -0.1392564 -0.634596 -0.7394989 0.6345952 -0.7394993 -0.634596 -0.7394989 0 -0.989821 -0.9015526 0.4086051 0.9015531 0.408604 -0.5429999 0.8276385 -0.5429999 0.8276385 0.9015531 0.408604 0.5429987 0.8276394 -0.5429999 0.8276385 0.5429987 0.8276394 0 0.989821 0.05244863 -0.07422882 0.1455402 0.001637637 0.05349677 0.06455224 0.05349677 0.06455224 0.1455402 0.001637637 0.04069286 0.1490963 0.05349677 0.06455224 0.04069286 0.1490963 -0.1064319 0.1121321 0.1455402 0.001637637 0.05244863 -0.07422882 0.001408874 -0.1456687 0.001408874 -0.1456687 0.05244863 -0.07422882 -0.06464171 -0.07196116 0.001408874 -0.1456687 -0.06464171 -0.07196116 -0.1489305 -0.04131168 -0.1489305 -0.04131168 -0.06464171 -0.07196116 -0.08253616 0.03806006 -0.1489305 -0.04131168 -0.08253616 0.03806006 -0.1064319 0.1121321 -0.1064319 0.1121321 -0.08253616 0.03806006 0.05349677 0.06455224 -1.464998 -0.4703106 0 -0.2468189 -1.464998 0.1568228 -1.464998 0.1568228 0 -0.2468189 0 0.0818777 -1.464998 -0.4703106 0 -0.5743286 0 -0.2468189 -1.464998 -1.065536 0 -0.9110621 -1.464998 -0.4703106 -1.464998 -0.4703106 0 -0.9110621 0 -0.5743286 0 -0.9110621 -1.464998 -1.065536 0 -1.247796 0 -1.247796 -1.464998 -1.065536 -1.464998 -1.665301 0 -1.247796 -1.464998 -1.665301 0 -1.575304 0 -1.575304 -1.464998 -1.665301 0 -1.822124 0 1.740247 -1.464998 1.722805 0 1.322433 0 1.322433 -1.464998 1.722805 -1.464998 0.9164103 0 1.322433 -1.464998 0.9164103 0 0.9110621 0 0.9110621 -1.464998 0.9164103 0 0.4996908 0 0.4996908 -1.464998 0.9164103 -1.464998 0.1568228 0 0.4996908 -1.464998 0.1568228 0 0.0818777 -1.23053 2.4 -1.302544 0.722243 -0.6234117 0.7477507 -1.23053 2.4 -0.6234117 0.7477507 -0.5077407 2.4 -0.5077407 2.4 -0.6234117 0.7477507 -0.03145301 0.7180758 -0.03145301 0.7180758 0.01516675 2.4 -0.5077407 2.4 0.01516675 2.4 -0.03145301 0.7180758 0.4760379 0.7449423 0.01516675 2.4 0.4760379 0.7449423 0.4354287 2.4 0.4354287 2.4 0.4760379 0.7449423 0.9199084 2.4 0.9199084 2.4 0.4760379 0.7449423 1.433133 0.7151491 0.9199084 2.4 1.433133 0.7151491 1.437047 2.4 -0.04337298 -0.3051447 -0.2482993 -0.6467182 -0.05403572 -0.4555505 -0.04337298 -0.3051447 -0.05403572 -0.4555505 0.1172471 -0.011155 -0.04337298 -0.3051447 0.1172471 -0.011155 0.2018628 0.4302397 -1.230526 2.4 -1.262445 0.7236669 -0.5077366 2.4 -0.5077366 2.4 -1.262445 0.7236669 -0.1713522 0.7269295 -0.1713522 0.7269295 0.01516574 2.4 -0.5077366 2.4 0.01516574 2.4 -0.1713522 0.7269295 0.4735671 0.7449196 0.01516574 2.4 0.4735671 0.7449196 0.4354261 2.4 0.4354261 2.4 0.4735671 0.7449196 0.9199076 2.4 0.9199076 2.4 0.4735671 0.7449196 1.320093 0.7218515 0.9199076 2.4 1.320093 0.7218515 1.437047 2.4 -0.04337459 -0.3051481 -0.2482998 -0.6467185 -0.05403679 -0.4555523 -0.04337459 -0.3051481 -0.05403679 -0.4555523 0.1172469 -0.01115614 -0.04337459 -0.3051481 0.1172469 -0.01115614 0.2018616 0.4302349 -1.230529 2.4 -1.256077 0.7240362 -0.5077401 2.4 -0.5077401 2.4 -1.256077 0.7240362 -0.1681789 0.7267083 -0.1681789 0.7267083 0.0151658 2.4 -0.5077401 2.4 0.0151658 2.4 -0.1681789 0.7267083 0.4741989 0.7449781 0.0151658 2.4 0.4741989 0.7449781 0.4354299 2.4 0.4354299 2.4 0.4741989 0.7449781 0.9199115 2.4 0.9199115 2.4 0.4741989 0.7449781 1.315513 0.7221231 0.9199115 2.4 1.315513 0.7221231 1.437047 2.4 -0.04337322 -0.3051451 -0.2482997 -0.6467185 -0.05403524 -0.4555498 -0.04337322 -0.3051451 -0.05403524 -0.4555498 0.1172481 -0.01115179 -0.04337322 -0.3051451 0.1172481 -0.01115179 0.2018625 0.4302386 -1.230535 2.4 -1.264886 0.7235221 -0.5077392 2.4 -0.5077392 2.4 -1.264886 0.7235221 -0.161781 0.7262423 -0.161781 0.7262423 0.01516532 2.4 -0.5077392 2.4 0.01516532 2.4 -0.161781 0.7262423 0.4749002 0.7449319 0.01516532 2.4 0.4749002 0.7449319 0.435425 2.4 0.435425 2.4 0.4749002 0.7449319 0.919907 2.4 0.919907 2.4 0.4749002 0.7449319 1.302553 0.7228915 0.919907 2.4 1.302553 0.7228915 1.437047 2.4 -0.04337358 -0.305146 -0.2483 -0.6467186 -0.05403727 -0.455553 -0.04337358 -0.305146 -0.05403727 -0.455553 0.1172465 -0.0111559 -0.04337358 -0.305146 0.1172465 -0.0111559 0.2018643 0.4302461 -1.230531 2.4 -1.260311 0.7238106 -0.5077381 2.4 -0.5077381 2.4 -1.260311 0.7238106 -0.169253 0.7267856 -0.169253 0.7267856 0.2715254 2.4 -0.5077381 2.4 0.2715254 2.4 -0.169253 0.7267856 0.4737747 0.7449297 0.2715254 2.4 0.4737747 0.7449297 0.9199084 2.4 0.9199084 2.4 0.4737747 0.7449297 1.313669 0.7222324 0.9199084 2.4 1.313669 0.7222324 1.437047 2.4 -0.043374 -0.3051468 -0.1297988 -0.5301073 0.1172471 -0.01115483 -0.043374 -0.3051468 0.1172471 -0.01115483 0.2018629 0.4302405 -1.230532 2.4 -1.299691 0.7224392 -0.6164675 0.7477185 -1.230532 2.4 -0.6164675 0.7477185 -0.5077379 2.4 -0.5077379 2.4 -0.6164675 0.7477185 -0.03465795 0.7183977 -0.03465795 0.7183977 0.01516622 2.4 -0.5077379 2.4 0.01516622 2.4 -0.03465795 0.7183977 0.4734781 0.744917 0.01516622 2.4 0.4734781 0.744917 0.4354296 2.4 0.4354296 2.4 0.4734781 0.744917 0.9199118 2.4 0.9199118 2.4 0.4734781 0.744917 1.43371 0.7151148 0.9199118 2.4 1.43371 0.7151148 1.437047 2.4 -0.04337406 -0.305147 -0.2482995 -0.6467183 -0.05403536 -0.45555 -0.04337406 -0.305147 -0.05403536 -0.45555 0.1172481 -0.01115119 -0.04337406 -0.305147 0.1172481 -0.01115119 0.2018634 0.4302423 -1.23053 2.4 -1.29982 0.7224255 -0.6188423 0.7477317 -1.23053 2.4 -0.6188423 0.7477317 -0.5077391 2.4 -0.5077391 2.4 -0.6188423 0.7477317 -0.03498595 0.7184306 -0.03498595 0.7184306 0.01516634 2.4 -0.5077391 2.4 0.01516634 2.4 -0.03498595 0.7184306 0.4730676 0.7449074 0.01516634 2.4 0.4730676 0.7449074 0.4354287 2.4 0.4354287 2.4 0.4730676 0.7449074 0.91991 2.4 0.91991 2.4 0.4730676 0.7449074 1.433904 0.7151033 0.91991 2.4 1.433904 0.7151033 1.437047 2.4 -0.04337358 -0.3051459 -0.2482995 -0.6467183 -0.05403572 -0.4555505 -0.04337358 -0.3051459 -0.05403572 -0.4555505 0.1172476 -0.01115339 -0.04337358 -0.3051459 0.1172476 -0.01115339 0.2018626 0.4302391 -1.230534 2.4 -1.30001 0.7224097 -0.6215332 0.7477455 -1.230534 2.4 -0.6215332 0.7477455 -0.5077431 2.4 -0.5077431 2.4 -0.6215332 0.7477455 -0.03496563 0.7184286 -0.03496563 0.7184286 0.2715248 2.4 -0.5077431 2.4 0.2715248 2.4 -0.03496563 0.7184286 0.4747439 0.7449297 0.2715248 2.4 0.4747439 0.7449297 0.9199086 2.4 0.9199086 2.4 0.4747439 0.7449297 1.433788 0.7151103 0.9199086 2.4 1.433788 0.7151103 1.437047 2.4 -0.04337209 -0.3051427 -0.1297993 -0.530107 0.1172473 -0.01115554 -0.04337209 -0.3051427 0.1172473 -0.01115554 0.2018638 0.4302442 -1.230528 2.4 -1.273086 0.7230471 -0.5077379 2.4 -0.5077379 2.4 -1.273086 0.7230471 -0.1604562 0.7261444 -0.1604562 0.7261444 0.01516783 2.4 -0.5077379 2.4 0.01516783 2.4 -0.1604562 0.7261444 0.47708 0.7449441 0.01516783 2.4 0.47708 0.7449441 0.4354326 2.4 0.4354326 2.4 0.47708 0.7449441 0.9199085 2.4 0.9199085 2.4 0.47708 0.7449441 1.289572 0.7236612 0.9199085 2.4 1.289572 0.7236612 1.437047 2.4 -0.04337406 -0.305147 -0.2482988 -0.6467179 -0.05403411 -0.4555479 -0.04337406 -0.305147 -0.05403411 -0.4555479 0.1172469 -0.01115417 -0.04337406 -0.305147 0.1172469 -0.01115417 0.201862 0.4302366 -1.23053 2.4 -1.252812 0.7242007 -0.5077387 2.4 -0.5077387 2.4 -1.252812 0.7242007 -0.166925 0.7266176 -0.166925 0.7266176 0.01516586 2.4 -0.5077387 2.4 0.01516586 2.4 -0.166925 0.7266176 0.4743891 0.7449555 0.01516586 2.4 0.4743891 0.7449555 0.4354285 2.4 0.4354285 2.4 0.4743891 0.7449555 0.9199098 2.4 0.9199098 2.4 0.4743891 0.7449555 1.314193 0.7222014 0.9199098 2.4 1.314193 0.7222014 1.437047 2.4 -0.04337376 -0.3051463 -0.2482997 -0.6467184 -0.05403578 -0.4555506 -0.04337376 -0.3051463 -0.05403578 -0.4555506 0.1172475 -0.01115357 -0.04337376 -0.3051463 0.1172475 -0.01115357 0.2018627 0.4302394 -1.230534 2.4 -1.313445 0.721526 -0.6249495 0.7477764 -1.230534 2.4 -0.6249495 0.7477764 -0.5077393 2.4 -0.5077393 2.4 -0.6249495 0.7477764 -0.03342449 0.7182738 -0.03342449 0.7182738 0.01516604 2.4 -0.5077393 2.4 0.01516604 2.4 -0.03342449 0.7182738 0.4745675 0.7449428 0.01516604 2.4 0.4745675 0.7449428 0.4354313 2.4 0.4354313 2.4 0.4745675 0.7449428 0.9199118 2.4 0.9199118 2.4 0.4745675 0.7449428 1.431295 0.7152581 0.9199118 2.4 1.431295 0.7152581 1.437047 2.4 -0.04337352 -0.3051458 -0.2482997 -0.6467184 -0.0540347 -0.4555488 -0.04337352 -0.3051458 -0.0540347 -0.4555488 0.1172482 -0.01115155 -0.04337352 -0.3051458 0.1172482 -0.01115155 0.2018638 0.4302438 1.877935 -0.3455747 0.04999995 -0.4057484 1.877935 -0.471239 1.877935 0.4027264 0.04999995 0.471239 0.04999995 0.3455765 1.877935 0.4027264 0.04999995 0.3455765 1.877935 0.1671072 1.877935 0.1671072 0.04999995 0.3455765 0.04999995 0.1440303 1.877935 0.1671072 0.04999995 0.1440303 1.877935 -0.03141587 1.877935 -0.03141587 0.04999995 0.1440303 0.04999995 -0.04712378 1.877935 -0.03141587 0.04999995 -0.04712378 1.877935 -0.1884952 1.877935 -0.1884952 0.04999995 -0.04712378 0.04999995 -0.2042029 1.877935 -0.1884952 0.04999995 -0.2042029 1.877935 -0.3455747 1.877935 -0.3455747 0.04999995 -0.2042029 0.04999995 -0.4057484 1.073795 -0.06041598 1.86732 -0.2031868 1.825323 0.341099 1.86732 -0.2031868 1.073795 -0.06041598 1.58942 -0.6882884 1.58942 -0.6882884 1.073795 -0.06041598 1.08177 -0.930107 1.08177 -0.930107 1.073795 -0.06041598 0.8895846 -0.1237941 1.08177 -0.930107 0.8895846 -0.1237941 0.658851 -0.904285 0.658851 -0.904285 0.8895846 -0.1237941 0.2883546 -0.6671327 0.2883546 -0.6671327 0.8895846 -0.1237941 0.06147295 -0.336183 0.06147295 -0.336183 0.8895846 -0.1237941 0.8080384 0.02999985 0.06147295 -0.336183 0.8080384 0.02999985 0.0120449 0.05735373 0.0120449 0.05735373 0.8080384 0.02999985 0.2117919 0.5812084 0.2117919 0.5812084 0.8080384 0.02999985 0.9049997 0.1379423 0.2117919 0.5812084 0.9049997 0.1379423 0.6713279 0.897203 0.6713279 0.897203 0.9049997 0.1379423 1.216608 0.9010401 1.216608 0.9010401 0.9049997 0.1379423 1.046961 0.1079426 1.216608 0.9010401 1.046961 0.1079426 1.604671 0.688408 1.604671 0.688408 1.046961 0.1079426 1.825323 0.341099 1.825323 0.341099 1.046961 0.1079426 1.073795 -0.06041598 -1.597349 0.9229809 -0.04999995 0.7454938 -0.4539347 0.9963954 -1.597349 0.9229809 -1.171737 0.6776347 -0.04999995 0.7454938 -0.04999995 0.7454938 -1.171737 0.6776347 -0.4514692 0.4530873 -0.04999995 0.7454938 -0.4514692 0.4530873 -0.04999995 0.1840082 -0.04999995 0.1840082 -0.4514692 0.4530873 -1.50991 0.3254929 -1.50991 0.3254929 -0.4514692 0.4530873 -1.371046 0.7207739 -1.50991 0.3254929 -1.371046 0.7207739 -1.877935 0.7501977 -1.877935 0.7501977 -1.371046 0.7207739 -1.597349 0.9229809 -1.877935 0.7501977 -1.597349 0.9229809 -1.877935 1.196345 -1.877935 1.196345 -1.597349 0.9229809 -1.372018 1.263922 -1.521784 -2.926153 -0.6033626 -2.769666 -1.877935 -2.63158 -1.615561 3.107835 -1.877935 3.186021 -1.877935 2.7773 -0.6033626 -2.769666 -1.521784 -2.926153 -0.04999995 -2.952568 -0.04999995 2.901781 -1.266858 2.88626 -0.5959495 2.655241 -0.04999995 2.901781 -0.5959495 2.655241 -0.04999995 2.452075 -0.5959495 2.655241 -1.877935 2.7773 -1.595493 2.54944 -0.5959495 2.655241 -1.372909 2.8923 -1.877935 2.7773 -1.372909 2.8923 -1.615561 3.107835 -1.877935 2.7773 -1.504888 -1.848408 -0.6091072 -1.68252 -1.877935 -1.765718 -1.877935 -1.765718 -0.6091072 -1.68252 -1.372458 -1.449173 -0.6091072 -1.68252 -1.504888 -1.848408 -0.04999995 -1.810498 -0.04999995 -1.810498 -1.504888 -1.848408 -0.6050885 -2.226252 -0.04999995 -1.810498 -0.6050885 -2.226252 -0.04999989 -2.384523 -0.04999989 -2.384523 -0.6050885 -2.226252 -1.504185 -2.391511 -1.504185 -2.391511 -0.6050885 -2.226252 -1.877935 -2.214527 -1.877935 -2.214527 -0.6050885 -2.226252 -1.372739 -1.991771 -1.877935 -2.214527 -1.372739 -1.991771 -1.877935 -1.765718 -1.877935 -1.765718 -1.372739 -1.991771 -1.504888 -1.848408 -1.509049 -0.2177203 -0.04999995 -0.224851 -0.6163573 -0.05542737 -0.04999995 -0.224851 -1.509049 -0.2177203 -0.04999995 -0.6810112 -0.04999995 -0.6810112 -1.509049 -0.2177203 -0.6101361 -0.5983316 -0.6101361 -0.5983316 -1.596207 -0.7058314 -0.04999995 -0.6810112 -0.04999995 -0.6810112 -1.596207 -0.7058314 -1.170517 -0.9508829 -1.596207 -0.7058314 -0.6101361 -0.5983316 -1.877935 -0.6337447 -1.877935 -0.6337447 -0.6101361 -0.5983316 -1.371912 -0.3640584 -1.877935 -0.6337447 -1.371912 -0.3640584 -1.877935 -0.05819672 -1.877935 -0.05819672 -1.371912 -0.3640584 -1.509049 -0.2177203 -1.877935 -0.05819672 -1.509049 -0.2177203 -1.370213 0.1777367 -0.04999989 -2.384523 -1.504185 -2.391511 -0.6033626 -2.769666 -0.04999989 -2.384523 -0.6033626 -2.769666 -0.04999995 -2.952568 -1.877935 -2.63158 -0.6033626 -2.769666 -1.372804 -2.534181 -1.372804 -2.534181 -1.504185 -2.391511 -1.877935 -2.63158 -1.877935 -2.63158 -1.504185 -2.391511 -1.877935 -2.214527 -1.595493 2.54944 -1.177703 2.308169 -0.5959495 2.655241 -0.5959495 2.655241 -1.177703 2.308169 -0.04999995 2.452075 -0.04999995 2.452075 -1.177703 2.308169 -0.4544343 2.081767 -0.04999995 2.452075 -0.4544343 2.081767 -0.04999995 1.878878 -0.04999995 1.878878 -0.4544343 2.081767 -1.595303 2.006652 -1.595303 2.006652 -0.4544343 2.081767 -1.877935 2.203343 -1.595303 2.006652 -1.877935 2.203343 -1.373241 1.807229 -1.373241 1.807229 -1.877935 2.203343 -1.877935 1.625931 -1.373241 1.807229 -1.877935 1.625931 -0.4540789 1.539072 -0.4540789 1.539072 -1.877935 1.625931 -0.04999989 1.318664 -0.4540789 1.539072 -0.04999989 1.318664 -0.04999995 1.878878 -0.4540789 1.539072 -0.04999995 1.878878 -1.175672 1.764632 -1.175672 1.764632 -0.04999995 1.878878 -1.595303 2.006652 -1.877935 2.203343 -0.4544343 2.081767 -1.372968 2.349698 -1.372968 2.349698 -1.595493 2.54944 -1.877935 2.203343 -1.877935 2.203343 -1.595493 2.54944 -1.877935 2.7773 -1.595315 1.464023 -0.04999989 1.318664 -1.877935 1.625931 -1.595315 1.464023 -1.877935 1.625931 -1.372018 1.263922 -1.372018 1.263922 -1.877935 1.625931 -1.877935 1.196345 -1.595315 1.464023 -1.173366 1.220978 -0.04999989 1.318664 -0.04999989 1.318664 -1.173366 1.220978 -0.4539347 0.9963954 -0.04999989 1.318664 -0.4539347 0.9963954 -0.04999995 0.7454938 -0.4539347 0.9963954 -1.372018 1.263922 -1.597349 0.9229809 -0.04999995 0.1840082 -1.50991 0.3254929 -0.6163573 -0.05542737 -0.04999995 0.1840082 -0.6163573 -0.05542737 -0.04999995 -0.224851 -0.6163573 -0.05542737 -1.370213 0.1777367 -1.509049 -0.2177203 -1.877935 -0.05819672 -1.370213 0.1777367 -1.877935 0.343627 -1.877935 0.343627 -1.370213 0.1777367 -1.50991 0.3254929 -1.877935 0.343627 -1.50991 0.3254929 -1.877935 0.7501977 -1.505706 -1.305227 -0.4401122 -1.177798 -1.877935 -1.20626 -1.877935 -1.20626 -0.4401122 -1.177798 -1.372242 -0.9065855 -0.4401122 -1.177798 -1.505706 -1.305227 -0.04999989 -1.246476 -0.04999989 -1.246476 -1.505706 -1.305227 -0.6091072 -1.68252 -0.04999989 -1.246476 -0.6091072 -1.68252 -0.04999995 -1.810498 -1.877935 -1.765718 -1.372458 -1.449173 -1.877935 -1.20626 -1.877935 -1.20626 -1.372458 -1.449173 -1.505706 -1.305227 -0.04999995 -0.6810112 -1.170517 -0.9508829 -0.04999989 -1.246476 -0.04999989 -1.246476 -1.170517 -0.9508829 -0.4401122 -1.177798 -1.877935 -1.20626 -1.372242 -0.9065855 -1.877935 -0.6337447 -1.877935 -0.6337447 -1.372242 -0.9065855 -1.596207 -0.7058314 -1.073804 0.05708956 -1.889262 0.03139954 -1.745826 -0.4996538 -1.073804 0.05708956 -1.708632 0.5547073 -1.889262 0.03139954 -0.9199996 0.1419615 -1.259074 0.8873674 -1.073804 0.05708956 -1.073804 0.05708956 -1.259074 0.8873674 -1.708632 0.5547073 -1.259074 0.8873674 -0.9199996 0.1419615 -0.7097563 0.9085413 -0.7097563 0.9085413 -0.9199996 0.1419615 -0.2416025 0.6176617 -0.2416025 0.6176617 -0.9199996 0.1419615 -0.8120576 0.04499983 -0.2416025 0.6176617 -0.8120576 0.04499983 -0.02648586 0.2227579 -0.02648586 0.2227579 -0.8120576 0.04499983 -0.02799409 -0.1807226 -0.02799409 -0.1807226 -0.8120576 0.04499983 -0.8713271 -0.111343 -0.02799409 -0.1807226 -0.8713271 -0.111343 -0.2849587 -0.6639032 -0.2849587 -0.6639032 -0.8713271 -0.111343 -0.77912 -0.9239268 -0.77912 -0.9239268 -0.8713271 -0.111343 -1.321817 -0.8631256 -1.321817 -0.8631256 -0.8713271 -0.111343 -1.046963 -0.1079413 -1.321817 -0.8631256 -1.046963 -0.1079413 -1.745826 -0.4996538 -1.745826 -0.4996538 -1.046963 -0.1079413 -1.073804 0.05708956</float_array>
          <technique_common>
            <accessor source="#edf_impeler_002-mesh-map-0-array" count="2172" stride="2">
              <param name="S" type="float"/>
              <param name="T" type="float"/>
            </accessor>
          </technique_common>
        </source>
        <vertices id="edf_impeler_002-mesh-vertices">
          <input semantic="POSITION" source="#edf_impeler_002-mesh-positions"/>
        </vertices>
        <triangles material="Aluminum_-_Cast_003-material" count="386">
          <input semantic="VERTEX" source="#edf_impeler_002-mesh-vertices" offset="0"/>
          <input semantic="NORMAL" source="#edf_impeler_002-mesh-normals" offset="1"/>
          <input semantic="TEXCOORD" source="#edf_impeler_002-mesh-map-0" offset="2" set="0"/>
          <p>1 0 0 9 1 1 0 2 2 0 2 3 9 1 4 5 3 5 0 2 6 5 3 7 4 4 8 4 4 9 5 3 10 6 5 11 4 4 12 6 5 13 3 6 14 3 6 15 6 5 16 7 7 17 3 6 18 7 7 19 2 8 20 2 8 21 7 7 22 8 9 23 2 8 24 8 9 25 1 0 26 1 0 27 8 9 28 9 1 29 11 10 30 19 11 31 10 12 32 10 12 33 19 11 34 15 13 35 10 12 36 15 13 37 14 14 38 14 14 39 15 13 40 16 15 41 14 14 42 16 15 43 13 16 44 13 16 45 16 15 46 17 17 47 13 16 48 17 17 49 12 18 50 12 18 51 17 17 52 18 19 53 12 18 54 18 19 55 11 10 56 11 10 57 18 19 58 19 11 59 11 20 60 10 20 61 12 20 62 12 21 63 10 21 64 14 21 65 12 22 66 14 22 67 13 22 68 1 23 69 0 23 70 4 23 71 1 24 72 4 24 73 2 24 74 2 25 75 4 25 76 3 25 77 199 26 78 198 26 79 20 26 80 20 27 81 198 27 82 218 27 83 20 28 84 218 28 85 29 28 86 29 29 87 218 29 88 216 29 89 29 30 90 216 30 91 28 30 92 28 31 93 216 31 94 214 31 95 28 32 96 214 32 97 213 32 98 28 33 99 213 33 100 27 33 101 27 34 102 213 34 103 211 34 104 27 35 105 211 35 106 26 35 107 26 36 108 211 36 109 25 36 110 25 37 111 211 37 112 209 37 113 25 38 114 209 38 115 208 38 116 25 39 117 208 39 118 24 39 119 24 40 120 208 40 121 23 40 122 23 41 123 208 41 124 206 41 125 23 42 126 206 42 127 22 42 128 22 43 129 206 43 130 205 43 131 22 44 132 205 44 133 21 44 134 21 45 135 205 45 136 203 45 137 21 46 138 203 46 139 202 46 140 21 47 141 202 47 142 201 47 143 21 48 144 201 48 145 20 48 146 20 49 147 201 49 148 199 49 149 29 50 150 37 51 151 20 52 152 20 52 153 37 51 154 30 53 155 20 52 156 30 53 157 31 54 158 20 52 159 31 54 160 32 55 161 20 52 162 32 55 163 21 56 164 21 56 165 33 57 166 22 58 167 26 59 168 34 60 169 27 61 170 27 61 171 35 62 172 28 63 173 28 63 174 36 64 175 29 50 176 37 51 177 29 50 178 36 64 179 37 51 180 45 65 181 30 53 182 30 53 183 45 65 184 46 66 185 30 53 186 46 66 187 31 54 188 31 54 189 46 66 190 38 67 191 31 54 192 38 67 193 32 55 194 32 55 195 38 67 196 39 68 197 32 55 198 39 68 199 21 56 200 21 56 201 39 68 202 33 57 203 33 57 204 39 68 205 40 69 206 33 57 207 40 69 208 22 58 209 22 58 210 40 69 211 47 70 212 22 58 213 47 70 214 23 71 215 23 71 216 47 70 217 24 72 218 24 72 219 47 70 220 41 73 221 24 72 222 41 73 223 25 74 224 25 74 225 41 73 226 48 75 227 25 74 228 48 75 229 26 59 230 26 59 231 48 75 232 42 76 233 26 59 234 42 76 235 34 60 236 34 60 237 42 76 238 43 77 239 34 60 240 43 77 241 27 61 242 27 61 243 43 77 244 35 62 245 35 62 246 43 77 247 44 78 248 35 62 249 44 78 250 28 63 251 28 63 252 44 78 253 49 79 254 28 63 255 49 79 256 36 64 257 36 64 258 49 79 259 37 51 260 37 51 261 49 79 262 45 65 263 45 80 264 67 80 265 46 80 266 46 81 267 67 81 268 61 81 269 46 82 270 61 82 271 62 82 272 67 83 273 45 83 274 49 83 275 67 84 276 49 84 277 66 84 278 66 85 279 49 85 280 60 85 281 60 86 282 49 86 283 59 86 284 59 87 285 49 87 286 44 87 287 59 88 288 44 88 289 58 88 290 58 89 291 44 89 292 43 89 293 58 90 294 43 90 295 57 90 296 57 91 297 43 91 298 56 91 299 56 92 300 43 92 301 42 92 302 56 93 303 42 93 304 48 93 305 56 94 306 48 94 307 55 94 308 55 95 309 48 95 310 41 95 311 55 96 312 41 96 313 47 96 314 55 97 315 47 97 316 54 97 317 54 98 318 47 98 319 53 98 320 53 99 321 47 99 322 52 99 323 52 100 324 47 100 325 40 100 326 52 101 327 40 101 328 39 101 329 52 102 330 39 102 331 51 102 332 51 103 333 39 103 334 50 103 335 50 104 336 39 104 337 62 104 338 62 105 339 39 105 340 38 105 341 62 106 342 38 106 343 46 106 344 67 107 345 68 108 346 61 109 347 62 110 348 63 111 349 50 112 350 52 113 351 64 114 352 53 115 353 55 116 354 69 117 355 56 118 356 56 118 357 70 119 358 57 120 359 58 121 360 65 122 361 59 123 362 68 108 363 71 124 364 61 109 365 61 109 366 71 124 367 72 125 368 61 109 369 72 125 370 62 110 371 62 110 372 72 125 373 63 111 374 63 111 375 72 125 376 73 126 377 63 111 378 73 126 379 50 112 380 50 112 381 73 126 382 51 127 383 51 127 384 73 126 385 74 128 386 51 127 387 74 128 388 52 113 389 52 113 390 74 128 391 64 114 392 64 114 393 74 128 394 75 129 395 64 114 396 75 129 397 53 115 398 53 115 399 75 129 400 54 130 401 54 130 402 75 129 403 76 131 404 54 130 405 76 131 406 55 116 407 55 116 408 76 131 409 69 117 410 69 117 411 76 131 412 56 118 413 56 118 414 76 131 415 77 132 416 71 124 417 68 108 418 82 133 419 82 133 420 68 108 421 67 107 422 82 133 423 67 107 424 81 134 425 81 134 426 67 107 427 66 135 428 81 134 429 66 135 430 60 136 431 81 134 432 60 136 433 80 137 434 80 137 435 60 136 436 59 123 437 80 137 438 59 123 439 65 122 440 80 137 441 65 122 442 79 138 443 79 138 444 65 122 445 58 121 446 79 138 447 58 121 448 57 120 449 79 138 450 57 120 451 78 139 452 78 139 453 57 120 454 70 119 455 78 139 456 70 119 457 77 132 458 77 132 459 70 119 460 56 118 461 82 140 462 106 141 463 71 142 464 71 142 465 106 141 466 83 143 467 71 142 468 83 143 469 84 144 470 106 141 471 82 140 472 105 145 473 105 145 474 82 140 475 81 146 476 105 145 477 81 146 478 104 147 479 104 147 480 81 146 481 103 148 482 103 148 483 81 146 484 80 149 485 103 148 486 80 149 487 102 150 488 102 150 489 80 149 490 101 151 491 101 151 492 80 149 493 79 152 494 101 151 495 79 152 496 100 153 497 100 153 498 79 152 499 99 154 500 99 154 501 79 152 502 78 155 503 99 154 504 78 155 505 98 156 506 98 156 507 78 155 508 77 157 509 98 156 510 77 157 511 97 158 512 97 158 513 77 157 514 96 159 515 96 159 516 77 157 517 76 160 518 96 159 519 76 160 520 95 161 521 95 161 522 76 160 523 94 162 524 94 162 525 76 160 526 93 163 527 93 163 528 76 160 529 75 164 530 93 163 531 75 164 532 92 165 533 92 165 534 75 164 535 91 166 536 91 166 537 75 164 538 74 167 539 91 166 540 74 167 541 90 168 542 90 168 543 74 167 544 89 169 545 89 169 546 74 167 547 73 170 548 89 169 549 73 170 550 88 171 551 88 171 552 73 170 553 87 172 554 87 172 555 73 170 556 72 173 557 87 172 558 72 173 559 86 174 560 86 174 561 72 173 562 85 175 563 85 175 564 72 173 565 71 142 566 85 175 567 71 142 568 84 144 569 107 176 570 130 177 571 131 178 572 131 178 573 130 177 574 129 179 575 131 178 576 129 179 577 142 180 578 142 180 579 129 179 580 128 181 581 142 180 582 128 181 583 127 182 584 142 180 585 127 182 586 141 183 587 141 183 588 127 182 589 126 184 590 141 183 591 126 184 592 125 185 593 141 183 594 125 185 595 140 186 596 140 186 597 125 185 598 124 187 599 140 186 600 124 187 601 123 188 602 140 186 603 123 188 604 139 189 605 139 189 606 123 188 607 122 190 608 139 189 609 122 190 610 121 191 611 139 189 612 121 191 613 138 192 614 138 192 615 121 191 616 120 193 617 138 192 618 120 193 619 119 194 620 138 192 621 119 194 622 137 195 623 137 195 624 119 194 625 118 196 626 137 195 627 118 196 628 117 197 629 137 195 630 117 197 631 116 198 632 137 195 633 116 198 634 136 199 635 136 199 636 116 198 637 115 200 638 136 199 639 115 200 640 135 201 641 135 201 642 115 200 643 114 202 644 135 201 645 114 202 646 113 203 647 135 201 648 113 203 649 134 204 650 134 204 651 113 203 652 112 205 653 134 204 654 112 205 655 111 206 656 134 204 657 111 206 658 133 207 659 133 207 660 111 206 661 110 208 662 133 207 663 110 208 664 109 209 665 133 207 666 109 209 667 132 210 668 132 210 669 109 209 670 108 211 671 132 210 672 108 211 673 131 178 674 131 178 675 108 211 676 107 176 677 143 212 678 131 213 679 142 214 680 143 212 681 142 214 682 149 215 683 149 215 684 142 214 685 148 216 686 148 216 687 142 214 688 141 217 689 148 216 690 141 217 691 147 218 692 147 218 693 141 217 694 140 219 695 147 218 696 140 219 697 153 220 698 153 220 699 140 219 700 139 221 701 153 220 702 139 221 703 152 222 704 152 222 705 139 221 706 138 223 707 152 222 708 138 223 709 151 224 710 151 224 711 138 223 712 137 225 713 151 224 714 137 225 715 150 226 716 150 226 717 137 225 718 136 227 719 150 226 720 136 227 721 135 228 722 150 226 723 135 228 724 146 229 725 146 229 726 135 228 727 134 230 728 146 229 729 134 230 730 145 231 731 145 231 732 134 230 733 133 232 734 145 231 735 133 232 736 144 233 737 144 233 738 133 232 739 132 234 740 144 233 741 132 234 742 143 212 743 143 212 744 132 234 745 131 213 746 154 235 747 143 235 748 149 235 749 154 236 750 149 236 751 148 236 752 154 237 753 148 237 754 161 237 755 161 238 756 148 238 757 147 238 758 161 239 759 147 239 760 160 239 761 160 240 762 147 240 763 153 240 764 160 241 765 153 241 766 152 241 767 160 242 768 152 242 769 159 242 770 159 243 771 152 243 772 151 243 773 159 244 774 151 244 775 158 244 776 158 245 777 151 245 778 150 245 779 158 246 780 150 246 781 157 246 782 157 247 783 150 247 784 146 247 785 157 248 786 146 248 787 145 248 788 157 249 789 145 249 790 156 249 791 156 250 792 145 250 793 144 250 794 156 251 795 144 251 796 155 251 797 155 252 798 144 252 799 143 252 800 155 253 801 143 253 802 154 253 803 154 254 804 162 255 805 163 256 806 154 254 807 163 256 808 155 257 809 155 257 810 163 256 811 164 258 812 155 257 813 164 258 814 165 259 815 155 257 816 165 259 817 156 260 818 156 260 819 165 259 820 166 261 821 156 260 822 166 261 823 157 262 824 157 262 825 166 261 826 167 263 827 157 262 828 167 263 829 168 264 830 157 262 831 168 264 832 158 265 833 158 265 834 168 264 835 169 266 836 158 265 837 169 266 838 170 267 839 158 265 840 170 267 841 159 268 842 159 268 843 170 267 844 171 269 845 159 268 846 171 269 847 172 270 848 159 268 849 172 270 850 160 271 851 160 271 852 172 270 853 173 272 854 160 271 855 173 272 856 174 273 857 160 271 858 174 273 859 161 274 860 161 274 861 174 273 862 175 275 863 161 274 864 175 275 865 176 276 866 161 274 867 176 276 868 154 254 869 154 254 870 176 276 871 162 255 872 163 256 873 162 255 874 176 276 875 164 258 876 163 256 877 165 259 878 19 277 879 171 277 880 170 277 881 19 278 882 170 278 883 169 278 884 171 279 885 19 279 886 172 279 887 172 280 888 19 280 889 173 280 890 173 281 891 19 281 892 18 281 893 173 282 894 18 282 895 174 282 896 174 283 897 18 283 898 175 283 899 175 284 900 18 284 901 17 284 902 175 285 903 17 285 904 176 285 905 176 286 906 17 286 907 163 286 908 163 287 909 17 287 910 16 287 911 163 288 912 16 288 913 165 288 914 165 289 915 16 289 916 166 289 917 166 290 918 16 290 919 167 290 920 167 291 921 16 291 922 15 291 923 167 292 924 15 292 925 168 292 926 168 293 927 15 293 928 169 293 929 169 294 930 15 294 931 19 294 932 9 295 933 183 295 934 5 295 935 5 296 936 183 296 937 184 296 938 5 297 939 184 297 940 185 297 941 9 298 942 181 298 943 182 298 944 9 299 945 182 299 946 183 299 947 9 300 948 179 300 949 180 300 950 9 301 951 180 301 952 181 301 953 8 302 954 177 302 955 9 302 956 9 303 957 177 303 958 178 303 959 9 304 960 178 304 961 179 304 962 177 305 963 8 305 964 192 305 965 192 306 966 8 306 967 191 306 968 191 307 969 8 307 970 7 307 971 191 308 972 7 308 973 190 308 974 190 309 975 7 309 976 196 309 977 196 310 978 7 310 979 195 310 980 195 311 981 7 311 982 189 311 983 189 312 984 7 312 985 6 312 986 189 313 987 6 313 988 188 313 989 188 314 990 6 314 991 187 314 992 187 315 993 6 315 994 186 315 995 186 316 996 6 316 997 185 316 998 185 317 999 6 317 1000 5 317 1001 177 318 1002 193 319 1003 178 320 1004 183 321 1005 197 322 1006 184 323 1007 189 324 1008 194 325 1009 195 326 1010 196 327 1011 198 328 1012 190 329 1013 190 329 1014 198 328 1015 199 330 1016 190 329 1017 199 330 1018 200 331 1019 190 329 1020 200 331 1021 191 332 1022 191 332 1023 200 331 1024 201 333 1025 191 332 1026 201 333 1027 192 334 1028 192 334 1029 201 333 1030 202 335 1031 192 334 1032 202 335 1033 177 318 1034 177 318 1035 202 335 1036 203 336 1037 177 318 1038 203 336 1039 193 319 1040 193 319 1041 203 336 1042 204 337 1043 193 319 1044 204 337 1045 178 320 1046 178 320 1047 204 337 1048 205 338 1049 178 320 1050 205 338 1051 179 339 1052 179 339 1053 205 338 1054 206 340 1055 179 339 1056 206 340 1057 180 341 1058 180 341 1059 206 340 1060 207 342 1061 180 341 1062 207 342 1063 181 343 1064 181 343 1065 207 342 1066 208 344 1067 181 343 1068 208 344 1069 182 345 1070 182 345 1071 208 344 1072 183 321 1073 183 321 1074 208 344 1075 209 346 1076 183 321 1077 209 346 1078 197 322 1079 197 322 1080 209 346 1081 210 347 1082 197 322 1083 210 347 1084 211 348 1085 198 328 1086 196 327 1087 195 326 1088 198 328 1089 195 326 1090 218 349 1091 218 349 1092 195 326 1093 194 325 1094 218 349 1095 194 325 1096 217 350 1097 217 350 1098 194 325 1099 189 324 1100 217 350 1101 189 324 1102 216 351 1103 216 351 1104 189 324 1105 188 352 1106 216 351 1107 188 352 1108 215 353 1109 215 353 1110 188 352 1111 187 354 1112 215 353 1113 187 354 1114 214 355 1115 214 355 1116 187 354 1117 186 356 1118 214 355 1119 186 356 1120 213 357 1121 213 357 1122 186 356 1123 185 358 1124 213 357 1125 185 358 1126 212 359 1127 212 359 1128 185 358 1129 184 323 1130 212 359 1131 184 323 1132 211 348 1133 211 348 1134 184 323 1135 197 322 1136 218 349 1137 217 350 1138 216 351 1139 216 351 1140 215 353 1141 214 355 1142 213 357 1143 212 359 1144 211 348 1145 211 348 1146 210 347 1147 209 346 1148 208 344 1149 207 342 1150 206 340 1151 205 338 1152 204 337 1153 203 336 1154 201 333 1155 200 331 1156 199 330 1157</p>
        </triangles>
        <triangles material="Plastic_-_Glossy__Black__002-material" count="90">
          <input semantic="VERTEX" source="#edf_impeler_002-mesh-vertices" offset="0"/>
          <input semantic="NORMAL" source="#edf_impeler_002-mesh-normals" offset="1"/>
          <input semantic="TEXCOORD" source="#edf_impeler_002-mesh-map-0" offset="2" set="0"/>
          <p>106 141 1158 129 179 1159 83 143 1160 83 143 1161 129 179 1162 130 177 1163 83 143 1164 130 177 1165 84 144 1166 84 144 1167 130 177 1168 107 176 1169 84 144 1170 107 176 1171 85 175 1172 85 175 1173 107 176 1174 108 211 1175 85 175 1176 108 211 1177 86 174 1178 86 174 1179 108 211 1180 109 209 1181 86 174 1182 109 209 1183 87 172 1184 87 172 1185 109 209 1186 110 208 1187 87 172 1188 110 208 1189 88 171 1190 88 171 1191 110 208 1192 111 206 1193 88 171 1194 111 206 1195 89 169 1196 89 169 1197 111 206 1198 112 205 1199 89 169 1200 112 205 1201 90 168 1202 90 168 1203 112 205 1204 113 203 1205 90 168 1206 113 203 1207 91 166 1208 91 166 1209 113 203 1210 114 202 1211 91 166 1212 114 202 1213 92 165 1214 92 165 1215 114 202 1216 115 200 1217 92 165 1218 115 200 1219 93 163 1220 93 163 1221 115 200 1222 116 198 1223 93 163 1224 116 198 1225 94 162 1226 94 162 1227 116 198 1228 117 197 1229 94 162 1230 117 197 1231 95 161 1232 95 161 1233 117 197 1234 118 196 1235 95 161 1236 118 196 1237 96 159 1238 96 159 1239 118 196 1240 119 194 1241 96 159 1242 119 194 1243 97 158 1244 97 158 1245 119 194 1246 120 193 1247 97 158 1248 120 193 1249 98 156 1250 98 156 1251 120 193 1252 121 191 1253 98 156 1254 121 191 1255 99 154 1256 99 154 1257 121 191 1258 122 190 1259 99 154 1260 122 190 1261 100 153 1262 100 153 1263 122 190 1264 123 188 1265 100 153 1266 123 188 1267 101 151 1268 101 151 1269 123 188 1270 124 187 1271 101 151 1272 124 187 1273 102 150 1274 102 150 1275 124 187 1276 125 185 1277 102 150 1278 125 185 1279 103 148 1280 103 148 1281 125 185 1282 126 184 1283 103 148 1284 126 184 1285 104 147 1286 104 147 1287 126 184 1288 127 182 1289 104 147 1290 127 182 1291 105 145 1292 105 145 1293 127 182 1294 128 181 1295 105 145 1296 128 181 1297 106 141 1298 106 141 1299 128 181 1300 129 179 1301 219 360 1302 226 361 1303 223 362 1304 219 360 1305 223 362 1306 222 363 1307 222 363 1308 223 362 1309 221 364 1310 221 364 1311 223 362 1312 224 365 1313 221 364 1314 224 365 1315 220 366 1316 220 366 1317 224 365 1318 225 367 1319 220 366 1320 225 367 1321 226 361 1322 220 366 1323 226 361 1324 219 360 1325 219 368 1326 221 368 1327 220 368 1328 221 24 1329 219 24 1330 222 24 1331 228 369 1332 232 369 1333 227 369 1334 227 370 1335 232 370 1336 233 370 1337 227 371 1338 233 371 1339 236 371 1340 236 372 1341 233 372 1342 234 372 1343 236 373 1344 234 373 1345 235 373 1346 232 374 1347 228 374 1348 231 374 1349 231 375 1350 228 375 1351 229 375 1352 231 376 1353 229 376 1354 230 376 1355 226 377 1356 239 377 1357 223 377 1358 223 378 1359 239 378 1360 240 378 1361 223 379 1362 240 379 1363 241 379 1364 239 380 1365 226 380 1366 238 380 1367 238 381 1368 226 381 1369 225 381 1370 238 382 1371 225 382 1372 237 382 1373 237 383 1374 225 383 1375 224 383 1376 237 384 1377 224 384 1378 241 384 1379 241 385 1380 224 385 1381 223 385 1382 241 386 1383 228 387 1384 237 388 1385 237 388 1386 228 387 1387 227 389 1388 241 386 1389 229 390 1390 228 387 1391 240 391 1392 230 392 1393 241 386 1394 241 386 1395 230 392 1396 229 390 1397 230 392 1398 240 391 1399 231 393 1400 231 393 1401 240 391 1402 239 394 1403 231 393 1404 239 394 1405 232 395 1406 232 395 1407 239 394 1408 233 396 1409 233 396 1410 239 394 1411 234 397 1412 234 397 1413 239 394 1414 238 398 1415 234 397 1416 238 398 1417 235 399 1418 235 399 1419 238 398 1420 236 400 1421 236 400 1422 238 398 1423 237 388 1424 236 400 1425 237 388 1426 227 389 1427</p>
        </triangles>
        <triangles material="Plastic_-_Matte__Black__002-material" count="248">
          <input semantic="VERTEX" source="#edf_impeler_002-mesh-vertices" offset="0"/>
          <input semantic="NORMAL" source="#edf_impeler_002-mesh-normals" offset="1"/>
          <input semantic="TEXCOORD" source="#edf_impeler_002-mesh-map-0" offset="2" set="0"/>
          <p>247 401 1428 242 402 1429 243 403 1430 247 401 1431 243 403 1432 246 404 1433 246 404 1434 243 403 1435 244 405 1436 244 405 1437 245 406 1438 246 404 1439 245 406 1440 244 405 1441 248 407 1442 245 406 1443 248 407 1444 250 408 1445 250 408 1446 248 407 1447 249 409 1448 249 409 1449 248 407 1450 242 402 1451 249 409 1452 242 402 1453 247 401 1454 246 410 1455 245 410 1456 250 410 1457 246 411 1458 250 411 1459 249 411 1460 246 412 1461 249 412 1462 247 412 1463 255 413 1464 251 414 1465 254 415 1466 254 415 1467 251 414 1468 252 416 1469 252 416 1470 253 417 1471 254 415 1472 253 417 1473 252 416 1474 256 418 1475 253 417 1476 256 418 1477 258 419 1478 258 419 1479 256 418 1480 257 420 1481 257 420 1482 256 418 1483 251 414 1484 257 420 1485 251 414 1486 255 413 1487 254 421 1488 253 421 1489 258 421 1490 254 422 1491 258 422 1492 257 422 1493 254 423 1494 257 423 1495 255 423 1496 263 424 1497 259 425 1498 262 426 1499 262 426 1500 259 425 1501 260 427 1502 260 427 1503 261 428 1504 262 426 1505 261 428 1506 260 427 1507 264 429 1508 261 428 1509 264 429 1510 266 430 1511 266 430 1512 264 429 1513 265 431 1514 265 431 1515 264 429 1516 259 425 1517 265 431 1518 259 425 1519 263 424 1520 262 432 1521 261 432 1522 266 432 1523 262 433 1524 266 433 1525 265 433 1526 262 434 1527 265 434 1528 263 434 1529 271 435 1530 267 436 1531 270 437 1532 270 437 1533 267 436 1534 268 438 1535 268 438 1536 269 439 1537 270 437 1538 269 439 1539 268 438 1540 272 440 1541 269 439 1542 272 440 1543 274 441 1544 274 441 1545 272 440 1546 273 442 1547 273 442 1548 272 440 1549 267 436 1550 273 442 1551 267 436 1552 271 435 1553 270 443 1554 269 443 1555 274 443 1556 270 444 1557 274 444 1558 273 444 1559 270 445 1560 273 445 1561 271 445 1562 278 446 1563 275 447 1564 277 448 1565 277 448 1566 275 447 1567 276 449 1568 276 449 1569 281 450 1570 277 448 1571 281 450 1572 276 449 1573 279 451 1574 281 450 1575 279 451 1576 280 452 1577 280 452 1578 279 451 1579 275 447 1580 280 452 1581 275 447 1582 278 446 1583 277 453 1584 281 453 1585 280 453 1586 277 454 1587 280 454 1588 278 454 1589 287 455 1590 282 456 1591 283 457 1592 287 455 1593 283 457 1594 286 458 1595 286 458 1596 283 457 1597 284 459 1598 284 459 1599 285 460 1600 286 458 1601 285 460 1602 284 459 1603 288 461 1604 285 460 1605 288 461 1606 290 462 1607 290 462 1608 288 461 1609 289 463 1610 289 463 1611 288 461 1612 282 456 1613 289 463 1614 282 456 1615 287 455 1616 286 464 1617 285 464 1618 290 464 1619 286 465 1620 290 465 1621 289 465 1622 286 466 1623 289 466 1624 287 466 1625 296 467 1626 291 468 1627 292 469 1628 296 467 1629 292 469 1630 295 470 1631 295 470 1632 292 469 1633 293 471 1634 293 471 1635 294 472 1636 295 470 1637 294 472 1638 293 471 1639 297 473 1640 294 472 1641 297 473 1642 299 474 1643 299 474 1644 297 473 1645 298 475 1646 298 475 1647 297 473 1648 291 468 1649 298 475 1650 291 468 1651 296 467 1652 295 476 1653 294 476 1654 299 476 1655 295 477 1656 299 477 1657 298 477 1658 295 478 1659 298 478 1660 296 478 1661 304 479 1662 300 480 1663 301 481 1664 304 479 1665 301 481 1666 303 482 1667 303 482 1668 301 481 1669 302 483 1670 302 483 1671 307 484 1672 303 482 1673 307 484 1674 302 483 1675 305 485 1676 307 484 1677 305 485 1678 306 486 1679 306 486 1680 305 485 1681 300 480 1682 306 486 1683 300 480 1684 304 479 1685 303 487 1686 307 487 1687 306 487 1688 303 488 1689 306 488 1690 304 488 1691 312 489 1692 308 490 1693 311 491 1694 311 491 1695 308 490 1696 309 492 1697 309 492 1698 310 493 1699 311 491 1700 310 493 1701 309 492 1702 313 494 1703 310 493 1704 313 494 1705 315 495 1706 315 495 1707 313 494 1708 314 496 1709 314 496 1710 313 494 1711 308 490 1712 314 496 1713 308 490 1714 312 489 1715 311 497 1716 310 497 1717 315 497 1718 311 498 1719 315 498 1720 314 498 1721 311 499 1722 314 499 1723 312 499 1724 320 500 1725 316 501 1726 319 502 1727 319 502 1728 316 501 1729 317 503 1730 317 503 1731 318 504 1732 319 502 1733 318 504 1734 317 503 1735 321 505 1736 318 504 1737 321 505 1738 323 506 1739 323 506 1740 321 505 1741 322 507 1742 322 507 1743 321 505 1744 316 501 1745 322 507 1746 316 501 1747 320 500 1748 319 508 1749 318 508 1750 323 508 1751 319 509 1752 323 509 1753 322 509 1754 319 510 1755 322 510 1756 320 510 1757 329 511 1758 324 512 1759 325 513 1760 329 511 1761 325 513 1762 328 514 1763 328 514 1764 325 513 1765 326 515 1766 326 515 1767 327 516 1768 328 514 1769 327 516 1770 326 515 1771 330 517 1772 327 516 1773 330 517 1774 332 518 1775 332 518 1776 330 517 1777 331 519 1778 331 519 1779 330 517 1780 324 512 1781 331 519 1782 324 512 1783 329 511 1784 328 520 1785 327 520 1786 332 520 1787 328 521 1788 332 521 1789 331 521 1790 328 522 1791 331 522 1792 329 522 1793 334 523 1794 342 524 1795 333 525 1796 333 525 1797 342 524 1798 338 526 1799 333 525 1800 338 526 1801 337 527 1802 337 527 1803 338 526 1804 339 528 1805 337 527 1806 339 528 1807 336 529 1808 336 529 1809 339 528 1810 340 530 1811 336 529 1812 340 530 1813 335 531 1814 335 531 1815 340 530 1816 341 532 1817 335 531 1818 341 532 1819 334 523 1820 334 523 1821 341 532 1822 342 524 1823 333 533 1824 354 533 1825 343 533 1826 354 534 1827 333 534 1828 353 534 1829 353 535 1830 333 535 1831 352 535 1832 352 536 1833 333 536 1834 337 536 1835 352 537 1836 337 537 1837 351 537 1838 351 538 1839 337 538 1840 350 538 1841 350 539 1842 337 539 1843 349 539 1844 349 24 1845 337 24 1846 336 24 1847 349 540 1848 336 540 1849 348 540 1850 348 541 1851 336 541 1852 347 541 1853 347 542 1854 336 542 1855 335 542 1856 347 543 1857 335 543 1858 346 543 1859 346 544 1860 335 544 1861 345 544 1862 345 545 1863 335 545 1864 334 545 1865 345 546 1866 334 546 1867 344 546 1868 344 547 1869 334 547 1870 343 547 1871 343 548 1872 334 548 1873 333 548 1874 244 549 1875 362 550 1876 300 551 1877 244 549 1878 243 552 1879 362 550 1880 362 550 1881 243 552 1882 242 553 1883 362 550 1884 242 553 1885 361 554 1886 361 554 1887 242 553 1888 309 555 1889 309 555 1890 242 553 1891 248 556 1892 309 555 1893 248 556 1894 350 557 1895 350 557 1896 248 556 1897 244 549 1898 350 557 1899 244 549 1900 351 558 1901 351 558 1902 244 549 1903 305 559 1904 252 560 1905 275 561 1906 343 562 1907 252 560 1908 343 562 1909 354 563 1910 275 561 1911 252 560 1912 355 564 1913 355 564 1914 252 560 1915 251 565 1916 355 564 1917 251 565 1918 365 566 1919 251 565 1920 354 563 1921 284 567 1922 251 565 1923 256 568 1924 354 563 1925 256 568 1926 252 560 1927 354 563 1928 260 569 1929 316 570 1930 345 571 1931 345 571 1932 316 570 1933 321 572 1934 316 570 1935 260 569 1936 357 573 1937 357 573 1938 260 569 1939 259 574 1940 357 573 1941 259 574 1942 356 575 1943 356 575 1944 259 574 1945 276 576 1946 276 576 1947 259 574 1948 344 577 1949 344 577 1950 259 574 1951 264 578 1952 344 577 1953 264 578 1954 345 571 1955 345 571 1956 264 578 1957 260 569 1958 268 579 1959 360 580 1960 308 581 1961 360 580 1962 268 579 1963 359 582 1964 359 582 1965 268 579 1966 267 583 1967 267 583 1968 326 584 1969 359 582 1970 359 582 1971 326 584 1972 325 585 1973 326 584 1974 267 583 1975 347 586 1976 347 586 1977 267 583 1978 272 587 1979 347 586 1980 272 587 1981 348 588 1982 348 588 1983 272 587 1984 268 579 1985 348 588 1986 268 579 1987 313 589 1988 356 575 1989 276 576 1990 275 561 1991 356 575 1992 275 561 1993 355 564 1994 343 562 1995 275 561 1996 279 590 1997 279 590 1998 276 576 1999 343 562 2000 343 562 2001 276 576 2002 344 577 2003 284 567 2004 283 591 2005 251 565 2006 251 565 2007 283 591 2008 365 566 2009 365 566 2010 283 591 2011 282 592 2012 365 566 2013 282 592 2014 364 593 2015 364 593 2016 282 592 2017 293 594 2018 293 594 2019 282 592 2020 353 595 2021 293 594 2022 353 595 2023 297 596 2024 297 596 2025 353 595 2026 352 597 2027 297 596 2028 352 597 2029 291 598 2030 291 598 2031 352 597 2032 363 599 2033 291 598 2034 363 599 2035 364 593 2036 291 598 2037 364 593 2038 292 600 2039 292 600 2040 364 593 2041 293 594 2042 353 595 2043 282 592 2044 288 601 2045 288 601 2046 284 567 2047 353 595 2048 353 595 2049 284 567 2050 354 563 2051 302 602 2052 363 602 2053 352 602 2054 302 603 2055 352 604 2056 305 559 2057 305 559 2058 352 604 2059 351 558 2060 302 605 2061 301 606 2062 363 607 2063 363 607 2064 301 606 2065 300 551 2066 363 607 2067 300 551 2068 362 550 2069 300 551 2070 305 559 2071 244 549 2072 361 554 2073 309 555 2074 308 581 2075 361 554 2076 308 581 2077 360 580 2078 308 581 2079 313 589 2080 268 579 2081 348 588 2082 313 589 2083 349 608 2084 349 608 2085 313 589 2086 309 555 2087 349 608 2088 309 555 2089 350 557 2090 317 609 2091 324 610 2092 346 611 2093 346 611 2094 324 610 2095 330 612 2096 324 610 2097 317 609 2098 358 613 2099 358 613 2100 317 609 2101 316 570 2102 358 613 2103 316 570 2104 357 573 2105 345 571 2106 321 572 2107 346 611 2108 346 611 2109 321 572 2110 317 609 2111 359 582 2112 325 585 2113 358 613 2114 358 613 2115 325 585 2116 324 610 2117 346 611 2118 330 612 2119 347 586 2120 347 586 2121 330 612 2122 326 584 2123 342 614 2124 355 614 2125 365 614 2126 342 615 2127 356 615 2128 355 615 2129 341 616 2130 357 616 2131 342 616 2132 342 617 2133 357 617 2134 356 617 2135 357 618 2136 341 618 2137 358 618 2138 358 619 2139 341 619 2140 359 619 2141 359 620 2142 341 620 2143 340 620 2144 359 621 2145 340 621 2146 360 621 2147 360 622 2148 340 622 2149 361 622 2150 361 623 2151 340 623 2152 339 623 2153 361 624 2154 339 624 2155 362 624 2156 362 625 2157 339 625 2158 363 625 2159 363 626 2160 339 626 2161 364 626 2162 364 627 2163 339 627 2164 338 627 2165 364 628 2166 338 628 2167 365 628 2168 365 629 2169 338 629 2170 342 629 2171</p>
        </triangles>
      </mesh>
    </geometry>
  </library_geometries>
  <library_visual_scenes>
    <visual_scene id="Scene" name="Scene">
      <node id="edf_impeler" name="edf_impeler" type="NODE">
        <matrix sid="transform">-4.37114e-11 0.001 8.74228e-11 -0.017656 0.001 4.37114e-11 0 -0.00631 0 8.74228e-11 -0.001 0.014281 0 0 0 1</matrix>
        <instance_geometry url="#edf_impeler_002-mesh" name="edf_impeler">
          <bind_material>
            <technique_common>
              <instance_material symbol="Aluminum_-_Cast_003-material" target="#Aluminum_-_Cast_003-material">
                <bind_vertex_input semantic="edf_impeler-mesh-map-0" input_semantic="TEXCOORD" input_set="0"/>
              </instance_material>
              <instance_material symbol="Plastic_-_Glossy__Black__002-material" target="#Plastic_-_Glossy__Black__002-material">
                <bind_vertex_input semantic="edf_impeler-mesh-map-0" input_semantic="TEXCOORD" input_set="0"/>
              </instance_material>
              <instance_material symbol="Plastic_-_Matte__Black__002-material" target="#Plastic_-_Matte__Black__002-material">
                <bind_vertex_input semantic="edf_impeler-mesh-map-0" input_semantic="TEXCOORD" input_set="0"/>
              </instance_material>
            </technique_common>
          </bind_material>
        </instance_geometry>
      </node>
    </visual_scene>
  </library_visual_scenes>
  <scene>
    <instance_visual_scene url="#Scene"/>
  </scene>
</COLLADA>