<?xml version="1.0" encoding="utf-8"?>
<COLLADA xmlns="http://www.collada.org/2005/11/COLLADASchema" version="1.4.1" xmlns:xsi="http://www.w3.org/2001/XMLSchema-instance">
  <asset>
    <contributor>
      <author>Blender User</author>
      <authoring_tool>Blender 4.1.1 commit date:2024-04-15, commit time:15:11, hash:e1743a0317bc</authoring_tool>
    </contributor>
    <created>2024-10-07T01:21:20</created>
    <modified>2024-10-07T01:21:20</modified>
    <unit name="meter" meter="1"/>
    <up_axis>Z_UP</up_axis>
  </asset>
  <library_effects>
    <effect id="Plastic_-_Glossy__Black__009-effect">
      <profile_COMMON>
        <technique sid="common">
          <lambert>
            <emission>
              <color sid="emission">0 0 0 1</color>
            </emission>
            <diffuse>
              <color sid="diffuse">0.098039 0.098039 0.098039 1</color>
            </diffuse>
            <index_of_refraction>
              <float sid="ior">1.5</float>
            </index_of_refraction>
          </lambert>
        </technique>
      </profile_COMMON>
    </effect>
    <effect id="Steel_-_Satin_009-effect">
      <profile_COMMON>
        <technique sid="common">
          <lambert>
            <emission>
              <color sid="emission">0 0 0 1</color>
            </emission>
            <diffuse>
              <color sid="diffuse">0.627451 0.627451 0.627451 1</color>
            </diffuse>
            <index_of_refraction>
              <float sid="ior">1.5</float>
            </index_of_refraction>
          </lambert>
        </technique>
      </profile_COMMON>
    </effect>
    <effect id="Default_003-effect">
      <profile_COMMON>
        <technique sid="common">
          <lambert>
            <emission>
              <color sid="emission">0 0 0 1</color>
            </emission>
            <diffuse>
              <color sid="diffuse">0.74902 0.74902 0.74902 1</color>
            </diffuse>
            <index_of_refraction>
              <float sid="ior">1.5</float>
            </index_of_refraction>
          </lambert>
        </technique>
      </profile_COMMON>
    </effect>
    <effect id="ABS__White__009-effect">
      <profile_COMMON>
        <technique sid="common">
          <lambert>
            <emission>
              <color sid="emission">0 0 0 1</color>
            </emission>
            <diffuse>
              <color sid="diffuse">0.964706 0.964706 0.952941 1</color>
            </diffuse>
            <index_of_refraction>
              <float sid="ior">1.5</float>
            </index_of_refraction>
          </lambert>
        </technique>
      </profile_COMMON>
    </effect>
  </library_effects>
  <library_images/>
  <library_materials>
    <material id="Plastic_-_Glossy__Black__009-material" name="Plastic_-_Glossy_(Black).009">
      <instance_effect url="#Plastic_-_Glossy__Black__009-effect"/>
    </material>
    <material id="Steel_-_Satin_009-material" name="Steel_-_Satin.009">
      <instance_effect url="#Steel_-_Satin_009-effect"/>
    </material>
    <material id="Default_003-material" name="Default.003">
      <instance_effect url="#Default_003-effect"/>
    </material>
    <material id="ABS__White__009-material" name="ABS_(White).009">
      <instance_effect url="#ABS__White__009-effect"/>
    </material>
  </library_materials>
  <library_geometries>
    <geometry id="edf_torsional_assembly_v17_001-mesh" name="edf_torsional_assembly v17.001">
      <mesh>
        <source id="edf_torsional_assembly_v17_001-mesh-positions">
          <float_array id="edf_torsional_assembly_v17_001-mesh-positions-array" count="8301">1.585989 -3.179973 3.759415 1.585989 -3.179973 0.596694 1.512349 -3.179973 0.523054 -0.250372 -3.179973 0.523054 -0.324011 -3.179973 0.596694 -0.324011 -3.179973 3.759415 -0.250372 -3.179973 3.833054 1.512349 -3.179973 3.833054 1.510915 -3.179973 0.6671684 1.50565 -3.179973 0.7085887 1.48038 -3.179973 0.7418288 1.441875 -3.179973 0.7579798 1.390566 -3.179973 0.7491319 1.356604 -3.179973 0.7092545 1.350969 -3.179973 0.6678839 1.366775 -3.179973 0.6292363 1.399787 -3.179973 0.6036693 1.451638 -3.179973 0.5989357 1.494765 -3.179973 0.6286659 -0.09434998 -3.179973 0.7085889 -0.1196206 -3.179973 0.7418289 -0.1581255 -3.179973 0.7579798 -0.2094343 -3.179973 0.7491319 -0.2433962 -3.179973 0.7092547 -0.249031 -3.179973 0.6678841 -0.2332253 -3.179973 0.6292364 -0.2002129 -3.179973 0.6036693 -0.1588413 -3.179973 0.598034 -0.1201959 -3.179973 0.6138383 -0.09016865 -3.179973 0.6563753 1.19565 -3.179973 3.748589 1.170379 -3.179973 3.781829 1.131874 -3.179973 3.79798 1.080566 -3.179973 3.789132 1.046604 -3.179973 3.749255 1.040969 -3.179973 3.707884 1.056775 -3.179973 3.669236 1.089787 -3.179973 3.643669 1.131158 -3.179973 3.638034 1.169804 -3.179973 3.653838 1.199831 -3.179973 3.696376 -0.1343497 -3.179973 3.398588 -0.1596208 -3.179973 3.431829 -0.198126 -3.179973 3.44798 -0.2494345 -3.179973 3.439132 -0.2833963 -3.179973 3.399254 -0.289031 -3.179973 3.357884 -0.2672066 -3.179973 3.310614 -0.2095454 -3.179973 3.286287 -0.1601956 -3.179973 3.303838 -0.1301687 -3.179973 3.346375 1.54565 -3.179973 1.008589 1.520379 -3.179973 1.041829 1.481875 -3.179973 1.05798 1.440455 -3.179973 1.052715 1.400445 -3.179973 1.019401 1.390969 -3.179973 0.9678843 1.406775 -3.179973 0.9292363 1.439787 -3.179973 0.9036692 1.481159 -3.179973 0.898034 1.519804 -3.179973 0.9138383 1.549831 -3.179973 0.9563752 -0.1272442 -3.179973 0.9775218 -0.1508167 -3.179973 1.035495 -0.1981253 -3.179973 1.05798 -0.2395447 -3.179973 1.052715 -0.2795556 -3.179973 1.019401 -0.289031 -3.179973 0.9678841 -0.2732254 -3.179973 0.9292365 -0.2402127 -3.179973 0.9036692 -0.198841 -3.179973 0.898034 -0.1515709 -3.179973 0.9198593 -0.0890851 -3.179973 3.667169 -0.09435003 -3.179973 3.708589 -0.1196208 -3.179973 3.741829 -0.1581258 -3.179973 3.75798 -0.1995447 -3.179973 3.752715 -0.2395556 -3.179973 3.719401 -0.249031 -3.179973 3.667885 -0.2332255 -3.179973 3.629236 -0.2002128 -3.179973 3.603669 -0.1483627 -3.179973 3.598936 -0.1052345 -3.179973 3.628666 1.510915 -3.179973 3.667169 1.50565 -3.179973 3.708589 1.480379 -3.179973 3.741829 1.441874 -3.179973 3.75798 1.390566 -3.179973 3.749132 1.356604 -3.179973 3.709255 1.350969 -3.179973 3.667884 1.366775 -3.179973 3.629236 1.399787 -3.179973 3.603669 1.451637 -3.179973 3.598936 1.494765 -3.179973 3.628666 0.8814361 -3.179973 1.455026 0.8343953 -3.179973 1.576637 0.7053011 -3.179973 1.672322 0.5108108 -3.179973 1.653323 0.4006074 -3.179973 1.529916 0.3805422 -3.179973 1.401078 0.4275808 -3.179973 1.279472 0.5291255 -3.179973 1.197674 0.6579605 -3.179973 1.177607 0.7795698 -3.179973 1.224646 0.8613681 -3.179973 1.326189 1.585989 -3.234973 3.759415 1.585989 -3.234973 0.596694 1.512349 -3.234973 0.523054 -0.250372 -3.234973 0.523054 -0.324011 -3.234973 0.596694 -0.324011 -3.234973 3.759415 -0.250372 -3.234973 3.833054 1.512349 -3.234973 3.833054 -0.269011 -3.234973 3.878054 1.530989 -3.234973 3.878054 1.630989 -3.234973 3.778054 1.630989 -3.234973 0.578054 1.530989 -3.234973 0.478054 -0.269011 -3.234973 0.478054 -0.369011 -3.234973 0.578054 -0.369011 -3.234973 3.778054 -0.269011 -4.624973 3.878054 1.530989 -4.624973 3.878054 -0.324011 -4.624973 1.803054 -0.369011 -4.624973 1.803054 -0.369011 -4.624973 0.578054 -0.269011 -4.624973 0.478054 1.530989 -4.624973 0.478054 1.630989 -4.624973 0.578054 1.630989 -4.624973 1.803054 1.585989 -4.624973 1.803054 1.585989 -4.624973 0.596694 1.512349 -4.624973 0.523054 -0.250372 -4.624973 0.523054 -0.324011 -4.624973 0.596694 -0.369011 -4.624973 2.853054 -0.324011 -4.624973 2.853054 -0.324011 -4.624973 3.759415 -0.250372 -4.624973 3.833054 1.512349 -4.624973 3.833054 1.585989 -4.624973 3.759415 1.585989 -4.624973 2.853054 1.630989 -4.624973 2.853054 1.630989 -4.624973 3.778054 -0.369011 -4.624973 3.778054 0.01714283 -4.679973 1.809977 0.02198898 -4.199973 1.812054 -0.369011 -4.199973 1.803054 -0.324011 -4.679973 1.803054 1.239989 -4.199973 2.844054 1.244835 -4.199973 1.809977 1.630989 -4.199973 1.803054 1.630989 -4.199973 2.853054 0.01714295 -4.199973 2.846131 -0.369011 -4.199973 2.853054 1.244835 -4.679973 2.846131 1.239989 -4.679973 1.812054 1.585989 -4.679973 1.803054 1.585989 -4.679973 2.853054 -0.324011 -4.679973 0.596694 -0.250372 -4.679973 0.523054 1.512349 -4.679973 0.523054 1.585989 -4.679973 0.596694 1.585989 -4.679973 3.759415 1.512349 -4.679973 3.833054 -0.250372 -4.679973 3.833054 -0.324011 -4.679973 3.759415 -0.324011 -4.679973 2.853054 0.02198904 -4.679973 2.844054 1.508337 -4.679973 0.6471413 1.453011 -4.679973 0.5993119 1.381109 -4.679973 0.6113426 1.348275 -4.679973 0.6878948 1.389336 -4.679973 0.748413 1.461903 -4.679973 0.7554022 1.505276 -4.679973 0.7094779 -0.09166252 -4.679973 0.6471415 -0.1469891 -4.679973 0.5993119 -0.2188907 -4.679973 0.6113426 -0.2517246 -4.679973 0.6878948 -0.2106634 -4.679973 0.748413 -0.1380975 -4.679973 0.7554022 -0.09472429 -4.679973 0.7094781 1.200192 -4.679973 3.697753 1.153822 -4.679973 3.641501 1.071109 -4.679973 3.651343 1.038275 -4.679973 3.727895 1.079337 -4.679973 3.788413 1.151902 -4.679973 3.795402 1.195276 -4.679973 3.749478 -0.1298079 -4.679973 3.347752 -0.1594337 -4.679973 3.30443 -0.2081215 -4.679973 3.286295 -0.2661944 -4.679973 3.309613 -0.2917246 -4.679973 3.377895 -0.2506636 -4.679973 3.438413 -0.1780974 -4.679973 3.445402 -0.134724 -4.679973 3.399477 1.550192 -4.679973 0.9577525 1.503822 -4.679973 0.901501 1.440681 -4.679973 0.9033052 1.394436 -4.679973 0.9452201 1.399739 -4.679973 1.018164 1.459087 -4.679973 1.060496 1.536435 -4.679973 1.029583 -0.1316625 -4.679973 0.9471414 -0.1869888 -4.679973 0.899312 -0.2393193 -4.679973 0.9033052 -0.2855636 -4.679973 0.94522 -0.2802606 -4.679973 1.018164 -0.2209126 -4.679973 1.060496 -0.143565 -4.679973 1.029583 -0.09166252 -4.679973 3.647141 -0.1469894 -4.679973 3.599312 -0.1993194 -4.679973 3.603305 -0.2455636 -4.679973 3.64522 -0.2402606 -4.679973 3.718164 -0.1809123 -4.679973 3.760496 -0.103565 -4.679973 3.729583 1.508337 -4.679973 3.647141 1.453011 -4.679973 3.599312 1.400681 -4.679973 3.603305 1.354436 -4.679973 3.64522 1.359739 -4.679973 3.718164 1.40897 -4.679973 3.756797 1.471097 -4.679973 3.749304 1.505276 -4.679973 3.709478 0.523662 -4.679973 1.467807 0.5861702 -4.679973 1.529422 0.6707425 -4.679973 1.535381 0.7384667 -4.679973 1.460748 0.7243694 -4.679973 1.361878 0.6480471 -4.679973 1.31854 0.578112 -4.679973 1.328936 0.5296215 -4.679973 1.383234 0.5269879 -4.609973 1.475837 0.5910043 -4.609973 1.531424 0.6636862 -4.609973 1.535532 0.7383162 -4.609973 1.467805 0.7190791 -4.609973 1.354984 0.6428595 -4.609973 1.317857 0.5715907 -4.609973 1.332701 0.5276191 -4.609973 1.388068 0.881436 -2.829973 1.401082 0.8613688 -2.829973 1.529918 0.7795708 -2.829973 1.631462 0.6579648 -2.829973 1.678501 0.5291267 -2.829973 1.658436 0.4057198 -2.829973 1.548232 0.3867214 -2.829973 1.353742 0.4824061 -2.829973 1.224648 0.6040164 -2.829973 1.177607 0.7328542 -2.829973 1.197675 0.8343967 -2.829973 1.279473 1.130989 -2.829973 1.428054 1.09482 -2.829973 1.232159 0.9430741 -2.829973 1.032937 0.7141224 -2.829973 0.9314622 0.4646037 -2.829973 0.9528379 0.2562471 -2.829973 1.091776 0.1661 -2.829973 1.243992 0.1276146 -2.829973 1.439445 0.1661 -2.829973 1.612117 0.2718417 -2.829973 1.78094 0.418099 -2.829973 1.880468 0.61075 -2.829973 1.93115 0.785497 -2.829973 1.903583 0.9606298 -2.829973 1.808648 1.103206 -2.829973 1.602769 1.08174 -2.830027 1.476601 0.9970685 -2.830036 1.695468 0.855989 -2.829973 1.817766 0.7007562 -2.830036 1.876002 0.467434 -2.830036 1.850872 0.2779369 -2.830036 1.712447 0.196322 -2.829973 1.544523 0.1802474 -2.830036 1.379506 0.2649081 -2.830036 1.160641 0.447661 -2.830036 1.013427 0.679534 -2.830036 0.9773126 0.8984034 -2.830036 1.061974 1.045615 -2.830036 1.244725 0.6055665 -2.851822 0.7272566 0.605989 -2.832473 0.485554 -0.2689078 -2.833055 0.488205 -0.3627282 -2.835313 0.5842108 -0.3593336 -2.833844 0.8083766 -0.1316031 -2.830067 0.8097094 -0.03059792 -2.83009 0.9302498 -0.05321037 -2.837415 1.040236 -0.1316227 -2.830114 1.146356 -0.3632417 -2.836511 1.146131 -0.3602152 -2.835313 3.201771 -0.1480538 -2.830033 3.195453 -0.06257665 -2.829994 3.261086 -0.02458155 -2.830161 3.399498 -0.1020422 -2.829994 3.514489 -0.1737915 -2.82998 3.544942 -0.3593336 -2.833844 3.537732 -0.363011 -2.835973 3.775569 -0.261906 -2.833055 3.870803 0.950989 -2.833306 3.868054 0.9526751 -2.830101 3.640661 1.051378 -2.830019 3.549998 1.174456 -2.830089 3.542294 1.289334 -2.830067 3.640646 1.290989 -2.833306 3.868054 1.528227 -2.834418 3.871387 1.623894 -2.833419 3.771102 1.621312 -2.833844 1.147732 1.393601 -2.830114 1.146356 1.316393 -2.837634 1.042085 1.295204 -2.830063 0.9245779 1.393581 -2.830067 0.8097093 1.621312 -2.833844 0.8083766 1.624989 -2.835973 0.5805394 1.523884 -2.833055 0.4853047 0.6559891 -2.831791 0.4889631 0.6585788 -2.829814 0.7210984 0.9971826 -2.829969 0.8271287 1.208422 -2.829971 1.025819 1.321604 -2.829972 1.292834 1.317494 -2.829973 1.582819 1.196786 -2.829974 1.846531 0.9799746 -2.829977 2.039169 0.7038894 -2.829976 2.128011 0.4154167 -2.829977 2.097967 0.1635647 -2.829975 1.95414 -0.008893609 -2.829974 1.720964 -0.07267165 -2.829973 1.438039 -0.01693826 -2.829972 1.153429 0.1488317 -2.829971 0.9154709 0.3964747 -2.829967 0.7645747 -0.02242732 -2.829973 2.687414 1.286629 -2.829973 2.68964 1.284402 -2.829973 3.248696 -0.0246523 -2.829973 3.246469 -0.06953215 -2.829973 0.7011642 -0.1255724 -2.829973 0.772601 -0.2170823 -2.829973 0.768162 -0.2667182 -2.829973 0.7077786 -0.2591192 -2.829973 0.6299834 -0.1864978 -2.829973 0.5754864 -0.08892947 -2.829973 0.6116256 1.530468 -2.829973 0.701164 1.474428 -2.829973 0.772601 1.394639 -2.829973 0.7720273 1.336442 -2.829973 0.7214932 1.340881 -2.829973 0.6299834 1.413502 -2.829973 0.5754864 1.51107 -2.829973 0.6116256 -0.06953215 -2.829973 3.701164 -0.1255724 -2.829973 3.772601 -0.2053611 -2.829973 3.772027 -0.2635577 -2.829973 3.721493 -0.2591192 -2.829973 3.629983 -0.1864979 -2.829973 3.575486 -0.08892941 -2.829973 3.611626 1.530468 -2.829973 3.701164 1.474428 -2.829973 3.772601 1.382918 -2.829973 3.768162 1.333282 -2.829973 3.707779 1.340881 -2.829973 3.629983 1.413502 -2.829973 3.575486 1.511071 -2.829973 3.611626 -0.02465313 -2.849973 2.68964 1.284403 -2.849973 2.687414 1.286628 -2.849973 3.24647 -0.02242654 -2.849973 3.248695 1.130989 -2.859973 1.428054 1.103206 -2.859973 1.25334 0.9606269 -2.859973 1.047458 0.7364995 -2.859973 0.9357308 0.537298 -2.859973 0.936911 0.3708861 -2.859973 0.9969381 0.1953654 -2.859973 1.175571 0.1276146 -2.859973 1.416664 0.1661 -2.859973 1.612117 0.2562472 -2.859973 1.764334 0.4646038 -2.859973 1.903271 0.7141239 -2.859973 1.924647 0.9430772 -2.859973 1.823169 1.09482 -2.859973 1.62395 1.331164 -2.859984 1.357148 1.24211 -2.859983 1.079066 1.047852 -2.859984 0.8610663 0.8473 -2.859973 0.762315 0.6575338 -2.853092 0.7281714 0.414677 -2.859973 0.762315 0.2141239 -2.859984 0.8610678 0.01986759 -2.859985 1.079066 -0.06918549 -2.859982 1.357141 -0.03770744 -2.859981 1.647431 0.1088879 -2.859982 1.899962 0.3453551 -2.85998 2.071252 0.6309894 -2.85998 2.131824 0.9166249 -2.859982 2.071251 1.15309 -2.85998 1.899962 1.299684 -2.859981 1.647433 0.605989 -2.853307 0.508054 0.605989 -3.229973 0.4913873 0.6559891 -2.855973 0.504054 0.655989 -3.229973 0.498054 0.655989 -3.229973 0.478054 1.530989 -3.229973 0.478054 1.630989 -3.229973 0.578054 1.630989 -3.229973 3.778054 1.530989 -3.229973 3.878054 -0.269011 -3.229973 3.878054 -0.369011 -3.229973 3.778054 -0.369011 -3.229973 0.578054 -0.269011 -3.229973 0.478054 -0.2420477 -3.229973 0.5216261 -0.3224722 -3.229973 0.5885488 -0.3254398 -3.229973 3.751091 -0.2585171 -3.229973 3.831515 1.504027 -3.229973 3.834483 1.584449 -3.229973 3.767559 1.587417 -3.229973 0.6050165 1.520494 -3.229973 0.5245937 1.58445 -3.179973 0.5885497 1.504027 -3.179973 0.5216262 1.587417 -3.179973 3.751091 1.520494 -3.179973 3.831515 -0.2420482 -3.179973 3.834483 -0.3224719 -3.179973 3.76756 -0.3254395 -3.179973 0.6050158 -0.2585163 -3.179973 0.5245938 1.5633 -3.179973 0.993793 1.522207 -3.179973 0.8970575 1.427725 -3.179973 0.8969577 1.375234 -3.179973 0.9741953 1.431894 -3.179973 1.063146 1.514252 -3.179973 1.059152 -0.1167002 -3.179973 0.9937931 -0.1577929 -3.179973 0.8970575 -0.252275 -3.179973 0.8969577 -0.304766 -3.179973 0.9741953 -0.2481063 -3.179973 1.063146 -0.1657477 -3.179973 1.059152 1.2133 -3.179973 3.733793 1.180775 -3.179973 3.645981 1.100189 -3.179973 3.628523 1.035897 -3.179973 3.678959 1.050551 -3.179973 3.783035 1.153515 -3.179973 3.805867 -0.1167002 -3.179973 3.383793 -0.1418756 -3.179973 3.305275 -0.2177003 -3.179973 3.274815 -0.2941033 -3.179973 3.328959 -0.2935875 -3.179973 3.400768 -0.2481063 -3.179973 3.453146 -0.1657475 -3.179973 3.449152 0.3323154 -3.179973 1.381536 0.3606665 -3.179973 1.572268 0.5087532 -3.179973 1.704511 0.6633583 -3.179973 1.72859 0.8092892 -3.179973 1.672142 0.9241106 -3.179973 1.517223 0.9129055 -3.179973 1.319002 0.7929894 -3.179973 1.168002 0.5616557 -3.179973 1.129618 0.3955882 -3.179973 1.238432 -0.06644338 -3.179973 0.6955409 -0.1025825 -3.179973 0.5979726 -0.192121 -3.179973 0.5785752 -0.2635579 -3.179973 0.6346154 -0.2629843 -3.179973 0.7144039 -0.2124502 -3.179973 0.7726008 -0.1209403 -3.179973 0.7681623 1.533557 -3.179973 0.6955408 1.497417 -3.179973 0.5979725 1.407879 -3.179973 0.5785752 1.336442 -3.179973 0.6346154 1.340881 -3.179973 0.7261254 1.401264 -3.179973 0.7757613 1.47906 -3.179973 0.7681623 -0.06644338 -3.179973 3.695541 -0.1025825 -3.179973 3.597973 -0.1921214 -3.179973 3.578575 -0.2635579 -3.179973 3.634615 -0.2472748 -3.179973 3.750255 -0.132871 -3.179973 3.775624 1.533557 -3.179973 3.695541 1.497418 -3.179973 3.597972 1.394852 -3.179973 3.580484 1.333282 -3.179973 3.648328 1.352725 -3.179973 3.750255 1.467129 -3.179973 3.775624 0.3304528 -3.129973 1.395684 0.3545318 -3.129973 1.550289 0.4867751 -3.129973 1.698377 0.6775062 -3.129973 1.726728 0.8206106 -3.129973 1.663455 0.9294254 -3.129973 1.497387 0.8910414 -3.129973 1.266054 0.7400416 -3.129973 1.146138 0.5418202 -3.129973 1.134932 0.386901 -3.129973 1.249754 1.021686 -3.129973 1.385974 0.9483047 -3.129973 1.196267 0.825989 -3.129973 1.090304 0.6914614 -3.129973 1.039778 0.4892219 -3.129973 1.061561 0.3249679 -3.129973 1.181546 0.2427133 -3.129973 1.367582 0.2644956 -3.129973 1.56982 0.355217 -3.129973 1.703826 0.4720833 -3.129973 1.787448 0.6730686 -3.129973 1.818751 0.8627786 -3.129973 1.745369 0.9903829 -3.129973 1.58696 1.020263 -2.890424 1.373612 0.968739 -2.889973 1.233054 0.867747 -2.890424 1.114297 0.6791524 -2.890423 1.037953 0.4776495 -2.890423 1.066135 0.3172332 -2.890424 1.191293 0.2408884 -2.890424 1.379891 0.2690696 -2.890423 1.581393 0.355217 -2.889973 1.703826 0.4835004 -2.890424 1.792397 0.6854306 -2.890423 1.817328 0.8727727 -2.890423 1.737955 0.9953314 -2.890423 1.575543 1.562853 -2.979973 0.9749754 1.533768 -2.979973 0.9109186 1.467908 -2.979973 0.8861904 1.386134 -2.979973 0.9335178 1.406008 -2.979973 1.048492 1.522207 -2.979973 1.059052 1.630989 -2.979973 1.138054 1.630989 -2.979973 0.818054 1.416822 -2.979973 0.8245613 1.326816 -2.979973 0.9011424 1.318198 -2.979973 1.041341 1.416822 -2.979973 1.131547 -0.369011 -2.979973 0.818054 -0.369011 -2.979973 1.138054 -0.1345785 -2.979973 1.126276 -0.05865496 -2.979973 1.036215 -0.05192571 -2.979973 0.9359633 -0.1345786 -2.979973 0.8298321 -0.1699159 -2.979973 1.063146 -0.2631547 -2.979973 1.054458 -0.3025016 -2.979973 0.9569966 -0.2247502 -2.979973 0.8857433 -0.1555234 -2.979973 0.9048265 -0.1132565 -2.979973 0.9741955 0.960989 -2.979973 3.878054 1.280989 -2.979973 3.878054 1.274482 -2.979973 3.663887 1.216082 -2.979973 3.587874 1.099403 -2.979973 3.55409 0.9727656 -2.979973 3.643624 1.208802 -2.979973 3.750578 1.124848 -2.979973 3.813809 1.042971 -2.979973 3.766653 1.033176 -2.979973 3.685527 1.10525 -2.979973 3.625743 1.193062 -2.979973 3.658268 -0.369011 -2.979973 3.208054 -0.369011 -2.979973 3.528054 -0.1548443 -2.979973 3.521547 -0.07883083 -2.979973 3.463147 -0.04504716 -2.979973 3.346468 -0.1378104 -2.979973 3.217439 -0.1157721 -2.979973 3.376743 -0.169916 -2.979973 3.453146 -0.2739919 -2.979973 3.438492 -0.296824 -2.979973 3.335527 -0.2247499 -2.979973 3.275743 -0.1462323 -2.979973 3.300919 1.422873 -2.850711 0.8227875 1.343851 -2.850158 0.8788595 1.311287 -2.850158 0.9557139 1.403533 -2.851377 1.129042 -0.1415551 -2.851377 3.519042 -0.06053167 -2.850158 3.430963 -0.05078369 -2.849429 3.324106 -0.1415597 -2.851131 3.217891 -0.1415548 -2.851377 1.129042 -0.04896968 -2.850158 0.9582949 -0.09288328 -2.848542 0.8619264 -0.1800314 -2.850222 0.8200531 0.9699997 -2.851377 3.650599 1.078483 -2.848542 3.559421 1.183898 -2.850158 3.569575 1.271977 -2.851377 3.650598 -0.2632023 -5.12664 0.4863874 0.3722159 -5.125818 0.4893337 0.3733526 -5.125246 0.6845995 0.8891286 -5.126253 0.6878216 0.8897621 -5.125818 0.4893337 1.529267 -5.126205 0.48617 1.624092 -5.126065 0.5848121 1.620989 -5.12664 1.797498 1.243821 -5.130604 1.778555 1.224168 -5.127158 1.817058 1.22681 -5.129745 2.857233 1.624443 -5.125246 2.858145 1.621334 -5.126065 3.777956 1.523884 -5.126892 3.870803 -0.268906 -5.127186 3.867726 -0.3621143 -5.126065 3.771296 -0.3595373 -5.125763 2.858317 0.04110723 -5.129678 2.853585 0.0362569 -5.129641 1.799251 -0.3620543 -5.126205 1.797643 -0.3593556 -5.126065 0.578152 1.533557 -5.129973 0.6955408 1.497417 -5.129973 0.5979725 1.407879 -5.129973 0.5785752 1.336442 -5.129973 0.6346154 1.340881 -5.129973 0.7261254 1.401264 -5.129973 0.7757613 1.47906 -5.129973 0.7681623 -0.06644338 -5.129973 0.6955409 -0.1025825 -5.129973 0.5979726 -0.192121 -5.129973 0.5785752 -0.2635579 -5.129973 0.6346154 -0.2629843 -5.129973 0.7144039 -0.2124502 -5.129973 0.7726008 -0.1209403 -5.129973 0.7681623 1.533557 -5.129973 3.695541 1.497418 -5.129973 3.597972 1.394852 -5.129973 3.580484 1.333282 -5.129973 3.648328 1.352725 -5.129973 3.750255 1.467129 -5.129973 3.775624 -0.06644338 -5.129973 3.695541 -0.1025825 -5.129973 3.597973 -0.1921214 -5.129973 3.578575 -0.2635579 -5.129973 3.634615 -0.2472748 -5.129973 3.750255 -0.132871 -5.129973 3.775624 -0.06806093 -5.130083 1.483971 -0.01952672 -5.129919 1.693009 0.1338923 -5.129989 1.922586 0.2968811 -5.130032 2.047119 0.5857386 -5.130013 2.132573 0.8429417 -5.1298 2.097183 1.071589 -5.129925 1.979842 1.335283 -5.12991 1.474207 1.294301 -5.129964 1.196039 1.198921 -5.129872 1.015745 1.057257 -5.129963 0.8693865 0.8053582 -5.129899 0.7441343 0.5554611 -5.129833 0.7303165 0.3568488 -5.129961 0.7810136 0.1237468 -5.129913 0.9372398 -0.04450094 -5.129878 1.21938 0.1330121 -5.129973 1.353662 0.2304456 -5.129973 1.122964 0.363075 -5.129973 1.00589 0.5478547 -5.129973 0.9314622 0.7973724 -5.129973 0.9528377 0.949701 -5.129973 1.042798 1.077587 -5.129973 1.195535 1.134362 -5.129973 1.439445 1.095877 -5.129973 1.612117 0.9901337 -5.129973 1.780942 0.7757066 -5.129973 1.910311 0.525476 -5.129973 1.920378 0.3013473 -5.129973 1.808648 0.1587702 -5.129973 1.602768 0.9865741 -5.129924 1.389759 0.9197859 -5.129924 1.217094 0.794358 -5.123491 1.127491 0.6860237 -5.129924 1.074673 0.5034359 -5.125823 1.105038 0.3524703 -5.129924 1.203699 0.2776007 -5.129931 1.373014 0.3079717 -5.125823 1.555605 0.406633 -5.129924 1.706572 0.6188452 -5.129796 1.790225 0.8377972 -5.125823 1.707051 0.9580833 -5.129924 1.57268 1.530468 -4.679973 0.701164 1.51107 -4.679973 0.6116256 1.413502 -4.679973 0.5754864 1.340881 -4.679973 0.6299834 1.336442 -4.679973 0.7214932 1.394639 -4.679973 0.7720273 1.474428 -4.679973 0.772601 0.01268088 -4.679973 2.923054 -0.329011 -4.679973 2.923054 -0.329011 -4.679973 3.761486 -0.252443 -4.679973 3.838054 1.51442 -4.679973 3.838054 1.590989 -4.679973 3.761486 1.590989 -4.679973 2.923054 1.160989 -4.679973 2.923054 1.160989 -4.679973 1.733054 1.590989 -4.679973 1.733054 1.590989 -4.679973 0.594623 1.51442 -4.679973 0.518054 -0.252443 -4.679973 0.518054 -0.329011 -4.679973 0.594623 -0.329011 -4.679973 1.740192 0.100989 -4.679973 1.740192 0.09764707 -4.679973 2.789647 0.8814361 -4.679973 1.455026 0.8343953 -4.679973 1.576637 0.7053011 -4.679973 1.672322 0.5108108 -4.679973 1.653323 0.4006074 -4.679973 1.529916 0.3805422 -4.679973 1.401078 0.4275808 -4.679973 1.279472 0.5291255 -4.679973 1.197674 0.6579605 -4.679973 1.177607 0.7795698 -4.679973 1.224646 0.8613681 -4.679973 1.326189 -0.06953215 -4.679973 0.7011642 -0.1255724 -4.679973 0.772601 -0.2053608 -4.679973 0.7720274 -0.2635577 -4.679973 0.7214932 -0.2591192 -4.679973 0.6299834 -0.1864978 -4.679973 0.5754864 -0.08892947 -4.679973 0.6116256 1.530468 -4.679973 3.701164 1.474428 -4.679973 3.772601 1.382918 -4.679973 3.768162 1.333282 -4.679973 3.707779 1.340881 -4.679973 3.629983 1.413502 -4.679973 3.575486 1.511071 -4.679973 3.611626 -0.06953215 -4.679973 3.701164 -0.1255724 -4.679973 3.772601 -0.2053611 -4.679973 3.772027 -0.2635577 -4.679973 3.721493 -0.2591192 -4.679973 3.629983 -0.1864979 -4.679973 3.575486 -0.08892941 -4.679973 3.611626 0.380989 -4.679973 0.578054 0.880989 -4.679973 0.578054 0.880989 -4.679973 0.678054 0.380989 -4.679973 0.678054 -0.1393756 -4.679973 0.9942297 -0.1786031 -4.679973 1.044236 -0.2426619 -4.679973 1.041129 -0.2808085 -4.679973 0.9902954 -0.2488481 -4.679973 0.9150574 -0.1584706 -4.679973 0.9232709 1.540625 -4.679973 0.9942289 1.501397 -4.679973 1.044236 1.437338 -4.679973 1.041129 1.399191 -4.679973 0.9902954 1.431152 -4.679973 0.9150573 1.521529 -4.679973 0.9232708 1.186987 -4.679973 3.752693 1.114231 -4.679973 3.790574 1.06031 -4.679973 3.755855 1.05269 -4.679973 3.692755 1.100186 -4.679973 3.649659 1.171529 -4.679973 3.663271 -0.1430128 -4.679973 3.402693 -0.2157692 -4.679973 3.440573 -0.2801724 -4.679973 3.39023 -0.2612286 -4.679973 3.319227 -0.211407 -4.679973 3.296604 -0.1529545 -4.679973 3.321554 0.880989 -4.929973 0.578054 0.380989 -4.929973 0.578054 0.8898311 -4.924289 0.4847908 0.3708624 -4.920859 0.4828641 -0.269011 -4.629973 0.478054 1.530989 -4.629973 0.478054 -0.369011 -4.629973 0.578054 -0.3151141 -4.629973 2.912497 -0.313444 -4.629973 2.853054 -0.369011 -4.629973 2.853054 -0.369011 -4.629973 3.778054 -0.269011 -4.629973 3.878054 1.530989 -4.629973 3.878054 1.630989 -4.629973 3.778054 1.630989 -4.629973 2.853054 1.580989 -4.629973 2.853054 1.565337 -4.629973 2.919141 1.590989 -4.629973 2.923054 1.590989 -4.629973 3.761486 1.51442 -4.629973 3.838054 -0.252443 -4.629973 3.838054 -0.329011 -4.629973 3.761486 -0.283444 -4.629973 2.923054 1.580989 -4.629973 1.743054 1.580989 -4.629973 1.803054 1.630989 -4.629973 1.803054 1.630989 -4.629973 0.578054 -0.369011 -4.629973 1.803054 -0.289011 -4.629973 1.803054 -0.3254162 -4.629973 1.742597 -0.329011 -4.629973 0.594623 -0.252443 -4.629973 0.518054 1.51442 -4.629973 0.518054 1.590989 -4.629973 0.594623 1.550989 -4.629973 1.733054 -0.3021939 -4.369973 2.911804 -0.313444 -4.369973 2.853054 1.574066 -4.369973 2.909208 1.580989 -4.369973 2.853054 1.238489 -4.369973 2.845554 1.240989 -4.369973 1.809721 1.580989 -4.369973 1.803054 1.569739 -4.369973 1.744304 1.160989 -4.369973 1.733054 1.160989 -4.369973 2.923054 -0.307761 -4.369973 1.791804 0.02348899 -4.369973 1.810554 0.02098906 -4.369973 2.846387 0.008885502 -4.369973 2.921885 0.100989 -4.369973 2.791192 0.100989 -4.369973 1.740192 -0.319011 -4.369973 1.740192 0.0213772 -5.107747 1.812666 -0.01276093 -4.886223 1.801804 -0.01537454 -4.819973 1.801236 1.240601 -5.107747 2.843442 1.274739 -4.886223 2.854304 1.277353 -4.819973 2.854872 1.230989 -4.819973 2.823054 1.230989 -4.929973 1.833054 1.230989 -4.929973 1.953054 1.230989 -4.819973 1.953054 1.230989 -4.819973 1.833054 1.230989 -4.819973 2.703054 1.230989 -4.929973 2.703054 1.230989 -4.929973 2.823054 1.260989 -5.109973 1.803054 1.277285 -4.883677 1.801573 1.280989 -4.879973 1.953054 1.280989 -4.819973 1.953054 1.2721 -4.819973 1.800832 1.280989 -4.879973 2.703054 1.280989 -4.819973 2.703054 0.02292019 -5.109909 2.84363 -0.01012194 -4.819973 2.855276 -0.01530718 -4.883677 2.854536 0.03098899 -4.929973 2.823054 0.03098899 -4.929973 2.703054 0.03098899 -4.819973 2.703054 0.03098899 -4.819973 2.823054 0.03098899 -4.819973 1.833054 0.03098899 -4.819973 1.953054 0.03098899 -4.929973 1.953054 0.03098899 -4.929973 1.833054 -0.01901096 -4.879973 1.953054 -0.01901096 -4.819973 1.953054 -0.01901096 -4.879973 2.703054 -0.01901096 -4.819973 2.703054 0.881436 -4.529973 1.401082 0.8613688 -4.529973 1.529918 0.7795708 -4.529973 1.631462 0.6579648 -4.529973 1.678501 0.5291267 -4.529973 1.658436 0.4057198 -4.529973 1.548232 0.3867214 -4.529973 1.353742 0.4824061 -4.529973 1.224648 0.6040164 -4.529973 1.177607 0.7328542 -4.529973 1.197675 0.8343967 -4.529973 1.279473 -0.1406158 -5.059973 0.9988582 -0.1837127 -5.059973 1.046353 -0.2468121 -5.059973 1.038733 -0.2815303 -5.059973 0.9848124 -0.2436497 -5.059973 0.9120559 -0.1542276 -5.059973 0.927514 1.542786 -5.059973 0.9902936 1.51749 -5.059973 0.9219978 1.43635 -5.059973 0.9120559 1.39847 -5.059973 0.9848124 1.433188 -5.059973 1.038733 1.496287 -5.059973 1.046353 1.190624 -5.059973 3.701878 1.158789 -5.059973 3.657376 1.08635 -5.059973 3.652056 1.04847 -5.059973 3.724812 1.090581 -5.059973 3.784237 1.171528 -5.059973 3.77284 -0.1495879 -5.059973 3.325941 -0.2157686 -5.059973 3.295535 -0.2751934 -5.059973 3.337646 -0.272086 -5.059973 3.401705 -0.2212519 -5.059973 3.439851 -0.1460141 -5.059973 3.407891 0.1330121 -5.099973 1.502446 0.146697 -5.099973 1.303709 0.2170554 -5.099973 1.141394 0.363075 -5.099973 1.00589 0.5254775 -5.099973 0.9357309 0.7757068 -5.099973 0.945798 0.990134 -5.099973 1.075167 1.095877 -5.099973 1.243992 1.134362 -5.099973 1.416664 1.077587 -5.099973 1.660573 0.949701 -5.099973 1.813311 0.7973723 -5.099973 1.903272 0.5478531 -5.099973 1.924647 0.3188999 -5.099973 1.823169 0.192835 -5.099973 1.668931 -0.06901097 -5.099973 1.428054 -0.03860002 -5.099985 1.213384 0.064677 -5.099973 1.016605 0.2156715 -5.099973 0.8592978 0.4827691 -5.099979 0.7407442 0.704159 -5.099973 0.731889 0.9170005 -5.099974 0.7844898 1.09938 -5.099973 0.907853 1.240648 -5.099975 1.077877 1.331465 -5.099974 1.355172 1.315692 -5.099973 1.573593 1.238701 -5.099983 1.781741 1.040822 -5.099966 2.000932 0.7736002 -5.099983 2.116743 0.4883758 -5.099985 2.116742 0.2211542 -5.099966 2.000931 0.064677 -5.099973 1.839504 -0.03800761 -5.100001 1.644287 0.9660754 -5.109586 1.386683 0.9004973 -5.109586 1.224684 0.6777533 -5.109586 1.093678 0.4276167 -5.109586 1.158547 0.34087 -5.109973 1.260554 0.2966127 -5.109586 1.381286 0.3614817 -5.109586 1.631427 0.4992734 -5.109586 1.738933 0.6723591 -5.109586 1.76314 0.897185 -5.109586 1.635741 0.954574 -5.109973 1.514759 0.2974703 -5.009973 1.480004 0.3681257 -5.009973 1.6398 0.5092137 -5.009973 1.742862 0.6829318 -5.009973 1.761573 0.798489 -5.009973 1.718173 0.9035526 -5.009973 1.627157 0.954574 -5.009973 1.514759 0.9645078 -5.009973 1.37611 0.921107 -5.009973 1.260554 0.8300895 -5.009973 1.155489 0.667135 -5.009973 1.092455 0.544284 -5.009973 1.104469 0.4192441 -5.009973 1.165191 0.3161796 -5.009973 1.306281 0.9114421 -5.009926 1.397849 0.8587715 -5.009934 1.261663 0.7450598 -5.009934 1.170065 0.6007821 -5.00994 1.147587 0.4645983 -5.009934 1.200271 0.3575465 -5.009833 1.344867 0.3679091 -5.009926 1.529818 0.4540321 -5.009934 1.647729 0.5875732 -5.00994 1.706782 0.7655206 -5.009833 1.680228 0.888979 -5.009934 1.542124 0.8910562 -4.989673 1.395948 0.8401597 -4.989673 1.270215 0.7332168 -4.989673 1.186776 0.5988827 -4.989673 1.167987 0.4731485 -4.989673 1.218884 0.405822 -4.989973 1.298054 0.3714731 -4.989673 1.391758 0.3880936 -4.989673 1.52638 0.469798 -4.989673 1.634654 0.5946924 -4.989673 1.68757 0.698282 -4.989973 1.679195 0.7888283 -4.989673 1.637225 0.8722674 -4.989673 1.530281 0.3656046 -4.949973 1.436953 0.4269754 -4.949973 1.592394 0.5364784 -4.949973 1.672383 0.6713059 -4.949973 1.686904 0.7953267 -4.949973 1.632069 0.8896338 -4.949973 1.488143 0.8705835 -4.949973 1.322115 0.7855142 -4.949973 1.216511 0.6590398 -4.949973 1.167589 0.5250508 -4.949973 1.188459 0.4194455 -4.949973 1.273528 0.7641376 -4.949789 1.450756 0.7279139 -4.949908 1.337418 0.6184542 -4.949817 1.293537 0.5082386 -4.949804 1.371656 0.52956 -4.949572 1.521626 0.6779139 -4.949817 1.554743 0.739144 -4.929685 1.458377 0.7226107 -4.929388 1.359669 0.6463461 -4.929846 1.318259 0.5759568 -4.929684 1.330133 0.5289092 -4.929846 1.384804 0.524789 -4.929388 1.470396 0.5877404 -4.929846 1.530134 0.6733308 -4.929388 1.534254 0.5269879 -4.609973 1.475837 0.5910043 -4.609973 1.531424 0.6636862 -4.609973 1.535532 0.7383162 -4.609973 1.467805 0.7190791 -4.609973 1.354984 0.6428595 -4.609973 1.317857 0.5715907 -4.609973 1.332701 0.5276191 -4.609973 1.388068 0.547281 -2.818475 2.20872 0.3707166 -2.819983 2.168296 0.11527 -2.820006 2.018216 -0.0817961 -2.815843 1.77463 -0.1348306 -2.819986 1.608669 -0.1399473 -2.819997 1.286883 -0.03328359 -2.819985 1.010384 0.1646146 -2.820006 0.7981706 0.4382462 -2.81999 0.6668508 0.6514625 -2.81828 0.6452079 0.8237341 -2.81999 0.6668516 1.097361 -2.820006 0.7981698 1.309232 -2.817618 1.022797 1.401925 -2.819997 1.286883 1.399526 -2.818462 1.611971 1.289687 -2.81994 1.848215 1.14671 -2.820006 2.018214 0.8912619 -2.819983 2.168296 0.7151498 -2.81749 2.211603 0.6847559 -2.811246 2.221667 0.5773009 -2.818034 2.213758 0.5481099 -2.819973 2.035777 0.5877875 -2.819972 2.097401 0.6599003 -2.819972 2.10611 0.7047109 -2.819973 2.06065 0.7090452 -2.819973 1.999144 0.6547693 -2.819973 1.949889 0.5828605 -2.819973 1.96014 -0.04464805 -2.819973 1.393303 -0.04109615 -2.819973 1.466512 0.0169993 -2.819973 1.510108 0.09505444 -2.819973 1.481197 0.1104977 -2.817502 1.401705 0.03441882 -2.819973 1.342939 0.7090452 -2.819973 0.7991435 0.6547693 -2.819973 0.7498887 0.5828604 -2.819973 0.7601405 0.5481099 -2.819973 0.8357775 0.5877873 -2.819973 0.8974008 0.6599 -2.819973 0.9061101 0.7047108 -2.819973 0.8606502 1.2599 -2.819973 1.50611 1.304711 -2.819973 1.46065 1.309045 -2.819973 1.399143 1.254769 -2.819973 1.349889 1.18286 -2.819973 1.360141 1.14811 -2.819973 1.435777 1.187788 -2.819973 1.497401 0.5872955 -2.821277 1.011513 0.3349973 -2.820009 1.100193 0.2183089 -2.820002 1.586462 0.3846021 -2.819976 1.785002 0.6170774 -2.821393 1.848882 0.8642462 -2.821934 1.778054 0.9961641 -2.82181 1.631559 1.047877 -2.821349 1.472695 1.021863 -2.819975 1.240158 0.8530902 -2.820006 1.046079 0.375843 -2.799943 2.1885 0.1626637 -2.799905 2.079224 -0.008646011 -2.800049 1.911962 -0.1559512 -2.799906 1.583215 -0.1666566 -2.800051 1.344031 -0.122797 -2.799973 1.160085 -0.04945611 -2.799909 1.003385 0.1062257 -2.800053 0.8214901 0.263988 -2.799973 0.717202 0.4246174 -2.799911 0.6529678 0.6099314 -2.818855 0.6457124 0.8237618 -2.799945 0.6494556 1.045091 -2.799903 0.7411261 1.229372 -2.800048 0.8939798 1.402794 -2.799906 1.209729 1.432817 -2.80005 1.447267 1.343566 -2.799908 1.79627 1.203116 -2.800052 1.990164 1.054312 -2.799973 2.106875 0.8994048 -2.79991 2.1839 0.5764056 -2.549529 2.227602 0.5781581 -2.529813 2.207061 0.5468292 -2.533122 2.2136 0.3625743 -2.550036 2.1839 0.207665 -2.549973 2.106875 0.05886083 -2.549894 1.990164 -0.08158969 -2.550039 1.796269 -0.1376029 -2.531563 1.611989 -0.1708397 -2.549896 1.447259 -0.1408171 -2.55004 1.209728 -0.04725539 -2.532328 1.022798 0.03260225 -2.549898 0.8939833 0.2168855 -2.550043 0.7411264 0.4382144 -2.550001 0.6494559 0.610413 -2.530623 0.646791 0.6844973 -2.532638 2.214267 0.651489 -2.532106 0.640449 0.8336223 -2.549764 0.6519192 1.054619 -2.549753 0.7468929 1.237547 -2.549753 0.9031439 1.365915 -2.549754 1.106609 1.428177 -2.549754 1.338982 1.426152 -2.549973 1.515894 1.384623 -2.549937 1.70246 1.269362 -2.549936 1.913587 1.09668 -2.549936 2.081043 0.8821334 -2.549941 2.189758 0.7146863 -2.532182 2.21026 0.8358297 -2.529963 0.673387 1.050103 -2.529963 0.7678667 1.226965 -2.529961 0.9217814 1.350258 -2.529964 1.121205 1.414683 -2.529951 1.396361 1.372693 -2.529964 1.675801 1.265915 -2.529963 1.884533 1.102063 -2.529963 2.052228 0.8960126 -2.529963 2.163755 0.3707181 -2.529963 2.168297 0.11527 -2.52994 2.018216 -0.02769744 -2.529997 1.848217 -0.1399473 -2.529949 1.286883 0.1646128 -2.529943 0.7981683 0.4382663 -2.529955 0.6668444 0.3426138 -2.530096 1.317367 0.4866961 -2.529988 1.162621 0.6276465 -2.52999 1.125924 0.7693762 -2.529989 1.159434 0.878956 -2.529993 1.255352 0.9309422 -2.529994 1.391381 0.9132662 -2.529993 1.53592 0.830034 -2.529992 1.655413 0.700562 -2.529991 1.722096 0.5549274 -2.529989 1.720458 0.4269725 -2.529986 1.650857 0.3578603 -2.533333 1.53008 0.552933 -2.529973 1.999143 0.5983932 -2.529973 1.954332 0.6598996 -2.529973 1.949998 0.7091543 -2.529973 2.004274 0.6989024 -2.529973 2.076183 0.6232653 -2.529972 2.110933 0.5616424 -2.529973 2.071256 0.05989933 -2.529973 1.349998 0.1091543 -2.529973 1.404274 0.09890252 -2.529973 1.476183 0.02326536 -2.529973 1.510933 -0.03835785 -2.529973 1.471255 -0.04706698 -2.529973 1.399143 -0.001606702 -2.529973 1.354332 0.6989025 -2.529973 0.8761827 0.6232655 -2.529973 0.9109331 0.5616422 -2.529973 0.8712556 0.552933 -2.529973 0.7991431 0.5983932 -2.529973 0.7543321 0.6598995 -2.529975 0.7499979 0.7091543 -2.529973 0.8042738 1.223266 -2.529973 1.510933 1.161642 -2.529973 1.471255 1.152933 -2.529973 1.399143 1.198393 -2.529973 1.354332 1.259899 -2.529973 1.349998 1.309154 -2.529973 1.404274 1.298902 -2.529973 1.476183 0.3510461 -2.550608 1.392859 0.40373 -2.549935 1.260826 0.5121421 -2.549953 1.172152 0.6498035 -2.549967 1.146529 0.7828056 -2.549978 1.190227 0.8784242 -2.549984 1.29246 0.913142 -2.549987 1.428055 0.8784244 -2.549984 1.563648 0.782806 -2.549978 1.665882 0.6498031 -2.549967 1.70958 0.512142 -2.549953 1.683957 0.4037315 -2.549935 1.595285 0.9078051 -2.689974 1.499126 0.7841272 -2.689974 1.669357 0.6132713 -2.689973 1.709676 0.4488168 -2.689974 1.648263 0.3576753 -2.689973 1.498228 0.3576754 -2.689973 1.357879 0.4252887 -2.689973 1.234892 0.577436 -2.689974 1.147322 0.7841262 -2.689974 1.186751 0.8933513 -2.689973 1.324179 0.6997449 -2.689973 1.222689 0.7158258 -2.689969 1.326334 0.7646772 -2.689973 1.446843 0.6813769 -2.689973 1.554235 0.5628829 -2.689973 1.54185 0.5105864 -2.689973 1.479562 0.5049963 -2.689972 1.37951 0.558489 -2.689973 1.320148 0.5631218 -2.689973 1.221799 0.5623625 -2.827172 1.222226 0.6579605 -2.829973 1.177607 0.7795698 -2.829973 1.224646 0.8613682 -2.829973 1.326189 0.8814361 -2.829973 1.455027 0.8343954 -2.829973 1.576637 0.7053011 -2.829973 1.672322 0.5108108 -2.829973 1.653323 0.4006074 -2.829973 1.529916 0.3805422 -2.829973 1.401078 0.4275808 -2.829973 1.279472 0.5291255 -2.829973 1.197674 0.5561413 -2.828836 1.321559 0.5012354 -2.829974 1.390923 0.5302468 -2.829974 1.517806 0.6309896 -2.829974 1.560032 0.7317292 -2.829974 1.517807 0.7607427 -2.829974 1.390925 0.7050229 -2.828488 1.320908 0.6993184 -2.827172 1.221929 0.667254 -3.059168 1.17876 0.7886625 -3.059874 1.231639 0.8656718 -3.05984 1.336586 0.880009 -3.059812 1.465934 0.8278891 -3.059788 1.585153 0.7232508 -3.059769 1.662453 0.5940085 -3.059754 1.677237 0.4746315 -3.059743 1.625581 0.3969317 -3.059736 1.521257 0.3816319 -3.059731 1.392071 0.4328227 -3.05973 1.272465 0.5368835 -3.05973 1.194334 0.6309885 -3.089907 1.143727 0.7923142 -3.089949 1.196668 0.8843539 -3.089949 1.303958 0.9127814 -3.089948 1.442462 0.8704242 -3.089947 1.577382 0.7679084 -3.089946 1.674812 0.6309882 -3.089949 1.710261 0.4940691 -3.089946 1.674812 0.3915528 -3.089947 1.577382 0.3491958 -3.089948 1.442463 0.3776231 -3.089949 1.303958 0.4696625 -3.089949 1.196668 0.8043295 -3.088535 1.135999 0.9138673 -3.088552 1.240159 0.9673556 -3.088569 1.381574 0.954159 -3.088587 1.532182 0.8195254 -3.088588 1.71041 0.6782519 -3.088576 1.764285 0.5275087 -3.088454 1.751713 0.3974302 -3.088553 1.674559 0.3135578 -3.088542 1.548749 0.2926093 -3.088531 1.398996 0.3387439 -3.08852 1.254983 0.4470353 -3.088366 1.1414 0.7124564 -3.06369 1.068724 0.5470172 -3.05882 1.790283 0.5478191 -3.063447 1.068902 0.6279317 -3.088708 1.086193 0.6297695 -3.064326 1.059748 0.4714449 -3.062231 1.095229 0.4032656 -3.06299 1.137784 0.3450156 -3.062777 1.194728 0.3006821 -3.062568 1.26305 0.2724115 -3.062371 1.339422 0.2615696 -3.062191 1.420133 0.2686766 -3.062029 1.501259 0.2933867 -3.061889 1.578862 0.3344983 -3.061774 1.649174 0.3900139 -3.061685 1.708779 0.4572381 -3.061623 1.754786 0.6469763 -3.062406 1.797166 0.7273957 -3.062435 1.784652 0.8031202 -3.06249 1.754822 0.8704639 -3.062569 1.709125 0.9116274 -3.081801 1.642672 0.9546141 -3.060055 1.611893 0.9924428 -3.062926 1.502189 0.999801 -3.063073 1.421117 0.9891946 -3.063223 1.340392 0.9611238 -3.06337 1.263936 0.9169364 -3.063505 1.19548 0.8587542 -3.063617 1.138362 0.7893275 -3.063682 1.095352 0.5889099 -2.84587 1.042435 0.9746834 -2.845905 1.607885 0.3901661 -2.845836 1.732331 0.6704499 -2.842424 1.815101 0.3999247 -2.82344 1.080284 0.7915711 -2.823463 1.042675 0.7437296 -2.846384 1.057049 0.8498324 -2.84702 1.110529 0.9507066 -2.82325 1.163951 0.9285529 -2.846933 1.180289 1.027445 -2.823243 1.306385 0.9839166 -2.845808 1.270538 1.008416 -2.845862 1.345537 1.017864 -2.845863 1.458466 0.8761897 -2.846495 1.728401 0.772652 -2.847088 1.786722 0.5648155 -2.845834 1.808778 0.4366983 -2.82323 1.794464 0.4890322 -2.845866 1.787329 0.311272 -2.82323 1.692223 0.2902117 -2.845968 1.613316 0.2345237 -2.823231 1.549772 0.2449806 -2.846601 1.464238 0.2181288 -2.823234 1.388802 0.2595359 -2.846873 1.318572 0.2645806 -2.82324 1.233815 0.3032976 -2.845769 1.223035 0.3519583 -2.845852 1.160781 0.4406126 -2.845897 1.089867 0.880989 -4.949204 0.4826694 0.380989 -4.944588 0.4872848 0.380989 -4.939973 0.578054 0.880989 -4.939973 0.578054 0.380989 -4.68211 0.6719931 0.380989 -4.679973 0.578054 0.380989 -5.120742 0.4826694 0.380989 -5.129973 0.678054 0.880989 -4.680661 0.6702527 0.880989 -4.679973 0.578054 0.880989 -5.129973 0.678054 0.880989 -5.125358 0.4872848 1.402779 -5.030064 0.952788 1.449102 -5.02525 0.8992793 1.538483 -5.026159 0.9326184 1.536797 -5.030175 1.012594 1.464242 -5.030095 1.050448 1.399147 -5.026283 1.013072 1.388925 -5.015425 0.945334 1.503136 -5.015071 0.8986477 1.555083 -5.015196 0.9995453 1.505882 -5.015425 1.059217 1.428465 -5.015197 1.053721 1.390624 -4.629973 0.9411304 1.451346 -4.629973 0.8934971 1.527455 -4.629973 0.9099853 1.556141 -4.629973 0.968887 1.539058 -4.629973 1.034519 1.444064 -4.629973 1.064465 1.391112 -4.629973 1.008954 1.435619 -4.629973 1.040248 1.398797 -4.629973 0.9881081 1.414802 -4.629973 0.9353379 1.452024 -4.629973 0.9090664 1.497708 -4.629973 0.9127271 1.532715 -4.629973 0.941876 1.540218 -4.629973 0.9961173 1.499386 -4.629973 1.045184 1.434811 -2.979973 1.039781 1.398654 -2.979973 0.9870273 1.415186 -2.979973 0.9348368 1.452925 -2.979973 0.9088249 1.498292 -2.979973 0.9129688 1.533181 -2.979973 0.9426841 1.539977 -2.979973 0.9970188 1.498379 -2.979973 1.045601 1.599712 -2.980107 0.9551426 1.555362 -2.979082 1.081309 1.423732 -2.979013 1.1028 1.341218 -2.980125 1.000181 1.352402 -2.978921 0.9151858 1.481129 -2.978013 0.844201 1.531858 -2.980036 0.8639603 1.610808 -2.900491 1.007925 1.323475 -2.957688 0.9915077 1.331168 -2.900492 0.9481819 1.605766 -2.96146 0.9236513 1.610381 -2.926077 0.9170682 1.619258 -2.955066 0.9775372 1.565784 -2.957688 0.8642333 1.590546 -2.900085 0.9001225 1.546878 -2.928236 0.8469279 1.495514 -2.930789 0.8272606 1.500859 -2.900491 0.8382346 1.416149 -2.966758 0.8475254 1.412697 -2.928181 0.8368548 1.365781 -2.955068 0.8735782 1.393057 -2.900086 0.858496 1.329926 -2.928181 0.9194317 1.324606 -2.928236 1.017113 1.359104 -2.96676 1.064812 1.347019 -2.930788 1.067338 1.351429 -2.900087 1.055987 1.412368 -2.928181 1.119118 1.484442 -2.957688 1.125568 1.441117 -2.900492 1.117875 1.510047 -2.928237 1.124437 1.560273 -2.930788 1.102024 1.54892 -2.900087 1.097614 1.602065 -2.966757 1.031574 1.612051 -2.92818 1.036676 1.580368 -2.878474 0.9605544 1.578715 -2.877792 0.995632 1.497679 -2.851727 1.004744 1.488489 -2.878473 1.087433 1.453411 -2.877792 1.085781 1.444298 -2.851727 1.004744 1.36161 -2.878473 0.9955537 1.363262 -2.877792 0.9604761 1.444298 -2.851727 0.9513651 1.45349 -2.878474 0.8686756 1.488567 -2.877792 0.870328 1.497679 -2.851727 0.9513643 1.532547 -2.868186 1.042617 1.406426 -2.868185 1.039612 1.40943 -2.868186 0.9134922 1.535552 -2.868186 0.9164961 1.579571 -2.914973 0.96045 1.580662 -2.914973 0.9953477 1.496768 -2.91497 0.9522749 1.488283 -2.914973 0.8683806 1.453385 -2.914973 0.869472 1.445209 -2.91497 0.9522754 1.361315 -2.914973 0.9607604 1.362406 -2.914973 0.995658 1.445209 -2.91497 1.003833 1.453695 -2.914973 1.087728 1.488593 -2.914973 1.086637 1.496768 -2.91497 1.003834 1.39939 -5.029973 0.9868921 1.426894 -5.029973 1.03432 1.479825 -5.029973 1.049653 1.527017 -5.029973 1.021899 1.54213 -5.029973 0.9773954 1.526196 -5.029973 0.9331806 1.470158 -5.029973 0.904644 1.414958 -5.029973 0.9342132 1.399116 -4.629973 0.9838064 1.416685 -4.629973 0.9321518 1.465239 -4.629973 0.90618 1.523595 -4.629973 0.9287445 1.542065 -4.629973 0.980085 1.508575 -4.629973 1.042855 1.431132 -4.629973 1.037363 1.385999 -4.629973 0.9691196 1.396979 -4.629973 0.9353263 1.414113 -4.629973 0.914887 1.436228 -4.629973 0.8999859 1.462104 -4.629973 0.89352 1.488753 -4.629973 0.8944637 1.521219 -4.629973 0.9089167 1.544998 -4.629973 0.9353275 1.555979 -4.629973 0.9691246 1.554131 -4.629973 0.995727 1.544998 -4.629973 1.020781 1.527865 -4.629973 1.041222 1.505747 -4.629973 1.056124 1.479874 -4.629973 1.062589 1.453221 -4.629973 1.061645 1.420756 -4.629973 1.047189 1.396979 -4.629973 1.020783 1.387846 -4.629973 0.995727 -0.277221 -5.030064 0.9527881 -0.2308982 -5.02525 0.8992793 -0.1415173 -5.026159 0.9326186 -0.1432026 -5.030175 1.012593 -0.2157577 -5.030095 1.050448 -0.2808526 -5.026283 1.013072 -0.2910745 -5.015425 0.9453339 -0.1768634 -5.015071 0.8986477 -0.1249167 -5.015196 0.9995455 -0.1741185 -5.015425 1.059217 -0.2515352 -5.015197 1.053721 -0.2893757 -4.629973 0.9411304 -0.2286545 -4.629973 0.893497 -0.152545 -4.629973 0.9099853 -0.1238589 -4.629973 0.9688869 -0.1409416 -4.629973 1.034519 -0.2359357 -4.629973 1.064465 -0.2888877 -4.629973 1.008954 -0.244381 -4.629973 1.040248 -0.2812034 -4.629973 0.9881081 -0.2651982 -4.629973 0.9353378 -0.227976 -4.629973 0.9090664 -0.1736413 -4.629973 0.9158616 -0.1439257 -4.629973 0.9507512 -0.1397819 -4.629973 0.9961181 -0.1806136 -4.629973 1.045184 -0.2451893 -2.979973 1.039781 -0.2813457 -2.979973 0.9870273 -0.2648137 -2.979973 0.9348368 -0.2270746 -2.979973 0.9088249 -0.1728333 -2.979973 0.9163281 -0.143684 -2.979973 0.9513347 -0.1400234 -2.979973 0.9970195 -0.1816208 -2.979973 1.045601 -0.08254599 -2.978276 1.02249 -0.1246376 -2.979082 1.081309 -0.2562675 -2.979013 1.1028 -0.3387821 -2.980125 1.000181 -0.3275982 -2.978921 0.9151859 -0.1988711 -2.978013 0.844201 -0.1131193 -2.97998 0.8822263 -0.06919145 -2.900491 1.007925 -0.356525 -2.957688 0.9915078 -0.3488317 -2.900492 0.9481819 -0.06781297 -2.92818 0.9197598 -0.06149667 -2.957686 0.9646027 -0.1142163 -2.957688 0.8642334 -0.08945351 -2.900086 0.9001224 -0.1331221 -2.928236 0.846928 -0.1844855 -2.930789 0.8272606 -0.1791415 -2.900491 0.8382346 -0.2638514 -2.966758 0.8475254 -0.2673033 -2.928181 0.8368548 -0.3142189 -2.955068 0.873578 -0.2869431 -2.900086 0.8584959 -0.3500743 -2.928181 0.9194319 -0.355394 -2.928237 1.017113 -0.3208957 -2.96676 1.064812 -0.332981 -2.930788 1.067338 -0.3285707 -2.900087 1.055987 -0.2676319 -2.928181 1.119118 -0.1955584 -2.957688 1.125568 -0.2388834 -2.900492 1.117875 -0.1699531 -2.928237 1.124437 -0.1197273 -2.930788 1.102024 -0.1310794 -2.900087 1.097613 -0.06794875 -2.92818 1.036676 -0.09963244 -2.878474 0.9605544 -0.1012848 -2.877792 0.995632 -0.1823213 -2.851727 1.004744 -0.1915113 -2.878473 1.087433 -0.226589 -2.877792 1.085781 -0.235702 -2.851727 1.004744 -0.3183904 -2.878473 0.9955537 -0.316738 -2.877792 0.9604761 -0.2357023 -2.851727 0.9513649 -0.2265105 -2.878474 0.8686756 -0.191433 -2.877792 0.870328 -0.182321 -2.851727 0.9513643 -0.147453 -2.868186 1.042617 -0.2735737 -2.868185 1.039612 -0.27057 -2.868186 0.9134923 -0.1444479 -2.868186 0.9164961 -0.1004289 -2.914973 0.96045 -0.09933751 -2.914973 0.9953477 -0.1832317 -2.91497 0.9522749 -0.1917173 -2.914973 0.8683806 -0.226615 -2.914973 0.869472 -0.2347911 -2.91497 0.9522754 -0.3186854 -2.914973 0.9607604 -0.317594 -2.914973 0.995658 -0.2347907 -2.91497 1.003833 -0.2263047 -2.914973 1.087728 -0.191407 -2.914973 1.086637 -0.1832321 -2.91497 1.003834 -0.280979 -5.029973 0.995289 -0.228049 -5.029973 1.047049 -0.1699802 -5.029973 1.038727 -0.13724 -5.029973 0.985368 -0.1538041 -5.029973 0.9331809 -0.2098425 -5.029973 0.904644 -0.2650423 -5.029973 0.9342131 -0.2739913 -4.629973 0.9439669 -0.214761 -4.629973 0.90618 -0.1564048 -4.629973 0.9287447 -0.1379355 -4.629973 0.9800849 -0.1714249 -4.629973 1.042855 -0.2669482 -4.629973 1.025346 -0.2940005 -4.629973 0.9691193 -0.286663 -4.629973 0.943482 -0.2725192 -4.629973 0.9208727 -0.2437721 -4.629973 0.8999859 -0.217896 -4.629973 0.89352 -0.1912468 -4.629973 0.8944637 -0.1665109 -4.629973 0.904442 -0.1455051 -4.629973 0.9208707 -0.127737 -4.629973 0.9516444 -0.1240212 -4.629973 0.9869838 -0.1350016 -4.629973 1.020781 -0.152135 -4.629973 1.041222 -0.1742528 -4.629973 1.056124 -0.2090106 -4.629973 1.063513 -0.2437677 -4.629973 1.056124 -0.265887 -4.629973 1.041222 -0.2830204 -4.629973 1.020783 -0.292154 -4.629973 0.995727 1.045642 -5.027101 3.744342 1.088995 -5.03045 3.649074 1.188482 -5.026159 3.672619 1.189199 -5.030064 3.743317 1.114206 -5.03045 3.79379 1.038926 -5.015425 3.685334 1.097557 -5.015196 3.63448 1.153136 -5.015071 3.638648 1.205083 -5.015196 3.739546 1.155881 -5.015425 3.799217 1.078464 -5.015197 3.793721 1.040624 -4.629973 3.68113 1.101346 -4.629973 3.633497 1.177455 -4.629973 3.649985 1.206141 -4.629973 3.708887 1.189058 -4.629973 3.774519 1.094064 -4.629973 3.804465 1.041112 -4.629973 3.748954 1.112015 -4.629973 3.790389 1.059262 -4.629973 3.754232 1.053442 -4.629973 3.690664 1.102024 -4.629973 3.649066 1.147708 -4.629973 3.652727 1.182715 -4.629973 3.681876 1.190218 -4.629973 3.736118 1.164206 -4.629973 3.773857 1.110935 -2.979973 3.790246 1.058795 -2.979973 3.753424 1.053859 -2.979973 3.689656 1.102926 -2.979973 3.648825 1.148292 -2.979973 3.652969 1.183181 -2.979973 3.682684 1.189977 -2.979973 3.737019 1.163705 -2.979973 3.774242 1.250648 -2.979816 3.705264 1.199843 -2.979272 3.826239 1.071095 -2.979445 3.840744 1.007341 -2.979014 3.789329 1.002549 -2.979107 3.655475 1.134348 -2.979013 3.585328 1.248676 -2.976928 3.666636 1.260809 -2.900491 3.747925 1.041834 -2.881002 3.807912 0.9973533 -2.894289 3.76835 0.973475 -2.957688 3.731508 0.9811683 -2.900492 3.688182 1.260381 -2.926078 3.657068 1.269258 -2.955066 3.717537 1.215784 -2.957688 3.604233 1.240547 -2.900086 3.640122 1.196878 -2.928236 3.586928 1.145514 -2.930789 3.56726 1.150858 -2.900491 3.578235 1.066149 -2.966758 3.587525 1.062697 -2.928181 3.576855 1.015781 -2.955068 3.613578 1.043057 -2.900086 3.598496 0.9799257 -2.928181 3.659432 0.9746061 -2.928237 3.757113 0.9996896 -2.92818 3.810908 1.057044 -2.928158 3.856057 1.100711 -2.961459 3.861976 1.105044 -2.901691 3.859028 1.149238 -2.935653 3.868819 1.210272 -2.930788 3.842025 1.198921 -2.900087 3.837614 1.252065 -2.966757 3.771574 1.262051 -2.928179 3.776676 1.230368 -2.878474 3.700554 1.228715 -2.877792 3.735632 1.147679 -2.851728 3.744745 1.138489 -2.878473 3.827434 1.103411 -2.877792 3.825781 1.094298 -2.851727 3.744744 1.01161 -2.878474 3.735554 1.013262 -2.877792 3.700476 1.094298 -2.851727 3.691365 1.103489 -2.878473 3.608676 1.138567 -2.877792 3.610328 1.147679 -2.851727 3.691364 1.182547 -2.868186 3.782617 1.05943 -2.868186 3.653492 1.185552 -2.868186 3.656496 1.229571 -2.914973 3.70045 1.230662 -2.914973 3.735348 1.146768 -2.91497 3.692275 1.138283 -2.914973 3.608381 1.103385 -2.914973 3.609472 1.095209 -2.91497 3.692276 1.011314 -2.914973 3.70076 1.012406 -2.914973 3.735658 1.095209 -2.91497 3.743834 1.103695 -2.914973 3.827728 1.138593 -2.914973 3.826637 1.146768 -2.91497 3.743834 1.04939 -5.029973 3.726892 1.083255 -5.029973 3.779542 1.153591 -5.029973 3.783833 1.19276 -5.029973 3.725368 1.171458 -5.029973 3.666504 1.12843 -5.029973 3.648021 1.074567 -5.029973 3.66118 1.066686 -4.629973 3.672151 1.115239 -4.629973 3.64618 1.166893 -4.629973 3.663753 1.192863 -4.629973 3.712304 1.17529 -4.629973 3.763959 1.118473 -4.629973 3.791388 1.04945 -4.629973 3.74028 1.035999 -4.629973 3.709119 1.04698 -4.629973 3.675326 1.070759 -4.629973 3.648917 1.103223 -4.629973 3.634464 1.138753 -4.629973 3.634464 1.163489 -4.629973 3.644442 1.184494 -4.629973 3.66087 1.202263 -4.629973 3.691645 1.205979 -4.629973 3.726984 1.194998 -4.629973 3.760782 1.177865 -4.629973 3.781222 1.155747 -4.629973 3.796123 1.129874 -4.629973 3.802589 1.103222 -4.629973 3.801645 1.070756 -4.629973 3.787189 1.04698 -4.629973 3.760783 1.037846 -4.629973 3.735727 -0.2772211 -5.030064 3.342788 -0.2120011 -5.030225 3.293846 -0.1398952 -5.025115 3.324544 -0.1432026 -5.030175 3.402593 -0.2157571 -5.030095 3.440448 -0.2808526 -5.026283 3.403072 -0.2910746 -5.015425 3.335334 -0.232443 -5.015196 3.28448 -0.1768634 -5.015071 3.288648 -0.1249167 -5.015196 3.389545 -0.1741185 -5.015425 3.449217 -0.2515356 -5.015196 3.443721 -0.2994461 -4.629973 3.36441 -0.2397272 -4.629973 3.285119 -0.152545 -4.629973 3.299985 -0.123859 -4.629973 3.358887 -0.1409416 -4.629973 3.424519 -0.2359355 -4.629973 3.454465 -0.2179839 -4.629973 3.440389 -0.270738 -4.629973 3.404232 -0.2790284 -4.629973 3.359154 -0.2599327 -4.629973 3.317795 -0.2094784 -4.629973 3.296508 -0.151519 -4.629973 3.323251 -0.1397819 -4.629973 3.386118 -0.1657935 -4.629973 3.423856 -0.2190645 -2.979973 3.440247 -0.2712047 -2.979973 3.403424 -0.278946 -2.979973 3.358528 -0.259273 -2.979973 3.317135 -0.2085456 -2.979973 3.296508 -0.1508553 -2.979973 3.324115 -0.1400234 -2.979973 3.38702 -0.1662945 -2.979973 3.424241 -0.08254599 -2.978276 3.41249 -0.1246376 -2.979082 3.471309 -0.2562674 -2.979013 3.4928 -0.3387821 -2.980125 3.390181 -0.3275982 -2.978921 3.305186 -0.1988711 -2.978013 3.234201 -0.1131193 -2.97998 3.272226 -0.06919145 -2.900491 3.397924 -0.356525 -2.957688 3.381508 -0.3488317 -2.900492 3.338182 -0.06781303 -2.92818 3.30976 -0.06149667 -2.957686 3.354603 -0.1142165 -2.957688 3.254233 -0.08945357 -2.900085 3.290122 -0.1331215 -2.928236 3.236928 -0.1844859 -2.930789 3.217261 -0.1791414 -2.900491 3.228235 -0.2638518 -2.966758 3.237526 -0.2673036 -2.928181 3.226855 -0.3142188 -2.955067 3.263578 -0.2869428 -2.900086 3.248496 -0.3500742 -2.92818 3.309432 -0.3553939 -2.928237 3.407113 -0.3208957 -2.96676 3.454812 -0.3329811 -2.930788 3.457338 -0.3285709 -2.900087 3.445986 -0.2676322 -2.928181 3.509118 -0.1955587 -2.957688 3.515568 -0.238883 -2.900492 3.507875 -0.1699532 -2.928237 3.514437 -0.1197274 -2.930788 3.492025 -0.1310791 -2.900087 3.487613 -0.06794869 -2.92818 3.426676 -0.09963238 -2.878474 3.350554 -0.1012847 -2.877792 3.385632 -0.1823213 -2.851727 3.394744 -0.1915113 -2.878473 3.477433 -0.2265889 -2.877792 3.475781 -0.235702 -2.851727 3.394744 -0.3183904 -2.878473 3.385554 -0.316738 -2.877792 3.350476 -0.2357025 -2.851727 3.341365 -0.2265106 -2.878473 3.258676 -0.191433 -2.877792 3.260328 -0.1823208 -2.851727 3.341365 -0.1474528 -2.868186 3.432617 -0.2735737 -2.868185 3.429612 -0.2705701 -2.868186 3.303492 -0.1444479 -2.868186 3.306496 -0.1004289 -2.914973 3.35045 -0.09933751 -2.914973 3.385348 -0.1832316 -2.91497 3.342275 -0.1917172 -2.914973 3.258381 -0.226615 -2.914973 3.259472 -0.2347911 -2.91497 3.342275 -0.3186854 -2.914973 3.35076 -0.317594 -2.914973 3.385658 -0.2347907 -2.91497 3.393833 -0.2263047 -2.914973 3.477728 -0.191407 -2.914973 3.476637 -0.183232 -2.91497 3.393834 -0.2806101 -5.029973 3.376892 -0.2497329 -5.029973 3.42594 -0.19623 -5.029973 3.438477 -0.1529822 -5.029973 3.411898 -0.1378699 -5.029973 3.367395 -0.1538043 -5.029973 3.323181 -0.2098425 -5.029973 3.294644 -0.2650421 -5.029973 3.324213 -0.2808845 -4.629973 3.373806 -0.2633141 -4.629973 3.322151 -0.206497 -4.629973 3.294719 -0.1690168 -4.629973 3.293279 -0.1392228 -4.629973 3.395284 -0.2056355 -4.629973 3.440251 -0.2564305 -4.629973 3.420969 -0.2940005 -4.629973 3.359119 -0.286663 -4.629973 3.333482 -0.2725193 -4.629973 3.310873 -0.2437725 -4.629973 3.289986 -0.217896 -4.629973 3.28352 -0.1912469 -4.629973 3.284464 -0.145505 -4.629973 3.310871 -0.1277371 -4.629973 3.341644 -0.1240212 -4.629973 3.376984 -0.1350016 -4.629973 3.410781 -0.152135 -4.629973 3.431222 -0.1742534 -4.629973 3.446124 -0.2090106 -4.629973 3.453513 -0.2437671 -4.629973 3.446125 -0.265887 -4.629973 3.431222 -0.2830204 -4.629973 3.410783 -0.292154 -4.629973 3.385727 0.5398479 -3.490113 1.363467 0.6413478 -3.49016 1.316878 0.724128 -3.490027 1.370033 0.7357406 -3.490113 1.466852 0.6355816 -3.49036 1.542016 0.5294834 -3.490113 1.474689 0.5023747 -3.467814 1.395179 0.5503929 -3.467623 1.324755 0.6294525 -3.467814 1.295314 0.7370789 -3.468164 1.34438 0.7564987 -3.468164 1.478092 0.6668313 -3.467814 1.555873 0.5659509 -3.467814 1.54378 0.5103483 -3.467623 1.479167 0.7612214 -2.689973 1.414029 0.7436797 -2.689973 1.498252 0.6610382 -2.689973 1.557376 0.5607917 -2.689973 1.540746 0.5088235 -2.689973 1.475309 0.5080784 -2.689973 1.371583 0.6184383 -2.689973 1.293376 0.7279625 -2.689973 1.337373 0.8794673 -2.689105 1.432084 0.7942269 -2.688301 1.615048 0.6006625 -2.687031 1.678671 0.4353014 -2.686933 1.582437 0.3909466 -2.688296 1.491207 0.4374977 -2.689794 1.275401 0.5909553 -2.690076 1.187116 0.7898172 -2.688312 1.237375 0.7583929 -2.585507 1.647923 0.4445354 -2.588331 1.607032 0.3702176 -2.589316 1.434282 0.5678214 -2.581369 1.187741 0.8514956 -2.581564 1.316471 0.3698612 -2.67202 1.379277 0.356648 -2.644515 1.461517 0.3552306 -2.625851 1.402258 0.8981772 -2.647981 1.355679 0.8859804 -2.589089 1.372737 0.8981145 -2.603217 1.453662 0.9068069 -2.644514 1.445574 0.8671171 -2.671719 1.308546 0.8520424 -2.642181 1.261741 0.8473543 -2.609963 1.26272 0.7765831 -2.642095 1.192448 0.785625 -2.590262 1.2164 0.6968243 -2.670216 1.168601 0.7120572 -2.585447 1.18665 0.6729267 -2.617807 1.155536 0.5791955 -2.671741 1.168538 0.580821 -2.617609 1.156148 0.4745199 -2.673452 1.214401 0.4932566 -2.614839 1.189677 0.444606 -2.633974 1.223596 0.4326972 -2.589232 1.258352 0.4051991 -2.671953 1.288026 0.3833315 -2.633974 1.304737 0.3941158 -2.588348 1.324334 0.383171 -2.642095 1.551723 0.3951871 -2.590152 1.539662 0.444581 -2.642094 1.632896 0.4889996 -2.603215 1.655762 0.5219097 -2.673274 1.669145 0.5310464 -2.633974 1.686033 0.5671494 -2.589163 1.681086 0.6309885 -2.633974 1.704716 0.7058616 -2.671945 1.683648 0.6550987 -2.587868 1.685418 0.7308128 -2.625851 1.6864 0.8187212 -2.633973 1.633983 0.8696263 -2.667519 1.551167 0.8465793 -2.592952 1.581695 0.8970885 -2.633974 1.503765 0.8740127 -2.588317 1.515953 0.785638 -2.549445 1.402123 0.7830096 -2.54845 1.455032 0.7005045 -2.534436 1.457485 0.6616014 -2.533901 1.492857 0.6579567 -2.548669 1.580099 0.6043834 -2.549196 1.582995 0.6003754 -2.533901 1.492856 0.5614715 -2.534436 1.457485 0.4785686 -2.548472 1.401079 0.5726522 -2.533142 1.395462 0.6040536 -2.535044 1.345901 0.6027257 -2.54898 1.273508 0.6582145 -2.548453 1.275147 0.6616011 -2.533901 1.363251 0.7056821 -2.533782 1.400557 0.5155398 -2.54851 1.326183 0.7477396 -2.548803 1.325857 0.5174376 -2.55095 1.549832 0.7494775 -2.550352 1.540173 0.4768093 -2.549111 1.454864 0.783632 -2.609973 1.40113 0.7854492 -2.609973 1.45442 0.7045235 -2.609972 1.399785 0.6609517 -2.609971 1.363743 0.6573543 -2.609973 1.273594 0.604065 -2.609973 1.275411 0.6010249 -2.609971 1.363744 0.5574529 -2.609972 1.399785 0.4765278 -2.609973 1.401688 0.478345 -2.609973 1.454978 0.5666802 -2.609971 1.458019 0.6027194 -2.609972 1.501592 0.6046228 -2.609973 1.582515 0.657912 -2.609973 1.580698 0.6592578 -2.609972 1.501591 0.6952985 -2.609971 1.458018 0.7283021 -3.489973 1.380034 0.6890897 -3.489972 1.335666 0.6242134 -3.489972 1.320352 0.5498702 -3.489972 1.351878 0.5230739 -3.489972 1.428054 0.5424323 -3.489972 1.491843 0.5891733 -3.489973 1.528191 0.6646477 -3.489971 1.531646 0.7344539 -3.489972 1.469018 0.7413905 -2.689974 1.442003 0.6997755 -2.689974 1.511205 0.6373953 -2.689974 1.537005 0.5610761 -2.689974 1.511861 0.5197091 -2.689974 1.428055 0.55232 -2.689974 1.354184 0.6240015 -2.689974 1.316994 0.7102406 -2.689974 1.353018 1.620989 -4.729973 1.933054 1.461225 -4.729973 1.933054 1.461225 -4.729973 1.828054 1.620989 -4.729973 1.828054 1.490989 -4.369973 1.933054 1.481068 -4.639974 1.933054 1.620989 -4.369973 1.933054 1.490989 -4.369973 1.828054 1.471146 -4.639974 1.828054 1.420989 -4.369973 1.828054 1.420989 -4.819973 1.828054 1.240989 -4.819973 1.828054 1.240989 -4.219973 1.828054 1.620989 -4.219973 1.828054 1.620989 -4.729973 2.828054 1.620989 -4.729973 2.723054 1.620989 -4.369973 2.723054 1.620989 -4.219973 2.828054 1.461225 -4.729973 2.828054 1.461225 -4.729973 2.723054 1.471146 -4.639974 2.723054 1.490989 -4.369973 2.723054 1.481068 -4.639974 2.828054 1.490989 -4.369973 2.828054 1.420989 -4.819973 2.828054 1.420989 -4.369973 2.828054 1.240989 -4.219973 2.828054 1.240989 -4.819973 2.828054 1.420989 -4.819973 2.783054 1.420989 -4.719973 2.783054 1.420989 -4.719973 2.723054 1.420989 -4.369973 2.723054 1.291225 -4.819973 1.873054 1.291225 -4.819973 2.783054 1.420989 -4.819973 1.873054 1.291225 -4.369973 1.873054 1.291225 -4.369973 2.783054 1.351225 -4.369973 2.783054 1.351225 -4.719973 2.783054 1.351225 -4.719973 2.723054 1.351225 -4.369973 2.723054 1.351225 -4.369973 1.873054 1.351225 -4.369973 1.933054 1.420989 -4.369973 1.933054 1.368989 -4.369973 2.610054 1.432989 -4.369973 2.610054 1.432989 -4.369973 2.546054 1.368989 -4.369973 2.546054 1.368989 -4.369973 2.360054 1.432989 -4.369973 2.360054 1.432989 -4.369973 2.296054 1.368989 -4.369973 2.296054 1.368989 -4.369973 2.110054 1.432989 -4.369973 2.110054 1.432989 -4.369973 2.046054 1.368989 -4.369973 2.046054 1.351225 -4.719973 1.873054 1.351225 -4.719973 1.933054 1.420989 -4.719973 1.873054 1.420989 -4.719973 1.933054 1.368989 -4.769973 2.610054 1.432989 -4.769973 2.610054 1.432989 -4.769973 2.546054 1.368989 -4.769973 2.546054 1.368989 -4.769973 2.360054 1.432989 -4.769973 2.360054 1.432989 -4.769973 2.296054 1.368989 -4.769973 2.296054 1.368989 -4.769973 2.110054 1.432989 -4.769973 2.110054 1.432989 -4.769973 2.046054 1.368989 -4.769973 2.046054 1.432989 -4.219973 2.610054 1.368989 -4.219973 2.610054 1.368989 -4.219973 2.546054 1.432989 -4.219973 2.546054 1.432989 -4.219973 2.360054 1.368989 -4.219973 2.360054 1.368989 -4.219973 2.296054 1.432989 -4.219973 2.296054 1.432989 -4.219973 2.110054 1.368989 -4.219973 2.110054 1.368989 -4.219973 2.046054 1.432989 -4.219973 2.046054 1.432989 -3.899973 2.610054 1.368989 -3.899973 2.610054 1.368989 -3.899973 2.546054 1.432989 -3.899973 2.546054 1.432989 -3.899973 2.360054 1.368989 -3.899973 2.360054 1.368989 -3.899973 2.296054 1.432989 -3.899973 2.296054 1.432989 -3.899973 2.110054 1.368989 -3.899973 2.110054 1.368989 -3.899973 2.046054 1.432989 -3.899973 2.046054 -0.359011 -4.729973 2.723054 -0.199248 -4.729973 2.723054 -0.199248 -4.729973 2.828054 -0.359011 -4.729973 2.828054 -0.2290109 -4.369973 2.723054 -0.2190899 -4.639974 2.723054 -0.359011 -4.369973 2.723054 -0.2290109 -4.369973 2.828054 -0.2091689 -4.639974 2.828054 -0.159011 -4.369973 2.828054 -0.159011 -4.819973 2.828054 0.020989 -4.819973 2.828054 0.020989 -4.219973 2.828054 -0.359011 -4.219973 2.828054 -0.359011 -4.729973 1.828054 -0.359011 -4.729973 1.933054 -0.359011 -4.369973 1.933054 -0.359011 -4.219973 1.828054 -0.199248 -4.729973 1.828054 -0.199248 -4.729973 1.933054 -0.2091689 -4.639974 1.933054 -0.2290109 -4.369973 1.933054 -0.2190899 -4.639974 1.828054 -0.2290109 -4.369973 1.828054 -0.159011 -4.819973 1.828054 -0.159011 -4.369973 1.828054 0.020989 -4.219973 1.828054 0.020989 -4.819973 1.828054 -0.159011 -4.819973 1.873054 -0.159011 -4.719973 1.873054 -0.159011 -4.719973 1.933054 -0.159011 -4.369973 1.933054 -0.02924793 -4.819973 2.783054 -0.02924793 -4.819973 1.873054 -0.159011 -4.819973 2.783054 -0.02924793 -4.369973 2.783054 -0.02924793 -4.369973 1.873054 -0.089248 -4.369973 1.873054 -0.089248 -4.719973 1.873054 -0.089248 -4.719973 1.933054 -0.089248 -4.369973 1.933054 -0.089248 -4.369973 2.783054 -0.089248 -4.369973 2.723054 -0.159011 -4.369973 2.723054 -0.107011 -4.369973 2.046054 -0.171011 -4.369973 2.046054 -0.171011 -4.369973 2.110054 -0.107011 -4.369973 2.110054 -0.107011 -4.369973 2.296054 -0.171011 -4.369973 2.296054 -0.171011 -4.369973 2.360054 -0.107011 -4.369973 2.360054 -0.107011 -4.369973 2.546054 -0.171011 -4.369973 2.546054 -0.171011 -4.369973 2.610054 -0.107011 -4.369973 2.610054 -0.089248 -4.719973 2.783054 -0.089248 -4.719973 2.723054 -0.159011 -4.719973 2.783054 -0.159011 -4.719973 2.723054 -0.107011 -4.769973 2.046054 -0.171011 -4.769973 2.046054 -0.171011 -4.769973 2.110054 -0.107011 -4.769973 2.110054 -0.107011 -4.769973 2.296054 -0.171011 -4.769973 2.296054 -0.171011 -4.769973 2.360054 -0.107011 -4.769973 2.360054 -0.107011 -4.769973 2.546054 -0.171011 -4.769973 2.546054 -0.171011 -4.769973 2.610054 -0.107011 -4.769973 2.610054 -0.171011 -4.219973 2.046054 -0.107011 -4.219973 2.046054 -0.107011 -4.219973 2.110054 -0.171011 -4.219973 2.110054 -0.171011 -4.219973 2.296054 -0.107011 -4.219973 2.296054 -0.107011 -4.219973 2.360054 -0.171011 -4.219973 2.360054 -0.171011 -4.219973 2.546054 -0.107011 -4.219973 2.546054 -0.107011 -4.219973 2.610054 -0.171011 -4.219973 2.610054 -0.171011 -3.899973 2.046054 -0.107011 -3.899973 2.046054 -0.107011 -3.899973 2.110054 -0.171011 -3.899973 2.110054 -0.171011 -3.899973 2.296054 -0.107011 -3.899973 2.296054 -0.107011 -3.899973 2.360054 -0.171011 -3.899973 2.360054 -0.171011 -3.899973 2.546054 -0.107011 -3.899973 2.546054 -0.107011 -3.899973 2.610054 -0.171011 -3.899973 2.610054 0.165989 5.101409 6.513609 0.165989 5.257409 6.585282 0.165989 5.278554 6.733592 0.165989 5.215403 6.818797 0.165989 5.111691 6.852965 0.165989 4.977265 6.783812 0.165989 4.961337 6.612873 -0.184011 5.133267 6.513609 -0.184011 4.977265 6.585284 -0.184011 4.956121 6.733592 -0.184011 5.057709 6.845539 -0.184011 5.226945 6.816684 -0.184011 5.282633 6.702346 -0.184011 5.260366 6.595448 1.445989 5.101409 6.513609 1.445989 5.257409 6.585282 1.445989 5.278554 6.733592 1.445989 5.215403 6.818797 1.445989 5.111691 6.852965 1.445989 4.977265 6.783812 1.445989 4.961337 6.612873 1.095989 5.133267 6.513609 1.095989 4.977265 6.585284 1.095989 4.956121 6.733592 1.095989 5.057709 6.845539 1.095989 5.226945 6.816684 1.095989 5.282633 6.702346 1.095989 5.260366 6.595448 0.165989 5.786313 5.813301 0.165989 5.934054 5.845307 0.165989 5.993681 6.006296 0.165989 5.884076 6.138432 0.165989 5.714837 6.109577 0.165989 5.656028 5.971794 0.165989 5.694972 5.873151 -0.184011 5.795591 5.808205 -0.184011 5.663455 5.917811 -0.184011 5.681415 6.066541 -0.184011 5.764466 6.132496 -0.184011 5.873493 6.138657 -0.184011 5.985436 6.037068 -0.184011 5.95658 5.867833 1.445989 5.786313 5.813301 1.445989 5.934054 5.845307 1.445989 5.993681 6.006296 1.445989 5.884076 6.138432 1.445989 5.714837 6.109577 1.445989 5.656028 5.971794 1.445989 5.694972 5.873151 1.095989 5.795591 5.808205 1.095989 5.663455 5.917811 1.095989 5.681415 6.066541 1.095989 5.764466 6.132496 1.095989 5.873493 6.138657 1.095989 5.985436 6.037068 1.095989 5.95658 5.867833 0.165989 6.968375 5.491121 0.165989 6.968375 4.175902 1.095989 6.968375 4.175902 1.095989 6.968375 5.491121 1.930989 6.968375 4.628023 1.930989 6.968375 2.578023 -0.669011 6.968375 2.578023 -0.669011 6.968375 4.628023 -0.184011 6.968375 4.628023 -0.184011 6.968375 8.493056 1.445989 6.968375 8.493056 1.445989 6.968375 4.628023 1.930989 5.603408 4.628023 1.930989 5.603408 0.278054 1.930989 6.003408 0.278054 1.930989 6.003408 1.428054 1.930989 6.703389 2.578023 1.445989 5.603408 4.628023 1.445989 3.973408 8.493056 1.445989 3.973408 6.863054 -0.184011 3.973408 8.493056 1.095989 3.973408 7.170869 1.095989 3.973408 8.486087 0.165989 3.973408 7.170869 -0.184011 5.603408 4.628023 -0.184011 3.973408 6.863054 -0.669011 5.603408 4.628023 0.165989 3.973408 8.486087 -0.669011 5.603408 0.278054 1.153668 5.603408 1.50946 1.1381 5.603408 1.292174 1.058141 5.603408 1.116026 0.8448998 5.603408 0.9442544 0.5743421 5.603408 0.9021156 0.3189622 5.603408 1.000902 0.1471902 5.603408 1.21414 0.1050505 5.603408 1.4847 0.2038339 5.603408 1.740078 0.368489 5.603408 1.882718 0.5495836 5.603408 1.950733 0.8218309 5.603408 1.92141 1.042939 5.603408 1.759893 1.780989 6.703389 2.578023 1.780989 6.003408 2.578023 -0.519011 6.003408 2.578023 -0.519011 6.703389 2.578023 -0.669011 6.703389 2.578023 1.780989 6.003408 1.428054 -0.669011 6.003408 1.428054 -0.669011 6.003408 0.278054 1.156927 6.003408 1.484701 1.1381 6.003408 1.292174 1.042938 6.003408 1.096214 0.821828 6.003408 0.9346978 0.5495828 6.003408 0.9053753 0.2991498 6.003408 1.016104 0.176325 6.003408 1.165554 0.1050505 6.003408 1.371408 0.1471902 6.003408 1.641968 0.3189647 6.003408 1.855209 0.5743429 6.003408 1.953992 0.8449028 6.003408 1.911853 1.058141 6.003408 1.740081 -0.519011 6.003408 1.428054 1.395989 -4.569473 4.078054 1.395989 -3.658973 5.278054 1.195989 -3.658973 5.278054 1.195989 -4.569473 4.078054 1.195989 -3.658973 4.078054 -0.134011 -3.658973 5.278054 -0.134011 -4.569473 4.078054 0.06598895 -4.569473 4.078054 0.06598895 -3.658973 5.278054 0.06598895 -3.658973 4.078054 1.395989 -3.658973 6.478054 -0.134011 -3.658973 6.478054 -0.134011 -3.05519 4.627736 -0.134011 -2.973291 4.72737 -0.134011 -2.844927 4.73991 -0.134011 -2.745295 4.658009 -0.134011 -2.729703 4.553107 -0.134011 -2.778877 4.455612 -0.134011 -2.89962 4.410276 -0.134011 -3.034045 4.479428 0.165989 -3.059268 4.596497 0.165989 -3.037002 4.489592 0.165989 -2.953948 4.423637 0.165989 -2.8223 4.422691 0.165989 -2.738918 4.518716 0.165989 -2.732756 4.627737 0.165989 -2.814657 4.727371 0.165989 -2.919559 4.742963 0.165989 -3.017054 4.693789 1.395989 -3.05519 4.529651 1.395989 -2.973292 4.430016 1.395989 -2.8223 4.422691 1.395989 -2.738918 4.518716 1.395989 -2.732756 4.627737 1.395989 -2.814657 4.727371 1.395989 -2.965647 4.734695 1.395989 -3.049028 4.63867 1.095989 -3.058113 4.540559 1.095989 -3.026108 4.688301 1.095989 -2.888326 4.74711 1.095989 -2.753901 4.677956 1.095989 -2.729703 4.553107 1.095989 -2.778877 4.455612 1.095989 -2.89962 4.410276 1.095989 -2.998269 4.449226 -0.134011 -3.064912 5.862125 -0.134011 -3.009068 6.001138 -0.134011 -2.865116 6.047291 -0.134011 -2.745296 5.957371 -0.134011 -2.732756 5.82901 -0.134011 -2.795911 5.743803 -0.134011 -2.899619 5.709638 -0.134011 -2.998265 5.748583 0.165989 -3.06321 5.8492 0.165989 -2.992038 5.743805 0.165989 -2.865116 5.708818 0.165989 -2.745295 5.798738 0.165989 -2.737971 5.949726 0.165989 -2.855836 6.042194 0.165989 -3.00358 6.010191 1.395989 -3.06321 5.8492 1.395989 -2.992038 5.743805 1.395989 -2.865116 5.708818 1.395989 -2.745295 5.798738 1.395989 -2.729703 5.903641 1.395989 -2.778879 6.001138 1.395989 -2.876169 6.043349 1.395989 -3.00358 6.010191 1.095989 -3.06239 5.883702 1.095989 -3.009068 6.001138 1.095989 -2.865116 6.047291 1.095989 -2.745296 5.957371 1.095989 -2.732756 5.82901 1.095989 -2.834344 5.717063 1.095989 -3.00358 5.745918 -0.134011 -2.443973 3.728054 -0.134011 -2.243973 3.928054 1.395989 -2.243973 3.928054 1.395989 -2.443973 3.728054 -0.134011 -2.114373 3.928054 1.395989 -2.114373 3.928054 1.095989 -3.358973 6.478054 0.165989 -3.358973 6.478054 0.165989 -2.428973 6.478054 1.095989 -2.428973 6.478054 1.395989 -2.114373 6.478054 -0.134011 -2.114373 6.478054 -0.134011 -2.443973 4.078054 -0.669011 -2.443973 4.078054 -0.669011 -5.479973 4.078054 1.930989 -5.479973 4.078054 1.930989 -2.443973 4.078054 1.395989 -2.443973 4.078054 -0.669011 -5.479973 2.928054 0.06598895 -5.479973 2.928054 0.06598895 -5.479973 1.778054 -0.669011 -5.479973 1.778054 -0.669011 -5.479973 0.378054 0.155989 -5.479675 0.378054 0.155989 -5.479423 3.328054 1.105989 -5.479763 3.328054 1.105989 -5.479423 0.378054 1.930989 -5.479973 0.378054 1.543195 -5.479973 0.6364951 1.477848 -5.479973 0.5720801 1.404411 -5.479973 0.5636534 1.32226 -5.479973 0.6280994 1.333362 -5.479973 0.7472385 1.427052 -5.479973 0.7954359 1.523083 -5.479973 0.7544476 1.543195 -5.479973 3.636495 1.465172 -5.479973 3.565691 1.361804 -5.479973 3.580429 1.316498 -5.479973 3.660219 1.327365 -5.479973 3.733336 1.396808 -5.479973 3.790418 1.47279 -5.479973 3.786123 1.530675 -5.479973 3.740155 -0.05461055 -5.479973 3.651475 -0.119057 -5.479973 3.569326 -0.2381964 -5.479973 3.580429 -0.2835023 -5.479973 3.66022 -0.2726346 -5.479973 3.733337 -0.2031917 -5.479973 3.790418 -0.1272097 -5.479973 3.786123 -0.06932437 -5.479973 3.740155 -0.05680531 -5.479973 0.6364947 -0.1221517 -5.479973 0.5720801 -0.1955891 -5.479973 0.5636534 -0.2777397 -5.479973 0.6280995 -0.2666377 -5.479973 0.7472386 -0.1729484 -5.479973 0.7954359 -0.07691639 -5.479973 0.7544474 1.095989 -3.358973 4.078054 0.165989 -3.358973 4.078054 1.095989 -2.428973 4.078054 0.165989 -2.428973 4.078054 -0.669011 -2.443973 2.928054 1.930989 -2.443973 2.928054 1.930989 -3.786973 2.928054 1.645989 -3.786973 2.928054 1.645989 -2.799973 2.928054 -0.384011 -2.799973 2.928054 -0.384011 -5.129973 2.928054 0.06598895 -5.129973 2.928054 1.930989 -5.129973 1.653054 1.645989 -5.129973 1.653054 1.930989 -5.129973 0.378054 -0.669011 -5.129973 0.378054 -0.669011 -5.129973 1.778054 0.06598895 -5.129973 1.778054 -0.384011 -5.129973 3.878054 1.645989 -5.129973 3.878054 1.54539 -5.129973 0.7046315 1.480944 -5.129973 0.7867826 1.361804 -5.129973 0.7756807 1.313607 -5.129973 0.6819915 1.354596 -5.129973 0.5859594 1.472548 -5.129973 0.5658484 1.536963 -5.129973 0.6311941 -0.05461031 -5.129973 0.7046319 -0.1190563 -5.129973 0.7867826 -0.2108106 -5.129973 0.7861243 -0.268698 -5.129973 0.7401551 -0.2842165 -5.129973 0.6656431 -0.2454043 -5.129973 0.5859594 -0.1274517 -5.129973 0.5658484 -0.06303727 -5.129973 0.6311944 1.54539 -5.129973 3.704632 1.503679 -5.129973 3.76829 1.419887 -5.129973 3.797193 1.322261 -5.129973 3.72801 1.322919 -5.129973 3.636253 1.368888 -5.129973 3.578367 1.472549 -5.129973 3.565849 1.536963 -5.129973 3.631194 -0.05461037 -5.129973 3.704632 -0.09632122 -5.129973 3.76829 -0.1801131 -5.129973 3.797193 -0.2592452 -5.129973 3.750747 -0.2881503 -5.129973 3.666953 -0.231112 -5.129973 3.578367 -0.1274513 -5.129973 3.565849 -0.06303715 -5.129973 3.631195 -0.384011 -2.799973 3.878054 1.645989 -2.799973 3.878054 -0.294011 -1.753315 14.7559 1.555989 -1.753698 14.7552 1.555989 -2.804612 14.10953 1.555989 -2.714702 13.9897 1.555989 -2.774322 13.82873 1.555989 -2.922051 13.79671 1.555989 -3.013414 13.85657 1.555989 -3.054877 13.97678 1.555989 -2.955626 14.11685 1.555989 -0.3813046 12.39826 1.555989 -0.2982605 12.3323 1.555989 -0.2760024 12.22541 1.555989 -0.3182054 12.12813 1.555989 -0.4356459 12.07479 1.555989 -0.5564048 12.12014 1.555989 -0.6055675 12.21763 1.555989 -0.5899797 12.32252 1.555989 -0.490362 12.40442 1.555989 -2.80461 12.50953 1.555989 -2.714702 12.3897 1.555989 -2.774321 12.22873 1.555989 -2.922049 12.19671 1.555989 -3.013412 12.25656 1.555989 -3.054877 12.37678 1.555989 -2.955626 12.51685 1.555989 -1.238472 13.24264 1.555989 -1.147107 13.18279 1.555989 -1.105643 13.06257 1.555989 -1.187471 12.93547 1.555989 -1.336226 12.91751 1.555989 -1.445818 13.04965 1.555989 -1.386199 13.21062 1.555989 -3.808939 14.76085 1.555989 -3.808939 11.56085 1.555989 -0.416548 11.56085 1.555989 0.4727708 12.46013 1.555989 0.4671408 12.53766 -0.294011 0.4737205 12.46415 -0.294011 0.4676854 12.53543 -0.294011 -0.416548 11.56085 -0.294011 -3.808939 11.56085 -0.294011 -3.808939 14.76085 -0.294011 -2.983204 14.10093 -0.294011 -3.052356 13.96651 -0.294011 -3.018192 13.86279 -0.294011 -2.932971 13.79963 -0.294011 -2.784662 13.82079 -0.294011 -2.713001 13.97678 -0.294011 -2.81225 14.11685 -0.294011 -0.5012899 12.39826 -0.294011 -0.5843335 12.3323 -0.294011 -0.6065917 12.22541 -0.294011 -0.5643885 12.12813 -0.294011 -0.4469475 12.07479 -0.294011 -0.3261896 12.12014 -0.294011 -0.2770266 12.21763 -0.294011 -0.2926143 12.32252 -0.294011 -0.3922324 12.40442 -0.294011 -2.943583 12.52184 -0.294011 -3.053176 12.3897 -0.294011 -2.993556 12.22873 -0.294011 -2.84583 12.19671 -0.294011 -2.754467 12.25656 -0.294011 -2.713001 12.37678 -0.294011 -2.79483 12.50388 -0.294011 -1.314691 13.24264 -0.294011 -1.406056 13.18278 -0.294011 -1.447519 13.06257 -0.294011 -1.34827 12.9225 -0.294011 -1.197252 12.92982 -0.294011 -1.107344 13.04965 -0.294011 -1.166962 13.21062 1.095989 -0.416548 11.56085 1.095989 0.241061 12.21846 0.165989 0.241061 12.21846 0.165989 -0.416548 11.56085 0.165989 -1.238472 13.24264 0.165989 -1.386199 13.21062 0.165989 -1.445818 13.04965 0.165989 -1.336226 12.91751 0.165989 -1.187471 12.93547 0.165989 -1.105643 13.06257 0.165989 -1.147107 13.18279 1.095989 -1.314691 13.24264 1.095989 -1.166962 13.21062 1.095989 -1.107344 13.04965 1.095989 -1.197252 12.92982 1.095989 -1.34827 12.9225 1.095989 -1.447519 13.06257 1.095989 -1.406056 13.18278 0.155989 -2.955626 12.51685 0.155989 -3.054877 12.37678 0.155989 -3.013412 12.25656 0.155989 -2.922049 12.19671 0.155989 -2.774321 12.22873 0.155989 -2.714702 12.3897 0.155989 -2.80461 12.50953 1.105989 -2.79483 12.50388 1.105989 -2.713001 12.37678 1.105989 -2.754467 12.25656 1.105989 -2.84583 12.19671 1.105989 -2.993556 12.22873 1.105989 -3.053176 12.3897 1.105989 -2.943583 12.52184 0.165989 -0.490362 12.40442 0.165989 -0.5899797 12.32252 0.165989 -0.6055675 12.21763 0.165989 -0.5564048 12.12014 0.165989 -0.4356459 12.07479 0.165989 -0.3182054 12.12813 0.165989 -0.2760024 12.22541 0.165989 -0.2982605 12.3323 0.165989 -0.3813046 12.39826 1.095989 -0.3922324 12.40442 1.095989 -0.2926143 12.32252 1.095989 -0.2770266 12.21763 1.095989 -0.3261896 12.12014 1.095989 -0.4469475 12.07479 1.095989 -0.5643885 12.12813 1.095989 -0.6065917 12.22541 1.095989 -0.5843335 12.3323 1.095989 -0.5012899 12.39826 0.155989 -2.955626 14.11685 0.155989 -3.054877 13.97678 0.155989 -3.013414 13.85657 0.155989 -2.922051 13.79671 0.155989 -2.774322 13.82873 0.155989 -2.714702 13.9897 0.155989 -2.804612 14.10953 1.105989 -2.81225 14.11685 1.105989 -2.713001 13.97678 1.105989 -2.784662 13.82079 1.105989 -2.932971 13.79963 1.105989 -3.018192 13.86279 1.105989 -3.052356 13.96651 1.105989 -2.983204 14.10093 1.095989 -1.958939 13.10324 1.095989 -1.30133 13.76085 0.155989 -3.358939 11.56085 1.105989 -3.358939 11.56085 1.105989 -2.408939 11.56085 0.155989 -2.408939 11.56085 0.165989 -1.30133 13.76085 0.165989 -1.958939 13.10324 1.105989 -3.358939 14.76085 1.105989 -2.408939 14.76085 0.155989 -2.408939 14.76085 0.155989 -3.358939 14.76085 1.095989 5.205733 6.573626 1.095989 5.264542 6.711408 1.095989 5.19539 6.845833 1.095989 5.070536 6.870031 1.095989 4.956052 6.805025 1.095989 4.934909 6.656714 1.095989 5.036498 6.54477 1.065989 5.112054 6.534823 1.065989 4.956052 6.606498 1.065989 4.931855 6.731346 1.065989 4.981027 6.828841 1.065989 5.124979 6.874998 1.065989 5.257116 6.76539 1.065989 5.239155 6.616663 0.195989 5.205733 6.573626 0.195989 5.264542 6.711408 0.195989 5.19539 6.845833 0.195989 5.070536 6.870031 0.195989 4.956052 6.805025 0.195989 4.934909 6.656714 0.195989 5.036498 6.54477 0.165989 5.112054 6.534823 0.165989 4.956052 6.606498 0.165989 4.931855 6.731346 0.165989 4.981027 6.828841 0.165989 5.124979 6.874998 0.165989 5.257116 6.76539 0.165989 5.239155 6.616663 1.095989 -0.3734001 12.1214 1.095989 -0.2915719 12.2485 1.095989 -0.3330371 12.36872 1.095989 -0.4244009 12.42857 1.095989 -0.5721278 12.39655 1.095989 -0.6317471 12.23558 1.095989 -0.5221542 12.10344 1.065989 -0.5341984 12.10843 1.065989 -0.6334482 12.2485 1.065989 -0.5919834 12.36872 1.065989 -0.5006191 12.42857 1.065989 -0.3528925 12.39655 1.065989 -0.2932729 12.23558 1.065989 -0.3831816 12.11575 0.195989 -0.3734001 12.1214 0.195989 -0.2915719 12.2485 0.195989 -0.3330371 12.36872 0.195989 -0.4244009 12.42857 0.195989 -0.5721278 12.39655 0.195989 -0.6317471 12.23558 0.195989 -0.5221542 12.10344 0.165989 -0.5341984 12.10843 0.165989 -0.6334482 12.2485 0.165989 -0.5919834 12.36872 0.165989 -0.5006191 12.42857 0.165989 -0.3528925 12.39655 0.165989 -0.2932729 12.23558 0.165989 -0.3831816 12.11575 1.095989 5.870463 5.846604 1.095989 5.951908 5.919338 1.095989 5.967502 6.02424 1.095989 5.918325 6.121739 1.095989 5.82103 6.16395 1.095989 5.693624 6.13079 1.095989 5.633995 5.969799 1.095989 5.7436 5.837665 1.065989 5.735999 5.846604 1.065989 5.654555 5.919336 1.065989 5.63896 6.024235 1.065989 5.688137 6.121737 1.065989 5.785432 6.16395 1.065989 5.912838 6.130791 1.065989 5.968526 6.016458 1.065989 5.946261 5.909556 1.065989 5.841368 5.834516 0.195989 5.870463 5.846604 0.195989 5.951908 5.919338 0.195989 5.967502 6.02424 0.195989 5.918325 6.121739 0.195989 5.82103 6.16395 0.195989 5.693624 6.13079 0.195989 5.633995 5.969799 0.195989 5.7436 5.837665 0.165989 5.735999 5.846604 0.165989 5.654555 5.919336 0.165989 5.63896 6.024235 0.165989 5.688137 6.121737 0.165989 5.785432 6.16395 0.165989 5.912838 6.130791 0.165989 5.968526 6.016458 0.165989 5.946261 5.909556 0.165989 5.841368 5.834516 1.095989 -1.24873 12.9385 1.095989 -1.149112 13.0204 1.095989 -1.133524 13.12529 1.095989 -1.182687 13.22278 1.095989 -1.303445 13.26813 1.095989 -1.420885 13.21479 1.095989 -1.463089 13.11751 1.095989 -1.440831 13.01062 1.095989 -1.357786 12.94466 1.065989 -1.365037 12.94766 1.065989 -1.446477 13.0204 1.065989 -1.462064 13.12529 1.065989 -1.412901 13.22278 1.065989 -1.292143 13.26813 1.065989 -1.174703 13.21479 1.065989 -1.132499 13.11751 1.065989 -1.154758 13.01062 1.065989 -1.259641 12.93557 0.195989 -1.24873 12.9385 0.195989 -1.149112 13.0204 0.195989 -1.133524 13.12529 0.195989 -1.182687 13.22278 0.195989 -1.303445 13.26813 0.195989 -1.420885 13.21479 0.195989 -1.463089 13.11751 0.195989 -1.440831 13.01062 0.195989 -1.357786 12.94466 0.165989 -1.365037 12.94766 0.165989 -1.446477 13.0204 0.165989 -1.462064 13.12529 0.165989 -1.412901 13.22278 0.165989 -1.292143 13.26813 0.165989 -1.174703 13.21479 0.165989 -1.132499 13.11751 0.165989 -1.154758 13.01062 0.165989 -1.259641 12.93557 1.065989 3.909768 8.464876 1.065989 0.177421 12.19725 0.195989 0.177421 12.19725 0.195989 3.909768 8.464876 1.065989 -1.322543 13.69721 0.195989 -1.322543 13.69721 1.065989 -1.895299 13.12446 0.195989 -1.895299 13.12446 1.065989 -0.395335 11.62449 0.195989 -0.395335 11.62449 1.065989 3.994621 7.234508 0.195989 3.994621 7.234508 1.065989 6.947161 4.281968 0.195989 6.947161 4.281968 1.065989 6.947161 5.427481 0.195989 6.947161 5.427481 1.095989 0.198635 12.21846 1.095989 3.930981 8.486088 0.165989 3.930981 8.486088 0.165989 0.198635 12.21846 1.095989 -1.322543 13.73964 0.165989 -1.322543 13.73964 1.095989 -1.937726 13.12446 0.165989 -1.937726 13.12446 1.095989 -0.416548 11.60328 0.165989 -0.416548 11.60328 1.095989 3.973408 7.213295 0.165989 3.973408 7.213295 1.095989 6.947161 4.239542 0.165989 6.947161 4.239542 1.095989 6.947161 5.469907 0.165989 6.947161 5.469907 1.095989 -3.358973 4.078054 1.095989 -2.428973 4.078054 1.095989 -2.428973 47.17805 1.095989 -3.358973 47.17805 0.165989 -3.358973 4.078054 0.165989 -3.358973 47.17805 0.165989 -2.428973 4.078054 0.165989 -2.428973 47.17805</float_array>
          <technique_common>
            <accessor source="#edf_torsional_assembly_v17_001-mesh-positions-array" count="2767" stride="3">
              <param name="X" type="float"/>
              <param name="Y" type="float"/>
              <param name="Z" type="float"/>
            </accessor>
          </technique_common>
        </source>
        <source id="edf_torsional_assembly_v17_001-mesh-normals">
          <float_array id="edf_torsional_assembly_v17_001-mesh-normals-array" count="12942">-6.59384e-6 1 0 -9.14775e-7 1 -8.21235e-7 -1.93527e-6 1 6.57005e-6 -2.27858e-6 1 3.69876e-6 0 1 5.87229e-6 3.09441e-7 1 -8.17146e-6 1.93321e-6 1 3.28152e-6 1.54566e-6 1 3.77845e-6 6.81586e-6 1 0 6.81587e-6 1 0 1.91548e-6 1 -6.50294e-6 2.59672e-6 1 7.87588e-7 0 1 0 1.50365e-7 1 2.12424e-5 -1.81769e-6 1 -6.94232e-6 -2.35301e-6 1 -4.42431e-6 -3.60604e-6 1 0 -2.37729e-6 1 0 0 1 -2.63399e-6 0 1 1.23677e-6 0 1 2.16742e-6 0 1 2.34291e-6 0 1 -1.34076e-7 0 1 2.01011e-6 0 1 2.78253e-7 0 1 -5.04133e-6 0 1 1.86995e-5 0 1 -1.22312e-6 0 1 5.80336e-6 0 1 -2.25726e-6 0 1 -1.25689e-6 0 1 5.61802e-7 0 1 3.0239e-6 0 1 1.51886e-5 0 1 2.7075e-6 0 1 -6.84548e-6 -1.396e-6 1 0 0 1 -2.35071e-6 0 1 -3.94928e-6 0 1 2.39567e-6 2.48669e-6 1 0 1.27644e-6 1 0 3.65204e-6 1 0 2.2904e-6 1 5.55597e-6 3.71368e-7 1 8.23759e-6 -2.59676e-6 1 -4.10768e-5 0 1 7.23404e-6 0 1 3.48528e-6 0 1 4.14626e-6 0 1 -1.30751e-5 0 1 7.05577e-6 0 1 4.09262e-7 0 1 -3.18279e-6 0 1 3.12309e-7 0 1 -2.25179e-7 0 1 2.4482e-6 0 1 -1.77984e-7 0 1 1.33236e-5 0 1 -4.38816e-6 0 1 -4.5901e-6 -3.47087e-7 1 0 -5.13719e-7 1 3.97604e-6 0 1 0 0 1 -4.51028e-6 0 1 -1.22415e-5 0 1 5.23431e-6 0 1 1.01408e-5 0 1 -1.32146e-6 0 1 4.14061e-6 0 1 1.50083e-6 0 1 -1.64522e-6 0 1 2.25219e-6 0 1 -2.88777e-6 0 1 3.72219e-6 0 1 -1.11364e-6 0 1 -1.53889e-6 0 1 -1.92205e-6 2.75027e-6 1 0 2.65886e-6 1 2.00843e-6 0 1 2.92314e-6 0 1 -2.30098e-7 -2.54277e-6 1 1.21312e-7 0 1 2.65318e-7 0 1 -1.53067e-7 0 1 9.5785e-6 0 1 -8.58361e-7 0 1 -4.12862e-6 -2.7488e-6 1 4.25485e-5 3.49112e-7 1 0 1.61845e-6 1 0 -2.74679e-6 1 3.10851e-6 -9.55755e-7 1 0 6.53443e-7 1 -9.23131e-6 -6.55309e-6 1 -2.12748e-5 1 0 0 0.7071078 0 -0.7071058 0.7071049 0 -0.7071087 0 0 -1 -0.7071127 0 -0.707101 -0.7071104 0 -0.7071032 -1 0 0 -0.7071068 0 0.7071068 -0.7071094 0 0.7071042 0 0 1 0.7071068 0 0.7071068 0.707099 0 0.7071146 0 1 -2.94345e-6 0 1 4.68305e-6 0 1 3.17963e-6 0 -1 0 0 -1 -9.76848e-6 0 -1 6.35927e-6 0 -1 -2.34152e-6 0 -1 9.56621e-6 0 -1 -1.27188e-5 -0.02028965 0 0.9997941 -0.02095234 -0.00411427 0.999772 -0.02301216 -0.002436518 0.9997323 0 -1 -2.94804e-7 0.9999384 0.01007539 -0.004686057 0.9999384 -0.01007568 0.004686176 0.01792621 -0.00189799 0.9998376 0.02535635 0.004069328 0.9996702 0.02600347 0 0.9996619 1 -2.35301e-7 0 0.02028805 0 -0.9997943 0.02095156 -0.00411427 -0.999772 0.02301144 -0.002436459 -0.9997323 0 -1 -9.38507e-7 0 -1 1.82473e-6 0 -1 -3.54617e-6 0 -1 3.49458e-6 0 -1 1.77367e-6 0 -1 -1.18473e-6 0 -1 -2.92075e-6 0 -1 9.18529e-7 0 -1 4.66555e-7 0 -1 -1.48104e-6 0 -1 -1.25093e-6 0 -1 -3.59229e-6 0 -1 -4.04704e-6 0 -1 -7.89756e-7 0 -1 -8.08503e-7 0 -1 1.04073e-6 0 -1 -1.31682e-5 0 -1 5.0753e-6 0 -1 -5.091e-7 0 -1 6.07602e-6 0 -1 -1.71047e-6 0 -1 -5.47784e-6 0 -1 -4.29255e-6 0 -1 -8.86074e-6 0 -1 1.37419e-6 0 -1 -7.10835e-7 0 -1 -3.68191e-6 0 -1 -1.80832e-6 0 -1 2.49974e-6 0 -1 -1.61551e-6 0 -1 -1.25941e-5 0 -1 2.52624e-6 0 -1 3.7276e-7 0 -1 6.69596e-6 0 -1 -1.04043e-6 0 -1 4.73933e-6 0 -1 9.03601e-5 0 -1 -5.54497e-6 0 -1 4.63762e-6 0 -1 2.1393e-6 0 -1 -1.90993e-6 0 -1 -3.04809e-6 0 -1 -3.67738e-6 0 -1 3.24418e-6 0 -1 1.84363e-6 0 -1 2.8439e-6 0 -1 2.21256e-6 0 -1 -9.71425e-7 0 -1 1.23064e-6 0 -1 -8.07633e-6 0 -1 4.36744e-6 0 -1 3.53228e-6 0 -1 3.39967e-6 0 -1 2.97716e-7 -0.9999384 -0.01007515 -0.004686057 -0.9999384 0.01007515 0.004686176 -0.0179255 -0.001897931 -0.9998376 -0.0253542 0.004069328 -0.9996703 -0.02600193 0 -0.999662 -0.7071067 0 -0.707107 -0.707107 0 -0.7071067 0.7071073 0 -0.7071064 0.7071071 0 -0.7071065 -0.7071067 0 0.707107 -0.7071042 0 0.7071094 0.7071042 0 0.7071094 0.7071091 0 -0.7071045 0.7071039 0 -0.7071097 -0.7071091 0 -0.7071045 -0.7071143 0 -0.7070993 0.9917375 -6.94466e-5 0.1282848 0.9954158 0.004177451 -0.09555107 0.7974141 -5.28982e-5 0.6034326 0.6166856 0.002534568 0.7872055 0.3640495 2.31385e-4 0.9313796 -0.2521399 0.001884102 0.967689 -0.2692158 0.002053022 0.9630777 -0.7755271 -0.001951396 0.6313113 -0.9197213 0.001989603 0.3925669 -0.9911486 -6.94319e-5 0.1327575 -0.9260082 0.001628756 -0.3774998 -0.9202185 0.001551628 -0.391402 -0.6131594 -0.00187838 -0.7899571 -0.3506106 0.001739203 -0.9365198 -0.1105746 2.31497e-4 -0.9938679 0.4940034 0.001884162 -0.869458 0.5093088 0.002053141 -0.8605814 0.9124931 -0.001951336 -0.4090875 0.9917377 -6.96013e-5 0.128282 0.9954158 0.00417757 -0.09555202 0.7974154 -5.29521e-5 0.6034309 0.6171212 0.003486871 0.7868604 0.3847744 -6.94478e-5 0.9230107 -0.1243112 6.08158e-4 0.9922432 -0.2694543 0.003529667 0.9630067 -0.6225432 -0.002459764 0.7825817 -0.9198396 0.002480268 0.392287 -0.9648185 -6.57637e-4 0.2629164 -0.934322 6.72835e-4 -0.3564296 -0.9202173 0.001551628 -0.3914051 -0.613159 -0.001878321 -0.7899574 -0.3506082 0.001739203 -0.9365207 -0.1105748 2.31516e-4 -0.9938679 0.4940041 0.001884162 -0.8694576 0.5093081 0.002053201 -0.8605818 0.9124932 -0.001951396 -0.4090874 0.9917379 -6.95305e-5 0.1282812 0.9954154 0.00417751 -0.0955547 0.7974104 -5.29151e-5 0.6034374 0.5988121 0.004619359 0.8008763 0.3847706 -6.9577e-5 0.9230123 -0.1238752 -5.26994e-5 0.9922979 -0.3733837 0.002534747 0.9276736 -0.6245557 2.30951e-4 0.7809804 -0.964103 0.001883625 0.2655218 -0.9561456 3.13516e-4 0.2928919 -0.9341173 -2.40674e-4 -0.3569663 -0.9110394 0.001524329 -0.4123165 -0.6131553 -0.001878321 -0.7899602 -0.3506059 0.001739203 -0.9365215 -0.1105751 2.31462e-4 -0.9938678 0.4940042 0.001884102 -0.8694575 0.5093074 0.002053141 -0.8605823 0.9124941 -0.001951456 -0.4090855 0.9886239 2.312e-4 0.1504092 0.9930187 0.002125203 -0.1179379 0.6962211 0.00187844 0.7178251 0.7155376 4.03303e-4 0.6985741 0.02875405 -3.46877e-4 0.9995865 0.01257836 2.89286e-4 0.9999209 -0.6043475 -2.56752e-4 0.7967209 -0.6160645 2.6279e-4 0.7876958 -0.9644529 -2.60096e-4 0.2642548 -0.9682961 2.66283e-4 0.2498056 -0.9341176 -2.40728e-4 -0.3569653 -0.9110426 0.001524388 -0.4123094 -0.6131531 -0.001878321 -0.7899619 -0.3506058 0.001739203 -0.9365215 -0.1105741 2.31615e-4 -0.9938679 0.4940007 0.001884281 -0.8694595 0.5093132 0.002053081 -0.8605788 0.9124926 -0.001951396 -0.4090888 0.9947888 -0.001951396 0.101938 0.9279335 0.001990079 0.3727406 0.7947319 -6.93207e-5 0.6069607 0.3878586 0.001628935 0.9217176 0.3739341 0.001551568 0.9274541 -0.124998 -0.001878201 0.9921553 -0.4142881 0.001739084 0.9101442 -0.624552 2.31004e-4 0.7809832 -0.9641026 0.001883566 0.2655236 -0.968653 0.00205332 0.2484093 -0.934504 -0.001951456 -0.3559473 -0.7714366 0.004177629 -0.6362927 -0.6105468 -6.94325e-5 -0.7919802 -0.1371538 -5.25909e-5 -0.9905499 0.1205645 0.002534449 -0.9927023 0.4011511 2.31271e-4 -0.9160119 0.862529 0.001883804 -0.506004 0.8713514 0.002053499 -0.4906553 0.9947887 -0.001951396 0.1019397 0.9279323 0.00199002 0.3727436 0.7947325 -6.94672e-5 0.6069599 0.38786 0.001628816 0.9217169 0.3955183 8.68149e-4 0.9184578 -0.1472914 -0.001380681 0.9890922 -0.3118978 0.00345242 0.9501094 -0.7182049 -0.003976881 0.6958203 -0.9367526 0.006034672 0.3499402 -0.9999741 -0.004223883 0.0058254 -0.7853403 0.005534887 -0.6190395 -0.7261567 -8.00653e-4 -0.6875289 -0.1595516 -0.001018762 -0.9871892 0.1205657 0.002534508 -0.9927021 0.4011503 2.31222e-4 -0.9160122 0.8625293 0.001883804 -0.5060036 0.8713524 0.002053499 -0.4906534 0.9947894 -0.001951396 0.1019331 0.9279298 0.00199002 0.3727498 0.7947356 -6.94537e-5 0.6069558 0.3673451 0.001624643 0.9300833 0.3951826 2.79359e-4 0.9186027 -0.2534102 -2.60244e-4 0.9673589 -0.3120616 0.001970171 0.9500599 -0.775528 -0.001951515 0.6313101 -0.936767 0.004177391 0.349929 -0.9911494 -6.94104e-5 0.132751 -0.9264146 -5.27888e-5 -0.3765053 -0.7856853 0.004619121 -0.6186093 -0.6105421 -6.95105e-5 -0.7919839 -0.1371529 -5.25919e-5 -0.99055 0.1205642 0.002534389 -0.9927024 0.4011511 2.31263e-4 -0.9160119 0.8625273 0.001883864 -0.5060071 0.8713532 0.002053499 -0.4906519 0.9922128 -0.001137793 0.1245492 0.9279308 0.00199002 0.3727474 0.794733 -6.94666e-5 0.6069592 0.3673396 0.001624763 0.9300855 0.395191 2.79429e-4 0.918599 -0.2534168 -2.60092e-4 0.9673572 -0.3120591 0.001970112 0.9500607 -0.7755276 -0.001951515 0.6313108 -0.9197218 0.001989483 0.3925658 -0.9911491 -6.96782e-5 0.132754 -0.9260088 0.001628637 -0.3774984 -0.9291223 8.67974e-4 -0.3697716 -0.612815 -0.001198887 -0.7902256 -0.4718742 0.002557337 -0.8816623 -0.1131942 -0.002599418 -0.9935695 0.2692639 0.00368905 -0.9630595 0.4953716 -0.002683579 -0.868677 0.8828226 0.003708183 -0.469692 0.9133746 -5.08951e-4 -0.4071203 0.9210056 0.01542055 0.3892441 0.9419043 -0.01466387 0.335561 0.94011 0.01421892 -0.3405745 0.9055759 -0.01421821 -0.4239461 0.4097305 0.01635754 -0.91206 0.3657671 -0.002707242 -0.9307026 -0.3708146 -7.31552e-4 -0.9287067 -0.3111408 -0.02931851 -0.9499115 -0.9433368 -0.008324086 -0.3317324 -0.9631487 0.02492398 -0.2678121 -0.840281 -9.59535e-4 0.5421504 -0.7899134 -0.01951944 0.6129078 -0.1803656 0.01466232 0.9834904 -0.1234283 -0.0154218 0.9922336 0.4681013 0.01261794 0.8835849 0.5311384 -0.01262015 0.8471912 0 -1 7.10282e-6 0 -1 -3.10482e-6 0 -1 -1.13987e-5 0 -1 3.25858e-6 0 -1 -1.57796e-5 0.707107 0 0.7071067 0.7071071 0 0.7071065 0.9144713 -0.0187292 -0.404217 0.9940636 0.01872903 -0.107177 0.9940634 -0.01872944 0.1071794 0.9144745 0.0187292 0.4042099 0.7968724 -0.02277225 0.6037185 0.5918789 0.01987236 0.8057819 0.2665539 -0.02565926 0.9634784 0.09451395 0.00744915 0.9954957 -0.4547458 -0.01880353 0.8904228 -0.4187213 0.008647739 0.9080737 -0.8904234 0.01880353 0.4547446 -0.9080731 -0.008647739 0.4187224 -0.9954957 -0.007448852 -0.09451395 -0.9634783 0.02565956 -0.2665546 -0.8057818 -0.01987218 -0.5918791 -0.603719 0.02277231 -0.7968719 -0.4042099 -0.01872938 -0.9144745 -0.1071804 0.01872944 -0.9940632 0.1071778 -0.01872915 -0.9940636 0.404216 0.01872915 -0.9144718 0.5898478 -0.01872897 -0.8072974 0.8072972 0.01872879 -0.5898478 0 1 2.09364e-6 0 1 -5.32534e-6 0 1 1.92717e-6 0 1 -1.54323e-6 -0.001297414 0.9999992 -2.05366e-4 -9.25614e-4 0.9999996 1.72486e-4 -0.001239776 0.9999993 1.53239e-4 -0.001070857 0.9999991 8.14441e-4 -9.2479e-4 0.9999994 7.47558e-4 -5.71234e-4 0.9999991 0.001290023 -4.11062e-4 0.9999994 0.00106436 1.25727e-4 0.999999 0.001470446 1.69169e-4 0.9999994 0.001078426 8.51496e-4 0.9999989 0.001265168 6.68526e-4 0.9999995 8.30243e-4 0.001272916 0.9999989 7.52348e-4 9.45558e-4 0.9999995 3.65648e-4 0.001541495 0.9999988 3.00619e-4 6.85459e-4 0.9999998 -4.47862e-4 4.01686e-4 1 1.74452e-4 0.001284599 0.9999989 -8.07065e-4 6.30315e-4 0.9999995 -8.62399e-4 6.78063e-4 0.9999993 -9.99986e-4 3.88933e-4 0.9999989 -0.001482427 1.0455e-4 0.9999995 -9.7311e-4 -2.42483e-4 0.9999989 -0.001532614 -5.86075e-4 0.9999997 -4.81807e-4 -4.98565e-5 0.9999999 -5.7347e-4 -0.001500666 0.9999984 -0.001042306 -8.41047e-4 0.9999997 -2.82889e-4 0.1176451 0.9898727 0.07944685 0.002278506 0.999971 -0.007269799 -7.36842e-4 0.9997146 -0.02388179 -0.04321241 0.9988904 -0.01873081 -0.01550191 0.9996665 -0.02065736 -0.04806792 0.9988272 -0.005820095 -0.04935014 0.9987699 -0.004819393 -0.0167883 0.9991814 0.03680628 -0.02207189 0.9995918 0.01814305 -1.21528e-4 0.9999969 0.002507746 0.004059672 0.9999867 0.003181278 -4.7762e-4 0.9999997 5.88107e-4 -6.12558e-4 0.9999997 6.1206e-4 -1.38666e-5 1 7.74337e-6 -1.30163e-5 1 3.21832e-6 -7.03061e-4 0.9999997 -4.85021e-4 -0.243996 0.9696691 0.01442271 0.002866983 0.9977802 -0.06653243 -0.001224458 0.9999993 -2.35462e-4 -0.02761584 0.9996056 0.005098402 -0.02908205 0.9995556 0.006554365 -0.01754361 0.9998461 -5.56676e-4 -0.01615321 0.9998695 -2.272e-4 -0.02505952 0.9996675 -0.006075799 -4.88006e-4 0.9999999 -1.72513e-6 -5.28654e-4 0.9999999 8.769e-5 -9.32195e-5 0.9999994 0.001232206 -3.63858e-4 0.9999993 0.001224517 8.89855e-5 0.9999999 -6.07951e-4 9.59723e-4 0.9999002 0.0141021 0.001701056 0.9999985 -3.65124e-4 0.001513957 0.9999989 -4.32246e-4 8.61291e-5 1 -2.31703e-4 1.37546e-4 1 -1.65144e-4 -2.38444e-4 1 -3.12527e-4 -0.02003443 0.9995956 -0.02018475 -0.03695046 0.9993155 -0.001790583 -0.055844 0.9984069 0.00807327 -0.04874581 0.9985873 0.02114874 -0.01808828 0.9996194 0.02083253 -2.23259e-4 0.9995175 0.03106147 2.79455e-4 0.9994961 0.03174245 0.002894878 0.9999932 0.00228399 -5.53709e-7 1 3.25027e-4 -0.002365648 0.9999959 -0.001681685 6.04513e-4 0.9999997 6.23266e-4 -4.0201e-4 1 2.4355e-4 -0.001763641 0.9999985 2.6188e-4 0 1 9.68631e-7 -0.001855194 0.9999983 -1.8204e-4 -0.02415227 0.9996044 0.01441597 -0.0191468 0.9996929 0.01573967 -0.001548528 0.999489 0.03192973 0.004079341 0.9990786 0.04272526 0.03382045 0.9990758 0.02653211 0.0171597 0.9995063 0.02632278 0.04397785 0.9989871 -0.009532272 0.04651111 0.9988537 -0.01132279 0 1 5.11199e-7 0 1 -2.18983e-6 0.01077002 0.9999421 -1.72591e-4 0.01326757 0.999912 3.69585e-4 -7.31219e-6 1 -4.75078e-7 -1.11931e-5 1 -1.19148e-6 0.01636415 0.9998629 0.002531349 0.002030611 0.999998 3.3806e-5 -0.05763953 0.9979078 -0.0292921 0.07555544 0.9966273 -0.03202283 0.06276202 0.996626 0.05289417 7.26843e-4 0.9999997 5.87563e-4 0.002064466 0.9999975 8.59793e-4 1.17827e-5 1 1.32865e-6 1.21301e-5 1 -9.13756e-7 -0.001950323 0.9999923 -0.003421127 -0.002083063 0.999994 -0.00277245 -0.002107739 0.9999948 0.002438068 -1.78705e-5 0.9999969 0.00248748 0.01680046 0.9990929 0.03912961 0.02211749 0.999605 0.01734822 0.05256247 0.9985817 -0.008482694 0.04966557 0.998708 -0.01076149 0.04726064 0.998691 -0.0195657 0.008705794 0.9996858 -0.02350735 0.001317739 0.9994697 -0.03253763 0.003136634 0.9999585 -0.008554458 -7.86347e-7 1 -4.61093e-6 0 1 -5.84752e-6 -1.6367e-6 1 -8.45944e-6 8.07479e-6 1 0 9.12274e-6 1 -7.01941e-7 0.02007675 0.9983282 -0.05420029 0.9939047 -0.1101714 0.003955543 0.9939053 0.1101672 -0.003958523 -0.001689374 -0.1104363 0.9938818 0.001690745 0.1104329 0.9938822 -0.9939023 -0.1101933 -0.003959059 -0.9939018 0.110198 0.003956139 0.001690804 -0.1104263 -0.993883 -0.001689612 0.1104221 -0.9938833 0 1 6.51558e-7 0 1 0 0.9525101 -0.04449415 0.3012388 0.9999676 -0.007942974 0.001328349 0.9999676 0.007943332 -0.001326978 0.9525099 0.04449623 -0.3012394 0.8842355 -0.0633111 -0.4627305 0.7065372 0.05564659 -0.7054847 0.5605993 -0.05564713 -0.8262155 0.2888424 0.06330901 -0.9552811 0.1145425 -0.0268079 -0.9930566 -0.111474 0.2090761 -0.971525 -0.3251376 -0.1601855 -0.9320012 -0.5152481 0.3345071 -0.7890656 -0.6785407 -0.3345173 -0.6539731 -0.8545691 0.1601847 -0.494017 -0.9334302 -0.2090756 -0.2915398 -0.9958983 0.03452962 -0.08363264 -0.9953799 -0.05215811 0.08061248 -0.9302338 -0.007943272 0.3668817 -0.9292562 0.007943391 0.3693506 -0.7747277 0.04449772 0.6307275 -0.6527173 -0.08103668 0.7532551 -0.2952893 0.1820074 0.9379113 -0.5082899 -0.142343 0.849341 -0.06884843 -0.3444976 0.9362592 0.1640768 0.1601814 0.9733554 0.3703599 -0.2090833 0.9050512 0.5787879 0.02680468 0.8150376 0.7133296 -0.0633111 0.6979632 0.8842339 0.06331014 0.4627336 5.27129e-5 1 0 5.07392e-5 1 -9.68045e-6 5.37293e-5 1 -1.54113e-5 3.85741e-5 1 -2.67657e-5 4.03487e-5 1 -4.1015e-5 2.48174e-5 1 -4.859e-5 4.34069e-5 1 2.60735e-5 0.03249633 0.9992563 0.02076154 0.02400308 0.9994239 0.023997 2.30606e-4 0.9992422 0.03892385 -0.03778046 0.9989337 0.02653658 0 1 -8.18398e-7 -6.28377e-5 1 -1.39492e-5 -3.94263e-5 1 -3.86532e-5 -4.77107e-5 1 -4.18241e-5 -5.36991e-5 1 -2.49237e-5 -4.24298e-5 1 -1.38939e-5 -4.68266e-5 1 1.34839e-6 -3.9593e-5 1 8.6816e-6 -3.71333e-5 1 2.091e-5 -3.83727e-5 1 2.50548e-5 -3.15908e-5 1 3.11996e-5 -1.92708e-5 1 3.0052e-5 -8.57347e-6 1 3.88697e-5 -2.76391e-6 1 3.0654e-5 1.41218e-5 1 3.74308e-5 1.60952e-5 1 3.60724e-5 2.16962e-5 1 3.74376e-5 2.75264e-5 1 2.17286e-5 3.85973e-5 1 1.62038e-5 3.98885e-5 1 8.7266e-6 0.1241928 0.03499352 0.9916409 0.3773474 0.06582844 0.9237292 0.2503382 0.1394113 0.9580686 0.5210295 -0.227335 0.8227072 0.7181307 0.2162331 0.6614618 0.8125709 -0.210469 0.543536 0.9251845 0.2091171 0.3167079 0.9647765 -0.2035813 0.1666164 0.9758199 0.2023115 -0.0827381 0.9505005 -0.1969519 -0.2403306 0.8611317 0.1957456 -0.4691867 0.7716404 -0.1904845 -0.6068665 0.6002296 0.189391 -0.7770815 0.4586816 -0.1843273 -0.8692725 0.2370427 0.1833539 -0.95404 0.06552016 -0.1784386 -0.9817672 -0.1670418 0.1775601 -0.9698297 -0.3398645 -0.1727825 -0.9244666 -0.5436672 0.1720206 -0.8214834 -0.6872216 -0.1673691 -0.7069046 -0.8289915 0.1666899 -0.5338423 -0.916173 -0.1621953 -0.3664968 -0.974551 0.1615905 -0.1553666 -0.9868361 -0.1572027 0.03797334 -0.955463 0.1567612 0.2500332 -0.8866962 -0.1524722 0.4364885 -0.7746834 0.1521518 0.6137716 -0.6356902 -0.1570438 0.7558011 -0.4844737 0.07450002 0.8716278 -0.2655779 -0.3809031 0.885653 -0.1450456 0.1675487 0.9751355 -0.1097791 0.3195502 0.9411887 1 -1.58349e-7 0 0.9999961 0.002060115 0.001913309 -0.07733172 0.04407209 -0.9960309 0.1321479 0.01589983 -0.9911025 0.05220103 0.9985495 -0.01319402 0.02454996 0.9996761 -0.006726264 -0.998887 0.04674971 0.00628364 -0.9999145 0.006927967 0.01109629 -1 -1.48473e-7 2.29782e-7 -1 4.98032e-7 0 -1.90898e-7 -1 1.26261e-5 1.00613e-6 -1 -2.07957e-5 0 -1 1.07853e-5 -2.75786e-7 -1 0 0 -1 -1.17095e-5 4.18022e-6 -1 -7.83791e-6 5.47179e-6 -1 0 4.18026e-6 -1 5.22534e-6 0 -1 2.27997e-6 -4.18038e-6 -1 7.83823e-6 -5.123e-6 -1 0 -5.47513e-6 -1 -1.21728e-7 -4.18032e-6 -1 0 -3.00555e-6 -1 0 -3.61197e-6 -1 0 0 -1 0 3.00573e-6 -1 5.6141e-6 5.12183e-6 -1 0 3.61192e-6 -1 0 0.001680672 0.05979555 0.9982092 -0.001680672 -0.05980283 0.9982088 -0.6311044 -0.1628383 0.7584134 -0.6288353 -0.07292282 0.7741113 -0.7741127 0.07291889 0.6288341 0 -1 1.68717e-6 0 -1 -3.96169e-6 0 -1 1.03e-5 0 -1 -9.27823e-6 0 -1 3.31965e-6 0 -1 -2.46885e-6 0 -1 -7.09783e-7 0 -1 4.28345e-6 0 -1 -1.68113e-5 0 -1 -7.34749e-6 0 -1 1.41656e-6 0 -1 3.09487e-6 0 -1 -1.88421e-6 0 -1 8.78349e-7 0 -1 2.49635e-6 0 -1 -1.68147e-6 0 -1 0 0 -1 -1.28975e-7 0 -1 2.17829e-7 0 -1 -8.82395e-6 0 -1 1.28751e-6 0 -1 -1.57309e-6 0 -1 -7.38903e-7 0 -1 1.7323e-6 0 -1 2.86297e-6 0 -1 -1.4331e-6 0 -1 -1.79138e-7 0 -1 5.37436e-6 0 -1 -2.77695e-6 0 -1 6.16196e-7 0 -1 -5.36355e-7 0 -1 1.11907e-6 0 -1 -1.03349e-6 0 -1 1.63058e-6 0 -1 -7.37925e-7 0 -1 -1.3842e-6 0 -1 1.87933e-6 0 -1 -1.71226e-6 0 -1 1.82821e-6 0 -1 -2.46349e-6 0 -1 -2.463e-6 0 -1 5.77129e-7 0.9334785 -0.04202508 -0.3561627 0.862926 -0.07045435 -0.500395 0.9977495 0.01636445 0.06502467 0.9870274 0.007816612 0.1603624 0.8113286 -0.007816553 0.5845382 0.7486588 -4.61729e-6 0.6629555 0.3373867 0.01274037 0.94128 0.174109 0.003764986 0.9847192 -0.2689204 0.08847457 0.9590903 -0.5426548 -0.1066858 0.8331531 -0.8331538 0.1066836 0.5426542 -0.9590901 -0.08847838 0.2689197 -0.9847191 -0.003766059 -0.1741098 -0.9412796 -0.01274108 -0.3373877 -0.6629543 3.10036e-6 -0.7486599 -0.5845365 0.007814884 -0.8113299 -0.1603624 -0.007815659 -0.9870274 -0.06502556 -0.01636284 -0.9977495 0.5003942 0.070454 -0.8629265 0.3561632 0.04202622 -0.9334783 0 1 1.16327e-6 0 1 -1.86447e-6 -7.49954e-7 1 7.48025e-6 -2.13925e-6 1 0 0 1 7.99667e-7 0 1 -7.48989e-6 1.69115e-6 1 -3.28873e-6 1.82473e-6 1 0 0 1 -6.39733e-6 0 1 -6.95824e-6 0 1 3.47908e-6 0 1 -2.99974e-6 -0.992017 0.005025506 0.1260043 -0.994356 0.00748521 0.1058319 -0.9273817 -0.006600737 -0.3740583 -0.9140535 0.007484495 -0.4055248 -0.6161049 -0.006600558 -0.7876366 -0.5888293 0.00748521 -0.8082228 -0.1397464 -0.006600499 -0.9901653 -0.105832 0.007484972 -0.9943559 0.3552595 -0.005504488 -0.9347516 0.3822804 0.00455451 -0.9240353 0.7059956 -0.00335592 -0.7082084 0.7139773 0.003687202 -0.7001591 0.9284548 -0.003828287 -0.3714259 0.9391722 0.006551861 -0.3433845 0.9925958 -0.00660026 0.1212851 0.9878661 0.007485151 0.155128 0.7989714 -0.006600081 0.6013328 0.7779541 0.00748527 0.6282766 0.3912618 -0.006600201 0.9202557 0.3595879 0.00748521 0.9330812 -0.1212838 -0.006600499 0.992596 -0.1390143 -0.005927741 0.9902727 -0.5815699 -0.01328033 0.8133881 -0.4919287 -0.001448988 0.8706343 -0.8212761 0.0154761 0.570321 -0.8733876 -2.89499e-4 0.4870258 -0.6484835 0.700508 0.2979225 -0.7308824 0.675169 0.09978961 -0.6985663 0.7113314 -0.0775429 -0.6792536 0.6821449 -0.2707265 -0.5652985 0.7162802 -0.4091214 -0.4319189 0.7026938 -0.5653914 -0.3185453 0.7221854 -0.6139847 -0.1059641 0.7135182 -0.6925774 -0.09168654 0.7081885 -0.7000448 0.2528778 0.7043588 -0.6632733 0.2698053 0.7023364 -0.6587328 0.5420013 0.7055911 -0.4564821 0.4748248 0.6906714 -0.5454489 0.6663179 0.6960602 -0.2674334 0.6755093 0.7221859 -0.1487777 0.6964054 0.7135167 0.07689917 0.6999233 0.7081876 0.09261518 0.575225 0.7043584 0.4159273 0.5598422 0.7081879 0.4301706 0.2901992 0.7043542 0.6478191 0.2697542 0.7081843 0.6524628 -0.07258844 0.7043564 0.7061253 -0.09262043 0.7081857 0.6999247 -0.4159305 0.7043572 0.5752242 -0.4310968 0.7023359 0.5664625 -0.599818 0.6906747 0.4039639 -0.999934 -0.006576955 0.0094316 -0.9921128 0.02547782 -0.1227324 -0.4970648 -0.04139709 -0.8667255 -0.4600284 0.01785153 -0.8877248 0.4390324 0.02474611 -0.8981304 0.6719304 -0.06129777 -0.7380734 0.9987677 0.04783129 0.01324754 0.8992295 -0.06047886 0.4332767 0.4629621 0.04931265 0.8850053 0.07924723 -0.03722417 0.9961598 -0.5566171 0.03866863 0.8298687 -0.6987621 -0.009183585 0.7152952 -1.06615e-6 1 3.67662e-6 -3.49915e-6 1 0 -1.62217e-6 1 -1.20588e-6 -1.06924e-6 1 -3.0954e-6 0 1 1.06604e-5 0 1 7.99354e-6 0 1 -2.16706e-6 0 1 8.2604e-6 -1.71048e-6 1 0 9.40777e-7 1 4.20657e-6 3.58474e-6 1 0 9.33074e-7 1 3.24808e-6 0 1 -3.73672e-6 0 1 -3.16172e-6 0 1 1.01534e-5 0 1 -3.53888e-6 1.70781e-6 1 -2.19035e-6 1.09305e-6 1 0 1.63802e-6 1 0 0 1 4.9777e-6 0 1 -1.15971e-5 -1.41271e-6 1 2.037e-6 -9.87482e-7 1 0 0 1 -1.00313e-6 0 1 5.08501e-6 0 1 8.60068e-6 0 1 -4.49389e-6 8.65703e-7 1 2.29477e-6 9.72357e-7 1 4.16935e-6 3.30279e-6 1 0 1.06674e-6 1 -3.21095e-6 0 1 -8.64088e-6 0 1 2.06121e-6 0 1 -6.74985e-6 2.07538e-6 1 1.25977e-6 1.05558e-6 1 0 -0.9932671 -0.01232028 -0.1151895 -0.9850175 0.003784358 -0.1724136 -0.4062339 -0.02906322 -0.9133069 -0.4752603 0.007667541 -0.8798118 0.3827907 0.02320098 -0.9235438 0.678098 -0.05143785 -0.7331693 0.9394066 0.01925671 -0.3422636 0.9416882 -0.03300404 0.3348641 0.8900253 0.01184988 0.455757 0.1900516 -0.01272171 0.9816917 0.115193 0.01232039 0.9932667 -0.6817111 -0.01129698 0.7315343 -0.7315316 0.01129692 0.6817139 -0.7699899 -0.02950274 0.6373737 -0.9855195 0.02950221 -0.1669762 -0.9303453 -0.03783679 -0.3647274 -0.335107 0.04253536 -0.9412195 -0.05897384 -0.03915762 -0.9974913 0.7436671 0.03428125 -0.6676706 0.8478724 -0.01128637 -0.5300803 0.9340337 0.005159914 0.3571476 0.9247797 0.005504667 0.3804632 0.1736517 -0.02078336 0.9845879 0.2313479 0.007667481 0.972841 -0.6504483 0.02175843 0.7592388 -0.999881 -0.01542997 -2.85928e-5 -0.9899476 0.02036988 -0.1399609 -0.4388604 -0.03018498 -0.8980481 -0.4752574 0.007667183 -0.8798135 0.4527633 0.02415168 -0.8913036 0.5965139 -0.03051388 -0.8020225 0.9994218 0.03113204 0.01367217 0.9748386 -0.04112619 0.2190854 0.4730645 0.03586351 0.8802976 0.2279229 -0.03263026 0.9731324 -0.55247 0.04354399 0.8323948 -0.6081405 -0.02392172 0.793469 0.03036504 -0.01632577 -0.9994056 0.0796023 0.0711193 -0.9942864 0.6202692 0.02068656 0.7841162 0.5785444 -0.01589453 0.8154961 0.7705287 -0.0169028 0.6371811 0.8874712 0.04697072 0.4584635 0.9421225 0.3293468 0.06273663 0.9211423 0.05352813 -0.385528 0.9076182 0.09915477 -0.4079185 0.6782212 0.3586413 -0.6413987 0.6738822 0.05528914 -0.7367672 0.03036761 0.01229369 0.9994633 0.06630593 0.07030647 0.9953193 0.0139991 0.5491956 0.8355767 0.3492072 0.8022339 0.4842262 0.4063309 0.7567421 0.5120904 0.6743584 0.4764214 0.5641483 0.6685346 0.7122471 0.2139288 0.5803861 0.6597753 -0.477335 0.01507508 0.63557 -0.7718961 0.9976269 0.06709146 0.01547497 0.9997552 0.01532524 -0.01596403 1 1.19209e-6 0 0.9998381 0.01791787 0.001696705 0.9978097 0.06614327 -9.93089e-4 0.6858246 0.02556353 -0.7273178 0.7070253 0.01522701 -0.7070243 0.01523458 -0.01467162 -0.9997763 -0.003046035 0.02556687 -0.9996685 -0.004173815 0.02738696 -0.9996162 0 0.01826453 -0.9998332 -0.9976395 0.06705003 -0.0148248 -0.9997653 0.01532155 0.01532155 -1 1.86264e-7 0 -0.9981518 0.06075286 0.001434147 -0.9991924 0.04018229 0 -0.9976425 0.06704044 0.01466852 -0.9997271 0.01617777 -0.0168519 0.008346676 0.7759829 -0.6306987 -0.03036528 -0.0163269 -0.9994056 -0.07960057 0.0711199 -0.9942865 -0.6085481 0.04746055 -0.7920964 -0.6872644 -0.01959979 -0.726143 -0.8205941 0.02626359 -0.5709076 -0.9164122 -0.02841591 -0.3992259 -0.9853311 0.03886944 0.1661686 -0.9476594 -0.01336228 0.3190032 -0.7854216 0.01805943 0.6186977 -0.7597805 -0.02438783 0.6497222 -0.07392656 -0.005648195 0.9972477 -0.04051589 0.04581207 0.9981282 0.002251803 0.7288567 0.6846626 -0.4118423 0.5696268 -0.7112745 -0.3457396 0.4653714 -0.8147968 -0.4662665 0.7681977 -0.4387115 -0.6122723 0.782833 -0.1108836 -0.7182922 0.4269333 -0.549349 -0.8476876 0.4697624 0.2464733 -0.499017 0.7805323 0.376499 -0.4994385 0.610887 0.6143113 -0.5094159 0.5484283 0.6631153 -0.01681953 0.6360362 -0.7714759 -0.05016827 0.01875936 -0.9985646 -0.07279133 0.05898046 -0.9956018 -0.7387552 0.0149886 -0.6738073 -0.6917337 0.3463426 -0.6336807 -0.9081913 0.07592129 -0.411612 -0.927887 0.04391866 -0.3702661 -0.9891794 -1.14452e-4 0.1467115 -0.9600397 0.03743708 0.2773488 -0.723201 -0.01852834 0.690389 -0.6730246 0.03308284 0.7388798 -0.4302931 -0.08298879 0.8988664 -0.0500946 0.05759912 0.9970822 -0.05847382 0.06982254 0.9958443 -0.01311326 0.4813134 0.8764505 -0.582323 0.659298 -0.4756323 -0.8150982 0.5645539 -0.1299768 -0.6373497 0.7445511 0.1985678 -0.7432169 0.6690009 -0.008148849 -0.6919207 0.3938442 0.6050888 -0.3274388 0.7878799 0.5215641 -0.2473257 0.8411141 0.4809959 -0.6858277 0.02556216 0.727315 -0.7070235 0.0152263 0.7070263 0.002275764 0.06817805 0.9976707 -0.003725349 0.01833057 0.9998251 0.01696872 0.01696687 0.9997121 -0.01369345 0.06894659 0.9975264 0.7719855 0.6354706 0.01468163 -0.4935899 0.6542098 0.5730432 -0.4872125 0.6625242 0.5689339 -0.1928376 0.7381317 0.6465102 -0.3958882 0.66893 0.6291305 0.1498603 0.6507673 0.7443412 0.3157175 0.7365648 0.5981596 0.4882205 0.6852698 0.5404131 0.5038473 0.6667808 0.5491279 -0.7719126 0.6355593 0.01467233 -0.9994055 -0.01632565 0.03036624 -0.9940313 0.07328367 0.08081644 -0.7920962 0.0474596 0.6085485 -0.7261413 -0.01960009 0.6872661 -0.5709084 0.02626371 0.8205936 -0.4000346 -0.0272839 0.9160938 0.1640993 0.03751206 0.9857304 0.3103888 -0.01495635 0.950492 0.6126527 0.01348304 0.7902373 0.6435869 -0.02764779 0.7648736 0.9985649 0.0187568 0.05016285 0.9940316 0.07328504 0.08081233 0.7232212 0.02503764 0.6901625 0.7070046 0.01685136 0.7070082 -0.7152853 0.02228325 -0.6984773 -0.7069883 0.01826465 -0.7069895 -0.7584152 0.1628346 0.6311033 -0.9982247 -0.05955308 -9.36729e-4 -0.9982239 0.05956614 9.3669e-4 -0.7584186 -0.1628494 -0.6310955 -0.7741165 -0.0729289 -0.6288284 -0.6288385 0.0729227 -0.7741089 -0.6311048 0.1628448 -0.7584118 -0.001680374 0.05980324 -0.9982088 0.001680374 -0.05979436 -0.9982093 0.6310981 -0.1628508 -0.7584161 0.6288335 -0.07292664 -0.7741125 0.7741146 0.07292968 -0.6288305 0.758418 0.1628535 -0.6310951 0.9982249 0.05955004 -9.36696e-4 0.9982242 -0.05956178 9.36702e-4 0.7584083 -0.1628386 0.6311107 0.7741062 -0.07291835 0.6288422 0.6288276 0.07292932 0.774117 0.6310964 0.1628479 0.758418 -0.7576251 -0.01596814 0.6524946 -0.9883475 0.008812546 -0.1519597 -0.9734929 -0.004917204 -0.2286648 -0.4197227 -0.003493905 -0.9076457 -0.472844 0.004916667 -0.8811325 0.3973921 0.002666413 -0.917645 0.4530102 -0.005310714 -0.8914895 0.9554804 -0.003835558 -0.2950296 0.9338145 0.003190338 -0.3577436 0.8989776 0.003103613 0.4379835 0.8694188 -0.004487454 0.4940556 0.1519593 -0.008812487 0.9883475 0.2286641 0.004917204 0.973493 -0.6524946 0.0159682 0.7576253 -0.7576248 -0.01596802 0.6524952 -0.9883475 0.008812308 -0.1519593 -0.9734933 -0.004916489 -0.2286627 -0.4379823 -0.003103256 -0.8989782 -0.4940549 0.004487514 -0.8694192 0.2950296 0.003835797 -0.9554805 0.3577457 -0.003190815 -0.9338136 0.917645 -0.002667009 -0.3973923 0.8914901 0.005310833 -0.4530094 0.9076455 0.003493607 0.4197231 0.8811327 -0.004916965 0.4728435 0.1519595 -0.008812606 0.9883475 0.2286652 0.004917085 0.9734928 -0.6524938 0.01596778 0.7576259 -0.757627 -0.01596802 0.6524927 -0.9850085 0.01532739 -0.1718239 -0.9734922 -0.004917204 -0.2286675 -0.4376531 -0.002372622 -0.8991408 -0.3312041 0.02292102 -0.9432807 0.3464037 -0.01550924 -0.9379574 0.7337693 0.03606504 -0.6784408 0.9220114 -0.01805013 -0.3867418 0.9230768 0.01453953 0.3843407 0.8811329 -0.004916906 0.4728434 0.1519584 -0.008812606 0.9883477 0.2286655 0.004916906 0.9734927 -0.6524958 0.0159682 0.7576242 -0.7576239 -0.01596832 0.652496 -0.9850087 0.01532679 -0.1718226 -0.9734932 -0.004916727 -0.2286635 -0.4192518 -0.002869904 -0.9078655 -0.3300967 0.0205785 -0.9437229 0.4417275 -0.01832705 -0.8969622 0.7170899 0.03175234 -0.6962571 0.9581217 -0.02158325 -0.2855468 0.9612651 0.02473866 0.2745133 0.8721062 -0.01666623 0.4890329 0.3276509 0.0201388 0.9445843 0.1445117 -0.01983261 0.9893044 -0.6380922 0.02146172 0.769661 0.001441121 -0.9994891 -0.031933 0.00939536 -0.9990141 -0.04338908 0.2810346 -0.959697 0.00117588 -0.01008111 -0.9998406 -0.01473736 0.007001101 -0.9999617 -0.00526005 1.62981e-4 -1 1.23699e-4 1.14897e-4 -1 1.91991e-4 1.01678e-5 -1 2.09038e-4 -0.006634652 -0.9999744 0.002708375 -0.003624081 -0.9999885 0.00314635 -0.040232 -0.9991904 -2.04061e-4 -0.04093515 -0.9991618 2.97337e-4 -0.02748429 -0.999368 -0.02254498 -0.01766836 -0.9995902 -0.02252644 -0.001352608 -0.995525 -0.09448981 -0.01236087 -0.9986246 -0.0509535 -0.01963329 -0.9998048 -0.002249419 0.01834452 -0.9991315 -0.0374149 -8.11772e-4 -0.9991254 -0.04180777 -0.00657624 -0.9999433 -0.008377015 0.02816373 -0.9992739 -0.02566045 0.0426824 -0.9990887 -3.64003e-4 0.01046699 -0.9999449 8.64434e-4 0.01543837 -0.9998777 -0.002524852 -4.04263e-4 -0.9999999 2.76741e-4 7.84223e-4 -0.9999997 -3.23863e-4 -5.80016e-5 -0.9999999 4.22919e-4 -5.99573e-5 -1 4.21987e-4 -4.82131e-4 -1 2.85071e-4 -0.003546118 -0.9999938 -1.86369e-5 -0.008652567 -0.9999369 0.007169961 -0.00989741 -0.9999463 0.003081083 -0.01548582 -0.9998779 -0.002153635 -9.69466e-6 -1 -2.88072e-4 0 -1 1.55666e-6 5.29888e-4 -0.9995183 0.03103172 1.20736e-4 -0.9996778 0.02538454 -0.008268117 -0.9992703 0.03729104 0.01132029 -0.9999317 -0.002944409 0.03265452 -0.9994665 -7.80165e-4 0.02661925 -0.9994642 0.01904851 -0.03070133 -0.9993656 0.01805484 -0.0402382 -0.9991901 -4.43877e-4 -0.009812891 -0.9999455 -0.003565013 7.04895e-4 -0.9999998 -2.60727e-4 0.02969372 -0.9994986 -0.01100051 0.006873846 -0.9994728 -0.03173041 -0.006718218 -0.9999459 -0.007949113 -3.44614e-5 -1 -1.68119e-6 1.885e-4 -1 4.45546e-4 -2.05479e-4 -1 2.5023e-4 -6.80427e-4 -0.9999998 -1.50591e-4 2.27302e-6 -1 2.43034e-5 2.95989e-4 -1 1.48732e-4 0.009219348 -0.9999557 0.001967132 0.003645658 -0.9999897 0.002735853 0.008068263 -0.9999631 -0.002979397 0.06808471 -0.9973608 -0.02521765 0.001058518 -0.9999802 -0.006208896 -2.77057e-4 -1 -2.52567e-4 0.02270001 -0.9995651 0.01882869 -5.56018e-5 -1 -3.59525e-4 8.25868e-5 -1 -3.82836e-4 -0.003878533 -0.9999803 -0.004944801 -0.03315687 -0.9994393 0.00466156 -0.00505352 -0.9997277 0.02278244 0.003057658 -0.9981896 -0.06006741 2.97632e-4 -1 -3.02056e-5 2.77809e-4 -1 1.15009e-4 3.36037e-4 -1 1.0267e-4 2.3383e-4 -1 2.67095e-4 0.02831012 -0.9995977 0.001761555 0.01073193 -0.9995872 0.02665507 -0.01929944 -0.999634 0.01896417 -3.23375e-5 -1 3.7821e-4 0.04087376 -0.9984505 0.03776341 -0.02167451 -0.9990909 0.03671067 -0.04581314 -0.9989213 -0.007585048 -2.82388e-4 -1 2.35231e-4 -2.9849e-4 -1 1.16356e-4 -3.64044e-4 -1 8.61079e-5 -3.18858e-4 -1 -5.0283e-5 -3.35802e-4 -1 -7.88891e-5 -3.01565e-4 -1 -1.86853e-4 -0.02930837 -0.9995614 0.004269838 -0.01509803 -0.9995731 -0.02501696 0.01175165 -0.9997895 -0.01682037 -5.64569e-5 -0.9999991 -0.00140208 8.88249e-4 -0.9999994 -7.23385e-4 1.59945e-4 -1 -3.23472e-4 -0.01583045 -0.9997334 -0.01681017 0.0228154 -0.9996149 -0.0157985 0.03316497 -0.9993059 0.01697039 -0.7570742 -0.01309627 0.6531977 -0.9886179 0.007292985 -0.1502712 -0.9737404 -0.003838539 -0.2276293 -0.4371908 -0.002602696 -0.8993651 -0.4931751 0.003504335 -0.869923 0.2941837 0.003174722 -0.9557437 0.3567624 -0.002499341 -0.9341918 0.9180672 -0.00234282 -0.3964181 0.8919498 0.00414443 -0.4521157 0.9080495 0.002987265 0.4188524 0.8816395 -0.003838896 0.471908 0.1502723 -0.007293224 0.9886177 0.2276303 0.003839015 0.9737402 -0.6531963 0.01309609 0.7570754 0 1 2.17331e-6 0 1 -2.41946e-6 0 1 -1.1368e-5 0 1 1.61046e-6 0 1 -3.5071e-6 0 1 8.01332e-7 0 1 -3.98129e-6 0 1 1.34939e-5 0 1 -9.24503e-7 0 1 4.08638e-6 0 1 -2.83251e-6 0 1 -1.98193e-6 0 1 -1.36918e-6 0 1 7.11468e-7 0 1 -5.71548e-6 0 1 -2.03881e-6 0 1 6.33078e-7 0 1 -4.63467e-6 0 1 1.0418e-6 0 1 9.74354e-6 0 1 9.89094e-7 0 1 8.76447e-7 0 1 9.54528e-7 0 1 -1.67332e-6 0 1 1.08355e-6 0 1 2.87867e-6 0 1 -7.46312e-7 0 1 -1.7896e-6 0 1 1.32994e-6 0 1 -3.16933e-6 0 1 2.06717e-6 0 1 6.44329e-6 0 1 1.85086e-5 0 1 -1.30322e-6 0 1 4.95031e-6 0 1 3.97956e-6 0 1 -1.02553e-5 0 1 1.0224e-5 0 1 5.3877e-6 0 1 -5.18932e-6 0 1 -9.7486e-7 0 1 8.50632e-7 0 1 -2.07234e-6 0 1 3.23398e-6 0 1 -3.17891e-5 0 1 -1.644e-6 0 1 4.33151e-6 0 1 1.89215e-6 0 1 -1.3594e-6 0 1 -1.43125e-7 0 1 -9.34537e-7 0 1 1.40106e-6 0 1 8.56327e-7 -0.995524 -0.001789331 -0.09449291 -0.9990583 -0.04326641 -0.003283381 -0.9989178 -0.0172739 0.04318475 0 -0.9981475 -0.06084197 -0.006226897 -0.9954913 -0.09464818 0.00467503 -0.03151834 -0.9994924 -1.10949e-4 -0.01677763 -0.9998593 0 -0.01653367 -0.9998633 0.003509104 -0.03052371 -0.9995279 -0.003003954 -0.01634258 -0.999862 -0.004959464 -0.02253431 -0.9997338 -0.6903271 -0.02020817 -0.7232152 -0.7070382 -0.01390063 -0.7070388 0 1 9.02254e-6 8.84721e-6 1 0 -2.34228e-7 1 -1.76715e-6 0 1 -1.05368e-5 0 1 -4.006e-6 0 1 -1.05366e-5 0 1 6.88067e-6 -1.70984e-5 1 -3.05327e-5 0 1 1.80383e-5 0 1 -1.98684e-5 -9.53675e-6 1 0 1.72612e-7 1 6.51113e-7 0 1 1.05366e-5 0 1 -2.64909e-5 0 1 1.74999e-5 0 1 1.05368e-5 0 1 -1.3761e-5 -1.72282e-7 1 1.29972e-6 1.0938e-5 1 0 0 1 -2.46476e-5 -0.9809632 0.04924798 0.1878455 -0.9996056 0 -0.02808427 -0.3161561 0.01824069 0.9485319 0 1 -1.23632e-5 0 1 3.85288e-6 0 1 2.32588e-7 0 1 -6.05081e-6 0 1 -3.37727e-7 0 1 -4.16098e-6 0.03347659 0.03703308 0.9987532 0.009677171 0 0.9999533 0 0.07801955 0.9969518 -0.1507897 0 0.9885659 -0.7071013 0 -0.7071123 0.7071068 0 -0.7071068 0.9642128 -0.2646598 0.01578295 6.38926e-4 0.003778636 0.9999927 -0.03236383 0.04087573 0.99864 -0.3038768 0.2769166 0.9115789 0.8254213 -0.004460155 0.5644996 0.8663052 0.01233935 0.4993627 0.8357481 0.005070924 0.5490897 0.7911056 -0.01167017 0.6115683 0.9999367 -0.01079553 0.003184199 0 -0.009250223 -0.9999572 -0.00563997 0 -0.9999841 0 0.04804646 -0.9988452 -0.9767274 0.02603137 0.2128995 -0.8560056 -0.03942769 0.515461 -0.04116213 0.04260319 0.9982438 -0.004916429 -0.01017868 0.9999361 0 -0.01090258 0.9999406 0.01294916 0.009085774 0.999875 -0.007294952 -0.02007222 0.999772 -0.05646938 0.0390942 0.9976387 -0.007971704 -0.52635 0.8502308 -0.9998083 -0.0194596 -0.002214729 -0.9999018 -0.0140174 0 -0.999813 -0.01913464 -0.002828478 -0.9999035 -0.01390051 0 -0.7189909 -0.01945918 0.694747 -0.7070283 -0.01483517 0.7070298 -0.001712977 -0.02076721 0.9997829 0 -0.01458942 0.9998936 0.6897498 -0.02042311 0.7237598 0.7070382 -0.01389968 0.7070388 0.999805 -0.01946002 0.003362774 0.9999127 -0.01321524 0 0.9997935 -0.02015852 0.002548992 0.9999035 -0.01390016 0 0.007987618 -0.5346987 -0.845005 0.04018849 0.04275411 -0.998277 0.004209041 -0.009909093 -0.9999421 0 -0.01027846 -0.9999472 -0.01163452 0.009034216 -0.9998916 0.006612002 -0.0201314 -0.9997755 0.02189147 0 -0.9997605 0.9728036 -0.02385795 0.2303998 0.9924857 0 0.1223612 0.5655518 0.03177917 -0.8241004 0.9985417 0.05398732 0 0.9990277 0.04077446 -0.01676559 0.9994024 -0.03456997 0 0.9994024 -0.03456974 0 0.9998612 -0.01666438 0 0.9997671 -0.02144837 0.002412974 0.9997532 -0.02221655 0 0.9998612 -0.01666426 0 0.8462893 -0.5327122 -0.003474116 0.498869 -0.8028202 0.3265113 0.3896614 -0.0878486 0.9167588 0.5869432 -0.03697329 0.8087836 0.7071068 -0.7071068 0 0.7071098 -0.7071039 0 0.9997013 0 -0.02444243 0.9950742 0.08031827 -0.05810749 0.998425 -0.03972703 0.03961646 0.9997133 0 0.02394568 0.6166497 0.02709162 0.7867714 0.01568102 0.005416214 0.9998624 0.004184186 -0.0108478 0.9999325 0 -0.01118481 0.9999375 0.01960438 0 0.9998078 0.004753887 -0.01942038 0.9998002 -0.01366049 0.01051288 0.9998515 -0.02490621 -0.755986 0.6541138 0.7207933 -0.01945966 -0.692877 0.7070375 -0.01401716 -0.7070371 0.9812318 0.04336094 -0.1878936 1 0 1.98683e-6 0.3161757 0.0182411 -0.9485253 0.02748888 0.04123365 -0.9987714 1.23252e-7 0 -1 0.3065716 0.245256 -0.9197084 -0.9808721 -0.1944662 -0.008540749 -0.7071065 0 0.7071071 0.707112 0 0.7071017 0.7071123 0 0.7071013 0.9974254 -0.07171118 0 0.9999951 0 -0.00313133 0.7071084 -0.7071053 0 0.6171905 -0.05663388 -0.784773 -5.41856e-6 0 -1 -0.01498365 -0.460707 -0.8874258 -0.04005348 0.04135793 -0.9983413 -0.003767907 -0.01026523 -0.9999402 0 -0.01061546 -0.9999437 -0.01992988 0 -0.9998014 -0.004834175 -0.01941496 -0.9997999 0.01389956 0.01049506 -0.9998484 -0.6039882 -0.06376063 -0.7944388 -0.735863 -0.6771304 -3.17757e-4 -0.8259861 -0.5636779 0.003779232 -0.9985415 0.05398869 0 -0.9986078 0.05272459 0.001605093 -0.9989961 0.04479748 0 -0.9989961 0.04479753 0 -0.9998612 -0.01666426 0 -0.9997671 -0.02144831 -0.002412855 -0.9997532 -0.02221655 0 -0.9998612 -0.01666432 0 -0.6171893 -0.05663287 0.784774 -0.7071091 -0.7071046 6.18669e-6 -0.7071079 -0.7071058 0 -0.998425 -0.03972893 -0.03961521 -0.9997133 0 -0.02394533 -0.9997013 0 0.02444279 -0.995074 0.08031958 0.05810695 0 1 -4.16552e-6 -0.565555 0.03177881 0.8240981 -0.7071075 -0.7071061 0 -0.707109 -0.7071046 0 1.08372e-5 0 -1 0 1 4.55384e-6 -0.6166661 0.02709156 -0.7867585 0.9990096 -0.01652568 0.04131406 0.999094 -0.0421766 -0.005692422 0.9944162 0.003237664 -0.1054792 0.006203234 -0.02176809 -0.9997438 0 -0.01469844 -0.999892 0.9147721 -0.0273146 -0.4030459 0.9937382 0.02731394 -0.1083437 0.9937381 -0.02731496 0.1083455 0.9147754 0.027314 0.4030382 0.7978789 -0.03485149 0.6018095 0.5940075 0.02161914 0.8041689 0.268203 -0.03714144 0.9626463 0.076083 0.002194702 0.9970992 -0.460083 -0.02051478 0.8876389 -0.4069532 0.01856422 0.9132604 -0.8876388 0.02051466 0.4600833 -0.9132599 -0.01856428 0.4069544 -0.997099 -0.002194166 -0.07608431 -0.962646 0.03714245 -0.2682039 -0.8041685 -0.02161842 -0.5940082 -0.6018088 0.03485161 -0.7978795 -0.4030382 -0.02731448 -0.9147755 -0.1083459 0.02731502 -0.9937379 0.1083433 -0.02731406 -0.9937383 0.4030452 0.0273146 -0.9147725 0.5906949 -0.02731394 -0.8064326 0.8064325 0.0273137 -0.5906952 0 1 -5.02472e-7 0 1 1.4024e-5 0 1 -5.14409e-7 0 1 4.70383e-6 0 1 -2.56639e-6 -0.7570747 -0.01309639 0.6531972 -0.9886179 0.007293224 -0.1502715 -0.9737398 -0.003839135 -0.2276314 -0.4352484 9.39486e-4 -0.9003099 -0.4719091 0.003838717 -0.881639 0.3922065 0.009415626 -0.919829 0.3503566 -0.006712913 -0.9365924 0.9198291 -0.009415626 -0.3922064 0.9365925 0.006712973 -0.3503562 0.9003096 -9.39392e-4 0.4352493 0.8816391 -0.003838717 0.4719086 0.1502723 -0.007293105 0.9886177 0.2276296 0.003839135 0.9737402 -0.6531972 0.01309639 0.7570745 -0.7570737 -0.01309645 0.6531983 -0.9851844 0.01259863 -0.1710352 -0.9737404 -0.003838777 -0.2276291 -0.4184175 -0.002380073 -0.9082517 -0.3288372 0.01666229 -0.9442396 0.4434019 -0.01520454 -0.8961939 0.7172202 0.02572 -0.6963719 0.957829 -0.01778 -0.2867885 0.9615999 0.01987826 0.2737345 0.8720467 -0.01357078 0.4892346 0.3273301 0.01632523 0.944769 0.1444855 -0.0162642 0.9893733 -0.6382507 0.01755386 0.7696285 -0.7570759 -0.01309627 0.6531957 -0.9851841 0.01259905 -0.1710371 -0.9737398 -0.003839194 -0.2276315 -0.4368841 -0.001990795 -0.8995157 -0.3296807 0.01844263 -0.9439124 0.347965 -0.01307994 -0.9374163 0.7339511 0.02909976 -0.6785787 0.9214695 -0.01507908 -0.388158 0.9240688 0.01193261 0.3820398 0.8816385 -0.003838896 0.4719099 0.1502695 -0.007293224 0.9886183 0.2276334 0.003838896 0.9737393 -0.653199 0.01309639 0.7570731 -0.6438757 -0.008662641 0.7650811 -0.701774 0.00783962 0.7123566 -0.979638 -0.006272375 -0.2006745 -0.962686 0.005872905 -0.2705574 -0.4159551 -0.005597293 -0.9093679 -0.3489309 0.005598127 -0.9371318 0.4689639 -0.005512475 -0.8832002 0.5303989 0.005512297 -0.8477303 0.9925661 -0.006409585 -0.1215378 0.9988846 0.007247984 -0.04666179 0.5139806 -0.008831381 0.8577563 0.4438483 0.009168267 0.8960552 0 1 -9.49781e-6 0 1 8.40497e-6 0 1 -9.4978e-6 0 1 -1.12675e-5 0 1 -5.63358e-6 0 1 1.95151e-5 0 1 4.62379e-7 0 1 1.3261e-5 0 1 -1.29748e-5 -0.6438844 -0.008657395 0.7650738 -0.9856488 0.007492363 -0.1686431 -0.9791843 -0.003468453 -0.202944 -0.4179379 -0.002048492 -0.9084733 -0.3694944 0.005990028 -0.9292137 0.4689621 -0.005512654 -0.8832013 0.5303974 0.005512595 -0.8477313 0.9925662 -0.006409585 -0.121538 0.9988845 0.007248342 -0.04666298 0.5139796 -0.008831381 0.857757 0.4627043 0.003224909 0.8865069 -0.6174803 0.003928899 0.7865765 -0.7031065 -0.01131439 0.7109946 -0.9834176 0.01948565 0.180306 -0.8951315 -0.03270429 -0.4446009 -0.6619271 0.0257095 -0.7491272 0.04862159 -0.02346163 -0.9985418 0.3969558 0.02462965 -0.9175072 0.8471237 -0.01958966 -0.5310347 0.9971543 0.0266897 -0.07050502 0.9366532 -0.0190773 0.3497384 0.4754601 0.008863985 0.8796927 0.2606827 -0.003400266 0.9654186 -0.480852 0.002519607 0.8767982 -0.7975144 -0.002772212 0.6032937 -0.8296202 0.007678925 0.5582756 -0.8851044 -0.008314669 -0.4653183 -0.8455377 0.008314907 -0.533851 0.09188359 -0.008141815 -0.9957365 0.1266341 -0.002080321 -0.9919474 0.9465085 -0.01580518 -0.3222916 0.8786835 0.004281878 -0.4773856 0.8988415 0.01861953 0.4378782 0.7597736 -0.01467269 0.6500222 0.08913755 0.01282447 0.9959368 0.008472859 -0.002911627 0.99996 -0.9253696 0.1601818 0.3435592 -0.9325801 -0.3444871 0.1078104 -0.9766314 0.1820013 -0.11431 -0.9295453 -0.1423346 -0.3401272 -0.8622192 -0.08103686 -0.5000111 -0.7647239 0.04449617 -0.64282 -0.5369274 0.007943332 -0.8435912 -0.5346839 -0.007943093 -0.8450148 -0.2560284 -0.04449266 -0.9656448 -0.08309441 0.0633127 -0.9945285 0.2170825 -0.05564063 -0.9745662 0.3946237 0.07344841 -0.9159026 0.7198677 -0.1928205 -0.6667915 0.5520679 0.1423375 -0.8215602 0.856597 0.1928295 -0.4786003 0.9519417 -0.1423366 -0.2711962 0.9930203 -0.07344806 -0.09228241 0.9930208 0.07345122 0.09227508 0.856594 -0.1928218 0.4786089 0.9519414 0.1423313 0.2712001 0.7198817 0.1928137 0.6667783 0.5520969 -0.1423385 0.8215405 0.3946226 -0.07344883 0.915903 0.2170814 0.05564302 0.9745664 -0.09322595 -0.05564725 0.9940888 -0.2792755 0.05564343 0.9585974 -0.5519376 -0.06330358 0.8314792 -0.692151 0.02680873 0.7212547 -0.8196257 -0.2090684 0.5333892 5.05805e-5 -1 -1.32526e-4 -1.94347e-5 -1 5.29028e-5 6.22449e-5 -1 3.13203e-6 5.31117e-5 -1 1.96328e-5 3.4698e-5 -1 -3.89276e-5 -8.29137e-6 -1 3.75504e-5 2.90172e-5 -1 2.73753e-5 -4.88443e-6 -1 0 -2.33367e-6 -1 5.63712e-6 3.62713e-6 -1 2.70982e-6 -5.67026e-6 -1 -2.82416e-6 -5.74926e-6 -1 2.83789e-6 -5.74802e-6 -1 3.23762e-6 -4.52391e-6 -1 0 -3.55641e-6 -1 5.66565e-6 0 -1 4.48682e-6 -1.93519e-5 -1 -5.70121e-5 -7.03364e-5 -1 1.60845e-5 3.07371e-5 -1 2.35829e-5 1.86621e-5 -1 3.24137e-5 4.71536e-5 -1 -3.95234e-5 -3.86395e-6 -1 -4.51918e-5 6.68732e-6 -1 -5.65691e-5 -4.01679e-5 -1 -7.3712e-5 -1.52951e-5 -1 3.17934e-5 2.85876e-6 -1 4.3752e-5 1.12823e-4 -1 8.68834e-5 1.26734e-4 -1 -4.83835e-5 0.9892296 0.1336214 0.05975121 0.9910195 -0.09165877 -0.09736025 0.962679 -0.02633756 0.2693617 0.9380801 -0.09830123 0.3321786 0.8207364 0.2564173 0.510531 0.7085254 -0.1841658 0.6812303 0.5313544 0.330291 0.7801093 0.4066982 -0.3062254 0.8607105 0.2287095 0.1625462 0.9598285 0.0718379 -0.08435833 0.9938426 -0.06394302 0.1508526 0.9864861 -0.244084 -0.1987785 0.9491629 -0.4102463 0.3411267 0.8457722 -0.5567955 -0.1297526 0.8204529 -0.6998574 0.0530802 0.7123076 -0.7846735 -0.09238678 0.6129864 -0.8657146 0.1603096 0.4741721 -0.9127137 -0.3004203 0.2769504 -0.9348164 0.3303069 0.1304438 -0.9798927 -0.1883422 -0.06585967 -0.9325302 0.2473729 -0.2630477 -0.9153748 -0.02188754 -0.4020076 -0.8792709 -0.1638762 -0.447244 -0.7076266 -0.3601261 -0.6079258 -0.691496 -0.1248705 -0.711506 -0.5203506 0.05876779 -0.8519282 -0.3490452 -0.1445273 -0.9258938 -0.1623479 0.2177136 -0.9624157 0.04590415 -0.3034531 -0.9517401 0.2522577 0.2849381 -0.9247575 0.3868499 -0.210956 -0.8976886 0.5826327 0.2025637 -0.7870879 0.7290943 -0.1360347 -0.6707579 0.798035 0.02542454 -0.6020745 0.8459786 -0.1316173 -0.5167177 0.912253 -0.08880764 -0.3998848 0.9579928 0.1308866 -0.2551836 -0.6072096 -0.7471293 -0.2703598 -0.7869983 -0.5986378 -0.1492198 -0.7190432 -0.6905969 0.07779961 -0.7058248 -0.6974214 0.1241562 -0.5830399 -0.7006568 0.4112721 -0.7368931 -0.3862107 0.5548242 -0.4549385 -0.1150719 0.8830569 -0.1083939 -0.7019156 0.7039639 -0.2722489 -0.7137599 0.6453118 -0.1135392 -0.3817754 0.9172548 0.369168 -0.1497488 0.9172188 0.588784 -0.1531516 0.7936485 0.5165494 -0.7471314 0.4182959 0.7215459 -0.598656 0.3478255 0.7173823 -0.6891203 0.1023516 0.9165693 -0.388002 0.09672296 0.9012559 -0.196351 -0.3862435 0.7914825 -0.166477 -0.5880824 0.3907027 -0.7755522 -0.495853 0.3515589 -0.3380999 -0.8729805 0.04016065 -0.7940074 -0.6065801 -0.1868721 -0.229874 -0.9551109 -0.5946145 -0.1295694 -0.7935022 -0.7741299 -0.1531504 -0.6142214 -0.9659945 0.00456804 -0.2585225 -0.9678894 -0.004957914 -0.2513279 -0.9905988 0.004370212 0.1367301 -0.9859511 0.01009905 0.1667289 -0.8811323 0.01208484 0.4727155 -0.5767741 -0.04386031 0.8157255 -0.1312192 -0.01225024 0.9912777 0.258981 -0.05978018 0.9640308 0.6356676 -0.02002334 0.7717033 0.8527176 -5.68232e-5 0.5223721 0.9290063 -0.03175461 0.3686988 0.9870159 -0.05295503 -0.1516429 0.7748089 -0.008490145 -0.6321387 0.3958312 0.00666517 -0.9182991 0.3549395 -0.008489489 -0.9348508 -0.1298099 -0.0122497 -0.9914633 -0.4996628 -0.05978065 -0.8641547 -0.8066589 -0.004372656 -0.5910012 0.003079533 -0.9999953 3.31626e-4 0.00106287 -0.9999994 -5.60958e-4 0.001618802 -0.9999969 0.001909732 5.50869e-4 -0.9999998 4.04724e-4 2.59425e-4 -0.9999998 7.81777e-4 2.29741e-4 -0.9999999 4.72933e-4 6.71028e-5 -0.9999998 6.78243e-4 -4.60301e-5 -1 5.48987e-4 -3.18642e-4 -0.9999997 8.16827e-4 -3.79162e-4 -0.9999998 4.701e-4 -6.17739e-4 -0.9999998 5.37769e-4 -6.23096e-4 -0.9999998 2.34264e-4 -7.46873e-4 -0.9999998 3.48863e-4 -9.74785e-4 -0.9999996 -2.07893e-4 -6.14457e-4 -0.9999999 -4.89789e-5 -7.35343e-4 -0.9999997 -3.29111e-4 -0.001118659 -0.9999994 -2.668e-4 -0.001826107 -0.9999962 -0.002115547 -0.00104618 -0.9999956 -0.002787709 4.04328e-4 -0.9999991 -0.001310288 8.0755e-5 -0.9999998 -7.55276e-4 1.86825e-4 -0.9999999 -5.23758e-4 5.20981e-4 -0.9999997 -7.08935e-4 4.94463e-4 -0.9999998 -4.24602e-4 9.65237e-4 -0.9999995 -4.3146e-4 -0.6544347 -0.6927947 -0.3029041 -0.6603422 -0.703303 -0.263274 -0.7091085 -0.7019448 0.0666244 -0.703514 -0.7032991 0.1021689 -0.5807765 -0.7019532 0.4122626 -0.5581712 -0.7033102 0.440227 -0.2968478 -0.7019442 0.6474224 -0.2632807 -0.7032997 0.6603429 0.06663745 -0.7019438 0.7091081 0.1021584 -0.7033022 0.7035124 0.4225669 -0.7007323 0.5748143 0.4611414 -0.6887559 0.5594318 0.628027 -0.7505791 0.2054586 0.7168938 -0.4051616 0.5673689 0.809295 -0.5874018 8.41563e-4 0.6769446 -0.692791 -0.2485696 0.653095 -0.703296 -0.280788 0.4543093 -0.7019326 -0.5485379 0.4252182 -0.7032886 -0.5697146 0.1076551 -0.7007317 -0.7052557 0.06948769 -0.6887539 -0.7216575 -0.2988025 -0.7505723 -0.5893712 -0.1057047 -0.4051432 -0.908122 -0.5716458 -0.5874227 -0.5728487 -0.8819453 -0.07286614 -0.4656857 -0.9743949 0.08899676 -0.2064805 -0.9829465 -0.1380854 0.1214442 -0.9203729 0.05466812 0.3872016 -0.7890907 -0.0701757 0.6102551 -0.5980709 0.0667715 0.7986568 -0.3782424 -0.0701797 0.9230427 -0.1186109 0.06676971 0.9906933 0.1339604 -0.07017427 0.988499 0.3926239 0.06677889 0.9172717 0.604622 -0.08270639 0.7922071 0.8126684 -0.004351139 0.5827103 0.8955832 -0.03299641 0.4436687 0.9722267 -0.08842414 0.2166942 0.9946342 0.08899861 -0.05274558 0.9180237 -0.1380811 -0.3717073 0.7888011 0.05466866 -0.6122126 0.6042509 -0.07018351 -0.7936972 0.3709805 0.06677287 -0.9262369 0.1326345 -0.08270877 -0.9877082 -0.1578145 0.0117883 -0.9873985 -0.319554 -0.03299528 -0.9469935 -0.5905972 -0.01407116 -0.8068439 -0.6457006 -0.02140468 -0.7632907 0.001778423 -0.9999977 0.001285195 0.00139755 -0.999999 4.63725e-4 6.73764e-4 -0.9999992 0.001128137 6.98698e-4 -0.9999994 8.63903e-4 2.03644e-4 -0.9999991 0.001301467 -4.27108e-4 -0.9999994 0.001104593 -8.82821e-4 -0.9999997 1.13446e-4 -4.18395e-4 -0.9999999 3.38656e-4 -3.29957e-4 -0.9999994 0.001168966 -0.001522481 -0.9999989 1.7031e-4 -0.001114487 -0.9999988 -0.001201331 -9.3052e-4 -0.9999994 -6.1105e-4 -5.35076e-4 -0.9999992 -0.001212239 1.26774e-4 -0.9999994 -0.001177787 -0.001065969 -0.9999961 -0.002606749 0.002010464 -0.9999943 -0.002749502 0.003072321 -0.9999946 -0.001210331 -0.6700185 -0.7340919 -0.1103827 -0.6515914 -0.6937425 -0.3068389 -0.6437166 -0.6403369 0.4190437 -0.4765187 -0.6999828 0.5319344 0.05264818 -0.7248241 0.6869195 -0.3086027 -0.5390527 0.7837006 0.4961864 -0.4376912 0.7498169 0.6539958 -0.6986357 0.2901682 0.6040129 -0.7673691 0.2152049 0.909614 -0.3667976 -0.1950946 0.4846 -0.7375506 -0.4703 0.2394474 -0.4084205 -0.8808279 -0.2614974 -0.679457 -0.6855344 -0.3209441 -0.70277 -0.6349089 -0.9647133 0.005264818 -0.2632501 -0.9460119 -0.01073372 -0.3239542 -0.8166518 -9.83724e-5 0.5771307 -0.7992098 -0.005678117 0.6010255 -0.1627256 0.004662632 0.9866604 -0.1240686 -0.004008591 0.9922656 0.4907648 0.003708958 0.8712843 0.5253322 -0.003756761 0.850889 0.9289495 0.003966212 0.3701851 0.9426317 -0.004467129 0.3338045 0.9285181 0.005113005 -0.3712522 0.9108558 -0.004785656 -0.412697 0.3916567 0.004961133 -0.9200981 0.3735158 9.26154e-4 -0.9276235 -0.3890589 0.008106231 -0.9211773 -0.3267877 -0.006087124 -0.9450782 0.005044817 -0.9998705 0.01528662 0.01170134 -0.9997747 0.01770919 -0.001993179 -0.9998622 0.01648318 0.05782198 -0.9963734 0.062424 0.05782908 -0.9963738 0.06241136 0.05775946 -0.9963654 0.06260931 -0.1651088 -0.9801739 0.1095367 -0.007413268 -0.999597 0.0274049 -3.97033e-5 -1 -3.36009e-5 4.57848e-5 -1 -2.0249e-5 4.50206e-5 -1 -1.72317e-5 -0.007430911 -0.9999607 0.004854917 9.9542e-5 -1 -1.5498e-5 1.33692e-4 -1 2.19669e-5 -0.01630347 -0.9998595 -0.003900825 0.001493513 -0.9996992 0.02447956 -6.00979e-5 -1 -2.21853e-4 4.63073e-5 -1 -6.27666e-5 1.30308e-4 -1 0 2.16796e-4 -1 2.82599e-5 9.08717e-5 -1 1.39832e-4 1.34226e-4 -1 8.79915e-6 0.03848516 -0.9992288 -0.00779891 0.02255618 -0.9993892 -0.02669352 -7.19719e-5 -1 -1.92276e-4 -0.001772165 -0.999974 0.006997704 -7.38878e-5 -1 3.10677e-5 4.16769e-5 -1 -3.2919e-5 1.64237e-4 -1 -5.49773e-6 9.28367e-5 -1 3.78308e-5 0.005574405 -0.9999487 -0.008452713 -0.001441955 -0.9999478 -0.0101161 0.01362454 -0.9997695 -0.01659953 -0.007925748 -0.9998419 -0.01591575 -6.68204e-5 -1 6.969e-5 -1.65182e-4 -1 -9.19722e-6 -1.90769e-4 -1 -2.81452e-5 -1.00793e-4 -1 -9.5022e-5 0.005863308 -0.9999481 -0.008329451 0.001379191 -0.9999339 -0.01141887 0.01762473 -0.9997803 -0.01134496 -0.007078289 -0.9999579 -0.005841434 -3.96361e-5 -1 -3.93737e-5 0.005512237 -0.9999701 0.005432188 0.00502038 -0.9999786 -0.004207015 0.00407797 -0.9999769 -0.005452096 -0.001051187 -0.9999724 -0.007371723 -0.00349301 -0.9999637 -0.007779896 -1.10081e-4 -1 1.2292e-4 0.005499005 -0.9999736 0.00476247 0.01432448 -0.999897 0.001010477 0.006193399 -0.9999622 0.006099343 -0.00205028 -0.9998539 0.01697474 0.01114511 -0.9999104 -0.007417857 0.01109868 -0.999913 -0.007144272 0.0165261 -0.9998347 0.007588386 0.004819989 -0.9999676 -0.006447136 0.009026408 -0.9999572 -0.002057552 0.006862521 -0.9999763 -6.6576e-4 0.004109144 -0.999987 0.003065109 0.004275023 -0.9999864 0.002998888 0.00273633 -0.9999847 0.004811167 -0.005021095 -0.9999731 0.005348563 4.40225e-4 -0.9999578 0.009180486 -5.40364e-5 -1 0 -0.01928299 -0.9995882 0.02125585 0.001902818 -0.9999091 0.01335 0.08367037 -0.9957525 0.03842294 -0.2772917 -0.6835985 0.6751315 -0.1121509 -0.7294012 0.6748304 -0.2342716 -0.6663599 0.707871 -0.3257993 -0.7914011 0.5172418 -0.5595098 -0.5589576 0.6119766 -0.7085263 -0.4530526 0.5410488 -0.8977316 -0.1009411 0.4288228 -0.768596 -0.6023887 0.2153791 -0.8183628 -0.5106773 0.263612 -0.7294055 -0.6796366 0.07785743 -0.6164736 -0.7872352 -0.01487326 -0.7634664 -0.6258338 -0.1595342 -0.5445509 -0.8133173 -0.2048888 -0.5973564 -0.7018194 -0.3880913 -0.6331933 -0.6621623 -0.4007585 -0.4441441 -0.7773289 -0.4455288 -0.437222 -0.6228752 -0.6487399 -0.2543066 -0.8166612 -0.5180662 -0.1615008 -0.676739 -0.7182909 -0.2119963 -0.6564295 -0.7239875 -0.08729773 -0.6399139 -0.763472 0.165331 -0.6782696 0.7159722 0.2420218 -0.6966323 0.6753733 0.2617927 -0.6633507 0.701021 0.2988739 -0.8132777 0.4992532 0.4993768 -0.6179661 0.6072403 0.4896064 -0.7553948 0.4355046 0.6343969 -0.6320586 0.4450198 0.8118379 -0.4216257 0.4039195 0.9640291 -0.1400675 0.2258958 0.8905066 -0.4542857 0.02494972 0.821369 -0.5556181 -0.1290025 0.8675376 -0.4187497 -0.2683789 0.8510971 -0.1367428 -0.5068878 0.6696851 -0.4410563 -0.5974875 0.5077341 -0.5599575 -0.6547166 0.2803899 -0.7937247 -0.5397987 0.2001304 -0.6819452 -0.7034904 0.1863862 -0.6510987 -0.7357518 0.04653024 -0.7032979 -0.7093709 -0.9964616 0.001010358 -0.08404403 0.05928069 0.006479799 -0.9982204 0.0592938 0.006089329 -0.9982221 -0.09052604 -0.00498563 -0.9958817 -0.2679923 -0.00767821 -0.9633905 0.03487491 -0.009325325 -0.9993482 -0.2122262 8.90072e-4 -0.9772202 -0.5106017 0.01194024 -0.8597345 -0.451815 2.46639e-4 -0.8921117 -0.6589718 -0.01154172 -0.7520791 -0.6658856 0.4479427 -0.5966101 -0.8490319 0.009641349 -0.5282537 -0.8542725 0.156901 -0.4955811 -0.8675605 0.4175368 -0.2701885 -0.9395912 2.44968e-4 -0.3422985 -0.9950709 -0.01153695 -0.09849274 -0.8904889 0.4544932 0.02157282 -0.9772855 -0.00453931 0.2118783 -0.9612279 0.1488341 0.2321411 -0.8158095 0.4157497 0.4020039 -0.7176688 0.01153898 0.696289 -0.5784894 -0.01194125 0.8156025 -0.5225282 -2.45018e-4 0.852622 -0.3098553 -0.002023994 0.9507816 -0.3549961 0.006866097 0.9348426 -0.08538556 0.006538033 0.9963266 -0.04398435 -0.01968634 0.9988383 -0.1927596 -0.008251607 0.9812114 -0.04398864 -0.01981711 0.9988355 -0.01841861 -0.02569907 0.9995001 0.1201124 0.1419223 0.9825635 0.0333811 0.3382192 0.9404752 -0.09264487 -0.05422133 0.9942218 -0.04878443 -0.01924508 -0.998624 -0.04878979 -0.0190863 -0.9986267 0.1009973 -0.007852554 -0.9948557 0.2762629 0.007455587 -0.9610531 0.00856018 0.1046461 -0.9944728 0.2266322 0.364028 -0.9033944 0.5155516 -0.00327146 -0.8568524 0.5286749 0.003131389 -0.8488187 0.7599698 -0.002402782 -0.6499539 0.9104255 -0.003888607 -0.4136551 0.9924994 0.01096284 -0.121757 0.9917538 -0.003063261 0.128122 0.9417471 -0.004633665 0.33629 0.7963042 0.015724 0.604692 0.7174946 -0.01107883 0.6964761 0.5756097 0.01251953 0.8176289 0.523211 -6.1443e-4 0.8522031 0.3052923 7.00385e-4 0.9522584 0.3481953 -0.006338536 0.9374006 0.07514154 -0.01037168 0.997119 0.04709541 0.007082939 0.9988653 0.2290441 0.5508064 0.8025904 0.06344962 0.08638399 0.9942395 -0.1594905 -0.01649779 -0.9870616 -0.159442 -0.01719886 -0.9870576 -0.1594591 -0.01704514 -0.9870574 -0.01219946 0.003762185 -0.9999185 -0.02716088 0.7223531 0.6909908 0.2901605 0.6816259 0.6717092 0.3790478 0.7223082 0.5784408 0.4652083 0.6876836 0.55738 0.5335949 0.7222445 0.4400448 0.6093713 0.6878264 0.3944128 0.636639 0.7241743 0.2650709 0.6839159 0.7011487 0.2016173 0.5915641 0.8018605 0.08409321 0.7862254 0.6178935 -0.007572829 0.6303647 0.7668173 -0.120962 0.6489448 0.7150316 -0.2600009 0.6360059 0.7146889 -0.2910608 0.5451172 0.7116219 -0.4432173 0.5210061 0.7147196 -0.4666139 0.3892704 0.7115261 -0.584978 0.3592764 0.714778 -0.6000109 0.2150757 0.7080517 -0.6726108 -0.1703957 0.6789129 0.7141727 -0.2448382 0.6968327 0.6741502 -0.2638589 0.6634793 0.7001242 -0.2988712 0.8132734 0.4992618 -0.4993717 0.6179718 0.6072386 -0.4896052 0.7553941 0.4355075 -0.6343593 0.6321236 0.444981 -0.8213455 0.5556526 -0.1290035 -0.507937 0.5599328 -0.6545803 -0.2803755 0.7937363 -0.5397891 -0.1986333 0.6821302 -0.7037352 -0.1853451 0.6512402 -0.7358895 -0.04432356 0.7035693 -0.7092431 -0.007773995 0.9998186 0.01738893 -0.01270359 0.9997579 0.01796734 0.009320259 0.9997513 0.02026438 0.02526837 0.9996266 0.01040363 0.02528506 0.9996271 0.01031953 0.02529716 0.9996271 0.01028126 -0.1164601 0.9915987 -0.05629509 -0.01335555 0.9996961 0.02072286 0.01192396 0.9996563 0.02335029 -4.41155e-5 1 -1.43359e-5 -2.17173e-5 1 -3.3298e-5 -1.85518e-5 1 -6.1746e-5 -1.90141e-5 1 -6.26451e-5 -4.48108e-5 1 -4.30993e-5 -3.47282e-5 1 -2.29039e-5 -6.69686e-5 1 -1.93784e-5 -5.80994e-5 1 9.25949e-5 -1.78247e-5 1 -3.71204e-5 -1.74267e-4 1 2.05519e-5 -2.07816e-4 1 -3.17581e-5 -1.92495e-4 1 1.75381e-4 -1.35949e-4 1 -1.58031e-5 2.87038e-6 1 3.92121e-5 -6.1564e-5 1 0 -4.71328e-5 1 -5.06899e-5 -9.38016e-5 1 3.80112e-5 -9.27557e-5 1 1.49566e-5 -8.47193e-5 1 -1.45766e-5 -4.85785e-5 1 4.42203e-5 -2.75711e-5 1 6.13663e-5 -4.23564e-5 1 3.869e-5 -2.42068e-5 1 5.36258e-5 -3.05339e-5 1 -3.85737e-6 -6.51913e-5 1 1.34222e-5 -0.008263528 0.9997889 -0.01881051 0.0321635 0.9992467 -0.02171778 0.03212434 0.9992449 -0.02185505 0.03215271 0.9992465 -0.02174508 -3.9018e-4 0.9999815 -0.006088197 0.003217101 0.9999787 -0.005685687 7.18468e-5 1 6.94777e-5 1.8119e-4 1 -1.67507e-5 6.76808e-5 1 4.29642e-5 6.37554e-5 1 6.88741e-5 -3.14388e-4 0.9999999 4.03566e-4 -0.008027315 0.9999632 0.003046333 -3.82728e-4 0.999975 -0.007070958 0.002668082 0.9999639 -0.008071601 2.17645e-5 1 3.26386e-4 1.15307e-4 1 1.15794e-4 -0.005793452 0.9999707 0.005005896 -0.01367717 0.9999051 0.001649498 -0.005002677 0.9999574 0.007770299 -0.01087123 0.9999397 -0.001571655 3.45504e-5 1 7.78318e-5 0.01210367 0.9999181 0.004181444 0.009954392 0.9998454 0.01450377 5.54338e-4 0.9999999 8.24885e-5 3.92369e-4 0.9999999 -3.58644e-4 -0.009652197 0.9997074 -0.02218556 -1.23874e-4 1 -2.29358e-4 7.34962e-5 1 -6.3133e-5 7.71862e-5 1 2.02746e-5 4.9008e-5 1 -4.07881e-6 -2.84765e-5 1 4.55683e-5 3.18818e-5 1 7.43496e-5 3.53344e-5 1 7.62599e-5 -1.63776e-5 1 6.31012e-5 -1.04751e-5 1 6.12121e-5 -4.65767e-5 1 -4.02086e-5 7.12903e-5 1 -6.43427e-5 1.39394e-5 1 -7.48263e-5 -4.67994e-6 1 -6.54407e-5 5.28675e-5 1 -5.60648e-5 -5.60534e-5 1 -5.6858e-5 0.9885121 0.1428968 0.04923683 0.5634495 0.7956022 0.2225804 0.9332847 0.1027271 -0.344132 0.789387 0.2487479 -0.5612421 0.4262728 0.7569591 -0.4952824 0.359941 0.6010444 -0.7135742 0.1497504 0.7550457 -0.6383423 -0.00873512 0.6147934 -0.7886399 -0.181101 0.7534099 -0.6321203 -0.3786825 0.6263241 -0.6814087 -0.4604371 0.7483376 -0.4774815 -0.6505088 0.6380522 -0.4119803 -0.6356891 0.7432054 -0.2086744 -0.7589777 0.6493487 -0.04795193 -0.6651867 0.7381055 0.1128142 -0.6797896 0.6597899 0.3202552 -0.5404189 0.733184 0.4127814 -0.4351857 0.6692734 0.6022346 -0.288555 0.7284615 0.6213533 -0.08811223 0.6777624 0.7299825 0.03359621 0.7238456 0.6891435 0.2740655 0.6855381 0.6744818 0.3637546 0.7054347 0.6083129 0.6779487 0.4291644 0.5968279 0.9653329 0.04780757 -0.2566063 0.9674349 0.009721457 0.2529332 0.8081232 -0.0111947 0.5889071 0.7175726 0.02038103 0.6961855 0.4354512 -0.007419049 0.9001818 0.1726729 0.02974802 0.98453 -0.09056216 0.01304107 0.9958055 -0.5269007 0.01909387 0.8497123 -0.5387045 -0.01575356 0.8423476 -0.8709298 0.002969026 0.4913985 -0.9287481 0.02571666 0.3698185 -0.9998586 -0.007275879 0.01516467 -0.9642647 0.02966493 -0.2632746 -0.8646467 0.01291096 -0.5022144 -0.5450165 0.01913458 -0.838207 -0.5387051 -0.01575416 -0.8423471 -0.07870578 0.002498745 -0.9968948 0.06101596 0.02627015 -0.9977911 0.4079772 -0.007227182 -0.9129635 0.637463 0.02137607 -0.7701845 5.33053e-6 1 4.90895e-6 5.26565e-6 1 4.10819e-6 -1.78731e-7 1 4.33505e-6 4.26536e-6 1 -2.50313e-6 2.07726e-6 1 0 -4.89848e-6 1 0 4.88578e-7 1 7.05662e-6 -2.36134e-6 1 4.8374e-6 -2.80835e-6 1 1.93477e-6 -4.85508e-6 1 0 -4.49248e-6 1 0 -2.09015e-6 1 -1.42073e-6 -2.69118e-6 1 -1.55252e-5 2.31018e-5 1 2.21798e-5 2.25713e-5 1 -2.1778e-5 2.62223e-6 1 -1.10841e-5 0 1 -1.38949e-5 -6.75242e-6 1 -3.83572e-5 9.4057e-6 1 3.3622e-6 0.002161741 0.003098547 0.999993 -0.006513595 -0.005513429 0.9999637 1.3608e-4 -0.9980177 0.06293439 0.01460635 -0.995486 0.09377753 -0.0380299 -0.9944276 0.0983237 7.80298e-6 -1 -6.72388e-6 -0.02333772 -0.9997242 -0.002649068 -0.03449082 -0.9993413 -0.01129156 1.07678e-5 -1 -1.56706e-6 9.69734e-6 -1 0 1.14055e-5 -1 1.9539e-6 7.85832e-6 -1 1.02659e-5 1.63079e-6 -1 8.2499e-6 -1.1087e-6 -1 1.16715e-5 -1.94121e-6 -1 8.23663e-6 -1.01849e-5 -1 6.87761e-6 -1.09756e-5 -1 3.5478e-6 -9.74929e-6 -1 4.25648e-6 -1.02093e-5 -1 -6.29658e-6 0.01128458 -0.9999085 -0.007468283 0.01403325 -0.9997757 -0.01586699 0.04384535 -0.9975545 0.05443006 -0.1453221 0.007548153 0.9893556 -0.1063513 -0.006566166 0.9943069 0.3724828 0.006271481 0.9280179 0.4047241 -0.006505906 0.9144158 0.786194 0.005980491 0.6179509 0.8077121 -0.006684303 0.5895393 0.9896538 0.006221473 0.1433413 0.9942681 -0.006867289 0.1066956 0.9292271 0.006475031 -0.3694524 0.9070511 -0.016689 -0.4206898 0.6307772 0.01709574 -0.7757757 0.4600737 -0.03634178 -0.8871368 0.141497 0.0136798 -0.9898442 -0.281872 -0.02614969 -0.9590956 -0.3798162 0.01005727 -0.9250074 -0.7771604 -9.54063e-4 -0.6293019 -0.7960737 -0.0086748 -0.6051375 -0.9885185 0.007732868 -0.1509022 -0.9942726 -0.007852137 -0.1065853 -0.9318946 0.00793761 0.3626424 -0.9143484 -0.007972717 0.4048503 -0.6251646 0.008213043 0.7804497 -0.5889327 -0.007283091 0.8081494 -0.1646483 -0.6674262 0.726246 0.015495 -0.7216014 0.6921353 -0.3909121 -0.7039653 0.592976 -0.4632473 -0.7023069 0.5405248 -0.6213918 -0.7138944 0.3228422 -0.676023 -0.6977182 0.237028 -0.6973049 -0.7165421 -0.01825642 -0.7081537 -0.6931864 -0.1342054 -0.599217 -0.718899 -0.3523116 -0.5493445 -0.68865 -0.4732672 -0.3524749 -0.7210909 -0.5964809 -0.2409977 -0.6840438 -0.6884796 -0.01918441 -0.7231375 -0.6904376 0.135119 -0.6794002 -0.7212201 0.3173357 -0.7249884 -0.6113018 0.4786857 -0.6748121 -0.5616837 0.5731105 -0.7265515 -0.3790348 0.6979227 -0.6705355 -0.2515673 0.6838863 -0.7277546 -0.05170029 0.7342321 -0.6668997 0.1270747 0.6214514 -0.7283152 0.288713 0.5779708 -0.6643153 0.4739568 0.3992223 -0.7227539 0.5641351 0.2675784 -0.6252722 0.7331007 0.006970584 -0.9997506 -0.02122092 0.006938576 -0.9997357 -0.02191805 0.01851069 -0.9996361 -0.01962441 0.01657605 -0.9997615 -0.01422268 0.02588349 -0.9996159 -0.009911775 0.02055501 -0.9997799 -0.004214525 0.02784508 -0.9996095 0.002322912 0.01955997 -0.9997898 0.006147861 0.02740341 -0.9994103 0.02069121 0.01522958 -0.9997554 0.01604354 0.009305655 -0.9996536 0.02461975 0.005386471 -0.9997712 0.02070033 -0.003163814 -0.9995978 0.02818238 -0.005689382 -0.9997445 0.02188098 -0.01447147 -0.999565 0.02569949 -0.01444697 -0.9997801 0.01520472 -0.02379113 -0.9995926 0.01577329 -0.02035266 -0.9997724 0.006400585 -0.02797889 -0.9996012 0.003842175 -0.02162909 -0.9997563 -0.004433155 -0.02610915 -0.9996235 -0.008442401 -0.01766031 -0.9997293 -0.01514619 -0.02001184 -0.9995908 -0.02044016 -0.008055746 -0.999647 -0.02532017 -0.008118927 -0.9997586 -0.02041828 0.6017203 -0.782637 0.1594112 0.4565884 -0.8153495 0.3559948 0.3487699 -0.8043394 0.4810381 9.7073e-4 -0.77581 -0.630966 -0.3440388 -0.774169 -0.5313188 -0.1851666 -0.4793081 -0.8578911 0.02902162 -0.3944591 -0.9184551 0.2214481 -0.5037679 -0.8349723 0.3083928 -0.7850513 -0.5372043 0.3448213 -0.437214 -0.8306276 0.5878181 -0.4566541 -0.6677852 0.5174514 -0.7800707 -0.3517583 0.668542 -0.4305753 -0.606347 0.8234792 -0.4478753 -0.348267 0.6204946 -0.7787253 -0.09259343 0.8653647 -0.4226023 -0.2693536 0.8886437 -0.4573652 0.03360992 0.8960533 -0.4244063 0.1302609 0.7718977 -0.3914133 0.5009687 0.6326113 -0.4209157 0.6501022 0.3580042 -0.4301466 0.8287382 0.09516137 -0.7764229 0.6229863 0.3129013 -0.4291281 0.8473145 -0.03682297 -0.4271224 0.9034438 -0.1874812 -0.7597138 0.6226442 -0.1353134 -0.3718929 0.9183605 -0.4594142 -0.4498975 0.765853 -0.4291292 -0.7759954 0.4622547 -0.5745269 -0.3744953 0.7277858 -0.7433089 -0.4553176 0.4900797 -0.5873231 -0.7758253 0.2305355 -0.8254408 -0.3823555 0.415273 -0.8791978 -0.4600651 0.1239004 -0.6286274 -0.7762877 -0.04696023 -0.9194006 -0.3924555 0.02610498 -0.8508565 -0.4447613 -0.2796978 -0.5443005 -0.7777355 -0.3144273 -0.8436402 -0.3922789 -0.3665906 -0.6512202 -0.4460642 -0.6139537 -0.5965588 -0.4077795 -0.6912551 -0.3284521 -0.4291877 -0.8413782 0.2322787 -0.4240159 -0.8753613 -0.1311753 -0.4639523 -0.8760944 -0.4179478 -0.4451087 -0.7919585 -0.6760384 -0.3984352 -0.6198561 -0.7513692 -0.4637627 -0.4694342 -0.8744857 -0.4230999 -0.2371948 -0.9008242 -0.4194337 0.1122102 -0.7803016 -0.4209651 0.4625124 -0.5573781 -0.4095848 0.722198 -0.3315488 -0.4316514 0.8388996 -0.1733583 -0.4296754 0.8861863 0.1448541 -0.4152333 0.8981083 0.316269 -0.3031293 0.8989364 0.6008158 -0.4406241 0.6669864 0.791338 -0.4562868 0.4069232 0.8855925 -0.4591748 0.06988972 0.8816099 -0.4396805 -0.1715965 0.804554 -0.4394641 -0.3994548 0.6654024 -0.4572795 -0.5900299 0.5589182 -0.3043698 -0.7713428 0.006028115 -0.999948 0.008221983 0.1556813 -0.8302174 -0.5352593 -0.07193261 -0.8112699 -0.5802302 -0.2816607 -0.7663493 -0.5773874 0.4779148 -0.7751488 -0.4132093 0.01856356 -0.9996282 -0.01997655 0.7158319 -0.6854307 -0.1333025 0.5929661 -0.8034952 0.05278736 -0.2100035 -0.8378422 0.503904 0.007487714 -0.818732 0.5741273 -0.02743089 -0.9994155 0.02040505 -0.4763423 -0.7817353 0.4024772 -9.30525e-4 -0.9995836 -0.02884441 -0.3510957 -0.9310014 0.09984129 -0.3261129 -0.9449372 -0.02727919 0.06580585 -0.9978274 0.00318408 -0.3438845 -0.9190048 -0.1928049 -0.00466001 -0.999775 0.0206983 0.3349757 -0.7856818 0.5200919 0.5419785 -0.7808879 0.3106016 0.7236657 0.01467716 0.6899947 0.6538029 -0.001309156 0.7566637 0.94001 -0.009207367 0.3410227 0.9726948 0.03267008 0.229777 0.9347575 -0.01598769 -0.3549267 0.7629579 0.05049651 -0.644473 0.4697657 -0.0416271 -0.8818093 0.01170915 0.04647469 -0.9988509 -0.37996 -0.05851495 -0.9231503 -0.7630438 0.04437023 -0.644822 -0.9882628 -0.06258004 -0.1393575 -0.9691063 0.02272933 0.245594 -0.8828121 -0.0645771 0.4652664 -0.7351604 0.03290349 0.6770942 -0.9983373 0.002785563 0.05757611 -0.9856918 0.07088142 0.1529302 0.9979299 -0.01623922 0.0622276 0.998878 -0.005382061 0.04705226 0.1315166 0.004879057 0.991302 0.3189368 0.02545887 0.947434 0.2059637 -0.01640784 0.9784221 -0.1658225 0.02340197 0.9858779 0.9967851 0.03072279 -0.07399922 0.9428412 -0.02387148 0.3323864 0.8464339 -0.02718746 -0.5317994 0.5317953 0.0271871 -0.8464365 0.074005 -0.03072297 -0.9967845 -0.332393 0.02387094 -0.9428389 -0.8089576 -0.01708626 -0.5876187 -0.9164381 0.003077983 -0.400165 -0.9311699 -0.002798438 0.3645751 -0.9573574 -0.004750311 0.2888674 -0.3645797 0.002798438 0.931168 -0.2888717 0.004750311 0.9573561 0.5876142 0.01708596 0.8089609 0.4001669 -0.003078162 0.9164372 -0.03959953 0.03574907 0.9985759 -0.3789298 -0.01633095 0.9252814 0.4180591 -0.01516932 0.9082933 0.8913896 0.02147668 0.4527292 0.944129 -0.007354915 0.3294941 0.8831163 0.007781386 -0.4690898 0.8477896 -0.007780253 -0.5302757 0.1449667 0.008464634 -0.9894003 0.07077133 -0.009006798 -0.9974519 -0.7587736 0.009283006 -0.6512885 -0.8029047 -0.006338894 -0.5960737 -0.9385685 0.02060019 0.3444775 -0.9565693 -0.007072567 0.2914191 -0.9164367 0.00307846 -0.4001678 -0.8089607 -0.0170865 -0.5876146 -0.931169 -0.002798318 0.3645771 -0.9573577 -0.00475049 0.2888663 -0.3645771 0.002798616 0.9311691 -0.2888707 0.004749953 0.9573565 0.5876134 0.01708579 0.8089615 0.4001699 -0.003078162 0.9164358 0.9428406 -0.02387082 0.3323881 0.9967847 0.03072249 -0.07400262 0.8464358 -0.02718693 -0.5317963 0.5317964 0.02718693 -0.8464358 0.07400393 -0.03072297 -0.9967846 -0.3323877 0.02387106 -0.9428408 0.5317955 0.02718657 -0.8464364 0.0740047 -0.03072273 -0.9967846 -0.3323885 0.02387088 -0.9428405 -0.8089603 -0.01708543 -0.5876151 -0.9164362 0.00307852 -0.400169 -0.9311689 -0.002797961 0.3645775 -0.9573566 -0.004750311 0.2888696 -0.3645765 0.002798318 0.9311693 -0.2888684 0.004750251 0.9573571 0.5876141 0.0170862 0.8089609 0.4001668 -0.003078222 0.9164372 0.9428399 -0.02387136 0.3323904 0.9967847 0.03072297 -0.07400286 0.8464369 -0.02718716 -0.5317945 0.008299112 0.9953159 -0.09631925 0 0.9987092 -0.05079269 -1 0 3.17252e-7 -1 1.70749e-7 1.29769e-7 -1 -2.05817e-7 -1.56421e-7 -1 0 -3.28767e-7 -0.00281918 0.9997372 0.0227549 0 0.9999722 0.007457554 1 0 0 1 -8.32823e-7 0 0.0089854 -0.02619063 -0.9996166 -0.0089854 0.02619063 -0.9996166 -0.008785307 -0.9988477 -0.04718399 0 -0.9997076 -0.02418357 0.003429949 0.01736003 0.9998435 0 0.01353156 0.9999085 0.02135038 -0.9985365 -0.04969137 -0.02799564 -0.9977511 0.06090193 -0.02840232 -0.9982261 -0.05232667 0.01763075 -0.9970697 -0.07444006 -0.6389837 -0.7292765 -0.2446545 -0.726163 -0.6875224 -6.23811e-4 -0.8694661 -0.336143 -0.3619899 -0.3158922 -0.19386 -0.928779 0.326264 -0.4227111 -0.8454982 0.8317916 -0.1597706 -0.5315977 0.6726292 -0.5979329 0.4359431 0.6222058 -0.7824161 -0.02617573 0.6864967 -0.7127528 0.1438953 0.2508471 -0.7953872 0.5517563 -0.05774188 -0.5958012 0.8010536 -0.4634082 -0.3740814 0.8033156 -0.8941679 -0.14454 0.4237595 -0.899065 -0.001870989 -0.4378113 -0.9255673 -0.002933442 0.3785721 -0.2621341 0.01358044 0.9649359 0.3938079 -0.02266627 0.9189134 0.7284976 0.0260396 0.6845534 0.9797246 -0.02368837 0.1989437 0.9944825 0.007516205 -0.1046331 0.6212576 0.007195293 -0.7835735 -0.2312176 0.002683877 -0.9728984 0 1 7.88721e-6 0 1 -1.94734e-5 0 1 1.65063e-5 0 1 3.96687e-5 0 1 1.84896e-6 0 1 4.92587e-5 0 1 1.77384e-5 0.3761873 2.94314e-4 0.9265436 0.3892039 -2.94378e-4 0.9211516 0.9577236 2.72842e-4 0.2876899 0.9615283 -2.41125e-4 0.2747059 0.8800277 2.11093e-4 -0.4749223 0.8742105 -1.72266e-4 -0.485547 0.3878149 1.56246e-4 -0.9217374 0.3775738 -1.56235e-4 -0.9259796 -0.2533753 1.5833e-4 -0.9673681 -0.2641777 -1.58381e-4 -0.964474 -0.8038697 1.66292e-4 -0.5948055 -0.8107385 -1.99855e-4 -0.5854085 -0.9892172 2.34068e-4 0.1464562 -0.987192 -2.76279e-4 0.1595365 -0.5060564 2.88794e-4 0.8625003 -0.4939236 -2.88849e-4 0.8695054 -0.002058565 -0.9999979 2.59588e-4 0.004587531 -0.9999421 0.009733438 0.01018041 -0.9999102 0.008714854 0.002817571 -0.9997866 0.02046805 -0.001372873 -0.9998866 0.01500022 -0.004492938 -0.9998856 0.01444607 0.002281844 -0.9999962 -0.00155574 0.002846479 -0.9999957 8.89723e-4 -0.01183801 -0.9998064 -0.01571696 -0.01152485 -0.9997936 -0.01673769 -0.01273149 -0.9992752 -0.03587734 -0.02397233 -0.9988811 -0.04076981 -1.10826e-4 -0.9999993 0.001217305 -6.9346e-4 -0.9999995 8.10115e-4 -0.002167463 -0.9999973 8.39092e-4 0.6369783 -0.755779 -0.1518446 0.9624801 -0.271117 0.0112999 0.72285 -0.6050201 0.3338242 0.5665021 -0.5483434 0.6151382 0.06862097 -0.4275472 0.9013848 -0.2672459 -0.5727147 0.7749693 -0.6203264 -0.5986084 0.5068168 -0.6729198 -0.7259654 0.1419614 -0.9436221 -0.3272617 0.04977148 -0.7694907 -0.5460805 -0.3311803 -0.6696142 -0.2993643 -0.6797043 -0.2819282 -0.6258679 -0.7271904 0.02155357 -0.4695959 -0.8826184 0.3330639 -0.6698819 -0.6635712 0.6152296 -0.3939469 -0.6828606 0.7871609 -0.4920415 -0.3718504 -0.9138196 0.07894295 -0.3983741 -0.3335159 0.09627604 -0.9378157 0.1174967 -0.02498418 -0.992759 0.5116376 0.1378048 -0.8480784 0.9155731 0.1505968 -0.3728896 0.8980563 0.09210836 0.4301291 0.6212912 -0.02677381 0.7831223 0.2384813 0.1395567 0.9610675 -0.4142346 0.06465041 0.9078713 -0.7869738 0.007420063 0.6169418 -0.9610669 0.1395655 0.2384781 -0.8083401 0.5664772 -0.1602808 -0.4717777 0.569636 -0.6730087 0.1739135 0.6127943 -0.770868 0.6763862 0.5681017 -0.468788 0.8100554 0.5613568 0.1693778 0.438889 0.619699 0.6506532 -0.1783987 0.5555075 0.8121486 -0.6506639 0.6196873 0.4388898 0.6005396 0.7949058 -0.08647072 0.1611629 0.9743677 -0.1569529 0.2768921 0.9147006 -0.2943699 0.2001687 0.848876 -0.4892261 0.4892303 0.848873 0.2001711 0.2835956 0.9113866 0.298242 0.08122807 0.8024452 0.5911715 0.1569758 0.974359 0.1611931 -0.2001696 0.8488735 0.4892301 -0.2982412 0.9113877 0.2835929 -0.5911517 0.8024549 0.08127766 -0.1612165 0.974358 0.1569579 -0.4892428 0.8488643 -0.2001777 -0.2835907 0.9113888 -0.2982397 -0.08127331 0.8024718 -0.5911293 -0.1569971 0.9743586 -0.1611748 -0.9998225 -0.001728475 -0.01876342 -0.9936455 -0.05286067 -0.09937059 -0.9998217 -0.01661998 -0.008960485 -0.9961701 0.02168941 0.08470457 -0.09825265 -7.0226e-4 0.9951613 -0.1053863 0.01583349 0.9943054 3.46592e-5 1 0 3.64767e-5 1 -8.81244e-6 0 1 -2.24217e-5 0 1 1.07546e-5 0 1 3.10047e-5 0 1 -3.0143e-5 -1.08385e-6 1 -3.49157e-5 -3.45703e-5 1 -6.89005e-6 -3.75474e-5 1 -6.46593e-7 1.17432e-6 1 4.26751e-5 -0.1066946 0.01585245 -0.9941655 -0.1006368 0.002335548 -0.9949205 -0.9951617 -6.96736e-4 -0.0982483 -0.9943054 0.01583766 -0.105386 0.01876419 -0.00173217 -0.9998225 0.09937214 -0.052863 -0.9936451 0.008961796 -0.01662403 -0.9998217 -0.08470422 0.02168405 -0.9961702 0.994165 0.01586508 -0.1066983 0.9949205 0.002343535 -0.1006374 0.09825605 -6.99814e-4 -0.995161 0.1053836 0.01583236 -0.9943056 0.9998225 -0.001734256 0.01876467 0.9936452 -0.05286043 0.09937334 0.9998217 -0.01662576 0.008962273 0.9961703 0.02167761 -0.08470457 0.1066782 0.01584756 0.9941673 0.1006244 0.002338647 0.9949218 0.9951603 -6.96736e-4 0.09826314 0.9943035 0.01584035 0.1054025 -0.01876246 -0.001731216 0.9998226 -0.0993629 -0.05286127 0.9936463 -0.008959412 -0.0166229 0.9998217 0.08469885 0.02168399 0.9961707 -0.9941659 0.01585376 0.1066907 -0.9949209 0.002331674 0.1006339 -0.994471 0.002937555 0.1049716 -0.9926041 0.001277625 0.1213901 -0.5288637 0.01316392 0.8486047 -0.6184 5.73732e-4 0.7858633 0.1189619 -0.01199346 0.9928265 0.485343 0.02038979 0.8740862 0.7794405 -0.01112997 0.6263775 0.9976401 0.009367704 0.06801986 0.9999433 1.9827e-4 -0.01064813 0.7166243 0.004934132 -0.697442 0.7518764 -0.002422809 -0.6592996 -0.01176285 -0.004490733 -0.9999207 -0.06438314 0.003040254 -0.9979207 -0.7614306 -6.81107e-6 -0.6482464 -0.7755041 -0.002649784 -0.6313371 -2.1758e-5 -1 2.31479e-5 -4.34492e-6 -1 0 -3.65066e-5 -1 0 8.49059e-6 -1 0 -1.67058e-5 -1 0 0 -1 -3.81196e-6 1.49368e-5 -1 5.32345e-6 4.35914e-5 -1 -1.67364e-5 0 -1 -1.92639e-5 2.87328e-5 -1 4.06781e-5 2.51742e-5 -1 0 -1.94669e-5 -1 -4.58468e-5 1.62001e-5 -1 -2.69427e-5 0 -1 2.54118e-5 0 -1 2.93531e-5 -4.50648e-5 -1 -1.90429e-5 0.02135032 -0.9985367 -0.04968619 -0.02799558 -0.9977511 0.06090193 -0.02840214 -0.9982255 -0.05233794 0.01763081 -0.9970701 -0.07443505 -0.6389864 -0.7292799 -0.2446371 -0.7261637 -0.6875216 -6.2381e-4 -0.8694677 -0.3361464 -0.3619829 -0.3158938 -0.1938614 -0.9287782 0.3262639 -0.4227091 -0.8454993 0.831793 -0.1597701 -0.5315957 0.6726299 -0.597931 0.4359445 0.6222121 -0.7824111 -0.02617603 0.6865019 -0.7127472 0.1438978 0.25085 -0.7953712 0.5517781 -0.05773931 -0.5957906 0.8010617 -0.4634079 -0.3740808 0.8033161 -0.894168 -0.1445401 0.423759 -0.8990648 -0.001871228 -0.4378115 -0.9255682 -0.002933204 0.3785697 -0.2621357 0.01358085 0.9649355 0.3938079 -0.02266627 0.9189133 0.728498 0.02603977 0.6845529 0.9797243 -0.02368783 0.1989452 0.9944824 0.007516503 -0.1046338 0.621258 0.007195651 -0.7835732 -0.2312173 0.002683579 -0.9728984 0 1 5.25821e-6 0 1 -1.65056e-5 0 1 3.96686e-5 0 1 -3.40826e-4 0 1 -8.62868e-6 0 1 2.56973e-5 0 1 -7.49662e-5 0 1 1.66041e-5 0 1 4.98904e-5 0 1 -7.45132e-5 0 1 6.2973e-6 0.376182 2.94298e-4 0.9265458 0.3892011 -2.94245e-4 0.9211528 0.9510927 2.57531e-4 0.3089056 0.9549086 -1.86827e-4 0.2969 0.925979 1.5628e-4 -0.377575 0.9217358 -1.5625e-4 -0.3878184 0.4855436 1.72265e-4 -0.8742125 0.4749148 -2.11095e-4 -0.8800318 -0.2309105 2.11049e-4 -0.9729751 -0.2426833 -1.72325e-4 -0.9701057 -0.803869 1.66318e-4 -0.5948066 -0.8107391 -1.99779e-4 -0.5854078 -0.9892174 2.34218e-4 0.1464551 -0.987192 -2.7627e-4 0.1595366 -0.5060589 2.88897e-4 0.8624988 -0.4939234 -2.88913e-4 0.8695055 0.02672553 -0.9996229 0.006321609 -1.84913e-4 -1 2.03282e-5 0.02702832 -0.9996188 0.005646586 0.01018035 -0.9999102 0.008714914 0.002817571 -0.9997864 0.02047806 -0.001372873 -0.9998866 0.01499468 -0.004492998 -0.9998856 0.01445084 0.002281844 -0.9999962 -0.001564204 0.002846479 -0.9999956 8.8972e-4 -0.01183813 -0.9998065 -0.01571702 -0.01152479 -0.9997936 -0.01673775 -0.01273155 -0.9992755 -0.03586804 -0.007945597 -0.9993976 -0.03378289 -2.17991e-5 -1 1.55641e-4 -7.57656e-5 -1 6.28042e-5 0.5907148 -0.5759755 -0.5650738 0.9094645 -0.407257 -0.08376181 0.824783 -0.4944972 0.2742362 0.5908291 -0.4628763 0.6608074 0.06861978 -0.4275488 0.9013842 -0.2672469 -0.5727172 0.7749671 -0.6203284 -0.5986064 0.5068167 -0.6729236 -0.7259643 0.1419503 -0.9436228 -0.3272594 0.04977339 -0.76949 -0.5461108 -0.3311321 -0.6696154 -0.2993651 -0.6797028 -0.2818853 -0.6258512 -0.7272214 0.02323621 -0.4823594 -0.8756652 0.6089431 -0.2963709 -0.7357667 -0.9138192 0.07894176 -0.398375 -0.3335159 0.09627926 -0.9378153 0.117496 -0.02498328 -0.9927591 0.5116838 0.1378012 -0.8480511 0.9274935 0.07405561 -0.3664308 0.9051111 0.06094717 0.4207845 0.6212566 -0.02673363 0.7831511 0.2384791 0.1395552 0.9610682 -0.4141916 0.06462657 0.9078925 -0.7869993 0.007462918 0.6169088 -0.9610533 0.1395648 0.2385339 -0.8083381 0.5664778 -0.1602889 -0.471778 0.5696324 -0.6730116 0.173904 0.6127502 -0.770905 0.6795912 0.5640314 -0.4690676 0.815127 0.5532668 0.171651 0.4388899 0.6196987 0.650653 -0.1783582 0.5554759 0.8121791 -0.650647 0.6197314 0.4388526 0.6005508 0.7948961 -0.08648067 0.161188 0.9743675 -0.1569283 0.2768929 0.9147013 -0.2943669 0.2001702 0.8488748 -0.4892275 0.4892308 0.8488719 0.2001745 0.2835945 0.9113872 0.2982411 0.08122819 0.8024461 0.5911703 0.1569822 0.9743587 0.1611881 -0.2002218 0.848865 0.4892234 -0.2982382 0.9113888 0.2835923 -0.5911457 0.8024595 0.08127462 -0.161199 0.9743584 0.1569731 -0.4892458 0.8488637 -0.2001723 -0.2835891 0.9113918 -0.2982319 -0.08127254 0.8024705 -0.591131 -0.1569715 0.9743597 -0.1611928 -0.9998224 -0.001729071 -0.01876479 -0.9936458 -0.05285775 -0.0993691 -0.9998217 -0.01662051 -0.008961796 -0.9961705 0.02168506 0.08470064 -0.09825265 -7.03257e-4 0.9951613 -0.1053863 0.01583385 0.9943054 3.46592e-5 1 0 3.64768e-5 1 -6.60931e-6 0 1 -1.12109e-5 0 1 4.96787e-7 0 1 3.61719e-5 0 1 -3.10043e-5 -1.08402e-6 1 -4.00887e-5 -3.45703e-5 1 -6.89004e-6 -3.75474e-5 1 1.13154e-6 1.17431e-6 1 4.13818e-5 -0.1066941 0.01585179 -0.9941655 -0.1006388 0.002335786 -0.9949204 -0.9951617 -7.01642e-4 -0.0982483 -0.9943054 0.01583737 -0.1053853 0.01876425 -0.001732051 -0.9998225 0.09937214 -0.05286276 -0.9936451 0.008961677 -0.01662373 -0.9998217 -0.08470422 0.02168411 -0.9961702 0.9941651 0.01586151 -0.1066969 0.9949205 0.002336084 -0.1006369 0.09825605 -7.0012e-4 -0.995161 0.1053836 0.01583182 -0.9943056 0.9998225 -0.001733303 0.01876431 0.9936451 -0.05286473 0.09937185 0.9998217 -0.01662522 0.008961856 0.9961703 0.02168345 -0.08470374 0.1066811 0.01584953 0.994167 0.1006246 0.002337336 0.9949218 0.9951603 -7.04096e-4 0.09826314 0.9943037 0.01584392 0.1054013 -0.0187627 -0.001732349 0.9998224 -0.09936892 -0.05286353 0.9936455 -0.008960068 -0.01662409 0.9998217 0.08470427 0.02168399 0.9961702 -0.9941661 0.01585233 0.1066886 -0.9949209 0.002337574 0.1006337 -0.3047106 -0.01692128 0.9522947 -0.7409803 0.035317 0.6705974 -0.9645384 -0.02195996 0.2630276 -0.8922337 0.01322454 -0.4513804 0.4426396 0.0236088 0.8963888 0.5511476 -0.006620347 0.8343815 0.9928201 6.18701e-4 0.119616 0.9976156 0.002645611 0.06896615 0.7177894 0.002342045 -0.6962564 0.7645484 -0.002177417 -0.6445627 -0.01597529 0.002126753 -0.9998701 -0.1028953 0.002554416 -0.9946889 -0.7803699 -0.002211034 -0.6253144 2.07197e-5 -1 2.57428e-5 -3.65185e-5 -1 -2.26857e-5 -3.75386e-5 -1 0 0 -1 -2.0369e-5 8.49064e-6 -1 0 -1.67059e-5 -1 0 0 -1 2.45425e-5 3.26729e-5 -1 0 -1.08998e-5 -1 0 0 -1 1.42069e-5 0 -1 7.99265e-6 0 -1 -1.36452e-5 2.87331e-5 -1 0 2.51738e-5 -1 0 0 -1 6.76864e-5 0 -1 -2.26516e-5 -4.3764e-5 -1 0 -8.6918e-6 -1 0 6.02681e-6 -1 -2.06371e-5 -2.10595e-5 -1 0 -0.02099657 -0.9982697 -0.0549274 -0.02089661 -0.9990328 -0.0386902 0.03137731 -0.9982873 0.04937624 -0.9028061 -0.2791404 0.3271421 -0.8348928 -0.4409855 -0.3293721 -0.3899694 -0.6273462 -0.6740629 -0.1511957 -0.63773 -0.7552751 0.3407064 -0.4418841 -0.8298541 0.8187445 -0.1989747 -0.5385783 0.6404705 -0.6983094 0.3196271 0.6765772 -0.7348413 -0.04745179 0.6946207 -0.6948068 0.186402 0.280621 -0.8021276 0.5271083 -0.06122064 -0.4874908 0.8709793 -0.4925172 -0.3610594 0.7918729 -0.9007135 0.004088759 -0.4343947 -0.9244863 -0.007262229 0.3811461 -0.2647645 0.009375691 0.9642676 0.3938088 -0.02266633 0.9189129 0.7284985 0.02603971 0.6845524 0.9797242 -0.02368783 0.1989457 0.9944828 0.007516622 -0.1046311 0.6212633 0.00719577 -0.7835689 -0.2274863 0.009822487 -0.9737318 -0.314437 -0.004035532 -0.9492698 0 1 3.2312e-6 0 1 -1.3269e-5 0 1 -4.09375e-5 0 1 1.07078e-5 0 1 1.95017e-6 0 1 1.39524e-5 0 1 3.09452e-5 0 1 -2.23376e-5 0 1 3.79835e-5 -0.1595375 2.763e-4 0.9871919 -0.1464635 -2.34267e-4 0.989216 0.585403 1.9977e-4 0.8107425 0.5948017 -1.66291e-4 0.8038725 0.9701048 1.72222e-4 0.2426865 0.9729743 -2.10906e-4 0.2309138 0.8800276 2.1101e-4 -0.4749227 0.8742114 -1.7214e-4 -0.4855454 0.3878163 1.56259e-4 -0.9217368 0.377583 -1.56281e-4 -0.9259757 -0.2968941 1.86782e-4 -0.9549104 -0.3088915 -2.57559e-4 -0.9510973 -0.9211518 2.94214e-4 -0.3892035 -0.9265445 -2.94257e-4 -0.3761852 -0.8695062 2.88964e-4 0.4939221 -0.8625016 -2.88884e-4 0.5060542 0.002437889 -0.999997 -3.08641e-4 0.006343603 -0.9999544 0.007160961 0.009625792 -0.9999306 0.006792724 0.003377676 -0.9999325 0.01112264 0.002765655 -0.9999161 0.01265734 -0.004747152 -0.9999662 0.006716251 -0.01312935 -0.9998827 0.007898628 -0.01768696 -0.9998428 0.001369893 -0.01776587 -0.9998413 0.001332223 -0.009374618 -0.9998928 -0.01124888 -0.009955167 -0.9997495 -0.02004796 0.001321613 -0.9998944 -0.01447004 0.03317588 -0.9992284 -0.0210275 0.03605276 -0.9984531 -0.04232859 0.02773898 -0.9967281 -0.07592034 0.7203671 -0.6915509 -0.05318647 0.9665175 -0.2565831 0.00301522 0.7209928 -0.6000406 0.3465843 0.5316062 -0.5159697 0.6716921 -0.3491346 -0.5269209 0.7748933 -0.08683872 -0.4624543 0.8823805 -0.7184587 -0.4617435 0.5202019 -0.9047456 -0.4232037 0.04831236 -0.7295674 -0.6149579 -0.2992627 -0.6699168 -0.3004419 -0.6789302 -0.2766194 -0.6242491 -0.7306126 0.03176975 -0.5590898 -0.8284983 0.5857729 -0.4343724 -0.6842447 0.8054773 -0.4453222 -0.3910176 0.1886109 -0.04780179 0.9808878 -0.9138394 0.07796585 -0.398521 -0.331303 0.09413957 -0.9388163 0.1135693 -0.0273838 -0.9931526 0.5116327 0.1378031 -0.8480815 0.9201225 0.1203537 -0.3726789 0.8972543 0.09034448 0.4321721 0.6228019 -0.01762962 0.782181 -0.4602838 0.1034366 0.8817254 -0.7619331 0.08654296 0.6418476 -0.9579917 0.1157073 0.2624189 -0.8081967 0.5649375 -0.166324 -0.4717783 0.5696288 -0.6730144 0.173915 0.6127936 -0.7708681 0.6763833 0.5681043 -0.4687891 0.8100764 0.5613436 0.1693211 0.4378635 0.6130527 0.6576032 -0.0782867 0.5453904 0.8345181 -0.3905698 0.7948854 0.4643412 -0.6793962 0.6792661 0.2775219 0.600546 0.7949004 -0.0864762 0.1611524 0.9743695 -0.1569523 0.2768916 0.9147016 -0.2943671 0.2001678 0.848873 -0.4892314 0.4892233 0.8488781 0.2001665 0.2835956 0.9113885 0.298236 0.08028227 0.8143723 0.574763 0.156964 0.9743602 0.1611977 -0.1720718 0.8437138 0.5084666 -0.5480421 0.834085 0.06286656 -0.1886063 0.9658148 0.1778466 -0.489247 0.8488621 -0.2001765 -0.2835919 0.911387 -0.2982438 -0.08122801 0.8024598 -0.5911518 -0.1569893 0.9743584 -0.1611834 -0.9998225 -0.00173217 -0.01876384 -0.9936454 -0.05286198 -0.09937065 -0.9998217 -0.01662349 -0.008960843 -0.9961702 0.02168333 0.08470433 -0.09825021 -7.041e-4 0.9951615 -0.1053877 0.01583671 0.9943051 3.4659e-5 1 0 3.64769e-5 1 -8.81242e-6 0 1 -1.12108e-5 0 1 -4.56584e-7 0 1 3.35884e-5 0 1 -3.70328e-5 -1.08355e-6 1 -3.23296e-5 -3.45705e-5 1 -1.37801e-5 -3.75465e-5 1 -6.46591e-7 1.17447e-6 1 4.26749e-5 -0.1066961 0.01585352 -0.9941653 -0.1006556 0.002340018 -0.9949186 -0.9951618 -7.0654e-4 -0.09824711 -0.9943053 0.01583784 -0.1053855 0.0187788 -0.001733303 -0.9998222 0.09943133 -0.05286973 -0.9936389 0.00897634 -0.01662546 -0.9998215 -0.08473485 0.02168732 -0.9961676 0.9941653 0.01585948 -0.1066955 0.9949207 0.002335548 -0.1006346 0.09827059 -6.96746e-4 -0.9951595 0.1053849 0.01583385 -0.9943055 0.9998225 -0.00173372 0.01876449 0.9936446 -0.05287182 0.0993728 0.9998217 -0.01662576 0.008961796 0.99617 0.02168965 -0.08470487 0.1066796 0.01585042 0.9941671 0.1006163 0.002340734 0.9949225 0.9951605 -7.06546e-4 0.09826141 0.9943036 0.01584327 0.1054018 -0.0187605 -0.001733541 0.9998226 -0.09946614 -0.05286407 0.9936357 -0.00895816 -0.01662522 0.9998217 0.08475774 0.02168071 0.9961657 -0.9941659 0.01585376 0.1066906 -0.9949209 0.002333164 0.1006336 -0.9460275 0.009050488 0.3239601 -0.9956494 -0.002968609 0.09313219 -0.5072469 -0.01973712 0.8615748 -0.09125375 0.02560943 0.9954984 0.4456023 -0.02137631 0.8949759 0.7510712 0.01503425 0.6600502 0.9927467 -0.01478499 0.1193134 0.9965435 0.008276641 -0.08265912 0.7231074 -0.001166284 -0.6907346 0.6447551 0.002101421 -0.7643863 -0.07595372 0.005919635 -0.9970938 0.08964288 -0.001627326 -0.9959726 -0.6667815 -5.52407e-4 -0.7452531 -0.7930231 0.001085042 -0.6091907 -4.94707e-5 -1 0 0 -1 9.35217e-6 0 -1 -1.15706e-5 3.14756e-5 -1 0 -3.93083e-6 -1 0 0 -1 9.10946e-6 4.34837e-6 -1 4.27698e-5 3.65011e-5 -1 0 -6.21131e-6 -1 4.09934e-5 1.69957e-5 -1 0 0 -1 -5.38485e-5 0 -1 -2.696e-5 -3.92409e-5 -1 0 0.02751314 -0.9976026 -0.06349897 -0.02799528 -0.9977511 0.06090217 -0.02840232 -0.9982255 -0.0523377 0.04418867 -0.9970877 0.06215882 -0.6088667 -0.7319251 -0.3058875 -0.7261716 -0.6875133 -6.29749e-4 -0.582372 -0.7445795 -0.326258 -0.04268443 -0.6628065 -0.7475733 -0.2823147 -0.7538067 -0.5933582 0.3767048 -0.3766407 -0.8463068 0.8404645 -0.1427735 -0.5227191 0.6724206 -0.5956676 0.4393526 0.6230677 -0.7817912 -0.02427476 0.6865195 -0.71272 0.1439489 0.2508462 -0.7953787 0.5517689 -0.05774086 -0.5957881 0.8010634 -0.4634097 -0.3740727 0.8033189 -0.8922191 -0.1477513 0.4267491 -0.9996269 0.02436691 -0.01234507 -0.9438475 -0.02123534 -0.3296983 -0.3248947 0.02802324 0.945335 0.393812 -0.02266645 0.9189116 0.7284972 0.02603965 0.6845537 0.9777832 -0.02290952 0.2083632 0.9945272 0.008404135 -0.1041398 0.6040555 0.009649157 -0.7968839 -0.3663521 0.02330338 -0.9301845 -0.3107324 -0.004298508 -0.9504877 0 0.9999995 -0.001061379 0 1 -7.38477e-5 0 1 1.95021e-6 0 1 2.56974e-5 0 1 -2.25664e-5 0 1 -1.22287e-5 0 1 2.00255e-5 -0.1595295 2.76229e-4 0.9871932 -0.1464563 -2.34167e-4 0.9892172 0.5854133 1.99744e-4 0.8107351 0.5948019 -1.66335e-4 0.8038724 0.9754413 1.86818e-4 0.2202594 0.9781365 -2.57479e-4 0.2079639 0.7976112 2.94252e-4 -0.603172 0.7890336 -2.94214e-4 -0.61435 0.03003293 2.72741e-4 -0.9995489 0.01651716 -2.40925e-4 -0.9998636 -0.6865035 2.1104e-4 -0.7271265 -0.6952562 -1.72251e-4 -0.718762 -0.9907065 1.56245e-4 -0.136017 -0.9921537 -1.56292e-4 -0.1250253 -0.8455042 1.8682e-4 0.533969 -0.8387128 -2.57471e-4 0.544574 0.02672564 -0.999623 0.006319522 -1.43038e-4 -1 2.79161e-5 0.02702832 -0.9996188 0.005646586 0.011904 -0.9998939 0.008409202 0.004528164 -0.9998784 0.01492524 0.002782166 -0.9997913 0.02024054 -0.008600771 -0.9998889 0.0121805 1.4331e-4 -0.9999426 0.01072257 0.002322316 -0.9999973 -3.96492e-4 0.003385186 -0.9999931 0.001607358 -0.01263171 -0.999795 -0.01582735 -0.01076602 -0.9995912 -0.02648687 -0.01125377 -0.9993856 -0.03319573 -0.008405029 -0.9994282 -0.0327537 -4.56715e-5 -1 9.23184e-5 0.5907161 -0.5759711 -0.5650768 0.9094645 -0.4072568 -0.08376282 0.8247815 -0.4944989 0.2742381 0.5908314 -0.4628769 0.660805 0.06861925 -0.4275444 0.9013862 -0.2672851 -0.5726804 0.7749813 -0.6203284 -0.598608 0.5068148 -0.672923 -0.725965 0.1419492 -0.943623 -0.3272591 0.04977291 -0.7694918 -0.5461074 -0.331133 -0.6696172 -0.2993585 -0.6797038 -0.2819335 -0.6258695 -0.7271871 0.0232343 -0.4823567 -0.8756667 0.6089324 -0.2963183 -0.7357968 -0.9138202 0.07894647 -0.3983718 -0.3335171 0.09628248 -0.9378145 0.117493 -0.02497941 -0.9927595 0.5116853 0.1378082 -0.8480491 0.927514 0.07403087 -0.3663841 0.9051122 0.06094795 0.4207818 0.6212562 -0.02673369 0.7831515 0.2384737 0.1395621 0.9610685 -0.4141892 0.06463038 0.9078933 -0.786974 0.007423162 0.6169416 -0.9610675 0.1395592 0.2384797 -0.8083726 0.5664287 -0.1602879 -0.471774 0.5696349 -0.6730123 0.1739177 0.6127897 -0.7708706 0.6795893 0.5640349 -0.469066 0.8151294 0.5532628 0.1716521 0.4388554 0.6197413 0.6506356 -0.1783565 0.5554755 0.8121798 -0.650645 0.619734 0.4388518 0.600545 0.7949013 -0.08647429 0.1611809 0.9743684 -0.15693 0.2768927 0.9147013 -0.2943672 0.200169 0.8488742 -0.4892289 0.4892327 0.8488699 0.2001787 0.2835949 0.911387 0.2982409 0.08122438 0.8024504 0.5911649 0.1569829 0.9743589 0.1611869 -0.200173 0.8488672 0.4892395 -0.2982395 0.9113889 0.2835907 -0.5911437 0.8024608 0.08127576 -0.16121 0.9743578 0.1569658 -0.4892472 0.848863 -0.2001723 -0.2835888 0.9113885 -0.2982422 -0.08127313 0.8024645 -0.5911392 -0.1569418 0.9743709 -0.1611546 -0.9998224 -0.001729011 -0.01876538 -0.9936458 -0.05285751 -0.09936952 -0.9998217 -0.01662021 -0.008962154 -0.9961706 0.02168488 0.08469992 -0.09824538 -7.09774e-4 0.995162 -0.1053883 0.01583313 0.9943052 3.46593e-5 1 0 3.64765e-5 1 -1.11559e-5 0 1 0 0 1 -3.31644e-6 0 1 3.44495e-5 0 1 -3.27267e-5 -1.08417e-6 1 -3.75021e-5 -3.457e-5 1 -1.37801e-5 -3.75478e-5 1 1.13154e-6 1.17384e-6 1 4.00887e-5 -0.1066892 0.0158497 -0.9941661 -0.1006374 0.002334296 -0.9949204 -0.9951617 -7.01647e-4 -0.09824901 -0.9943054 0.01583617 -0.1053854 0.0187667 -0.001733005 -0.9998224 0.09938365 -0.05286872 -0.9936437 0.008964955 -0.01662522 -0.9998217 -0.08471035 0.02168762 -0.9961696 0.9941651 0.01586091 -0.1066977 0.9949205 0.002336025 -0.1006372 0.09825605 -7.0334e-4 -0.995161 0.1053865 0.01582992 -0.9943054 0.9998225 -0.00173372 0.01876431 0.9936451 -0.05286538 0.09937167 0.9998217 -0.01662564 0.008961915 0.9961703 0.02168333 -0.08470356 0.1066796 0.01584315 0.9941673 0.1006308 0.002340376 0.9949212 0.9951602 -7.02859e-4 0.09826409 0.9943034 0.01584541 0.1054041 -0.01876008 -0.001733779 0.9998226 -0.0993936 -0.05285739 0.9936433 -0.008956015 -0.01662504 0.9998217 0.08468735 0.02167469 0.9961719 -0.9941658 0.01585417 0.1066912 -0.994921 0.002335309 0.1006322 0.1682181 0.003831565 0.9857425 0.1146835 0.007752835 0.9933719 -0.5811918 -0.008595407 0.8137212 -0.6657613 0.004074454 0.7461537 -0.9907844 -0.005222618 0.1353484 -0.9971805 0.002667546 0.07499283 0.9392332 0.01856011 0.3427777 0.774309 -3.52353e-4 0.6328077 0.9998205 -0.002891123 -0.01872771 0.5587686 -0.03660899 -0.8285153 0.7529843 0.001729965 -0.6580362 -0.2170805 -0.03405678 -0.9755594 -0.01075166 -0.003097772 -0.9999374 -0.7491557 0.003042161 -0.662387 -0.7755011 -0.002649903 -0.6313408 -2.17578e-5 -1 0 1.57724e-5 -1 0 -2.446e-5 -1 0 -1.46281e-5 -1 4.05321e-5 0 -1 5.77022e-5 6.20944e-6 -1 0 -1.69986e-5 -1 0 0 -1 -3.62582e-5 0 -1 5.37997e-6 0 -1 -2.38168e-5 -2.10046e-5 -1 0 4.02381e-5 -1 0 0 -1 1.65461e-5 0 -1 6.13403e-5 0 -1 -2.16246e-5 -3.26203e-5 -1 4.05218e-5 -1.31639e-5 -1 0 0 -1 -1.85345e-6 -4.50658e-5 -1 -1.90431e-5 4.65508e-4 -0.9999999 4.05786e-5 -3.36252e-5 -0.9999997 -8.86543e-4 -1.31274e-4 -0.999994 -0.003454327 4.00243e-4 -0.9999982 0.001881182 -0.6221421 -0.7253159 0.2947136 -0.7017009 -0.6535248 0.2837628 -0.6210798 -0.7743595 -0.1209434 -0.5868272 -0.6899568 -0.4237848 -0.3585087 -0.7517458 -0.5534888 0.1173496 -0.6912904 -0.7129845 -0.0312258 -0.7026341 -0.7108659 0.5244834 -0.743156 -0.4154953 0.651139 -0.7076327 -0.2743614 0.6456578 -0.7254361 0.2384712 0.615207 -0.7431898 0.2630389 0.01156514 -0.6470158 0.7623889 0.2773309 -0.7519614 0.5980315 -0.3049067 -0.7994735 0.5175656 -0.9201601 -0.001937925 0.3915377 -0.942384 0.004490733 0.3345034 -0.9691789 -0.006143093 -0.2462815 -0.8913407 0.01314908 -0.4531434 -0.6156334 -0.008041858 -0.7879918 -0.1101765 0.007317602 -0.9938851 0.03976446 -0.001927018 -0.9992073 0.7961068 -0.00765109 -0.6051079 0.6948137 0.001664221 -0.7191878 0.9946503 0.007880091 -0.1029993 0.9363646 -0.01405447 0.3507475 0.8363581 0.006614327 0.5481436 0.2918168 -0.005820155 0.9564566 0.2263194 0.002738595 0.9740494 -0.4702531 -0.002588152 0.8825279 -0.5076002 0.002156078 0.86159 0.00711286 -0.9999737 0.001479089 0.01103866 -0.9998936 0.009538292 0.007820904 -0.9999096 0.01093369 0.001689553 -0.999684 0.02508181 -0.003715276 -0.9997423 0.02239441 -0.01562917 -0.9995441 0.02583706 -0.01916098 -0.9997006 0.01521772 -0.01145768 -0.9997242 0.02050507 -0.01421177 -0.9998991 1.02263e-4 -0.00927174 -0.9999448 0.004941284 -8.69058e-4 -0.9999989 -0.001222789 -0.001116037 -0.9999986 0.001256823 0.00922805 -0.9999565 -0.001412332 0.005343437 -0.9998973 -0.01330256 0.01161694 -0.9998882 -0.009421169 0.007859706 -0.9999634 -0.003408312 0.9518909 -0.006187736 0.3063747 0.9828141 -0.1797742 0.04192513 0.8641541 0.500311 0.05409908 0.7300879 0.663902 -0.1618819 0.6586998 0.7035917 0.2665961 0.6690132 -0.6580573 -0.345517 0.7423574 -0.6691365 -0.03408646 0.4495918 -0.6363356 -0.6268527 0.1908823 -0.5706815 -0.7986781 -0.07079106 -0.8635566 -0.4992582 -0.1840796 -0.4930483 -0.8503047 -0.4390748 -0.598131 -0.6704124 -0.4653343 -0.8257229 -0.3188194 -0.153992 0.6808545 0.7160472 -0.4676565 0.4856092 0.7385669 -0.3331113 -0.007514059 0.9428576 -0.7224437 -0.5397698 -0.4321154 -0.7626266 -0.6291851 -0.1500898 -0.8994477 0.02618551 -0.4362433 -0.9846759 0.1281227 -0.1183139 -0.9766372 -0.1460523 0.1576349 -0.7149253 0.6957218 0.06966406 -0.6652475 0.6777346 0.3132435 -0.8854416 -0.127731 0.4468535 -0.5236108 0.6896697 0.5001875 -0.7610147 -0.6012553 0.2436159 -0.683322 -0.1364298 0.7172573 -0.6203339 -0.5701553 0.5386176 -0.3277136 -0.6308848 0.7032697 -0.03845596 -0.5710588 0.8200079 0.2309532 -0.6078442 0.7597276 0.5432018 -0.6399984 0.5434463 0.7597575 -0.5048978 0.4096912 -0.6439907 0.7196834 -0.2594837 -0.6905076 -0.004933536 -0.7233083 -0.5505023 0.6941893 -0.4637333 -0.4532518 0.2796208 -0.8463895 -0.1538718 0.2178431 -0.963778 0.1163868 0.2403462 -0.9636845 -0.1465255 0.8213496 -0.5512852 0.5163909 -0.1209262 -0.847772 0.9519813 -0.1773236 -0.2495755 0.776562 -0.1752737 -0.60517 0.735732 0.4052779 -0.5426309 0.4161866 0.6584731 -0.6270582 0.1961416 0.7284546 -0.6564164 0.5350598 0.7936074 -0.2896524 0.668693 -0.02238148 0.7432017 -0.01184129 -0.02221238 0.9996832 0.3727518 0.1329808 0.9183531 0.6584538 0.6031132 0.4502146 0.1070175 0.6995257 0.7065487 0.370149 0.7389435 0.5629853 0.1977658 0.962026 -0.1881347 0.06321024 0.9904608 0.1224411 0.07178801 0.9949985 -0.06945872 0.2077602 0.9577901 0.1986798 0.1227201 0.9906246 0.06002295 -0.05256265 0.9961589 0.07003343 -0.09428238 0.9944249 -0.04722243 -0.1963003 0.9566259 0.2152514 -0.06151616 0.9908159 0.1204151 -0.1262902 0.9901069 0.06114834 0.04407602 0.9950416 0.0891605 -0.1017699 0.994049 0.0388506 -0.2045223 0.9584691 -0.1987652 -0.1169309 0.9766812 -0.1800588 -0.1163905 0.9914013 -0.05980718 0.05885714 0.9951795 -0.0784443 0.08748096 0.9944383 0.05864775 0.06088447 0.9896174 -0.1301949 0.1629555 0.9822785 -0.09259933 -0.04138153 0.996353 -0.07462137 -0.9997458 0.01386398 -0.01778537 -0.9952163 0.0324915 0.09213423 -0.0226354 -0.01564735 0.9996214 -0.01700854 -0.009879827 0.9998066 1.80934e-5 1 0 2.09631e-5 1 -9.28358e-6 1.08265e-5 1 -1.55771e-5 3.97841e-6 1 0 0 1 2.45783e-6 0 1 5.31782e-6 0 1 1.20971e-5 0 1 2.21875e-5 3.97816e-6 1 -1.89632e-5 -7.37202e-7 1 -2.57508e-5 -2.34955e-5 1 -1.16824e-5 -1.49639e-5 1 -1.2601e-5 -2.16176e-5 1 -1.98075e-7 6.16964e-7 1 1.59159e-5 -0.03055822 -0.004951357 -0.9995208 -0.03987735 0.00835067 -0.9991698 -0.7672287 -0.04542577 -0.6397629 -0.7130212 0.003694295 -0.7011328 -0.7369864 -0.0114122 -0.6758112 -0.6725241 0.03847414 -0.7390745 -0.9998553 5.60677e-4 -0.01701003 -0.9989547 0.02650105 -0.03724741 -0.1009588 -2.88171e-4 -0.9948906 -0.0340808 0.007753551 -0.9993891 0.9988576 0.02619063 -0.03997027 0.999715 0.00412172 -0.02351444 0.7369905 -0.01140892 -0.6758068 0.6724998 0.03853809 -0.7390933 0.7137233 0.00322473 -0.7004204 0.7672175 -0.0454061 -0.6397778 0.03440386 -0.001009166 -0.9994075 0.03178644 -0.004874646 -0.9994829 0.9998663 0.01255822 0.01047104 0.9954339 0.02510297 -0.09209376 0.05209201 0.04582297 0.9975905 0.02351045 0.009115755 0.9996821 0.7276359 -0.008330345 0.685913 0.8418428 0.08692836 0.5326763 0.7736221 0.02100324 0.6332991 0.6385784 -0.07867848 0.7655243 0.9995228 0.0212481 -0.02242392 0.9988903 -0.03218966 0.0343787 -0.009643971 0.01941859 0.9997649 0.09209227 0.03185898 0.9952407 -0.9992782 0.008771061 0.03696358 -0.9991208 0.01296311 0.0398702 -0.6402088 0.006102979 0.7681767 -0.643051 0.004313111 0.7658113 -0.6383934 0.008699476 0.7696612 -0.6459929 0.01044958 0.763272 0.9215157 -0.007550656 -0.3882678 0.9946491 0.009020984 0.1029174 0.9268512 -0.009783267 0.3753016 0.6511047 0.006844758 0.7589571 0.3361478 -0.008269011 0.941773 0.03671431 0.00633645 0.9993058 -0.3463101 -0.006311953 0.9380989 -0.8239216 -0.003170013 0.5666949 -0.6559868 0.008269906 0.7547272 -0.9998052 0.006147742 0.01876276 -0.9997601 -0.001975595 -0.02181792 -0.729479 -0.003013432 -0.6839967 -0.0425347 0.006150484 -0.9990761 -0.08456003 -0.002029418 -0.9964163 0.5126336 -0.003216564 -0.8586016 0.7280485 0.009237587 -0.6854634 -0.7289831 0.002012729 -0.6845288 -5.9165e-7 0 1 -0.9929115 0.07297009 0.09381997 -0.9993256 0.03671985 0 1.41098e-6 0 -1 -8.99015e-7 0 -1 1.10379e-6 0 -1 1 2.01197e-6 0 1 -5.96046e-7 0 -0.9724159 0.2143941 0.09188342 -0.9939786 0.1095744 0 -1.65569e-6 0 1 3.59606e-6 0 1 -3.0826e-6 0 1 1 -4.05474e-7 0 0 -1 -1.47172e-5 0 -1 1.47172e-5 0 -1 2.60777e-6 0 -1 4.12089e-6 0 -1 1.28168e-6 0 -1 -2.52616e-6 0 -1 -4.12089e-6 1 -4.05473e-7 0 0 1 -8.54427e-6 0 1 4.27213e-6 -0.9724158 0.2143948 0.09188365 -0.9939787 0.1095741 0 0.2570404 -0.5759512 0.7760222 -0.355579 -0.118488 0.9271054 0.3555852 0.3543969 0.864848 -0.2717741 0.7486677 0.6046782 0.09896355 0.9664357 0.2370833 -0.2299301 0.9637961 -0.1350159 0.119875 0.8370184 -0.5338823 -0.05552262 0.59133 -0.8045161 0.171987 0.2398523 -0.9554535 -0.177886 -0.1655078 -0.9700329 0.3844093 -0.5694045 -0.7266417 -0.2570306 -0.8867993 -0.3840863 0.1773065 -0.9831019 0.04553008 -0.1772994 -0.8741542 0.4521277 0.2570402 -0.5759527 0.7760213 -0.3555787 -0.1184892 0.9271053 0.3555857 0.3543952 0.8648486 -0.271772 0.748667 0.6046799 0.0989654 0.9664364 0.2370792 -0.2299301 0.963796 -0.1350168 0.1198745 0.837019 -0.5338815 -0.05552256 0.5913311 -0.8045153 0.1719874 0.2398532 -0.9554532 -0.1778836 -0.1655074 -0.9700335 0.384411 -0.5694062 -0.7266393 -0.2570295 -0.8868 -0.3840855 0.1773072 -0.9831019 0.04553014 -0.1772978 -0.8741553 0.4521263 0.009053111 -0.5794141 0.8149832 -0.009025037 -0.416118 0.9092659 0.01527112 0.2897799 0.9569716 -0.03241109 0.5092769 0.8599923 0.02482187 0.967114 0.2531294 -0.06016427 0.9981177 0.01189154 0.1208228 0.6345664 -0.7633658 -0.1467473 0.8732255 -0.4646961 -0.2610837 0.1958165 -0.9452467 0.2610921 -0.1958171 -0.9452442 -0.1207683 -0.6345692 -0.7633721 0.1467794 -0.8732187 -0.4646989 0.0672692 -0.9977232 -0.004838228 -0.01526105 -0.9736588 0.2274989 0.009053111 -0.5794141 0.8149831 -0.009025037 -0.416118 0.9092658 0.01527136 0.2897812 0.9569711 -0.03241068 0.5092783 0.8599914 0.02482157 0.9671141 0.2531289 -0.06016474 0.9981177 0.01189064 0.1208229 0.6345661 -0.7633661 -0.1467463 0.8732265 -0.4646946 -0.2610837 0.1958165 -0.9452467 0.2610918 -0.195817 -0.9452443 -0.1207681 -0.6345682 -0.763373 0.1467801 -0.8732182 -0.4646997 0.06726926 -0.9977232 -0.004838526 -0.01526099 -0.9736589 0.2274985 0.0602976 -0.4744995 0.8781881 -0.1298026 -0.1882739 0.9735011 0.0758273 0.3451001 0.9354979 0.1425631 0.4649844 0.8737651 -0.3056435 0.781576 0.5438023 0.1032208 0.9827365 0.1535406 -0.2697007 0.926275 -0.2632037 0.02641731 0.6297643 -0.776337 0.06883734 0.73557 -0.6739423 -0.1108604 0.1510596 -0.9822887 0.1108514 -0.1510534 -0.9822907 -0.0600813 -0.6229268 -0.7799695 -0.0688315 -0.735554 -0.6739603 0.01374143 -0.9795807 -0.2005811 0.01184862 -0.9950162 -0.09900671 0.008014559 -0.9018856 0.4319007 0.00842601 -0.8222764 0.5690261 0.06029754 -0.4744997 0.8781881 -0.1298028 -0.1882739 0.9735011 0.07582592 0.3450995 0.9354982 0.1425622 0.4649832 0.8737658 -0.3056449 0.7815772 0.5437999 0.10322 0.9827366 0.1535398 -0.2697007 0.926275 -0.2632038 0.02641814 0.6297654 -0.776336 0.06883794 0.7355705 -0.6739417 -0.1108603 0.1510592 -0.9822887 0.1108514 -0.151054 -0.9822906 -0.06008046 -0.6229247 -0.7799713 -0.06883084 -0.7355521 -0.6739624 0.01374131 -0.9795808 -0.2005806 0.0118485 -0.9950163 -0.09900623 0.008014559 -0.9018859 0.4318999 0.00842607 -0.8222771 0.569025 0.01390337 -0.3554241 0.9346017 -0.001882314 -0.1994399 0.9799082 -0.006894886 0.335877 0.9418807 0.006913185 0.4285943 0.9034706 0.007988512 0.8250381 0.5650207 -0.008023619 0.9019092 0.4318513 -0.006903827 0.9967209 -0.08062106 0.006922543 0.9836291 -0.1800727 0.001938343 0.7489755 -0.6625949 -0.01377683 0.631825 -0.7749887 0.007793664 0.08554679 -0.9963037 -0.007733881 -0.0855484 -0.996304 0.01376748 -0.6318246 -0.7749891 -0.001957714 -0.7489762 -0.6625941 -0.006925821 -0.9836293 -0.1800708 0.006903886 -0.9967211 -0.08061951 0.001942813 -0.8949484 0.4461653 -0.01377803 -0.8108831 0.5850459 0.0139032 -0.3554258 0.9346011 -0.001882433 -0.1994411 0.979908 -0.006894886 0.3358774 0.9418806 0.006913185 0.4285947 0.9034705 0.007988214 0.8250382 0.5650206 -0.008023798 0.9019092 0.4318514 -0.006903767 0.996721 -0.08062064 0.006922602 0.9836291 -0.1800723 0.001937925 0.7489761 -0.6625942 -0.01377713 0.6318259 -0.7749879 0.007793545 0.08554637 -0.9963038 -0.007733941 -0.08554869 -0.996304 0.0137673 -0.6318246 -0.7749892 -0.001957833 -0.7489763 -0.662594 -0.006925821 -0.9836293 -0.1800708 0.006904006 -0.9967211 -0.08061945 0.001942873 -0.8949483 0.4461658 -0.01377797 -0.8108832 0.585046 0 -0.7071094 -0.7071042 0 -0.7071059 -0.7071077 0 -0.7071058 -0.7071078 0 0.7071031 -0.7071105 0 0.7071034 -0.7071102 0 0.7071081 0.7071055 0 0.7071081 0.7071055 0 0.7071089 0.7071048 0 0.7071089 0.7071048 0 0.7071068 0.7071067 0 0.7071067 0.7071068 0 -0.707107 -0.7071066 0 -0.7071069 -0.7071067 1 0 0 1 0 0 1 0 0 1 1.22608e-7 0 1 -1.68898e-7 0 1 0 0 1 0 0 1 0 0 1 -1.19796e-7 0 1 0 0 1 2.02673e-7 0 1 0 0 1 0 0 1 -1.81471e-7 0 1 -4.09053e-7 0 1 0 0 1 0 0 1 0 0 1 1.25108e-7 0 1 0 0 1 0 0 1 0 0 1 0 0 1 0 0 1 -2.53619e-7 0 1 2.55914e-7 0 -1 -3.14974e-7 0 -1 2.08646e-6 0 -1 1.074e-6 0 -1 -5.13322e-7 0 -1 5.73521e-7 0 -1 -6.10694e-7 0 -1 -7.47673e-7 0 -1 8.88213e-7 0 -1 -3.33442e-7 0 -1 5.27877e-7 0 -1 -2.17207e-7 0 -1 2.48996e-7 0 -1 4.05551e-7 0 -1 4.32724e-7 0 -1 -2.62473e-6 0 -1 -2.74118e-7 0 -1 -4.84152e-7 0 -1 1.08805e-6 0 -1 -8.61593e-7 0 -1 1.83834e-6 0 -1 -6.16371e-7 0 -1 1.51115e-7 0 -1 3.53155e-7 0 -1 1.12052e-6 0 0 0.7071093 0.7071043 0 0.7071093 0.7071043 0 0.7071071 0.7071065 0 0.7071071 0.7071065 0 -0.7071052 0.7071084 0 -0.7071049 0.7071086 0 -0.7071071 -0.7071065 0 -0.7071071 -0.7071065 0 -0.7071091 -0.7071045 0 -0.7071092 -0.7071044 0 -0.7071068 -0.7071067 0 -0.7071067 -0.7071069 0 1 4.84455e-6 0 1 -9.81934e-6 0 0.707107 0.7071066 -1 1.57487e-7 0 -1 0 0 -1 -1.37975e-7 0 -1 1.27207e-7 0 -1 0 0 -1 0 0 -1 0 0 -1 0 0 -1 0 0 -1 0 0 -1 0 0 -1 0 0 -1 0 0 -1 0 0 -1 0 0 -1 0 0 -1 2.22053e-7 0 -1 0 0 -1 0 0 -1 0 0 -1 0 0 -1 0 0 -1 0 0 -1 0 0 -1 0 0 -1 0 0 -1 1.21038e-7 0 -1 -1.36007e-7 0 -1 0 0 -1 0 0 -1 0 0 -1 4.42738e-7 0 -1 0 0 -1 0 0 -1 0 0 -1 0 0 -1 0 0 -1 0 0 -1 0 0 1 -1.27818e-6 0 1 8.44709e-7 0 1 -3.73128e-7 0 1 4.35482e-7 0 1 -4.3662e-7 0 1 -5.83316e-7 0 1 3.86116e-7 0 1 -4.04123e-7 0 1 1.72535e-7 0 1 -5.34641e-7 0 1 -2.10317e-7 0 1 -1.45876e-6 0 1 1.63621e-6 0 1 -4.22051e-7 0 1 -1.7792e-7 0 1 0 0 1 -8.23517e-7 0 1 1.29154e-7 0 1 4.07977e-7 0 1 -2.67495e-7 0 1 4.10155e-7 0 1 0 0 1 -6.38811e-7 0 1 2.65747e-7 0 1 0 0 1 -2.07674e-7 0 5.9165e-7 0 -1 0.9929121 0.07296782 -0.09381574 0.9993256 0.03671926 0 2.82198e-6 0 1 -2.69705e-6 0 1 2.20758e-6 0 1 -1 -5.02993e-7 0 -1 0 0 0.9724179 0.2143865 -0.09187978 0.993979 0.1095706 0 -5.51895e-7 0 -1 -1.5413e-6 0 -1 1.10379e-6 0 1 0 -1 -3.78048e-6 0 -1 -2.06045e-6 0 -1 1.28168e-6 0 -1 4.1209e-6 0 -1 7.56096e-6 -1 0 0 0.9724177 0.2143871 -0.09188002 0.9939791 0.1095702 0 -0.03034496 0.09392023 0.9951172 0.02235007 -0.07729905 0.9967575 0.02778935 0.8013476 0.5975532 -0.03640586 0.9072664 0.4189777 0.03243374 0.9573909 -0.2869682 -0.03983384 0.8284079 -0.5587071 0.03983634 0.3252685 -0.9447823 -0.01952016 0.06293702 -0.9978266 0.03081083 -0.6040093 -0.7963815 -0.01424032 -0.5807877 -0.8139306 -0.01894551 -0.9690213 -0.2462494 0.009916782 -0.9934772 -0.1135993 -0.02421963 -0.8035807 0.594703 0.009278059 -0.8281322 0.5604562 -0.0303452 0.09391832 0.9951174 0.0223509 -0.0772975 0.9967576 0.02778935 0.8013476 0.5975532 -0.03640586 0.9072664 0.4189777 0.03243374 0.9573909 -0.2869682 -0.03983384 0.828408 -0.5587071 -0.01952016 0.06293714 -0.9978266 0.03081083 -0.6040093 -0.7963816 -0.01424032 -0.5807878 -0.8139305 -0.01894551 -0.9690213 -0.2462494 0.009916782 -0.9934772 -0.1135995 -0.02421939 -0.8035811 0.5947026 0.009279191 -0.8281308 0.5604582 -0.02235156 -0.6501617 0.7594671 0.03194206 0.1666283 0.9855023 -0.009280383 0.189279 0.9818795 -0.01001143 0.7672795 0.6412349 0.03681218 0.9285159 0.3694636 -0.02972531 0.9994699 -0.0132752 0.02972555 0.8722041 -0.488238 -0.03681355 0.6193898 -0.7842201 0.0100106 0.3438599 -0.9389676 -0.03194421 -0.3484544 -0.9367813 0.009279727 -0.3270202 -0.9449719 0.02235168 -0.9427905 -0.3326358 -0.03034532 -0.9855186 -0.1668301 0.03034603 -0.7700625 0.6372463 -0.02235156 -0.6501618 0.7594671 0.03194206 0.1666283 0.9855023 -0.009280383 0.1892791 0.9818795 -0.01001143 0.7672796 0.6412347 0.03681218 0.9285157 0.3694637 -0.02972525 0.9994699 -0.01327526 0.02972555 0.8722041 -0.488238 -0.03681355 0.6193898 -0.78422 0.0100106 0.34386 -0.9389676 -0.03194421 -0.3484544 -0.9367813 0.009279727 -0.3270203 -0.9449719 0.02235168 -0.9427905 -0.3326357 -0.03034532 -0.9855186 -0.1668301 0.03034609 -0.7700625 0.6372464 0 1 -2.29553e-7 1 3.53225e-7 0 1 -1.09618e-6 0 1 -3.27493e-7 0 1 5.04285e-7 0 1 1.39075e-7 0 1 1.65545e-7 0 1 -1.72407e-7 0 1 1.39456e-6 0 1 -1.08471e-6 0 1 0 0 1 -1.03619e-6 0 1 1.48509e-7 0 1 -1.26575e-7 0 1 9.97152e-7 0 -1 -4.39642e-7 0 -1 4.64238e-7 0 -1 -8.24031e-7 0 -1 -3.27316e-7 0 -1 1.79163e-7 0 -1 -3.6434e-7 0 -1 4.44438e-7 0 -1 9.67784e-7 0 -1 2.71204e-7 0 0 0.7071068 0.7071068 -1 0 0 -1 -2.28846e-7 0 -1 0 0 -1 0 0 -1 0 0 -1 0 0 -1 0 0 -1 0 0 -1 0 0 -1 -4.12014e-7 0 -1 0 0 -1 -1.66391e-7 0 -1 0 0 -1 0 0 -1 0 0 -1 0 0 -1 0 0 -1 0 0 -1 0 0 0 -0.8079578 -0.5892406 0 -0.8079577 -0.5892406 1 -1.20986e-7 0 1 0 0 1 0 0 1 0 0 1 0 0 1 1.78441e-7 0 1 0 0 1 0 0 1 0 0 1 -3.98906e-7 0 1 0 0 1 0 0 1 0 0 1 0 0 1 0 0 1 0 0 0 -0.7071067 -0.707107 0 -0.7071067 -0.707107 0 -1 3.6789e-5 0 -1 6.73706e-7 0 -1 5.87759e-7 0 -1 -8.4486e-7 0 -1 -2.77309e-6 0 -1 -3.42791e-7 0 -1 4.32009e-6 0 -1 2.17654e-6 0 -1 -4.21957e-6 0 0.8541986 -0.5199469 -1 0 0 -1 -2.05535e-7 0 -0.9850956 0.008106827 -0.1718165 -0.9914374 -0.005172908 -0.1304808 -0.9682688 0.004544496 0.2498697 -0.9634796 -0.004544615 0.2677432 -0.793369 0.005172729 0.6087191 -0.7672083 -0.008106887 0.6413469 -0.4052653 0.009225547 0.9141526 -0.3598364 -0.009225606 0.9329698 0.1061064 0.009225606 0.994312 0.1548571 -0.009225606 0.9878938 0.5890451 0.009225547 0.8080475 0.6136614 0.002613663 0.789565 0.9111662 0.01971596 0.411567 0.8646122 -0.001947402 0.5024361 0.995332 -0.02036231 0.09433901 0.9938381 0.02605903 -0.1077353 0.9145566 -0.02605956 -0.4036176 0.8148148 0.02036219 -0.5793637 0.5833068 -0.01971566 -0.8120126 0.497558 0.001947522 -0.8674286 0.1366617 -0.002613365 -0.9906144 0.1061018 -0.009225249 -0.9943125 -0.3598394 0.009225845 -0.9329687 -0.4052687 -0.009225487 -0.9141512 -0.7781139 0.009225845 -0.6280557 -0.8080478 -0.009225606 -0.5890446 0 0.8541985 -0.5199472 0 1 -6.64456e-7 0 1 -8.9172e-7 0 1 -7.87258e-7 0 1 -1.05448e-6 0 1 -1.16941e-6 0 1 1.13666e-6 0 1 -1.51961e-6 0 1 -6.96181e-7 0 1 -1.91611e-6 0 -0.7966417 0.6044518 0 -0.7966418 0.6044517 0 -0.7966415 0.6044522 0 -0.7966418 0.6044517 0 -1 0 0.02976709 0.9635382 -0.26591 -0.008604645 0.9957731 -0.09144389 0.02901852 0.8169618 0.5759613 -0.009139358 0.8550297 0.5184986 -0.02159184 0.3398478 0.9402326 0.03777289 0.06031578 0.9974645 -0.03021019 -0.4128835 0.9102827 0.0301401 -0.6742712 0.7378686 -0.02545082 -0.9276744 0.3725219 0.0205124 -0.986974 0.1595671 -0.02359282 -0.9511172 -0.3079279 0.02217179 -0.8705369 -0.4916035 -0.0221737 -0.4916071 -0.8705348 0.0283429 -0.2914152 -0.9561767 -0.02266365 0.1564882 -0.9874199 0.03183323 0.4684022 -0.8829417 -0.02300345 0.7283349 -0.6848352 -0.01483178 0.9515111 0.3072568 0.02182888 0.9814404 0.1905214 -0.02213501 0.9310041 -0.3643372 0.04157513 0.7748852 -0.6307334 -0.03749072 0.3933413 -0.9186279 0.04436498 -0.03871417 -0.998265 -0.03888446 -0.449227 -0.892571 0.03533756 -0.8023896 -0.5957536 -0.03013944 -0.9528685 -0.301883 0.02545082 -0.9896504 0.1412248 -0.02545028 -0.9276746 0.3725214 0.03014045 -0.6742709 0.7378688 -0.03533583 -0.3970062 0.9171355 0.02712249 0.01558047 0.9995107 -0.03307825 0.4569629 0.8888706 0.01578921 0.6358507 0.7716507 0.003182351 0.9977629 0.06677812 -0.01205992 0.9922724 0.1234911 0.009376168 0.6482255 0.7613908 -0.01533597 0.5881246 0.8086251 0.01801872 0.03919672 0.9990691 -0.03038454 -0.1812376 0.9829698 0.02126085 -0.5884845 0.808229 -0.03647172 -0.8838841 0.466282 0.01592725 -0.9642058 0.2646768 -0.0111593 -0.9042938 -0.426765 0.008494555 -0.8673032 -0.4977077 0.004131972 -0.1738089 -0.9847707 -0.009311735 -0.2330009 -0.972432 -0.0142976 0.6555536 -0.7550134 0.009313523 0.6879848 -0.7256653 -0.02308124 0.9920973 0.1233299 0.0155071 0.9994723 -0.02854114 -0.01323616 0.6627713 -0.748705 0.01008224 0.6713977 -0.7410287 0.02755767 -0.157805 -0.9870857 -0.01567798 -0.06988 -0.9974322 -0.01922959 -0.6841297 -0.7291069 0.03588116 -0.8734747 -0.4855455 -0.02266341 -0.9874188 -0.1564942 0.03118646 -0.9491987 0.3131284 -0.0232414 -0.8604397 0.509022 0.0323047 -0.3295697 0.9435784 -0.01346987 -0.1740277 0.9846487 0.03363096 0.6184245 0.7851243 -0.01644742 0.5769473 0.8166158 0 0.7071061 -0.7071076 0 0.7071071 -0.7071065 -1.70909e-6 0 1 -1 0 0 -1 0 0 -1 2.83298e-7 0 -1 0 0 -1 0 0 -1 4.08889e-7 0 -1 0 0 -1 0 0 -1 0 0 -1 0 0 -1 0 0 -1 0 0 1 8.46233e-7 0 1 0 0 1 1.95209e-6 0 1 -6.29693e-7 0 1 -1.59514e-7 0 1 -2.16181e-7 0 1 -4.58036e-7 0 1 3.17281e-7 0 1 0 0 1 0 0 1 -1.01322e-6 0 1 1.60824e-6 0 1 4.25747e-7 0 0 -1 4.37397e-6 0 -1 -2.04885e-6 0 -1 -9.94456e-7 0.006113946 -0.9999814 0 0.002678632 -0.9999962 7.72809e-4 0 -1 9.90351e-7 3.6124e-4 -0.9999995 -9.18674e-4 0 -1 -1.30263e-6 0.004641413 -0.9999893 8.57579e-5 0.001043975 -0.9999995 -1.4565e-4 0.001766264 -0.9999985 2.95745e-4 -3.57879e-4 -1 -3.24481e-4 -6.53582e-6 -0.9999992 -0.001340687 0.003506243 -0.9999938 5.70683e-4 -0.002232968 -0.9999975 -1.15521e-4 -6.66993e-4 -0.9999986 -0.001554965 4.17174e-4 -0.9999933 -0.003635704 0 -1 0 0 -1 -4.2709e-6 -0.001028478 -0.9999987 -0.001312077 -0.002851545 -0.999996 2.63146e-4 -4.0099e-5 -1 7.82926e-5 0 -1 -2.22742e-7 -5.90833e-4 -0.9999998 8.22157e-6 -1.03792e-4 -0.9999998 -7.30643e-4 0 -1 0 -5.26877e-4 -0.9999999 -2.99468e-4 -0.001304984 -0.9999992 2.07417e-4 0 -1 5.94568e-6 0 -1 -1.57015e-6 0.001185059 -0.9999989 -9.29757e-4 0 -1 -3.20687e-6 0 -1 1.86464e-6 0 -1 6.40031e-6 0 -1 -3.60246e-5 6.27451e-4 -0.9999996 -6.31206e-4 1.51356e-4 -0.9999992 -0.00130397 0 -1 -1.02794e-6 0 -1 -1.14452e-6 -1 4.02094e-6 0 -1 -1.08064e-6 0 -1 2.94112e-7 0 -1 -2.8286e-7 0 -1 -2.08105e-6 0 -1 6.66623e-7 0 -1 0 0 -1 -3.34952e-7 0 -1 1.63506e-7 0 -1 -1.26463e-6 0 -1 3.28103e-7 0 -1 2.63575e-7 0 -1 -1.34403e-6 0 1 0 0 1 0 0 1 1.39878e-7 0 1 0 0 1 0 0 1 0 0 1 0 0 1 0 0 1 0 0 1 0 0 1 2.68903e-7 0 1 0 0 1 0 0 1 0 0 1 0 0 1 0 0 1 1.57025e-7 0 1 0 0 0 1 4.58497e-7 0 1 -1.94786e-7 1.37773e-6 0 -1 -7.18074e-7 0 -1 0 0.6885076 -0.7252292 0 0.6885086 -0.7252283 1 7.36428e-7 0 0 1 -1.93139e-6 -1.23661e-6 1 0 -4.22121e-7 1 1.92689e-6 0 1 8.82126e-6 7.41603e-7 1 1.84377e-5 1.19116e-6 1 0 1.46765e-6 1 1.04639e-5 0 1 -6.54036e-7 2.79293e-7 1 0 0 1 -1.50922e-6 0 1 1.24606e-6 4.97427e-6 1 0 8.34183e-7 1 0 0 1 -1.01673e-5 -4.3736e-6 1 0 -5.90884e-6 1 3.77161e-6 -1.12707e-6 1 0 0 1 0 2.63231e-7 1 0 0 1 0 0 1 9.47333e-6 0 1 -2.44128e-6 0 1 9.98086e-6 0 1 -7.13217e-6 -7.40938e-7 1 -8.50405e-6 -4.9532e-7 1 0 0 1 -6.56211e-7 9.08482e-7 1 4.98798e-6 2.90226e-7 1 -1.08234e-5 -2.22583e-6 1 -2.18531e-6 -1.03542e-6 1 0 0 1 -1.67555e-5 0 1 1.47426e-5 0 1 -3.5036e-6 0 1 1.07609e-5 0 1 -3.80074e-6 0 1 -9.77952e-7 2.62094e-7 1 3.67883e-6 2.2612e-7 1 7.98071e-7 0 1 0 -2.31592e-7 1 4.43012e-7 1.39564e-6 1 -3.75605e-6 2.82685e-6 1 4.21696e-6 0 1 -1.71954e-6 -5.79998e-7 1 0 0 0 -1 0 0 -1 0 0 -1 -1 1.59575e-7 0 2.65523e-4 -1 8.54138e-5 -3.57879e-4 -1 -1.15019e-4 -0.900115 -0.009431183 0.4355506 -0.9350733 0.01951241 0.3539171 -0.9732556 -0.0145694 -0.2292628 -0.8703144 0.02079147 -0.4920575 -0.6138957 -0.0185126 -0.78917 -0.3581343 0.01658612 -0.9335228 0.1406567 -0.01995563 -0.9898573 0.318391 0.008176445 -0.9479242 0.8904392 -0.01845788 -0.4547278 0.867884 0.005098283 -0.4967406 0.983304 0.01308715 0.1814998 0.9423168 -0.01308739 0.3344662 0.5575183 0.006636261 0.8301382 0.4837539 -0.004637718 0.8751918 -0.328444 0.001681685 0.944522 -0.2880182 0.005639374 0.9576083 -0.9009645 -0.01165503 0.4337363 -0.9680052 0.01975136 0.2501518 -0.9731146 -0.01624411 -0.2297483 -0.8600321 0.01827853 -0.5099126 -0.6138942 -0.0185129 -0.7891712 -0.3581357 0.01658594 -0.9335223 0.09990817 -0.01660054 -0.9948582 0.313308 0.01695591 -0.9495002 0.772885 -0.01673531 -0.6343254 0.8699062 0.01303476 -0.493045 0.9924751 -0.01462334 0.1215711 0.982174 0.009431421 0.1877378 0.5454276 0.005325257 0.838141 0.5260541 -0.005639791 0.8504325 -0.3257606 -0.002585947 0.9454488 -0.3939492 0.01394206 0.9190266 -0.9001151 -0.009431183 0.4355501 -0.9479696 0.01873624 0.3178091 -0.9639533 -0.02132886 -0.2652155 -0.7842689 0.03499567 -0.6194334 -0.4306558 -0.02780127 -0.902088 0.03955972 0.0294708 -0.9987825 0.3368339 -0.01572138 -0.9414328 0.8278152 0.02568393 -0.5604127 0.8535076 -0.00552082 -0.5210514 0.9934859 -0.01097607 0.1134259 0.9192705 0.03142273 0.3923701 0.6016616 -0.03087627 0.7981541 0.2652169 0.02132862 0.9639528 -0.3178083 -0.01873612 0.94797 -0.4355475 0.009431064 0.9001164 -0.9001142 -0.009431123 0.4355522 -0.9479704 0.0187366 0.3178068 -0.9639542 -0.0213291 -0.2652122 -0.7842682 0.03499585 -0.6194344 -0.3953489 -0.03499579 -0.9178642 0.03677445 0.03091663 -0.9988453 0.5604565 -0.03389012 -0.8274902 0.8274906 0.03388947 -0.5604559 0.9988453 -0.03091681 -0.03677326 0.9178646 0.03499507 0.3953478 0.6194326 -0.03499555 0.7842694 0.265216 0.0213285 0.9639532 -0.3178082 -0.01873588 0.94797 -0.4355487 0.009431183 0.9001159 4.1458e-4 0.7065807 0.7076324 -6.44994e-4 0.7070224 0.7071908 1 -1.13319e-6 0 1 0 0 1 -4.10065e-6 0 1 -2.20347e-7 0 1 1.07223e-6 0 1 0 0 1 -1.36173e-6 0 1 1.13391e-6 0 1 -2.28981e-7 0 1 -9.15925e-7 0 1 1.23198e-6 0 1 -1.50339e-6 0 1 2.24214e-7 0 1 -4.85569e-7 0 1 -8.12784e-7 0 1 4.22966e-7 0 1 -4.96726e-7 0 1 0 0 1 -7.12497e-7 0 6.57616e-4 0.9973527 0.07271391 6.69378e-4 0.997374 0.07241976 2.04277e-4 0.9964621 0.08404457 1.9152e-4 0.9964351 0.08436328 -1 0 0 -1 0 0 -1 -1.37365e-7 0 -1 0 0 -1 -1.34282e-7 0 -1 0 0 -1 0 0 -1 0 0 -1 0 0 -1 0 0 -1 2.72005e-7 0 -1 0 0 -1 0 0 -1 -3.80542e-7 0 -1 1.7616e-7 0 -1 1.35326e-7 0 -1 0 0 -1 1.30654e-7 0 -0.01468503 0.7121482 -0.7018756 -0.001123845 0.7250447 -0.6887009 0 0.721822 -0.6920789 0.01125091 0.7109881 -0.7031141 0 0.7071073 -0.7071064 0 0.7071073 -0.7071062 0.0233429 -0.6603444 -0.7506 -0.02598673 -0.1847322 -0.9824453 0.0259875 0.1847386 -0.9824441 -0.02334326 0.6603445 -0.7506 0.001977443 0.7983717 -0.6021617 -0.003717541 0.9913757 0.1309984 -0.01171493 0.9856604 0.1683338 0.01093918 0.437535 0.8991349 -0.01042944 0.36885 0.9294304 0.009575426 -0.469165 0.8830586 -0.009571254 -0.5302006 0.8478184 0.01042848 -0.9893313 0.14531 0.004295408 -0.9940008 0.1092886 -0.001978933 -0.7983657 -0.6021698 0.0233429 -0.6603445 -0.7506 -0.02598673 -0.1847323 -0.9824453 0.0259875 0.1847385 -0.9824441 -0.02334326 0.6603445 -0.7505999 0.001977443 0.7983717 -0.6021617 -0.003717541 0.9913756 0.1309984 -0.01171487 0.9856604 0.168334 0.01093918 0.4375351 0.8991348 -0.01042944 0.3688501 0.9294304 0.009575426 -0.4691656 0.8830584 -0.009571254 -0.5302006 0.8478183 0.01042848 -0.9893313 0.1453095 0.004295408 -0.9940008 0.1092887 -0.001978933 -0.7983657 -0.6021696 0.009734272 -0.5301927 -0.8478214 -0.00973618 -0.4691662 -0.8830563 0.01060575 0.368812 -0.9294435 -0.01111018 0.4375435 -0.8991287 0.0119009 0.9856544 -0.1683562 0.003783166 0.9914058 -0.1307682 0.02376633 0.6604407 0.7505021 -0.001996219 0.7985708 0.6018977 -0.02639377 0.1847878 0.982424 0.02639466 -0.1847854 0.9824244 -0.02376586 -0.6604424 0.7505006 0.001998424 -0.7985656 0.6019047 -0.00437361 -0.994025 -0.1090659 -0.01060491 -0.989324 -0.145347 0.009734213 -0.5301925 -0.8478215 -0.009736239 -0.4691663 -0.8830562 0.01060569 0.3688111 -0.9294439 -0.01111018 0.4375431 -0.8991288 0.0119009 0.9856543 -0.1683571 0.003783226 0.9914058 -0.1307681 0.02376627 0.6604405 0.7505023 -0.001996219 0.7985708 0.6018977 -0.02639383 0.1847873 0.982424 0.02639454 -0.1847847 0.9824246 -0.02376592 -0.6604425 0.7505005 0.001998364 -0.7985647 0.6019057 -0.00437361 -0.9940249 -0.109066 -0.01060491 -0.989324 -0.145347 0.008829295 -0.3115722 -0.9501815 -0.003921508 -0.3607332 -0.9326608 -0.008827924 0.3115786 -0.9501793 0.003918886 0.360739 -0.9326586 0.001303732 0.8492503 -0.5279889 -0.006105065 0.8708729 -0.4914705 0.005559384 0.994695 0.1027184 -0.005559861 0.9873919 0.1581976 0.00610572 0.7139901 0.7001292 -0.007128357 0.6681079 0.7440304 0.007694303 0.03362143 0.999405 -0.007689297 -0.0336278 0.9994049 0.007131993 -0.6681082 0.7440301 -0.00610572 -0.7139902 0.7001292 0.005559861 -0.9873911 0.1582019 -0.005559384 -0.9946949 0.1027191 0.006107091 -0.8708742 -0.491468 -0.00130558 -0.8492515 -0.527987 0.008829355 -0.3115723 -0.9501815 -0.003921508 -0.3607332 -0.9326608 -0.008827924 0.3115789 -0.9501793 0.003918886 0.360739 -0.9326586 0.001303732 0.8492503 -0.5279889 -0.006105065 0.8708727 -0.4914707 0.005559384 0.994695 0.1027183 -0.005559861 0.987392 0.1581971 0.00610572 0.71399 0.7001293 -0.007128357 0.6681078 0.7440304 0.007694303 0.03362137 0.999405 -0.007689297 -0.0336278 0.9994049 0.007131993 -0.6681082 0.7440301 -0.00610572 -0.7139902 0.7001292 0.005559861 -0.9873912 0.1582022 -0.005559384 -0.9946949 0.1027189 0.006107091 -0.8708744 -0.4914678 -0.00130558 -0.8492513 -0.5279872 0.01828205 -0.4218254 -0.9064928 -0.006278932 -0.4740524 -0.8804743 -0.01909989 0.4330783 -0.9011539 0.01909875 0.5638845 -0.8256329 -0.01422679 0.9908124 -0.134494 0.007251977 0.997313 -0.07289922 0.001179277 0.8118471 0.583869 -0.006088793 0.7894994 0.6137212 0.006831228 0.2471169 0.9689617 -0.008493065 0.183466 0.9829894 0.01061195 -0.5968118 0.8023111 -0.0111109 -0.6553614 0.7552339 0.01189857 -0.9956464 -0.0924496 -0.004068553 -0.9887431 -0.1495685 0.01828211 -0.4218251 -0.906493 -0.006278932 -0.4740511 -0.8804749 -0.01909983 0.4330773 -0.9011544 0.01909881 0.5638844 -0.8256329 -0.01422679 0.990812 -0.1344962 0.007251977 0.9973132 -0.07289689 0.001179277 0.8118462 0.5838702 -0.006088793 0.7895006 0.6137197 0.006831228 0.2471169 0.9689617 -0.008493065 0.1834658 0.9829894 0.01061195 -0.5968119 0.8023111 -0.0111109 -0.6553605 0.7552345 0.01189857 -0.9956463 -0.09244924 -0.004068553 -0.9887431 -0.1495682 -1 2.56108e-6 0 -1 -3.47122e-7 0 -1 -2.78943e-6 0 -1 4.37465e-7 0 -1 2.34357e-7 0 -1 -1.26718e-6 0 -1 -3.88836e-7 0 -1 3.74929e-7 0 -1 1.84268e-7 0 -1 -2.41607e-7 0 -1 -4.46827e-7 0 -4.46163e-6 0 -1 4.46163e-6 0 -1 2.49886e-6 0 -1 -2.49886e-6 0 -1 0 -0.7071065 -0.7071071 0 -0.7071066 -0.7071071 1 0 0 1 0 0 1 0 0 1 -3.12874e-7 0 1 2.19181e-7 0 1 0 0 1 0 0 1 0 0 1 0 0 1 0 0 1 0 0 1 0 0 1 0 0 1 0 0 1 0 0 1 0 0 1 0 0 1 0 0 1 -1.21747e-7 0 1 0 0 0 0.7071067 0.707107 0 0.7071065 0.7071071 0 0.7071074 -0.7071062 0 0.7071073 -0.7071063 -1 5.70132e-7 0 -1 3.02143e-7 0 -1 -8.46806e-7 0 -1 -2.07942e-6 0 -1 5.46558e-7 0 1 0 0 1 -1.53688e-7 0 1 0 0 1 1.21836e-7 0 1 0 0 1 -1.3502e-7 0 1 0 0 1 1.76881e-7 0 1 0 0 1 4.49224e-7 0 1 0 0 1 -2.50565e-7 0 1 1.47161e-7 0 1 0 0 1 0 0 1 -1.22518e-7 0 1 0 0 0.008547902 0.00274825 0.9999598 3.80888e-4 0.008358597 0.999965 0 0.007544815 0.9999716 -0.007484555 0.002406299 0.9999692 2.23082e-6 0 1</float_array>
          <technique_common>
            <accessor source="#edf_torsional_assembly_v17_001-mesh-normals-array" count="4314" stride="3">
              <param name="X" type="float"/>
              <param name="Y" type="float"/>
              <param name="Z" type="float"/>
            </accessor>
          </technique_common>
        </source>
        <source id="edf_torsional_assembly_v17_001-mesh-map-0">
          <float_array id="edf_torsional_assembly_v17_001-mesh-map-0-array" count="33480">0.9550001 0.83136 0.9154344 0.4706399 0.9550001 -2.33136 0.9550001 -2.33136 0.9154344 0.4706399 0.913416 0.4199802 0.88136 0.905 0.8627077 0.7985683 0.9550001 0.83136 0.9550001 0.83136 0.8627077 0.7985683 0.87859 0.7607104 -0.88136 0.905 0.7693136 0.8231399 0.88136 0.905 0.88136 0.905 0.7693136 0.8231399 0.8196147 0.8256697 -0.9550001 0.83136 -0.8631455 0.7979979 -0.88136 0.905 -0.88136 0.905 -0.8631455 0.7979979 -0.8306865 0.8231399 -0.9550001 -2.33136 -0.9186842 -1.930006 -0.9550001 0.83136 -0.9550001 0.83136 -0.9186842 -1.930006 -0.9186841 0.4599945 -0.88136 -2.405 -0.8675218 -2.289461 -0.9550001 -2.33136 -0.9550001 -2.33136 -0.8675218 -2.289461 -0.8786842 -2.240005 0.88136 -2.405 0.5007099 -2.36859 -0.88136 -2.405 -0.88136 -2.405 0.5007099 -2.36859 0.4514681 -2.358015 0.9550001 -2.33136 0.8734161 -2.280019 0.88136 -2.405 0.88136 -2.405 0.8734161 -2.280019 0.8485707 -2.312706 0.87859 0.7607104 0.8734163 0.719981 0.9550001 0.83136 0.9550001 0.83136 0.8734163 0.719981 0.9154344 0.4706399 0.9154344 0.4706399 0.8734163 0.719981 0.8879955 0.5131474 0.8879955 0.5131474 0.8734163 0.719981 0.8485708 0.6872943 0.8879955 0.5131474 0.8485708 0.6872943 0.8499946 0.5286842 0.8499946 0.5286842 0.8485708 0.6872943 0.8107101 0.67141 0.8499946 0.5286842 0.8107101 0.67141 0.8093138 0.52314 0.8093138 0.52314 0.8107101 0.67141 0.7614681 0.6819857 0.8093138 0.52314 0.7614681 0.6819857 0.7768547 0.497998 0.7768547 0.497998 0.7614681 0.6819857 0.7613158 0.4599941 0.7613158 0.4599941 0.7614681 0.6819857 0.7268595 0.7193151 0.7613158 0.4599941 0.7268595 0.7193151 0.2267169 0.1003486 0.2267169 0.1003486 0.7268595 0.7193151 0.1461681 0.2002635 0.1461681 0.2002635 0.7268595 0.7193151 0.7213158 0.7599946 0.1461681 0.2002635 0.7213158 0.7599946 0.02645438 0.246517 0.02645438 0.246517 0.7213158 0.7599946 0.7368547 0.797998 0.02645438 0.246517 0.7368547 0.797998 -0.7245655 0.7706398 0.02645438 0.246517 -0.7245655 0.7706398 -0.1003466 0.2267177 -0.1003466 0.2267177 -0.7245655 0.7706398 -0.2002629 0.1461688 -0.2002629 0.1461688 -0.7245655 0.7706398 -0.7265837 0.7199807 -0.2002629 0.1461688 -0.7265837 0.7199807 -0.761832 0.450639 -0.2002629 0.1461688 -0.761832 0.450639 -0.2465164 0.02645885 -0.2465164 0.02645885 -0.761832 0.450639 -0.7842747 0.3951786 -0.7245655 0.7706398 0.7368547 0.797998 -0.7520046 0.8131473 -0.7520046 0.8131473 0.7368547 0.797998 0.7693136 0.8231399 -0.7520046 0.8131473 0.7693136 0.8231399 -0.88136 0.905 0.88136 0.905 0.8196147 0.8256697 0.8627077 0.7985683 -0.761832 0.450639 -0.7265837 0.7199807 -0.7514293 0.6872941 -0.761832 0.450639 -0.7514293 0.6872941 -0.7851795 0.5057256 -0.7851795 0.5057256 -0.7514293 0.6872941 -0.78929 0.67141 -0.7851795 0.5057256 -0.78929 0.67141 -0.8300054 0.5286841 -0.8300054 0.5286841 -0.78929 0.67141 -0.8385319 0.6819856 -0.8300054 0.5286841 -0.8385319 0.6819856 -0.8706861 0.52314 -0.8706861 0.52314 -0.8385319 0.6819856 -0.8731405 0.7193149 -0.8706861 0.52314 -0.8731405 0.7193149 -0.9031454 0.4979979 -0.9031454 0.4979979 -0.8731405 0.7193149 -0.9550001 0.83136 -0.9031454 0.4979979 -0.9550001 0.83136 -0.9186841 0.4599945 -0.8731405 0.7193149 -0.8786842 0.7599945 -0.9550001 0.83136 -0.9550001 0.83136 -0.8786842 0.7599945 -0.8631455 0.7979979 -0.88136 0.905 -0.8306865 0.8231399 -0.7900058 0.8286842 -0.7900058 0.8286842 -0.7520046 0.8131473 -0.88136 0.905 0.5634163 -2.320019 0.7268596 -2.280685 0.5654345 -2.26936 0.5654345 -2.26936 0.7268596 -2.280685 0.7213158 -2.240005 0.5654345 -2.26936 0.7213158 -2.240005 0.7368546 -2.202002 0.5654345 -2.26936 0.7368546 -2.202002 0.5379956 -2.226853 0.5379956 -2.226853 0.7368546 -2.202002 0.7693141 -2.17686 0.5379956 -2.226853 0.7693141 -2.17686 0.4999939 -2.211316 0.4999939 -2.211316 0.7693141 -2.17686 0.2002619 -0.1461702 0.4999939 -2.211316 0.2002619 -0.1461702 0.4593138 -2.21686 0.4593138 -2.21686 0.2002619 -0.1461702 0.07111984 -0.2341811 0.4593138 -2.21686 0.07111984 -0.2341811 0.4268549 -2.242002 0.4268549 -2.242002 0.07111984 -0.2341811 -0.115304 -0.2158792 0.4268549 -2.242002 -0.115304 -0.2158792 -0.7645656 -1.91936 -0.7645656 -1.91936 -0.115304 -0.2158792 -0.7920046 -1.876853 -0.7920046 -1.876853 -0.115304 -0.2158792 -0.2267183 -0.1003451 -0.7920046 -1.876853 -0.2267183 -0.1003451 -0.8404121 -1.861794 -0.8404121 -1.861794 -0.2267183 -0.1003451 -0.8292897 0.37141 -0.8292897 0.37141 -0.2267183 -0.1003451 -0.7842747 0.3951786 -0.7842747 0.3951786 -0.2267183 -0.1003451 -0.2465164 0.02645885 0.7268596 -2.280685 0.5634163 -2.320019 0.7614681 -2.318014 0.7614681 -2.318014 0.5634163 -2.320019 0.5385706 -2.352706 0.7614681 -2.318014 0.5385706 -2.352706 0.88136 -2.405 0.88136 -2.405 0.5385706 -2.352706 0.5007099 -2.36859 -0.88136 -2.405 0.4514681 -2.358015 -0.7514293 -2.312706 -0.7514293 -2.312706 0.4514681 -2.358015 0.4168595 -2.320685 -0.7514293 -2.312706 0.4168595 -2.320685 -0.726584 -2.28002 -0.726584 -2.28002 0.4168595 -2.320685 0.4113158 -2.280005 -0.726584 -2.28002 0.4113158 -2.280005 -0.72141 -2.23929 -0.72141 -2.23929 0.4113158 -2.280005 -0.7645656 -1.91936 -0.72141 -2.23929 -0.7645656 -1.91936 -0.7372921 -2.201432 -0.7372921 -2.201432 -0.7645656 -1.91936 -0.7665837 -1.970019 -0.7372921 -2.201432 -0.7665837 -1.970019 -0.7803856 -2.17433 -0.7803856 -2.17433 -0.7665837 -1.970019 -0.7914295 -2.002706 -0.7803856 -2.17433 -0.7914295 -2.002706 -0.8292903 -2.01859 -0.7803856 -2.17433 -0.8292903 -2.01859 -0.8306861 -2.17686 -0.8306861 -2.17686 -0.8292903 -2.01859 -0.8785321 -2.008014 -0.8306861 -2.17686 -0.8785321 -2.008014 -0.8631455 -2.202002 -0.8631455 -2.202002 -0.8785321 -2.008014 -0.8786842 -2.240005 -0.8786842 -2.240005 -0.8785321 -2.008014 -0.9131404 -1.970685 -0.8786842 -2.240005 -0.9131404 -1.970685 -0.9550001 -2.33136 -0.9550001 -2.33136 -0.9131404 -1.970685 -0.9186842 -1.930006 -0.7645656 -1.91936 0.4113158 -2.280005 0.4268549 -2.242002 -0.9186841 0.4599945 -0.9186842 -1.930006 -0.9075218 0.4105388 -0.9075218 0.4105388 -0.9186842 -1.930006 -0.8955916 -1.884991 -0.9075218 0.4105388 -0.8955916 -1.884991 -0.8700181 0.3765833 -0.8700181 0.3765833 -0.8955916 -1.884991 -0.8404121 -1.861794 -0.8700181 0.3765833 -0.8404121 -1.861794 -0.8292897 0.37141 0.9550001 -2.33136 0.913416 0.4199802 0.8627079 -2.201432 0.8627079 -2.201432 0.913416 0.4199802 0.8885708 0.3872942 0.8627079 -2.201432 0.8885708 0.3872942 0.8196143 -2.17433 0.8196143 -2.17433 0.8885708 0.3872942 0.8507103 0.37141 0.8196143 -2.17433 0.8507103 0.37141 0.2002619 -0.1461702 0.8196143 -2.17433 0.2002619 -0.1461702 0.7693141 -2.17686 0.8507103 0.37141 0.8099818 0.3765833 0.2002619 -0.1461702 0.2002619 -0.1461702 0.8099818 0.3765833 0.2465169 -0.02645504 0.2465169 -0.02645504 0.8099818 0.3765833 0.7724782 0.4105387 0.2465169 -0.02645504 0.7724782 0.4105387 0.2267169 0.1003486 0.2267169 0.1003486 0.7724782 0.4105387 0.7613158 0.4599941 -0.7514293 -2.312706 -0.7892902 -2.32859 -0.88136 -2.405 -0.88136 -2.405 -0.7892902 -2.32859 -0.8300184 -2.323417 -0.88136 -2.405 -0.8300184 -2.323417 -0.8675218 -2.289461 0.9550001 -2.33136 0.87859 -2.23929 0.8734161 -2.280019 0.8485707 -2.312706 0.81071 -2.32859 0.88136 -2.405 0.88136 -2.405 0.81071 -2.32859 0.7614681 -2.318014 0.8627079 -2.201432 0.87859 -2.23929 0.9550001 -2.33136 0 0 -3.162721 0 0 -0.05499988 0 -0.05499988 -3.162721 0 -3.162721 -0.05499988 0 0 -0.104142 0 0 -0.05499988 0 -0.05499988 -0.104142 0 -0.104142 -0.05499988 0 0 -1.762721 0 0 -0.05499988 0 -0.05499988 -1.762721 0 -1.762721 -0.05499988 0 0 -0.104142 0 0 -0.05499988 0 -0.05499988 -0.104142 0 -0.104142 -0.05499988 0 0 -3.162721 0 0 -0.05499988 0 -0.05499988 -3.162721 0 -3.162721 -0.05499988 0 0 -0.104142 0 0 -0.05499988 0 -0.05499988 -0.104142 0 -0.104142 -0.05499988 0 0 -1.762721 0 0 -0.05499988 0 -0.05499988 -1.762721 0 -1.762721 -0.05499988 0 0 -0.104142 0 0 -0.05499988 0 -0.05499988 -0.104142 0 -0.104142 -0.05499988 0.9 -2.45 -0.88136 -2.405 -0.9 -2.45 -0.9 -2.45 -0.88136 -2.405 -0.9550001 -2.33136 -0.9 -2.45 -0.9550001 -2.33136 -1 -2.35 -1 -2.35 -0.9550001 -2.33136 -0.9550001 0.83136 -1 -2.35 -0.9550001 0.83136 -1 0.85 -1 0.85 -0.9550001 0.83136 -0.9 0.95 -0.9 0.95 -0.9550001 0.83136 -0.88136 0.905 -0.9 0.95 -0.88136 0.905 0.88136 0.905 1 -2.35 0.9550001 -2.33136 0.9 -2.45 0.9 -2.45 0.9550001 -2.33136 0.88136 -2.405 0.9 -2.45 0.88136 -2.405 -0.88136 -2.405 0.9550001 -2.33136 1 -2.35 0.9550001 0.83136 0.9550001 0.83136 1 -2.35 1 0.85 0.9550001 0.83136 1 0.85 0.9 0.95 0.9550001 0.83136 0.9 0.95 0.88136 0.905 0.88136 0.905 0.9 0.95 -0.9 0.95 0.1 -1.445 1.9 -1.445 0.1 -0.05499988 0.1 -0.05499988 1.9 -1.445 1.9 -0.05499988 0.9550001 -0.375 1 -0.375 0.9550001 0.83136 0.9550001 0.83136 1 -0.375 1 0.85 0.9550001 0.83136 1 0.85 0.88136 0.905 0.88136 0.905 1 0.85 0.9 0.95 0.88136 0.905 0.9 0.95 -0.9 0.95 0.88136 0.905 -0.9 0.95 -0.88136 0.905 -0.88136 0.905 -0.9 0.95 -1 0.85 -0.88136 0.905 -1 0.85 -0.9550001 0.83136 -0.9550001 0.83136 -1 0.85 -1 -0.375 -0.9550001 0.83136 -1 -0.375 -0.9550001 -0.375 0.9550001 -1.425 0.9550001 -2.33136 1 -1.425 1 -1.425 0.9550001 -2.33136 1 -2.35 1 -2.35 0.9550001 -2.33136 0.88136 -2.405 1 -2.35 0.88136 -2.405 0.9 -2.45 0.9 -2.45 0.88136 -2.405 -0.88136 -2.405 0.9 -2.45 -0.88136 -2.405 -0.9 -2.45 -0.9 -2.45 -0.88136 -2.405 -1 -2.35 -1 -2.35 -0.88136 -2.405 -0.9550001 -2.33136 -1 -2.35 -0.9550001 -2.33136 -1 -1.425 -1 -1.425 -0.9550001 -2.33136 -0.9550001 -1.425 -0.04499989 0 -0.37 0 -0.04499989 -0.05499988 -0.04499989 -0.05499988 -0.37 0 -0.37 -0.48 -0.04499989 -0.05499988 -0.37 -0.48 0 -0.48 0 -0.48 0 -0.05499988 -0.04499989 -0.05499988 -1 -1.425 -0.6150001 -1.41 -0.6184615 -0.3865386 -0.6184615 -0.3865386 -1 -0.375 -1 -1.425 0.615 -0.3900001 0.6184616 -1.413462 1 -1.425 1 -1.425 1 -0.375 0.615 -0.3900001 -0.02999997 0 -1.02 0 -0.02999997 -0.48 -0.02999997 -0.48 -1.02 0 -1.02 -0.48 -0.4 -0.48 -0.02999997 -0.48 -0.355 -0.05499988 -0.355 -0.05499988 -0.02999997 -0.48 -0.02999997 0 -0.355 -0.05499988 -0.02999997 0 -0.355 0 -0.355 -0.05499988 -0.4 -0.05499988 -0.4 -0.48 2.075 -1.445 3.3 -1.445 2.075 -1.02 2.075 -1.02 3.3 -1.445 3.3 -0.05499988 2.075 -1.02 3.3 -0.05499988 0.1 -0.05499988 2.075 -1.02 0.1 -0.05499988 1.025 -1.02 1.025 -1.02 0.1 -0.05499988 0.1 -1.445 1.025 -1.02 0.1 -1.445 1.025 -1.445 -0.04499989 0 -0.37 0 -0.04499989 -0.05499988 -0.04499989 -0.05499988 -0.37 0 -0.37 -0.48 -0.04499989 -0.05499988 -0.37 -0.48 0 -0.48 0 -0.48 0 -0.05499988 -0.04499989 -0.05499988 0.9550001 -0.375 0.8509827 0.3741747 0.6184614 -0.3865386 0.6184614 -0.3865386 0.8509827 0.3741747 0.7798253 0.4025756 0.9550001 0.83136 0.9103985 0.4802344 0.9550001 -0.375 0.9550001 -0.375 0.9103985 0.4802344 0.9081783 0.4117799 0.88136 0.905 0.8458502 0.8113828 0.9550001 0.83136 0.9550001 0.83136 0.8458502 0.8113828 0.8760843 0.7409846 -0.88136 0.905 0.7790169 0.8253547 0.88136 0.905 -0.9550001 0.83136 -0.8711587 0.7784004 -0.88136 0.905 -0.88136 0.905 -0.8711587 0.7784004 -0.8209832 0.8253547 -0.9550001 -0.375 -0.9157473 0.4692712 -0.9550001 0.83136 -0.615 -0.3900001 -0.8290174 0.3741747 -0.9550001 -0.375 -0.615 -0.3900001 -0.1026877 -0.03151655 -0.7718217 0.4117799 -0.6184616 -1.413462 -0.0364691 -0.09887456 -0.615 -0.3900001 -0.615 -0.3900001 -0.0364691 -0.09887456 -0.1026877 -0.03151655 -0.6184616 -1.413462 -0.5202335 -2.219601 -0.4441497 -2.228617 -0.9550001 -1.425 -0.8209827 -2.174645 -0.6184616 -1.413462 -0.6184616 -1.413462 -0.8209827 -2.174645 -0.7702051 -2.176491 -0.9550001 -2.33136 -0.8711585 -2.221599 -0.9550001 -1.425 -0.9550001 -1.425 -0.8711585 -2.221599 -0.8209827 -2.174645 -0.88136 -2.405 -0.873047 -2.28091 -0.9550001 -2.33136 -0.9550001 -2.33136 -0.873047 -2.28091 -0.8711585 -2.221599 0.88136 -2.405 -0.5184008 -2.361158 -0.88136 -2.405 0.9550001 -2.33136 0.8681784 -2.28822 0.88136 -2.405 0.88136 -2.405 0.8681784 -2.28822 0.8109825 -2.325825 0.9550001 -1.425 0.9160842 -1.949015 0.9550001 -2.33136 0.615 -1.41 0.8390092 -1.861846 0.9550001 -1.425 0.6184614 -0.3865386 0.04415124 -0.09975659 0.615 -1.41 0.615 -1.41 0.04415124 -0.09975659 -0.0364691 -0.09887456 -0.8730471 0.7190896 -0.8711587 0.7784004 -0.9550001 0.83136 -0.88136 0.905 -0.8209832 0.8253547 -0.7541497 0.8113827 -0.88136 0.905 -0.7541497 0.8113827 0.7790169 0.8253547 0.7790169 0.8253547 -0.7541497 0.8113827 0.7288413 0.7784002 0.7288413 0.7784002 -0.7541497 0.8113827 -0.7239157 0.7409846 0.7288413 0.7784002 -0.7239157 0.7409846 -0.01683038 0.1077843 -0.01683038 0.1077843 -0.7239157 0.7409846 -0.08606725 0.06081622 -0.08606725 0.06081622 -0.7239157 0.7409846 -0.7696014 0.4802343 -0.7696014 0.4802343 -0.7239157 0.7409846 -0.7602278 0.6826441 -0.7696014 0.4802343 -0.7602278 0.6826441 -0.8102051 0.5235092 -0.8102051 0.5235092 -0.7602278 0.6826441 -0.8284011 0.6788421 -0.8102051 0.5235092 -0.8284011 0.6788421 -0.8702334 0.5203995 -0.8702334 0.5203995 -0.8284011 0.6788421 -0.8730471 0.7190896 -0.8702334 0.5203995 -0.8730471 0.7190896 -0.9157473 0.4692712 -0.9157473 0.4692712 -0.8730471 0.7190896 -0.9550001 0.83136 0.7288413 0.7784002 0.05073225 0.09498763 0.09975606 0.04415255 0.7790169 0.8253547 0.8458502 0.8113828 0.88136 0.905 0.9550001 0.83136 0.8760843 0.7409846 0.9103985 0.4802344 0.9103985 0.4802344 0.8760843 0.7409846 0.8697949 0.5235092 0.8697949 0.5235092 0.8760843 0.7409846 0.8397721 0.6826441 0.8697949 0.5235092 0.8397721 0.6826441 0.8190166 0.5253546 0.8190166 0.5253546 0.8397721 0.6826441 0.7715989 0.6788421 0.8190166 0.5253546 0.7715989 0.6788421 0.7688413 0.4784003 0.7688413 0.4784003 0.7715989 0.6788421 0.726953 0.7190894 0.7688413 0.4784003 0.726953 0.7190894 0.09975606 0.04415255 0.09975606 0.04415255 0.726953 0.7190894 0.7288413 0.7784002 -0.5657474 -2.270729 -0.7296016 -2.219765 -0.7318215 -2.28822 -0.5657474 -2.270729 -0.7318215 -2.28822 -0.5630471 -2.32091 -0.5630471 -2.32091 -0.7318215 -2.28822 -0.5184008 -2.361158 -0.5184008 -2.361158 -0.7318215 -2.28822 -0.7788159 -2.325235 -0.5184008 -2.361158 -0.7788159 -2.325235 -0.88136 -2.405 -0.7296016 -2.219765 -0.5657474 -2.270729 -0.5202335 -2.219601 -0.7296016 -2.219765 -0.5202335 -2.219601 -0.6184616 -1.413462 -0.6184616 -1.413462 -0.4441497 -2.228617 0.615 -1.41 0.615 -1.41 -0.4441497 -2.228617 -0.4139157 -2.299015 0.615 -1.41 -0.4139157 -2.299015 0.7288414 -2.2216 0.7288414 -2.2216 -0.4139157 -2.299015 0.7398253 -2.297425 0.7398253 -2.297425 -0.4139157 -2.299015 -0.4502278 -2.357356 0.7398253 -2.297425 -0.4502278 -2.357356 0.88136 -2.405 0.88136 -2.405 -0.4502278 -2.357356 -0.5184008 -2.361158 0.7642526 -1.920729 0.7912392 -1.87744 0.615 -1.41 0.615 -1.41 0.7912392 -1.87744 0.8390092 -1.861846 0.8390092 -1.861846 0.894563 -1.884036 0.9550001 -1.425 0.894563 -1.884036 0.9160842 -1.949015 0.9550001 -1.425 0.9550001 -2.33136 0.9160842 -1.949015 0.8703984 -2.219765 0.8703984 -2.219765 0.9160842 -1.949015 0.8797723 -2.007356 0.8703984 -2.219765 0.8797723 -2.007356 0.8297949 -2.176491 0.8297949 -2.176491 0.8797723 -2.007356 0.8115989 -2.011158 0.8297949 -2.176491 0.8115989 -2.011158 0.7790173 -2.174645 0.7790173 -2.174645 0.8115989 -2.011158 0.7669529 -1.97091 0.7790173 -2.174645 0.7669529 -1.97091 0.7288414 -2.2216 0.7288414 -2.2216 0.7669529 -1.97091 0.7642526 -1.920729 0.7288414 -2.2216 0.7642526 -1.920729 0.615 -1.41 -0.08606725 0.06081622 -0.7696014 0.4802343 -0.7718217 0.4117799 -0.08606725 0.06081622 -0.7718217 0.4117799 -0.1026877 -0.03151655 -0.615 -0.3900001 -0.7718217 0.4117799 -0.8290174 0.3741747 -0.8290174 0.3741747 -0.9001747 0.4025754 -0.9550001 -0.375 -0.9550001 -0.375 -0.9001747 0.4025754 -0.9157473 0.4692712 0.9550001 -0.375 0.9081783 0.4117799 0.8509827 0.3741747 0.6184614 -0.3865386 0.7798253 0.4025756 0.09887444 -0.03646886 0.09887444 -0.03646886 0.7798253 0.4025756 0.09975606 0.04415255 0.09975606 0.04415255 0.7798253 0.4025756 0.7688413 0.4784003 0.9550001 -2.33136 0.8703984 -2.219765 0.8681784 -2.28822 0.8109825 -2.325825 0.7398253 -2.297425 0.88136 -2.405 -0.7702051 -2.176491 -0.7296016 -2.219765 -0.6184616 -1.413462 -0.88136 -2.405 -0.7788159 -2.325235 -0.8382192 -2.318179 -0.88136 -2.405 -0.8382192 -2.318179 -0.873047 -2.28091 0.6184614 -0.3865386 0.09887444 -0.03646886 0.04415124 -0.09975659 0.615 -1.41 -0.0364691 -0.09887456 -0.6184616 -1.413462 -0.01683038 0.1077843 0.05073225 0.09498763 0.7288413 0.7784002 0.02999997 -0.48 1.02 -0.48 0.02999997 0 0.02999997 0 1.02 -0.48 1.02 0 -0.4 -0.48 -0.02999997 -0.48 -0.355 -0.05499988 -0.355 -0.05499988 -0.02999997 -0.48 -0.02999997 0 -0.355 -0.05499988 -0.02999997 0 -0.355 0 -0.355 -0.05499988 -0.4 -0.05499988 -0.4 -0.48 2.375 -1.445 3.3 -1.445 2.375 -1.02 2.375 -1.02 3.3 -1.445 3.3 -0.05499988 2.375 -1.02 3.3 -0.05499988 1.325 -1.02 1.325 -1.02 3.3 -0.05499988 0.1 -0.05499988 1.325 -1.02 0.1 -0.05499988 0.1 -1.445 0.1 -1.445 1.325 -1.445 1.325 -1.02 0.07071095 0.6950001 -0.07071095 0.6950001 0.07071095 -0.6950001 0.07071095 -0.6950001 -0.07071095 0.6950001 -0.07071095 -0.6950001 0.1 -1.445 1.9 -1.445 0.1 -0.05499988 0.1 -0.05499988 1.9 -1.445 1.9 -0.05499988 0.07071095 0.6950001 -0.07071095 0.6950001 0.07071095 -0.6950001 0.07071095 -0.6950001 -0.07071095 0.6950001 -0.07071095 -0.6950001 0.07071095 0.6950001 -0.07071095 0.6950001 0.07071095 -0.6950001 0.07071095 -0.6950001 -0.07071095 0.6950001 -0.07071095 -0.6950001 -2.25636 0 -3.162721 0 -2.25636 -0.05499988 -2.25636 -0.05499988 -3.162721 0 -3.162721 -0.05499988 -1.20636 -0.05499988 0 -0.05499988 -1.20636 0 -1.20636 0 0 -0.05499988 0 0 0 0 -0.104142 0 0 -0.05499988 0 -0.05499988 -0.104142 0 -0.104142 -0.05499988 0 0 -1.762721 0 0 -0.05499988 0 -0.05499988 -1.762721 0 -1.762721 -0.05499988 0 0 -0.104142 0 0 -0.05499988 0 -0.05499988 -0.104142 0 -0.104142 -0.05499988 1.05 -0.05499988 1.95636 -0.05499988 1.05 0 1.05 0 1.95636 -0.05499988 1.95636 0 0 0 -1.20636 0 0 -0.05499988 0 -0.05499988 -1.20636 0 -1.20636 -0.05499988 0 0 -0.104142 0 0 -0.05499988 0 -0.05499988 -0.104142 0 -0.104142 -0.05499988 0 0 -1.762721 0 0 -0.05499988 0 -0.05499988 -1.762721 0 -1.762721 -0.05499988 0 0 -0.104142 0 0 -0.05499988 0 -0.05499988 -0.104142 0 -0.104142 -0.05499988 -2.38419e-7 0.2412175 -1.5 0.2402499 -2.38419e-7 0.19933 -2.38419e-7 0.19933 -1.5 0.2402499 -1.5 0.1770012 -2.38419e-7 0.19933 -1.5 0.1770012 -2.38419e-7 0.1574417 -2.38419e-7 0.1574417 -1.5 0.1770012 -2.38419e-7 0.1053658 -2.38419e-7 0.1053658 -1.5 0.1770012 -1.5 0.1039463 -2.38419e-7 0.1053658 -1.5 0.1039463 -2.38419e-7 0.05271869 -2.38419e-7 0.05271869 -1.5 0.1039463 -1.5 0.03039246 -2.38419e-7 0.05271869 -1.5 0.03039246 -2.38419e-7 0.01083338 -2.38419e-7 0.01083338 -1.5 0.03039246 -2.38419e-7 -0.03105348 -2.38419e-7 -0.03105348 -1.5 0.03039246 -1.5 -0.03202104 -2.38419e-7 -0.03105348 -1.5 -0.03202104 -2.38419e-7 -0.07294195 -2.38419e-7 -0.07294195 -1.5 -0.03202104 -1.5 -0.09527039 -2.38419e-7 -0.07294195 -1.5 -0.09527039 -2.38419e-7 -0.1148306 -2.38419e-7 -0.1148306 -1.5 -0.09527039 -2.38419e-7 -0.1669068 -2.38419e-7 -0.1669068 -1.5 -0.09527039 -1.5 -0.1683263 -2.38419e-7 -0.1669068 -1.5 -0.1683263 -2.38419e-7 -0.2195512 -2.38419e-7 -0.2195512 -1.5 -0.1683263 -1.5 -0.2362297 -2.38419e-7 -0.2195512 -1.5 -0.2362297 -2.38419e-7 -0.251327 -2.38419e-7 0.2412176 -1.5 0.2402501 -2.38419e-7 0.1993302 -2.38419e-7 0.1993302 -1.5 0.2402501 -1.5 0.1770011 -2.38419e-7 0.1993302 -1.5 0.1770011 -2.38419e-7 0.1574418 -2.38419e-7 0.1574418 -1.5 0.1770011 -2.38419e-7 0.1155547 -2.38419e-7 0.1155547 -1.5 0.1770011 -1.5 0.1039463 -2.38419e-7 0.1155547 -1.5 0.1039463 -2.38419e-7 0.07366949 -2.38419e-7 0.07366949 -1.5 0.1039463 -1.5 0.03039228 -2.38419e-7 0.07366949 -1.5 0.03039228 -2.38419e-7 0.02136117 -2.38419e-7 0.02136117 -1.5 0.03039228 -2.38419e-7 -0.03105372 -2.38419e-7 -0.03105372 -1.5 0.03039228 -1.5 -0.03202122 -2.38419e-7 -0.03105372 -1.5 -0.03202122 -2.38419e-7 -0.07294219 -2.38419e-7 -0.07294219 -1.5 -0.03202122 -1.5 -0.09527051 -2.38419e-7 -0.07294219 -1.5 -0.09527051 -2.38419e-7 -0.1148307 -2.38419e-7 -0.1148307 -1.5 -0.09527051 -2.38419e-7 -0.1669067 -2.38419e-7 -0.1669067 -1.5 -0.09527051 -1.5 -0.1683263 -2.38419e-7 -0.1669067 -1.5 -0.1683263 -2.38419e-7 -0.2195509 -2.38419e-7 -0.2195509 -1.5 -0.1683263 -1.5 -0.2362296 -2.38419e-7 -0.2195509 -1.5 -0.2362296 -2.38419e-7 -0.251327 -2.38419e-7 0.2412175 -1.5 0.24025 -2.38419e-7 0.1993296 -2.38419e-7 0.1993296 -1.5 0.24025 -1.5 0.1770012 -2.38419e-7 0.1993296 -1.5 0.1770012 -2.38419e-7 0.1574416 -2.38419e-7 0.1574416 -1.5 0.1770012 -2.38419e-7 0.1155551 -2.38419e-7 0.1155551 -1.5 0.1770012 -1.5 0.09322619 -2.38419e-7 0.1155551 -1.5 0.09322619 -2.38419e-7 0.07366919 -2.38419e-7 0.07366919 -1.5 0.09322619 -2.38419e-7 0.02136105 -2.38419e-7 0.02136105 -1.5 0.09322619 -1.5 0.01994192 -2.38419e-7 0.02136105 -1.5 0.01994192 -2.38419e-7 -0.03105372 -2.38419e-7 -0.03105372 -1.5 0.01994192 -1.5 -0.03202122 -2.38419e-7 -0.03105372 -1.5 -0.03202122 -2.38419e-7 -0.07294231 -2.38419e-7 -0.07294231 -1.5 -0.03202122 -1.5 -0.09527069 -2.38419e-7 -0.07294231 -1.5 -0.09527069 -2.38419e-7 -0.1148309 -2.38419e-7 -0.1148309 -1.5 -0.09527069 -2.38419e-7 -0.1669067 -2.38419e-7 -0.1669067 -1.5 -0.09527069 -1.5 -0.1683263 -2.38419e-7 -0.1669067 -1.5 -0.1683263 -2.38419e-7 -0.2195509 -2.38419e-7 -0.2195509 -1.5 -0.1683263 -1.5 -0.2362296 -2.38419e-7 -0.2195509 -1.5 -0.2362296 -2.38419e-7 -0.251327 -2.38419e-7 0.2412177 -1.5 0.2402501 -2.38419e-7 0.1889127 -2.38419e-7 0.1889127 -1.5 0.2402501 -1.5 0.1874938 -2.38419e-7 0.1889127 -1.5 0.1874938 -2.38419e-7 0.1260808 -2.38419e-7 0.1260808 -1.5 0.1874938 -1.5 0.1246616 -2.38419e-7 0.1260808 -1.5 0.1246616 -2.38419e-7 0.07366937 -2.38419e-7 0.07366937 -1.5 0.1246616 -1.5 0.07270181 -2.38419e-7 0.07366937 -1.5 0.07270181 -2.38419e-7 0.02136152 -2.38419e-7 0.02136152 -1.5 0.07270181 -1.5 0.01994222 -2.38419e-7 0.02136152 -1.5 0.01994222 -2.38419e-7 -0.03105342 -2.38419e-7 -0.03105342 -1.5 0.01994222 -1.5 -0.03202086 -2.38419e-7 -0.03105342 -1.5 -0.03202086 -2.38419e-7 -0.07294243 -2.38419e-7 -0.07294243 -1.5 -0.03202086 -1.5 -0.09527045 -2.38419e-7 -0.07294243 -1.5 -0.09527045 -2.38419e-7 -0.1148311 -2.38419e-7 -0.1148311 -1.5 -0.09527045 -2.38419e-7 -0.1669069 -2.38419e-7 -0.1669069 -1.5 -0.09527045 -1.5 -0.1683264 -2.38419e-7 -0.1669069 -1.5 -0.1683264 -2.38419e-7 -0.219551 -2.38419e-7 -0.219551 -1.5 -0.1683264 -1.5 -0.2362297 -2.38419e-7 -0.219551 -1.5 -0.2362297 -2.38419e-7 -0.251327 -2.38419e-7 0.2412179 -1.5 0.2188886 -2.38419e-7 0.19933 -2.38419e-7 0.19933 -1.5 0.2188886 -2.38419e-7 0.1574415 -2.38419e-7 0.1574415 -1.5 0.2188886 -1.5 0.1564741 -2.38419e-7 0.1574415 -1.5 0.1564741 -2.38419e-7 0.1155544 -2.38419e-7 0.1155544 -1.5 0.1564741 -1.5 0.09322625 -2.38419e-7 0.1155544 -1.5 0.09322625 -2.38419e-7 0.07366937 -2.38419e-7 0.07366937 -1.5 0.09322625 -2.38419e-7 0.02136135 -2.38419e-7 0.02136135 -1.5 0.09322625 -1.5 0.0199421 -2.38419e-7 0.02136135 -1.5 0.0199421 -2.38419e-7 -0.03105419 -2.38419e-7 -0.03105419 -1.5 0.0199421 -1.5 -0.05338281 -2.38419e-7 -0.03105419 -1.5 -0.05338281 -2.38419e-7 -0.07294207 -2.38419e-7 -0.07294207 -1.5 -0.05338281 -2.38419e-7 -0.1148304 -2.38419e-7 -0.1148304 -1.5 -0.05338281 -1.5 -0.1371579 -2.38419e-7 -0.1148304 -1.5 -0.1371579 -2.38419e-7 -0.1567164 -2.38419e-7 -0.1567164 -1.5 -0.1371579 -2.38419e-7 -0.2090214 -2.38419e-7 -0.2090214 -1.5 -0.1371579 -1.5 -0.2104407 -2.38419e-7 -0.2090214 -1.5 -0.2104407 -2.38419e-7 -0.251327 -2.38419e-7 -0.251327 -1.5 -0.2104407 -1.5 -0.251327 -2.38419e-7 0.2412176 -1.5 0.2188885 -2.38419e-7 0.1993302 -2.38419e-7 0.1993302 -1.5 0.2188885 -2.38419e-7 0.1574414 -2.38419e-7 0.1574414 -1.5 0.2188885 -1.5 0.1564739 -2.38419e-7 0.1574414 -1.5 0.1564739 -2.38419e-7 0.1155544 -2.38419e-7 0.1155544 -1.5 0.1564739 -1.5 0.1039461 -2.38419e-7 0.1155544 -1.5 0.1039461 -2.38419e-7 0.06347936 -2.38419e-7 0.06347936 -1.5 0.1039461 -1.5 0.03039234 -2.38419e-7 0.06347936 -1.5 0.03039234 -2.38419e-7 6.46298e-4 -2.38419e-7 6.46298e-4 -1.5 0.03039234 -1.5 -0.05338269 -2.38419e-7 6.46298e-4 -1.5 -0.05338269 -2.38419e-7 -0.06218546 -2.38419e-7 -0.06218546 -1.5 -0.05338269 -2.38419e-7 -0.1148305 -2.38419e-7 -0.1148305 -1.5 -0.05338269 -1.5 -0.137158 -2.38419e-7 -0.1148305 -1.5 -0.137158 -2.38419e-7 -0.1567164 -2.38419e-7 -0.1567164 -1.5 -0.137158 -2.38419e-7 -0.2090216 -2.38419e-7 -0.2090216 -1.5 -0.137158 -1.5 -0.2104409 -2.38419e-7 -0.2090216 -1.5 -0.2104409 -2.38419e-7 -0.251327 -2.38419e-7 -0.251327 -1.5 -0.2104409 -1.5 -0.251327 -2.38419e-7 0.2412179 -1.5 0.2188881 -2.38419e-7 0.1993302 -2.38419e-7 0.1993302 -1.5 0.2188881 -2.38419e-7 0.1574414 -2.38419e-7 0.1574414 -1.5 0.2188881 -1.5 0.1564741 -2.38419e-7 0.1574414 -1.5 0.1564741 -2.38419e-7 0.1053661 -2.38419e-7 0.1053661 -1.5 0.1564741 -1.5 0.1039468 -2.38419e-7 0.1053661 -1.5 0.1039468 -2.38419e-7 0.05271828 -2.38419e-7 0.05271828 -1.5 0.1039468 -1.5 0.0303927 -2.38419e-7 0.05271828 -1.5 0.0303927 -2.38419e-7 0.01083296 -2.38419e-7 0.01083296 -1.5 0.0303927 -2.38419e-7 -0.03105419 -2.38419e-7 -0.03105419 -1.5 0.0303927 -1.5 -0.05338275 -2.38419e-7 -0.03105419 -1.5 -0.05338275 -2.38419e-7 -0.07294231 -2.38419e-7 -0.07294231 -1.5 -0.05338275 -2.38419e-7 -0.1148309 -2.38419e-7 -0.1148309 -1.5 -0.05338275 -1.5 -0.1371577 -2.38419e-7 -0.1148309 -1.5 -0.1371577 -2.38419e-7 -0.1567167 -2.38419e-7 -0.1567167 -1.5 -0.1371577 -2.38419e-7 -0.2090215 -2.38419e-7 -0.2090215 -1.5 -0.1371577 -1.5 -0.2104408 -2.38419e-7 -0.2090215 -1.5 -0.2104408 -2.38419e-7 -0.251327 -2.38419e-7 -0.251327 -1.5 -0.2104408 -1.5 -0.251327 -2.38419e-7 0.2412177 -1.5 0.2188881 -2.38419e-7 0.1993302 -2.38419e-7 0.1993302 -1.5 0.2188881 -2.38419e-7 0.1574412 -2.38419e-7 0.1574412 -1.5 0.2188881 -1.5 0.1564739 -2.38419e-7 0.1574412 -1.5 0.1564739 -2.38419e-7 0.1053662 -2.38419e-7 0.1053662 -1.5 0.1564739 -1.5 0.1039468 -2.38419e-7 0.1053662 -1.5 0.1039468 -2.38419e-7 0.05271852 -2.38419e-7 0.05271852 -1.5 0.1039468 -1.5 0.03039294 -2.38419e-7 0.05271852 -1.5 0.03039294 -2.38419e-7 0.01083308 -2.38419e-7 0.01083308 -1.5 0.03039294 -2.38419e-7 -0.03105396 -2.38419e-7 -0.03105396 -1.5 0.03039294 -1.5 -0.03202122 -2.38419e-7 -0.03105396 -1.5 -0.03202122 -2.38419e-7 -0.07294219 -2.38419e-7 -0.07294219 -1.5 -0.03202122 -1.5 -0.08477836 -2.38419e-7 -0.07294219 -1.5 -0.08477836 -2.38419e-7 -0.1148309 -2.38419e-7 -0.1148309 -1.5 -0.08477836 -1.5 -0.1476092 -2.38419e-7 -0.1148309 -1.5 -0.1476092 -2.38419e-7 -0.1669068 -2.38419e-7 -0.1669068 -1.5 -0.1476092 -1.5 -0.2104409 -2.38419e-7 -0.1669068 -1.5 -0.2104409 -2.38419e-7 -0.2195508 -2.38419e-7 -0.2195508 -1.5 -0.2104409 -2.38419e-7 -0.251327 -2.38419e-7 -0.251327 -1.5 -0.2104409 -1.5 -0.251327 0 0.0458213 -0.06999999 0.04057383 0 -0.03892284 0 -0.03892284 -0.06999999 0.04057383 -0.06999999 -0.04747253 0 -0.03892284 -0.06999999 -0.04747253 0 -0.1269681 0 -0.1269681 -0.06999999 -0.04747253 -0.06999999 -0.1322154 0 -0.1269681 -0.06999999 -0.1322154 0 -0.2117106 0 -0.2117106 -0.06999999 -0.1322154 -0.06999999 -0.2051841 0 -0.2117106 -0.06999999 -0.2051841 -0.06999999 -0.3066549 0 -0.2117106 -0.06999999 -0.3066549 0 -0.3128672 0 0.345575 -0.06999999 0.345575 0 0.277855 0 0.277855 -0.06999999 0.345575 -0.06999999 0.269306 0 0.277855 -0.06999999 0.269306 0 0.1898123 0 0.1898123 -0.06999999 0.269306 -0.06999999 0.1845649 0 0.1898123 -0.06999999 0.1845649 0 0.1187912 0 0.1187912 -0.06999999 0.1845649 -0.06999999 0.1112815 0 0.1187912 -0.06999999 0.1112815 0 0.0458213 0 0.0458213 -0.06999999 0.1112815 -0.06999999 0.04057383 0.1017584 0.03931844 -0.08102053 0.0673933 0.09570169 -0.04412865 0.09570169 -0.04412865 -0.08102053 0.0673933 -0.09887504 -0.03646618 0.09570169 -0.04412865 -0.09887504 -0.03646618 0.03931719 -0.1017589 0.03931719 -0.1017589 -0.09887504 -0.03646618 -0.03129237 -0.10304 -0.08102053 0.0673933 0.1017584 0.03931844 0.0570209 0.09103131 -0.08102053 0.0673933 0.0570209 0.09103131 -0.01164275 0.1084672 0.07071095 0.6950001 -0.07071095 0.6950001 0.07071095 -0.6950001 0.07071095 -0.6950001 -0.07071095 0.6950001 -0.07071095 -0.6950001 0 0.104141 -0.35 0.02675896 0 -0.02675962 0 -0.02675962 -0.35 0.02675896 -0.35 -0.104139 0 -0.02675962 -0.35 -0.104139 0 -0.1576607 0 -0.1576607 -0.35 -0.104139 -0.35 -0.2350401 0 -0.1576607 -0.35 -0.2350401 0 -0.31907 0 -0.31907 -0.35 -0.2350401 -0.35 -0.3659356 0 -0.31907 -0.35 -0.3659356 0 -0.5154222 0 -0.5154222 -0.35 -0.3659356 -0.35 -0.4968364 0 -0.5154222 -0.35 -0.4968364 -0.35 -0.6626751 0 -0.5154222 -0.35 -0.6626751 0 -0.6812607 0 -0.6812607 -0.35 -0.6626751 0 -0.785398 0 -0.785398 -0.35 -0.6626751 -0.35 -0.785398 0 0.7586345 -0.35 0.7117694 0 0.6277393 0 0.6277393 -0.35 0.7117694 -0.35 0.5503594 0 0.6277393 -0.35 0.5503594 0 0.4968379 0 0.4968379 -0.35 0.5503594 -0.35 0.4194588 0 0.4968379 -0.35 0.4194588 0 0.3659399 0 0.3659399 -0.35 0.4194588 -0.35 0.288558 0 0.3659399 -0.35 0.288558 0 0.2350413 0 0.2350413 -0.35 0.288558 -0.35 0.1576581 0 0.2350413 -0.35 0.1576581 0 0.104141 0 0.104141 -0.35 0.1576581 -0.35 0.02675896 0.246517 0.02645438 -0.2341812 0.07111948 0.2267177 -0.1003468 0.2267177 -0.1003468 -0.2341812 0.07111948 -0.2158792 -0.1153039 0.2267177 -0.1003468 -0.2158792 -0.1153039 0.146169 -0.2002628 0.146169 -0.2002628 -0.2158792 -0.1153039 -0.1003453 -0.2267183 0.146169 -0.2002628 -0.1003453 -0.2267183 0.02645874 -0.2465164 -0.2341812 0.07111948 0.246517 0.02645438 0.2002634 0.1461681 -0.2341812 0.07111948 0.2002634 0.1461681 -0.1461699 0.2002621 -0.1461699 0.2002621 0.2002634 0.1461681 0.1003486 0.2267169 -0.1461699 0.2002621 0.1003486 0.2267169 -0.0264551 0.2465169 0.4654151 -0.1720218 0.5 0 0.4437305 -0.04762279 0.4437305 -0.04762279 0.5 0 0.4570292 0.1932019 0.4437305 -0.04762279 0.4570292 0.1932019 0.4080929 0.1806231 0.4080929 0.1806231 0.4570292 0.1932019 0.3074213 0.3894801 0.4080929 0.1806231 0.3074213 0.3894801 0.2631092 0.3604689 0.2631092 0.3604689 0.3074213 0.3894801 0.08176231 0.4894049 0.2631092 0.3604689 0.08176231 0.4894049 0.04762232 0.4437306 0.04762232 0.4437306 0.08176231 0.4894049 -0.1641244 0.4682589 0.04762232 0.4437306 -0.1641244 0.4682589 -0.1806218 0.4080935 -0.1806218 0.4080935 -0.1641244 0.4682589 -0.369408 0.3312709 -0.1806218 0.4080935 -0.369408 0.3312709 -0.3604698 0.2631081 -0.3604698 0.2631081 -0.369408 0.3312709 -0.464888 0.184062 -0.3604698 0.2631081 -0.464888 0.184062 -0.4437302 0.04762536 -0.4437302 0.04762536 -0.464888 0.184062 -0.496057 -0.01139044 -0.4437302 0.04762536 -0.496057 -0.01139044 -0.434667 -0.116469 -0.434667 -0.116469 -0.496057 -0.01139044 -0.464888 -0.184062 -0.434667 -0.116469 -0.464888 -0.184062 -0.347441 -0.2800876 -0.347441 -0.2800876 -0.464888 -0.184062 -0.3538134 -0.3478776 -0.347441 -0.2800876 -0.3538134 -0.3478776 -0.1608486 -0.416284 -0.1608486 -0.416284 -0.3538134 -0.3478776 -0.21289 -0.452414 -0.1608486 -0.416284 -0.21289 -0.452414 -0.01977956 -0.4957937 -0.1608486 -0.416284 -0.01977956 -0.4957937 0.06884473 -0.4409367 0.06884473 -0.4409367 -0.01977956 -0.4957937 0.1545079 -0.475528 0.06884473 -0.4409367 0.1545079 -0.475528 0.225 -0.389711 0.225 -0.389711 0.1545079 -0.475528 0.3249772 -0.3749567 0.225 -0.389711 0.3249772 -0.3749567 0.3604689 -0.2631092 0.3604689 -0.2631092 0.3249772 -0.3749567 0.4654151 -0.1720218 0.3604689 -0.2631092 0.4654151 -0.1720218 0.4437305 -0.04762279 -0.02499997 0.699553 -0.02499997 0.93 -0.2319889 0.6564821 -0.2319889 0.6564821 -0.02499997 0.93 -0.7263455 0.8112673 -0.891716 0.93 -0.7263455 0.8112673 -0.02499997 0.93 -0.98 0.841716 -0.8863525 0.7961212 -0.891716 0.93 -0.891716 0.93 -0.8863525 0.7961212 -0.8162305 0.8444208 -0.98 0.63 -0.8936731 0.7215524 -0.98 0.841716 -0.98 0.841716 -0.8936731 0.7215524 -0.8863525 0.7961212 -0.7669834 0.6085069 -0.8461216 0.6636478 -0.98 0.63 -0.98 0.63 -0.8461216 0.6636478 -0.8936731 0.7215524 -0.7669834 0.6085069 -0.7598833 0.6629977 -0.8461216 0.6636478 -0.7598833 0.6629977 -0.7669834 0.6085069 -0.7046529 0.7278011 -0.7046529 0.7278011 -0.7669834 0.6085069 -0.6704472 0.4951192 -0.7046529 0.7278011 -0.6704472 0.4951192 -0.4770193 0.5071829 -0.7046529 0.7278011 -0.4770193 0.5071829 -0.7263455 0.8112673 -0.7263455 0.8112673 -0.4770193 0.5071829 -0.2319889 0.6564821 -0.4770193 0.5071829 -0.6704472 0.4951192 -0.6410402 0.2717442 -0.6410402 0.2717442 -0.6704472 0.4951192 -0.6767619 0.3777523 -0.6410402 0.2717442 -0.6767619 0.3777523 -0.766984 0.2914927 -0.6410402 0.2717442 -0.766984 0.2914927 -0.6961871 -0.009851157 -0.6961871 -0.009851157 -0.766984 0.2914927 -0.98 0.27 -0.6961871 -0.009851157 -0.98 0.27 -0.6330871 -0.2897772 -0.6330871 -0.2897772 -0.98 0.27 -0.98 -1.76 -0.6330871 -0.2897772 -0.98 -1.76 -0.6453916 -1.267094 -0.6453916 -1.267094 -0.98 -1.76 -0.7809466 -1.772823 -0.6453916 -1.267094 -0.7809466 -1.772823 -0.647457 -1.810796 -0.647457 -1.810796 -0.7809466 -1.772823 -0.6958122 -1.834756 -0.647457 -1.810796 -0.6958122 -1.834756 -0.6700426 -1.969213 -0.647457 -1.810796 -0.6700426 -1.969213 0.3314926 -2.216984 0.3314926 -2.216984 -0.6700426 -1.969213 -0.7046529 -2.272199 0.3314926 -2.216984 -0.7046529 -2.272199 0.31 -2.43 -0.7046529 -2.272199 -0.6700426 -1.969213 -0.7263454 -2.188733 -0.7263454 -2.188733 -0.6700426 -1.969213 -0.7347556 -2.084187 -0.7263454 -2.188733 -0.7347556 -2.084187 -0.8162307 -2.155579 -0.8162307 -2.155579 -0.7347556 -2.084187 -0.8049778 -2.115389 -0.8162307 -2.155579 -0.8049778 -2.115389 -0.8863526 -2.203879 -0.8863526 -2.203879 -0.8049778 -2.115389 -0.98 -2.12 -0.8863526 -2.203879 -0.98 -2.12 -0.8870019 -2.290117 -0.8870019 -2.290117 -0.98 -2.12 -0.98 -2.341716 -0.8870019 -2.290117 -0.98 -2.341716 -0.891716 -2.43 -0.8870019 -2.290117 -0.891716 -2.43 -0.8357434 -2.342508 -0.8357434 -2.342508 -0.891716 -2.43 -0.7598832 -2.337002 -0.7598832 -2.337002 -0.891716 -2.43 0.31 -2.43 -0.7598832 -2.337002 0.31 -2.43 -0.7046529 -2.272199 -0.647457 -1.810796 0.3314926 -2.216984 0.645795 -1.812458 0.645795 -1.812458 0.3314926 -2.216984 0.4217071 -2.125124 0.4217071 -2.125124 0.5412076 -2.12139 0.645795 -1.812458 0.645795 -1.812458 0.5412076 -2.12139 0.6485069 -2.216983 0.645795 -1.812458 0.6485069 -2.216983 0.7136474 -2.203879 0.645795 -1.812458 0.7136474 -2.203879 0.7837694 -2.15558 0.7136474 -2.203879 0.6485069 -2.216983 0.7063269 -2.278448 0.7063269 -2.278448 0.6485069 -2.216983 0.67 -2.43 0.7063269 -2.278448 0.67 -2.43 0.7538784 -2.336352 0.7538784 -2.336352 0.67 -2.43 0.8401169 -2.337002 0.8401169 -2.337002 0.67 -2.43 0.891716 -2.43 0.8401169 -2.337002 0.891716 -2.43 0.8953471 -2.272199 0.8953471 -2.272199 0.891716 -2.43 0.98 -2.341716 0.8953471 -2.272199 0.98 -2.341716 0.8736546 -2.188733 0.8736546 -2.188733 0.98 -2.341716 0.6474569 -1.269204 0.8736546 -2.188733 0.6474569 -1.269204 0.645795 -1.812458 0.8736546 -2.188733 0.645795 -1.812458 0.7837694 -2.15558 0.98 -2.341716 0.98 0.27 0.6474569 -1.269204 0.6474569 -1.269204 0.98 0.27 0.6792153 -0.1530964 0.6474569 -1.269204 0.6792153 -0.1530964 0.5597886 -0.4140112 0.6474569 -1.269204 0.5597886 -0.4140112 0.34528 -0.6046069 0.6792153 -0.1530964 0.98 0.27 0.7669846 0.2914926 0.6792153 -0.1530964 0.7669846 0.2914926 0.6832783 0.1338148 0.6832783 0.1338148 0.7669846 0.2914926 0.675123 0.381709 0.6832783 0.1338148 0.675123 0.381709 0.5712906 0.3980028 0.5712906 0.3980028 0.675123 0.381709 0.6713898 0.5012082 0.766984 0.608507 0.712998 0.709883 0.6713898 0.5012082 0.6713898 0.5012082 0.712998 0.709883 0.5712906 0.3980028 0.5712906 0.3980028 0.712998 0.709883 0.3622807 0.5945903 0.3622807 0.5945903 0.712998 0.709883 0.7136475 0.7961212 0.3622807 0.5945903 0.7136475 0.7961212 0.02499997 0.93 0.02499997 0.93 0.7136475 0.7961212 0.7837695 0.8444207 0.712998 0.709883 0.766984 0.608507 0.7642568 0.6574916 0.7642568 0.6574916 0.766984 0.608507 0.8401168 0.6629977 0.8401168 0.6629977 0.766984 0.608507 0.98 0.63 0.8401168 0.6629977 0.98 0.63 0.8953471 0.7278013 0.8953471 0.7278013 0.98 0.63 0.98 0.841716 0.8953471 0.7278013 0.98 0.841716 0.8736545 0.8112674 0.8736545 0.8112674 0.98 0.841716 0.891716 0.93 0.8736545 0.8112674 0.891716 0.93 0.7837695 0.8444207 0.7837695 0.8444207 0.891716 0.93 0.02499997 0.93 0.02499997 0.93 0.02652233 0.6993396 0.3622807 0.5945903 0.34528 -0.6046069 0.07212615 -0.6925061 0.6474569 -1.269204 0.6474569 -1.269204 0.07212615 -0.6925061 -0.6453916 -1.267094 -0.6453916 -1.267094 0.07212615 -0.6925061 -0.2132825 -0.6627804 -0.2132825 -0.6627804 -0.4624601 -0.5204792 -0.6453916 -1.267094 -0.6453916 -1.267094 -0.4624601 -0.5204792 -0.6330871 -0.2897772 -0.8162305 0.8444208 -0.7263455 0.8112673 -0.891716 0.93 0 0 -0.48 0 0 -0.01999998 0 -0.01999998 -0.48 0 -0.48 -0.01999998 0 0 -1.23 0 0 -0.01999998 0 -0.01999998 -1.23 0 -1.23 -0.01999998 0 -0.0405358 -0.48 0 0 -0.01999998 0 -0.01999998 -0.48 0 -0.48 -0.01999998 0 0 -1.23 0 0 -0.01999998 0 -0.01999998 -1.23 0 -1.23 -0.01999998 0.6457962 -1.267543 -0.6474583 -1.269205 0.6479064 -1.810391 0.6479064 -1.810391 -0.6474583 -1.269205 -0.6453905 -1.812908 0 -0.1770766 0.02999997 0 0 0 0 0 0.02999997 0 0.02999997 0.1770755 0 0 0.02999997 0.1770755 0 0.1999163 0 0.1999163 0.02999997 0.1770755 0.02999997 0.4284037 0 0.1999163 0.02999997 0.4284037 0 0.4512444 0 0.4512444 0.02999997 0.4284037 0.02999997 0.6797308 0 0.4512444 0.02999997 0.6797308 0 0.7025714 0 0.7025714 0.02999997 0.6797308 0.02999997 0.879646 0 0.7025714 0.02999997 0.879646 0 0.9538995 0 0.9538995 0.02999997 0.879646 0.02999997 1.05672 0 0.9538995 0.02999997 1.05672 0 1.205227 0 1.205227 0.02999997 1.05672 0.02999997 1.308049 0 1.205227 0.02999997 1.308049 0 1.382301 0 1.382301 0.02999997 1.308049 0.02999997 1.507964 0 1.382301 0.02999997 1.507964 0 1.507964 0 -1.559376 0.02999997 -1.582216 0.02999997 -1.382301 0 -1.559376 0.02999997 -1.382301 0 -1.382301 0 -1.382301 0.02999997 -1.382301 0.02999997 -1.205226 0 -1.382301 0.02999997 -1.205226 0 -1.182385 0 -1.182385 0.02999997 -1.205226 0.02999997 -0.9538994 0 -1.182385 0.02999997 -0.9538994 0 -1.00531 0 -1.00531 0.02999997 -0.9538994 0 -0.805393 0 -0.805393 0.02999997 -0.9538994 0.02999997 -0.7025698 0 -0.805393 0.02999997 -0.7025698 0 -0.628319 0 -0.628319 0.02999997 -0.7025698 0.02999997 -0.4512403 0 -0.628319 0.02999997 -0.4512403 0 -0.4283996 0 -0.4283996 0.02999997 -0.4512403 0.02999997 -0.1999173 0 -0.4283996 0.02999997 -0.1999173 0 -0.1770766 0 -0.1770766 0.02999997 -0.1999173 0.02999997 0 0.6614735 -0.217032 0.6926307 0.07011342 0.5 0 0.5 0 0.6926307 0.07011342 0.4654155 0.1720209 0.4654155 0.1720209 0.6926307 0.07011342 0.6045611 0.3452008 0.4654155 0.1720209 0.6045611 0.3452008 0.3249741 0.3749593 0.3249741 0.3749593 0.6045611 0.3452008 0.4124168 0.5608691 0.3249741 0.3749593 0.4124168 0.5608691 0.1041395 0.4851363 0.1041395 0.4851363 0.4124168 0.5608691 0.216312 0.66574 0.1041395 0.4851363 0.216312 0.66574 0.07317 0.696165 0.1041395 0.4851363 0.07317 0.696165 -0.07317 0.696165 0.1041395 0.4851363 -0.07317 0.696165 -0.09369099 0.491144 -0.09369099 0.491144 -0.07317 0.696165 -0.216312 0.66574 -0.09369099 0.491144 -0.216312 0.66574 -0.2561826 0.4249396 -0.2561826 0.4249396 -0.216312 0.66574 -0.4124189 0.5608676 -0.2561826 0.4249396 -0.4124189 0.5608676 -0.429211 0.2489583 -0.429211 0.2489583 -0.4124189 0.5608676 -0.6045609 0.3452011 -0.429211 0.2489583 -0.6045609 0.3452011 -0.6926299 0.07011961 -0.429211 0.2489583 -0.6926299 0.07011961 -0.496057 0.0113902 -0.496057 0.0113902 -0.6926299 0.07011961 -0.6614742 -0.2170301 -0.496057 0.0113902 -0.6614742 -0.2170301 -0.464888 -0.184062 -0.464888 -0.184062 -0.6614742 -0.2170301 -0.3694077 -0.3312712 -0.3694077 -0.3312712 -0.6614742 -0.2170301 -0.5164533 -0.4668231 -0.3694077 -0.3312712 -0.5164533 -0.4668231 -0.2825416 -0.6362525 -0.3694077 -0.3312712 -0.2825416 -0.6362525 -0.1641243 -0.4682589 -0.1641243 -0.4682589 -0.2825416 -0.6362525 3.57628e-7 -0.696165 -0.1641243 -0.4682589 3.57628e-7 -0.696165 0.08176386 -0.4894046 0.08176386 -0.4894046 3.57628e-7 -0.696165 0.2825441 -0.6362513 0.08176386 -0.4894046 0.2825441 -0.6362513 0.3074246 -0.3894774 0.3074246 -0.3894774 0.2825441 -0.6362513 0.5164537 -0.4668226 0.3074246 -0.3894774 0.5164537 -0.4668226 0.4570288 -0.1932029 0.4570288 -0.1932029 0.5164537 -0.4668226 0.6614735 -0.217032 0.4570288 -0.1932029 0.6614735 -0.217032 0.5 0 -0.01653838 1.126729 0 1.337353 -0.02999997 1.319469 -0.02999997 1.319469 0 1.337353 -0.02999997 1.543372 -0.02999997 1.543372 0 1.337353 0 1.627904 -0.02999997 1.543372 0 1.627904 -0.02999997 1.83593 -0.02999997 1.83593 0 1.627904 0 1.918463 -0.02999997 1.83593 0 1.918463 -0.02999997 2.12848 -0.02999997 2.12848 0 1.918463 0 2.139147 -0.02999997 -2.199115 0 -2.189201 -0.02999997 -1.977199 -0.02999997 -1.977199 0 -2.189201 0 -1.898629 -0.02999997 -1.977199 0 -1.898629 -0.02999997 -1.684643 -0.02999997 -1.684643 0 -1.898629 0 -1.608061 -0.02999997 -1.684643 0 -1.608061 -0.02999997 -1.392099 -0.02999997 -1.392099 0 -1.608061 0 -1.31749 -0.02999997 -1.392099 0 -1.31749 -0.02999997 -1.099557 -0.02999997 -1.099557 0 -1.31749 0 -1.026913 -0.02999997 -1.099557 0 -1.026913 -0.02999997 -0.8070129 -0.02999997 -0.8070129 0 -1.026913 0 -0.7363414 -0.02999997 -0.8070129 0 -0.7363414 -0.02999997 -0.5144712 -0.02999997 -0.5144712 0 -0.7363414 0 -0.4457672 -0.02999997 -0.5144712 0 -0.4457672 -0.02999997 -0.2219181 -0.02999997 -0.2219181 0 -0.4457672 0 -0.1551964 -0.02999997 -0.2219181 0 -0.1551964 -0.02999997 0.07062888 -0.02999997 0.07062888 0 -0.1551964 0 0.1353662 -0.02999997 0.07062888 0 0.1353662 -0.02999997 0.3631848 -0.02999997 0.3631848 0 0.1353662 0 0.42593 -0.02999997 0.3631848 0 0.42593 -0.02999997 0.6557455 -0.02999997 0.6557455 0 0.42593 0 0.7164842 -0.02999997 0.6557455 0 0.7164842 -0.02999997 0.879646 -0.02999997 0.879646 0 0.7164842 0 1.073012 -0.02999997 0.879646 0 1.073012 -0.02044373 1.072469 -0.03333312 -0.02666676 -0.01333332 -0.4 -0.01249992 -0.007499992 -0.03333312 -0.02666676 -0.01249992 -0.007499992 -0.250447 -0.01608991 0 -0.03999996 -0.04999995 -0.03999996 0 -0.4 0 -0.4 -0.04999995 -0.03999996 -0.04999995 -0.4 -6.38525e-5 -0.250446 0 -0.03999996 -0.04999995 -0.03999996 -6.38525e-5 -0.250446 -0.04999995 -0.03999996 -0.04999995 -0.250447 0.2304469 -0.01999998 0.2304469 0 0.009999811 -0.03000009 0.009999811 -0.03000009 0.2304469 0 -0.00545448 -0.00545448 0.009999811 -0.03000009 -0.00545448 -0.00545448 -0.01999998 -0.4 -0.01999998 -0.4 0 -0.4 0.009999811 -0.03000009 0.9 0.95 0.02499997 0.9366667 0.8721119 0.9036579 0.8721119 0.9036579 0.02499997 0.9366667 -0.02499997 0.93 0.8721119 0.9036579 -0.02499997 0.93 -0.8851689 0.8948761 -0.8851689 0.8948761 -0.02499997 0.93 -0.02499997 0.95 -0.8851689 0.8948761 -0.02499997 0.95 -0.9 0.95 -1 0.85 -0.8851689 0.8948761 -0.9 0.95 -1 -2.35 -0.9536578 0.8221127 -1 0.85 -0.9 -2.45 -0.9448759 -2.335169 -1 -2.35 0.9 -2.45 -0.8721134 -2.403658 -0.9 -2.45 1 -2.35 0.8851698 -2.394876 0.9 -2.45 1 0.85 0.9448762 0.8351694 1 -2.35 1 -2.35 0.9448762 0.8351694 0.9536582 -2.322112 0.9 0.95 0.9448762 0.8351694 1 0.85 0.9 0.95 0.8721119 0.9036579 0.9448762 0.8351694 1 -2.35 0.9536582 -2.322112 0.8851698 -2.394876 0.9 -2.45 0.8851698 -2.394876 -0.8721134 -2.403658 -0.8721134 -2.403658 -0.9448759 -2.335169 -0.9 -2.45 -1 -2.35 -0.9448759 -2.335169 -0.9536578 0.8221127 -0.9536578 0.8221127 -0.8851689 0.8948761 -1 0.85 0.04142093 0 1.725442 0 0.04142093 0.04999995 0.04142093 0.04999995 1.725442 0 1.725442 0.04999995 0.87144 0.03107225 0.92144 0.04311186 0.87144 0.07853996 -0.9448764 0.8351686 -0.8944208 0.7337695 -0.8612673 0.8236544 -0.9448764 0.8351686 -0.8612673 0.8236544 -0.8721126 0.9036576 -0.8721126 0.9036576 -0.8612673 0.8236544 -0.7778012 0.8453471 -0.8944208 0.7337695 -0.9448764 0.8351686 -0.8847207 0.5212759 -0.9536581 -2.322112 -0.9249781 0.4353918 -0.9448764 0.8351686 -0.9448764 0.8351686 -0.9249781 0.4353918 -0.8847207 0.5212759 -0.8944209 -2.266231 -0.9536581 -2.322112 -0.8851695 -2.394876 -0.8944209 -2.266231 -0.8851695 -2.394876 -0.8331543 -2.339886 -0.8331543 -2.339886 -0.8851695 -2.394876 -0.7314372 -2.313423 -0.7314372 -2.313423 -0.8851695 -2.394876 -0.5198397 -2.370897 0.8721125 -2.403658 -0.5198397 -2.370897 -0.8851695 -2.394876 0.8721125 -2.403658 0.8685628 -2.313422 0.7668457 -2.339886 0.8685628 -2.313422 0.8721125 -2.403658 0.9448757 -2.33517 0.8685628 -2.313422 0.9448757 -2.33517 0.8870024 -2.209883 0.8870024 -2.209883 0.9448757 -2.33517 0.9232571 -1.972168 0.8870024 -2.209883 0.9232571 -1.972168 0.8761053 -2.018302 0.9536579 0.8221135 0.9183018 -1.903894 0.9448757 -2.33517 0.9448757 -2.33517 0.9183018 -1.903894 0.9232571 -1.972168 0.9536579 0.8221135 0.8870023 0.7901169 0.8925084 0.7142569 0.8870023 0.7901169 0.9536579 0.8221135 0.8851693 0.8948758 0.8870023 0.7901169 0.8851693 0.8948758 0.8221989 0.8453471 0.8221989 0.8453471 0.8851693 0.8948758 0.7387326 0.8236545 0.7387326 0.8236545 0.8851693 0.8948758 -0.8721126 0.9036576 0.7387326 0.8236545 -0.8721126 0.9036576 -0.7778012 0.8453471 -0.8944208 0.7337695 -0.8847207 0.5212759 -0.8461212 0.6636474 -0.8461212 0.6636474 -0.8847207 0.5212759 -0.7984907 0.5277166 -0.8461212 0.6636474 -0.7984907 0.5277166 -0.7715525 0.6563269 -0.7715525 0.6563269 -0.7984907 0.5277166 -0.7560896 0.4538609 -0.7715525 0.6563269 -0.7560896 0.4538609 -0.7136479 0.7038784 -0.7136479 0.7038784 -0.7560896 0.4538609 -0.2775228 0.1072326 -0.7136479 0.7038784 -0.2775228 0.1072326 -0.1551678 0.2493543 -0.2775228 0.1072326 -0.7560896 0.4538609 -0.2800571 -0.08595705 -0.2800571 -0.08595705 -0.7560896 0.4538609 -0.8038945 0.3716983 -0.2800571 -0.08595705 -0.8038945 0.3716983 -0.7668486 -2.160113 -0.7668486 -2.160113 -0.8038945 0.3716983 -0.8612673 -2.176345 -0.8612673 -2.176345 -0.8038945 0.3716983 -0.8815092 0.3722831 -0.8612673 -2.176345 -0.8815092 0.3722831 -0.9536581 -2.322112 -0.8612673 -2.176345 -0.9536581 -2.322112 -0.8944209 -2.266231 -0.8815092 0.3722831 -0.9249781 0.4353918 -0.9536581 -2.322112 0.7550219 0.4353917 0.7055793 0.7337694 0.2316269 0.1867259 0.2316269 0.1867259 0.7055793 0.7337694 0.06659966 0.2860401 0.06659966 0.2860401 0.7055793 0.7337694 0.7387326 0.8236545 0.06659966 0.2860401 0.7387326 0.8236545 -0.7129977 0.7901168 0.06659966 0.2860401 -0.7129977 0.7901168 -0.1551678 0.2493543 -0.1551678 0.2493543 -0.7129977 0.7901168 -0.7136479 0.7038784 0.7055793 0.7337694 0.7550219 0.4353917 0.7538788 0.6636474 0.7538788 0.6636474 0.7550219 0.4353917 0.7952794 0.5212759 0.7538788 0.6636474 0.7952794 0.5212759 0.8401171 0.6629981 0.8401171 0.6629981 0.7952794 0.5212759 0.8815094 0.5277166 0.8401171 0.6629981 0.8815094 0.5277166 0.8925084 0.7142569 0.8925084 0.7142569 0.8815094 0.5277166 0.9239104 0.4538609 0.9239104 0.4538609 0.9536579 0.8221135 0.8925084 0.7142569 0.9536579 0.8221135 0.9239104 0.4538609 0.9183018 -1.903894 0.9183018 -1.903894 0.9239104 0.4538609 0.8761054 0.3716983 0.9183018 -1.903894 0.8761054 0.3716983 0.8478832 -1.854137 0.8478832 -1.854137 0.8761054 0.3716983 0.2590556 -0.1383647 0.8761054 0.3716983 0.7984909 0.3722831 0.2590556 -0.1383647 0.2590556 -0.1383647 0.7984909 0.3722831 0.2939577 0.0458973 0.2939577 0.0458973 0.7984909 0.3722831 0.7550219 0.4353917 -0.5749781 -2.304608 -0.7063272 -2.221551 -0.7314372 -2.313423 -0.5749781 -2.304608 -0.7314372 -2.313423 -0.5198397 -2.370897 -0.7063272 -2.221551 -0.5749781 -2.304608 -0.5451406 -2.223711 -0.7063272 -2.221551 -0.5451406 -2.223711 -0.7668486 -2.160113 -0.4700202 -2.204188 -0.1754043 -0.2403144 -0.5451406 -2.223711 -0.5451406 -2.223711 -0.1754043 -0.2403144 -0.7668486 -2.160113 -0.1754043 -0.2403144 -0.4700202 -2.204188 -0.03174877 -0.2958203 -0.03174877 -0.2958203 -0.4700202 -2.204188 -0.4116984 -2.253894 -0.03174877 -0.2958203 -0.4116984 -2.253894 0.1204153 -0.2720624 0.1204153 -0.2720624 -0.4116984 -2.253894 0.7550219 -1.954608 0.1204153 -0.2720624 0.7550219 -1.954608 0.7756586 -1.880134 0.1204153 -0.2720624 0.7756586 -1.880134 0.2590556 -0.1383647 0.7550219 -1.954608 -0.4116984 -2.253894 0.7055793 -2.266231 0.7550219 -1.954608 0.7055793 -2.266231 0.7387326 -2.176346 0.7055793 -2.266231 -0.4116984 -2.253894 -0.4279363 -2.346604 0.7055793 -2.266231 -0.4279363 -2.346604 0.7668457 -2.339886 0.7668457 -2.339886 -0.4279363 -2.346604 0.8721125 -2.403658 0.8721125 -2.403658 -0.4279363 -2.346604 -0.5198397 -2.370897 0.2590556 -0.1383647 0.7756586 -1.880134 0.8478832 -1.854137 0.8870024 -2.209883 0.8761053 -2.018302 0.8221992 -2.154653 0.8221992 -2.154653 0.8761053 -2.018302 0.7984907 -2.017717 0.8221992 -2.154653 0.7984907 -2.017717 0.7387326 -2.176346 0.7387326 -2.176346 0.7984907 -2.017717 0.7550219 -1.954608 -0.7668486 -2.160113 -0.1754043 -0.2403144 -0.2800571 -0.08595705 0.2316269 0.1867259 0.2939577 0.0458973 0.7550219 0.4353917 -0.7129977 0.7901168 0.7387326 0.8236545 -0.7778012 0.8453471 -0.3 -0.8175123 -0.35 -0.7952101 -0.3 -0.942478 -0.3 -0.942478 -0.35 -0.7952101 -0.35 -0.942478 -0.3 0.9103632 -0.35 0.8960521 -0.3 0.7532845 -0.3 0.7532845 -0.35 0.8960521 -0.35 0.7389734 -0.3 0.7532845 -0.35 0.7389734 -0.3 0.5604446 -0.3 0.5604446 -0.35 0.7389734 -0.35 0.539965 -0.3 0.5604446 -0.35 0.539965 -0.3 0.3605826 -0.3 0.3605826 -0.35 0.539965 -0.35 0.304345 -0.3 0.3605826 -0.35 0.304345 -0.3 0.1668934 -0.3 0.1668934 -0.35 0.304345 -0.35 0.1106561 -0.3 0.1668934 -0.35 0.1106561 -0.3 -0.06872588 -0.3 -0.06872588 -0.35 0.1106561 -0.35 -0.08920544 -0.3 -0.06872588 -0.35 -0.08920544 -0.3 -0.2677347 -0.3 -0.2677347 -0.35 -0.08920544 -0.35 -0.2820458 -0.3 -0.2677347 -0.35 -0.2820458 -0.3 -0.4248137 -0.3 -0.4248137 -0.35 -0.2820458 -0.35 -0.4391247 -0.3 -0.4248137 -0.35 -0.4391247 -0.3 -0.6185068 -0.3 -0.6185068 -0.35 -0.4391247 -0.35 -0.596205 -0.3 -0.6185068 -0.35 -0.596205 -0.35 -0.7952101 -0.3 -0.6185068 -0.35 -0.7952101 -0.3 -0.8175123 0.3845663 0.04127252 0.2493543 0.1551677 0.2860401 -0.06659966 0.3845663 0.04127252 0.2860401 -0.06659966 0.3536807 -0.1565394 0.2493543 0.1551677 0.3845663 0.04127252 0.3124104 0.2280234 0.2493543 0.1551677 0.3124104 0.2280234 0.1072328 0.2775227 0.1072328 0.2775227 0.3124104 0.2280234 0.1949999 0.33775 0.1072328 0.2775227 0.1949999 0.33775 0.0596652 0.3821449 0.1072328 0.2775227 0.0596652 0.3821449 -0.0859571 0.280057 -0.0859571 0.280057 0.0596652 0.3821449 -0.1394 0.3607801 -0.0859571 0.280057 -0.1394 0.3607801 -0.3011151 0.2427439 -0.0859571 0.280057 -0.3011151 0.2427439 -0.2403141 0.1754046 -0.2403141 0.1754046 -0.3011151 0.2427439 -0.3821449 0.0596649 -0.2403141 0.1754046 -0.3821449 0.0596649 -0.2958202 0.03174912 -0.2958202 0.03174912 -0.3821449 0.0596649 -0.2720625 -0.120415 -0.2720625 -0.120415 -0.3821449 0.0596649 -0.3607804 -0.1393992 -0.2720625 -0.120415 -0.3607804 -0.1393992 -0.1383649 -0.2590556 -0.1383649 -0.2590556 -0.3607804 -0.1393992 -0.275772 -0.275772 -0.1383649 -0.2590556 -0.275772 -0.275772 -0.1565387 -0.353681 -0.1383649 -0.2590556 -0.1565387 -0.353681 0.04589676 -0.2939577 0.04589676 -0.2939577 -0.1565387 -0.353681 0.0412724 -0.3845663 0.04589676 -0.2939577 0.0412724 -0.3845663 0.2280255 -0.3124088 0.04589676 -0.2939577 0.2280255 -0.3124088 0.1867257 -0.2316271 0.1867257 -0.2316271 0.2280255 -0.3124088 0.3536807 -0.1565394 0.1867257 -0.2316271 0.3536807 -0.1565394 0.2860401 -0.06659966 -0.05999994 0.05422544 -0.3 0.04174804 -0.06 -0.1499778 -0.06 -0.1499778 -0.3 0.04174804 -0.3 -0.1624556 -0.06 -0.1499778 -0.3 -0.1624556 -0.06 -0.3541827 -0.06 -0.3541827 -0.3 -0.1624556 -0.3 -0.3666601 -0.06 -0.3541827 -0.3 -0.3666601 -0.05999994 -0.5583854 -0.05999994 -0.5583854 -0.3 -0.3666601 -0.3 -0.570863 -0.05999994 -0.5583854 -0.3 -0.570863 -0.06 -0.7625875 -0.06 -0.7625875 -0.3 -0.570863 -0.3 -0.775065 -0.06 -0.7625875 -0.3 -0.775065 -0.06 -0.918916 -0.06 -0.918916 -0.3 -0.775065 -0.3 -0.918916 -0.06 -0.918916 -0.3 -0.918916 -0.06 -1.068894 -0.06 -1.068894 -0.3 -0.918916 -0.3 -1.081371 -0.06 -1.068894 -0.3 -1.081371 -0.06 -1.225221 -0.06 -1.225221 -0.3 -1.081371 -0.3 -1.225221 -0.06 1.177346 -0.3 1.164869 -0.06 0.9731433 -0.06 0.9731433 -0.3 1.164869 -0.3 0.9606661 -0.06 0.9731433 -0.3 0.9606661 -0.05999994 0.7689388 -0.05999994 0.7689388 -0.3 0.9606661 -0.3 0.756461 -0.05999994 0.7689388 -0.3 0.756461 -0.06 0.5647359 -0.06 0.5647359 -0.3 0.756461 -0.3 0.5522584 -0.06 0.5647359 -0.3 0.5522584 -0.06 0.3605355 -0.06 0.3605355 -0.3 0.5522584 -0.3 0.408407 -0.06 0.3605355 -0.3 0.408407 -0.3 0.2459478 -0.06 0.3605355 -0.3 0.2459478 -0.06 0.204204 -0.06 0.204204 -0.3 0.2459478 -0.05999994 0.05422544 -0.05999994 0.05422544 -0.3 0.2459478 -0.3 0.04174804 0.04242599 0.8346864 -0.04242599 0.7181307 0.04242599 0.6147747 0.04242599 0.6147747 -0.04242599 0.7181307 -0.04242599 0.4982204 0.04242599 0.6147747 -0.04242599 0.4982204 0.04242599 0.3948614 0.04242599 0.3948614 -0.04242599 0.4982204 -0.04242599 0.2783064 0.04242599 0.3948614 -0.04242599 0.2783064 0.04242599 0.219911 0.04242599 0.219911 -0.04242599 0.2783064 0.04242599 0.06499487 0.04242599 0.06499487 -0.04242599 0.2783064 -0.04242599 0.05839681 0.04242599 0.06499487 -0.04242599 0.05839681 0.04242599 -0.1549178 0.04242599 -0.1549178 -0.04242599 0.05839681 -0.04242599 -0.1615137 0.04242599 -0.1549178 -0.04242599 -0.1615137 0.04242599 -0.3748301 0.04242599 -0.3748301 -0.04242599 -0.1615137 -0.04242599 -0.329867 0.04242599 -0.3748301 -0.04242599 -0.329867 -0.04242599 -0.4913822 0.04242599 -0.3748301 -0.04242599 -0.4913822 0.04242599 -0.549779 0.04242599 -0.549779 -0.04242599 -0.4913822 0.04242599 -0.7046962 0.04242599 -0.7046962 -0.04242599 -0.4913822 -0.04242599 -0.7112914 0.04242599 -0.7046962 -0.04242599 -0.7112914 0.04242599 -0.9246064 0.04242599 -0.9246064 -0.04242599 -0.7112914 -0.04242599 -0.9312033 0.04242599 -0.9246064 -0.04242599 -0.9312033 0.04242599 -1.144518 0.04242599 -1.144518 -0.04242599 -0.9312033 -0.04242599 -1.151115 0.04242599 -1.144518 -0.04242599 -1.151115 0.04242599 -1.319469 0.04242599 -1.319469 -0.04242599 -1.151115 -0.04242599 -1.319469 0.04242599 1.27451 -0.04242599 1.267911 0.04242599 1.054596 0.04242599 1.054596 -0.04242599 1.267911 -0.04242599 1.048004 0.04242599 1.054596 -0.04242599 1.048004 0.04242599 0.8346864 0.04242599 0.8346864 -0.04242599 1.048004 -0.04242599 0.879646 0.04242599 0.8346864 -0.04242599 0.879646 -0.04242599 0.7181307 -0.2 -0.2760013 0 -0.2629247 -0.2 -0.1917724 -0.2 -0.1917724 0 -0.2629247 0 -0.1855518 -0.2 -0.1917724 0 -0.1855518 0 -0.102531 -0.2 -0.1917724 0 -0.102531 -0.2 -0.07472366 -0.2 -0.07472366 0 -0.102531 0 0.004037737 -0.2 -0.07472366 0 0.004037737 -0.2 0.04292684 -0.2 0.04292684 0 0.004037737 0 0.09719192 -0.2 0.04292684 0 0.09719192 -0.2 0.1384285 -0.2 0.1384285 0 0.09719192 0 0.1917728 -0.2 0.1384285 0 0.1917728 -0.2 0.2088568 -0.2 0.2088568 0 0.1917728 -0.2 0.2688177 -0.2 0.2688177 0 0.1917728 0 0.2731111 1 0.29 0.8847208 0.3787231 0.7875468 0.3013892 1 0.61 0.9278284 0.4531629 1 0.29 1 0.29 0.9278284 0.4531629 0.8847208 0.3787231 0.7875469 0.5986108 0.8998664 0.5143414 1 0.61 0.7875469 0.5986108 0.83709 0.5380592 0.8998664 0.5143414 0.83709 0.5380592 0.7875469 0.5986108 0.7654986 0.4884225 0.7654986 0.4884225 0.7875469 0.5986108 0.7018362 0.5237921 0.7654986 0.4884225 0.7018362 0.5237921 0.6979291 0.3912397 0.7654986 0.4884225 0.6979291 0.3912397 0.7833964 0.3879363 0.7833964 0.3879363 0.6979291 0.3912397 0.7875468 0.3013892 0.7833964 0.3879363 0.7875468 0.3013892 0.8847208 0.3787231 0.8998664 0.5143414 0.9278284 0.4531629 1 0.61 -1 0.61 -0.8546084 0.534978 -0.7704203 0.5880438 -1 0.29 -0.9220503 0.4679903 -1 0.61 -0.7704202 0.3119563 -0.8897577 0.379581 -1 0.29 -0.7704202 0.3119563 -0.8038942 0.3716983 -0.8897577 0.379581 -0.8038942 0.3716983 -0.7704202 0.3119563 -0.6919879 0.3928099 -0.8038942 0.3716983 -0.6919879 0.3928099 -0.7560896 0.4538608 -0.7560896 0.4538608 -0.6919879 0.3928099 -0.6890034 0.4906538 -0.7560896 0.4538608 -0.6890034 0.4906538 -0.7873807 0.5220959 -0.7873807 0.5220959 -0.6890034 0.4906538 -0.7704203 0.5880438 -0.7873807 0.5220959 -0.7704203 0.5880438 -0.8546084 0.534978 -0.8897577 0.379581 -0.9220503 0.4679903 -1 0.29 -1 0.61 -0.9220503 0.4679903 -0.8546084 0.534978 0.33 -2.45 0.4155198 -2.336654 0.3519548 -2.220422 0.3519548 -2.220422 0.4155198 -2.336654 0.4091029 -2.26016 0.65 -2.45 0.4938609 -2.37391 0.33 -2.45 0.638611 -2.237547 0.5708979 -2.319836 0.65 -2.45 0.65 -2.45 0.5708979 -2.319836 0.4938609 -2.37391 0.638611 -2.237547 0.5562886 -2.234859 0.5708979 -2.319836 0.5562886 -2.234859 0.638611 -2.237547 0.5835491 -2.161833 0.5562886 -2.234859 0.5835491 -2.161833 0.4753918 -2.205022 0.4753918 -2.205022 0.5835491 -2.161833 0.4700118 -2.137563 0.4753918 -2.205022 0.4700118 -2.137563 0.3519548 -2.220422 0.4753918 -2.205022 0.3519548 -2.220422 0.4091029 -2.26016 0.4938609 -2.37391 0.4155198 -2.336654 0.33 -2.45 -1 -1.78 -0.8546082 -1.855022 -0.7740165 -1.800732 -1 -2.1 -0.9208971 -1.91016 -1 -1.78 -0.7875472 -2.088611 -0.8966038 -2.002064 -1 -2.1 -0.7875472 -2.088611 -0.8038943 -2.018302 -0.8966038 -2.002064 -0.8038943 -2.018302 -0.7875472 -2.088611 -0.7118325 -2.033549 -0.8038943 -2.018302 -0.7118325 -2.033549 -0.7541366 -1.947883 -0.7541366 -1.947883 -0.7118325 -2.033549 -0.6875624 -1.920012 -0.7541366 -1.947883 -0.6875624 -1.920012 -0.7801337 -1.875658 -0.7801337 -1.875658 -0.6875624 -1.920012 -0.7740165 -1.800732 -0.7801337 -1.875658 -0.7740165 -1.800732 -0.8546082 -1.855022 -1 -2.1 -0.8966038 -2.002064 -0.9208971 -1.91016 -1 -1.78 -0.9208971 -1.91016 -0.8546082 -1.855022 -0.2 -0.2670971 0 -0.2629245 -0.2 -0.1802132 -0.2 -0.1802132 0 -0.2629245 0 -0.1855518 -0.2 -0.1802132 0 -0.1855518 0 -0.102531 -0.2 -0.1802132 0 -0.102531 -0.2 -0.07472348 -0.2 -0.07472348 0 -0.102531 0 -0.03319519 -0.2 -0.07472348 0 -0.03319519 -0.2 0.03184729 -0.2 0.03184729 0 -0.03319519 0 0.038841 -0.2 0.03184729 0 0.038841 -0.1999999 0.1260938 -0.1999999 0.1260938 0 0.038841 0 0.1330885 -0.1999999 0.1260938 0 0.1330885 -0.1999999 0.2088567 -0.1999999 0.2088567 0 0.1330885 0 0.2152583 -0.1999999 0.2088567 0 0.2152583 -0.2 0.2688174 -0.2 0.2688174 0 0.2152583 0 0.2731107 -0.2 0.2203405 0 0.2731107 -0.2 0.282743 -0.2 -0.2508993 0 -0.2629243 0 -0.1732192 -0.2 -0.2508993 0 -0.1732192 -0.1999999 -0.1454098 -0.1999999 -0.1454098 0 -0.1732192 0 -0.0666483 -0.1999999 -0.1454098 0 -0.0666483 -0.2 -0.05032336 -0.2 -0.05032336 0 -0.0666483 -0.2 0.03184747 -0.2 0.03184747 0 -0.0666483 0 0.03884136 -0.2 0.03184747 0 0.03884136 -0.2 0.1260938 -0.2 0.1260938 0 0.03884136 0 0.1207544 -0.2 0.1260938 0 0.1207544 0 0.2037746 -0.2 0.1260938 0 0.2037746 -0.2 0.2203405 -0.2 0.2203405 0 0.2037746 0 0.2731107 -0.2 -0.2702499 0 -0.2629244 -0.1999999 -0.1802132 -0.1999999 -0.1802132 0 -0.2629244 0 -0.1855517 -0.1999999 -0.1802132 0 -0.1855517 0 -0.102531 -0.1999999 -0.1802132 0 -0.102531 -0.2 -0.08596599 -0.2 -0.08596599 0 -0.102531 0 0.004037737 -0.2 -0.08596599 0 0.004037737 -0.2 0.01952618 -0.2 0.01952618 0 0.004037737 0 0.09719187 -0.2 0.01952618 0 0.09719187 -0.2 0.1260936 -0.2 0.1260936 0 0.09719187 0 0.1917726 -0.2 0.1260936 0 0.1917726 -0.2 0.1981271 -0.2 0.1981271 0 0.1917726 -0.2 0.256237 -0.2 0.256237 0 0.1917726 0 0.2731107 0 -0.15 0 -0.01999998 -0.16 -0.15 -0.16 -0.15 0 -0.01999998 -0.16 -0.01999998 -0.15 0.305558 -0.01999998 0.2992914 -0.01999998 0.3966317 -0.15 0.305558 -0.01999998 0.3966317 -0.15 0.4241147 -0.15 0.4241147 -0.01999998 0.3966317 -0.01999998 0.4804034 -0.15 0.4241147 -0.01999998 0.4804034 -0.15 0.5654395 -0.15 0.5654395 -0.01999998 0.4804034 -0.01999998 0.5654833 -0.15 0.5654395 -0.01999998 0.5654833 -0.01999998 0.6867032 -0.15 0.5654395 -0.01999998 0.6867032 -0.15 0.699751 -0.276826 -0.15 -0.1168259 -0.15 -0.276826 -0.01999998 -0.276826 -0.01999998 -0.1168259 -0.15 -0.1168259 -0.01999998 0.01414191 -0.07999998 -0.002585053 0.06817197 -0.01414191 -0.07999998 -0.01414191 0.5850332 0.01414191 0.6074333 -0.01414191 0.6884562 -0.01414191 0.6884562 0.01414191 0.6074333 0.01414191 0.7510362 -0.01414191 0.6884562 0.01414191 0.7510362 -0.01414191 0.7774636 -0.01414191 0.7774636 0.01414191 0.7510362 -0.001981496 0.8678616 -0.01414191 0.996658 -0.001981496 0.8678616 0.01414191 0.9947801 -0.01414191 0.07999998 -0.002585113 -0.06817197 0.01414191 0.07999998 3.06 -0.01999998 3.06 -0.15 3.3 -0.01999998 3.3 -0.01999998 3.06 -0.15 3.3 -0.4 3.3 -0.4 3.06 -0.15 2.74 -0.15 3.3 -0.4 2.74 -0.15 0.1 -0.4 0.1 -0.4 2.74 -0.15 0.1 -0.01999998 0.1 -0.01999998 2.74 -0.15 2.74 -0.01999998 -0.07071095 -0.155 0.07071095 -0.155 -0.07071095 0.225 -0.07071095 0.225 0.07071095 -0.155 0.07071095 0.225 1.025 -0.4 1.9 -0.4 1.025 -0.01999998 1.025 -0.01999998 1.9 -0.4 1.9 -0.01999998 0.975 -0.01999998 0.1 -0.01999998 0.975 -0.4 0.975 -0.4 0.1 -0.01999998 0.1 -0.4 3.05 -0.01999998 3.05 -0.15 3.3 -0.01999998 3.3 -0.01999998 3.05 -0.15 3.3 -0.4 3.3 -0.4 3.05 -0.15 2.73 -0.15 3.3 -0.4 2.73 -0.15 0.1 -0.4 0.1 -0.4 2.73 -0.15 0.66 -0.15 0.1 -0.4 0.66 -0.15 0.34 -0.15 2.73 -0.01999998 0.66 -0.01999998 2.73 -0.15 2.73 -0.15 0.66 -0.01999998 0.66 -0.15 0.34 -0.01999998 0.1 -0.01999998 0.34 -0.15 0.34 -0.15 0.1 -0.01999998 0.1 -0.4 0.01414191 -0.07999998 -0.002585172 0.06817191 -0.01414191 -0.07999998 -0.238948 -0.15 -0.07894796 -0.15 -0.238948 -0.01999998 -0.238948 -0.01999998 -0.07894796 -0.15 -0.07894796 -0.01999998 -0.1499999 -0.1970971 -0.01999998 -0.1840489 -0.15 -0.100903 -0.15 -0.100903 -0.01999998 -0.1840489 -0.01999998 -0.06413543 -0.15 -0.100903 -0.01999998 -0.06413543 -0.1499999 0.02089685 -0.1499999 0.02089685 -0.01999998 -0.06413543 -0.01999998 0.04310148 -0.1499999 0.02089685 -0.01999998 0.04310148 -0.15 0.1805606 -0.15 0.1805606 -0.01999998 0.04310148 -0.01999998 0.1837232 0 -0.01999998 -0.16 -0.01999998 0 -0.15 0 -0.15 -0.16 -0.01999998 -0.16 -0.15 -0.01414191 0.07999998 1.23489e-4 -0.07008731 0.01414191 0.07999998 -0.01414191 0.07148373 0.01414191 0.03345769 0.01414191 0.1072116 -0.01414191 0.07148373 0.01414191 0.1072116 0.01414191 0.2381798 -0.01414191 0.07148373 0.01414191 0.2381798 -0.01414191 0.198892 -0.01414191 0.198892 0.01414191 0.2381798 -0.01414191 0.3128303 -0.01414191 0.3128303 0.01414191 0.2381798 0.01414191 0.374246 -0.01414191 0.3128303 0.01414191 0.374246 -0.01414191 0.4622412 -0.01414191 0.4622412 0.01414191 0.374246 0.01414191 0.4764075 0.01414191 -0.07999998 0.001269042 0.07089734 -0.01414191 -0.07999998 -0.2388679 -0.15 -0.07886797 -0.15 -0.2388679 -0.01999998 -0.2388679 -0.01999998 -0.07886797 -0.15 -0.07886797 -0.01999998 -0.15 -0.1766722 -0.01999998 -0.1840485 -0.01999998 -0.06413519 -0.15 -0.1766722 -0.01999998 -0.06413519 -0.15 -0.05901604 -0.15 -0.05901604 -0.01999998 -0.06413519 -0.01999998 0.01964068 -0.15 -0.05901604 -0.01999998 0.01964068 -0.15 0.04207789 -0.15 0.04207789 -0.01999998 0.01964068 -0.01999998 0.1259464 -0.15 0.04207789 -0.01999998 0.1259464 -0.15 0.1766722 -0.15 0.1766722 -0.01999998 0.1259464 -0.01999998 0.222252 0 -0.15 0 -0.01999998 -0.16 -0.15 -0.16 -0.15 0 -0.01999998 -0.16 -0.01999998 -0.01414191 0.07999998 -0.002585053 -0.06817197 0.01414191 0.07999998 -0.01414191 0.07148414 0.01414191 0.07336235 -0.001101613 0.1976612 -0.001101613 0.1976612 0.01414191 0.311253 -0.01414191 0.2879033 -0.01414191 0.2879033 0.01414191 0.311253 -0.01414191 0.4008532 -0.01414191 0.4008532 0.01414191 0.311253 0.01414191 0.4607079 -0.01414191 0.4008532 0.01414191 0.4607079 -0.01414191 0.5031782 -0.07071095 -0.155 0.07071095 -0.155 -0.07071095 0.225 -0.07071095 0.225 0.07071095 -0.155 0.07071095 0.225 1.33 -0.01999998 0.1 -0.01999998 1.33 -0.15 1.33 -0.15 0.1 -0.01999998 0.1 -0.4 1.33 -0.15 0.1 -0.4 1.9 -0.4 1.33 -0.15 1.9 -0.4 1.65 -0.15 1.65 -0.15 1.9 -0.4 1.9 -0.01999998 1.65 -0.15 1.9 -0.01999998 1.65 -0.01999998 -0.01414191 0.07999998 -0.003142654 -0.06777775 0.01414191 0.07999998 -0.01414191 0.3385189 0.01414191 0.3403982 0.01414191 0.4840017 -0.01414191 0.3385189 0.01414191 0.4840017 -0.01414191 0.4659269 -0.01414191 0.4659269 0.01414191 0.4840017 -0.01414191 0.5782735 -0.01414191 0.5782735 0.01414191 0.4840017 0.01414191 0.6008294 -0.01414191 0.5782735 0.01414191 0.6008294 -0.01414191 0.7296236 -0.01414191 0.7296236 0.01414191 0.6008294 0.01414191 0.7277436 0.01414191 -0.07999998 -0.003142654 0.06777775 -0.01414191 -0.07999998 -0.189998 -0.15 -0.029998 -0.15 -0.189998 -0.01999998 -0.189998 -0.01999998 -0.029998 -0.15 -0.029998 -0.01999998 -0.15 0.05423069 -0.01999998 0.06727898 -0.15 0.1504247 -0.15 0.1504247 -0.01999998 0.06727898 -0.01999998 0.1871922 -0.15 0.1504247 -0.01999998 0.1871922 -0.15 0.2722244 -0.15 0.2722244 -0.01999998 0.1871922 -0.01999998 0.2929294 -0.15 0.2722244 -0.01999998 0.2929294 -0.1499999 0.4280019 -0.1499999 0.4280019 -0.01999998 0.2929294 -0.01999998 0.4353774 0 -0.15 0 -0.01999998 -0.16 -0.15 -0.16 -0.15 0 -0.01999998 -0.16 -0.01999998 -0.07071095 -0.155 0.07071095 -0.155 -0.07071095 0.225 -0.07071095 0.225 0.07071095 -0.155 0.07071095 0.225 -0.07071095 -0.155 0.07071095 -0.155 -0.07071095 0.225 -0.07071095 0.225 0.07071095 -0.155 0.07071095 0.225 0.8714401 0.03542846 0.92144 0 0.9214401 0.0474677 3.125442 0.04999995 0.04142093 0.04999995 3.125442 0 3.125442 0 0.04142093 0.04999995 0.04142093 0 0.8714401 0.0310713 0.92144 0.04311257 0.87144 0.07853996 0.87144 0.0354281 0.92144 0 0.92144 0.04746705 0.04142093 0 1.725442 0 0.04142093 0.04999995 0.04142093 0.04999995 1.725442 0 1.725442 0.04999995 0.87144 0.03107196 0.92144 0.04311233 0.87144 0.07853996 0.87144 0.03542685 0.92144 0 0.92144 0.04746806 0.04142093 0 3.125442 0 0.04142093 0.04999995 0.04142093 0.04999995 3.125442 0 3.125442 0.04999995 0.8714401 0.03107303 0.92144 0.04311192 0.87144 0.07853996 0.8714399 0.03542757 0.92144 0 0.92144 0.04746848 -0.35 0.2448229 0 0.3034566 -0.35 0.314159 -0.35 -0.2912513 0 -0.292139 -0.35 -0.200236 -0.35 -0.200236 0 -0.292139 0 -0.2061684 -0.35 -0.200236 0 -0.2061684 0 -0.1139231 -0.35 -0.200236 0 -0.1139231 -0.35 -0.1079907 -0.35 -0.1079907 0 -0.1139231 -0.35 -0.02945119 -0.35 -0.02945119 0 -0.1139231 0 -0.03688412 -0.35 -0.02945119 0 -0.03688412 0 0.04315638 -0.35 -0.02945119 0 0.04315638 -0.35 0.04908865 -0.35 0.04908865 0 0.04315638 -0.35 0.140105 -0.35 0.140105 0 0.04315638 0 0.1341723 -0.35 0.140105 0 0.1341723 0 0.2264158 -0.35 0.140105 0 0.2264158 -0.35 0.2448229 -0.35 0.2448229 0 0.2264158 0 0.3034566 -0.35 0.2448229 0 0.303457 -0.35 0.314159 -0.35 -0.2912516 0 -0.2921392 -0.35 -0.200236 -0.35 -0.200236 0 -0.2921392 0 -0.2061684 -0.35 -0.200236 0 -0.2061684 0 -0.1276288 -0.35 -0.200236 0 -0.1276288 -0.35 -0.1201956 -0.35 -0.1201956 0 -0.1276288 -0.35 -0.0431568 -0.35 -0.0431568 0 -0.1276288 0 -0.04908925 -0.35 -0.0431568 0 -0.04908925 0 0.04315632 -0.35 -0.0431568 0 0.04315632 -0.35 0.04908871 -0.35 0.04908871 0 0.04315632 -0.35 0.140105 -0.35 0.140105 0 0.04315632 0 0.1341723 -0.35 0.140105 0 0.1341723 0 0.2264157 -0.35 0.140105 0 0.2264157 -0.35 0.2448229 -0.35 0.2448229 0 0.2264157 0 0.303457 -0.35 0.2448231 0 0.3034567 -0.35 0.314159 -0.35 -0.2912514 0 -0.2921389 -0.35 -0.200236 -0.35 -0.200236 0 -0.2921389 0 -0.1924647 -0.35 -0.200236 0 -0.1924647 -0.35 -0.1201955 -0.35 -0.1201955 0 -0.1924647 0 -0.07473045 -0.35 -0.1201955 0 -0.07473045 -0.35 -0.04315674 -0.35 -0.04315674 0 -0.07473045 0 0.04315638 -0.35 -0.04315674 0 0.04315638 -0.35 0.04908859 -0.35 0.04908859 0 0.04315638 -0.35 0.1401048 -0.35 0.1401048 0 0.04315638 0 0.134172 -0.35 0.1401048 0 0.134172 0 0.2264159 -0.35 0.1401048 0 0.2264159 -0.35 0.2448231 -0.35 0.2448231 0 0.2264159 0 0.3034567 -0.35 0.2448232 0 0.3034572 -0.35 0.314159 -0.35 -0.2912517 0 -0.2921393 -0.35 -0.200236 -0.35 -0.200236 0 -0.2921393 0 -0.1924647 -0.35 -0.200236 0 -0.1924647 -0.35 -0.1079907 -0.35 -0.1079907 0 -0.1924647 0 -0.07473045 -0.35 -0.1079907 0 -0.07473045 -0.35 -0.02945119 -0.35 -0.02945119 0 -0.07473045 0 0.02945232 -0.35 -0.02945119 0 0.02945232 -0.35 0.04908859 -0.35 0.04908859 0 0.02945232 0 0.1216978 -0.35 0.04908859 0 0.1216978 -0.35 0.1401048 -0.35 0.1401048 0 0.1216978 0 0.2264158 -0.35 0.1401048 0 0.2264158 -0.35 0.2448232 -0.35 0.2448232 0 0.2264158 0 0.3034572 0.27 0.93 0.7387326 0.8236545 0.891716 0.93 0.891716 0.93 0.7387326 0.8236545 0.8221989 0.8453471 0.27 0.73 0.2718006 0.6417106 0.27 0.93 0.27 0.93 0.2718006 0.6417106 0.4988283 0.4827648 0.27 0.93 0.4988283 0.4827648 0.7055793 0.7337694 0.7055793 0.7337694 0.4988283 0.4827648 0.7538788 0.6636474 0.7538788 0.6636474 0.4988283 0.4827648 0.6629336 0.2048706 0.7538788 0.6636474 0.6629336 0.2048706 0.8401171 0.6629981 0.8401171 0.6629981 0.6629336 0.2048706 0.98 -0.355 0.8401171 0.6629981 0.98 -0.355 0.8925084 0.7142569 0.8925084 0.7142569 0.98 -0.355 0.98 0.841716 0.8925084 0.7142569 0.98 0.841716 0.8870022 0.7901168 0.8870022 0.7901168 0.98 0.841716 0.891716 0.93 0.8870022 0.7901168 0.891716 0.93 0.8221989 0.8453471 -0.27 0.73 0.07519924 0.6947469 0.27 0.73 0.27 0.73 0.07519924 0.6947469 0.2718006 0.6417106 -0.27 0.93 -0.4228145 0.5540192 -0.27 0.73 -0.27 0.73 -0.4228145 0.5540192 -0.1715578 0.6726384 -0.891716 0.93 -0.7778012 0.8453471 -0.27 0.93 -0.27 0.93 -0.7778012 0.8453471 -0.7129977 0.7901168 -0.98 0.841716 -0.8612673 0.8236544 -0.891716 0.93 -0.98 -0.355 -0.8944208 0.7337695 -0.98 0.841716 -0.98 -0.355 -0.6221637 -0.3530368 -0.6926925 -0.04532933 -0.4329151 -0.5420729 -0.5785776 -0.3957428 -0.600858 -1.424142 -0.4329151 -0.5420729 -0.600858 -1.424142 -0.2110027 -0.6660942 -0.2110027 -0.6660942 -0.600858 -1.424142 0.04449987 -0.6922132 0.04449987 -0.6922132 -0.600858 -1.424142 0.5960643 -1.419348 0.04449987 -0.6922132 0.5960643 -1.419348 0.330988 -0.6129807 0.330988 -0.6129807 0.5960643 -1.419348 0.495338 -0.4927864 0.495338 -0.4927864 0.5960643 -1.419348 0.5987188 -0.3764865 0.6464937 -0.2633716 0.5987188 -0.3764865 0.98 -0.355 0.6464937 -0.2633716 0.98 -0.355 0.6958171 -0.05567407 0.6958171 -0.05567407 0.98 -0.355 0.6629336 0.2048706 -0.600858 -1.424142 -0.7063272 -2.221551 0.7055793 -2.266231 0.7055793 -2.266231 -0.7063272 -2.221551 -0.7314372 -2.313423 0.7055793 -2.266231 -0.7314372 -2.313423 0.7668457 -2.339886 0.7668457 -2.339886 -0.7314372 -2.313423 0.891716 -2.43 0.891716 -2.43 -0.7314372 -2.313423 -0.891716 -2.43 -0.891716 -2.43 -0.7314372 -2.313423 -0.8331543 -2.339886 -0.98 -1.445 -0.7668486 -2.160113 -0.600858 -1.424142 -0.98 -2.341716 -0.8612673 -2.176345 -0.98 -1.445 -0.891716 -2.43 -0.8944209 -2.266231 -0.98 -2.341716 0.98 -2.341716 0.8685628 -2.313422 0.891716 -2.43 0.98 -1.445 0.8870024 -2.209883 0.98 -2.341716 0.5960643 -1.419348 0.8221992 -2.154653 0.98 -1.445 0.5960643 -1.419348 0.7055793 -2.266231 0.7387326 -2.176346 -0.98 0.841716 -0.8944208 0.7337695 -0.8612673 0.8236544 -0.891716 0.93 -0.8612673 0.8236544 -0.7778012 0.8453471 -0.27 0.93 -0.7129977 0.7901168 -0.4228145 0.5540192 -0.4228145 0.5540192 -0.7129977 0.7901168 -0.7136479 0.7038784 -0.4228145 0.5540192 -0.7136479 0.7038784 -0.5654944 0.4105399 -0.5654944 0.4105399 -0.7136479 0.7038784 -0.7715525 0.6563269 -0.5654944 0.4105399 -0.7715525 0.6563269 -0.6578161 0.2301711 -0.6578161 0.2301711 -0.7715525 0.6563269 -0.8461212 0.6636474 -0.6578161 0.2301711 -0.8461212 0.6636474 -0.6926925 -0.04532933 -0.6926925 -0.04532933 -0.8461212 0.6636474 -0.98 -0.355 -0.98 -0.355 -0.8461212 0.6636474 -0.8944208 0.7337695 0.7055793 0.7337694 0.7387326 0.8236545 0.27 0.93 -0.98 -2.341716 -0.8944209 -2.266231 -0.8612673 -2.176345 -0.98 -1.445 -0.8612673 -2.176345 -0.7668486 -2.160113 -0.600858 -1.424142 -0.7668486 -2.160113 -0.7063272 -2.221551 -0.8331543 -2.339886 -0.8944209 -2.266231 -0.891716 -2.43 -0.600858 -1.424142 0.7055793 -2.266231 0.5960643 -1.419348 0.5960643 -1.419348 0.7387326 -2.176346 0.8221992 -2.154653 0.8221992 -2.154653 0.8870024 -2.209883 0.98 -1.445 0.8870024 -2.209883 0.8685628 -2.313422 0.98 -2.341716 0.891716 -2.43 0.8685628 -2.313422 0.7668457 -2.339886 -0.27 0.73 -0.1715578 0.6726384 0.07519924 0.6947469 0.4654157 -0.1720203 0.4907182 0.073475 0.3478499 0.05431181 0.3478499 0.05431181 0.4907182 0.073475 0.3946233 0.3007907 0.3478499 0.05431181 0.3946233 0.3007907 0.2740924 0.2209582 0.2740924 0.2209582 0.3946233 0.3007907 0.267913 0.422164 0.2740924 0.2209582 0.267913 0.422164 0.1268923 0.3284016 0.1268923 0.3284016 0.267913 0.422164 0.08176225 0.4894049 0.1268923 0.3284016 0.08176225 0.4894049 -0.05430692 0.3478506 -0.05430692 0.3478506 0.08176225 0.4894049 -0.1641235 0.4682592 -0.05430692 0.3478506 -0.1641235 0.4682592 -0.1775 0.307439 -0.1775 0.307439 -0.1641235 0.4682592 -0.318712 0.385257 -0.1775 0.307439 -0.318712 0.385257 -0.2843705 0.2075635 -0.2843705 0.2075635 -0.318712 0.385257 -0.4401863 0.2289942 -0.2843705 0.2075635 -0.4401863 0.2289942 -0.3500543 0.03756737 -0.3500543 0.03756737 -0.4401863 0.2289942 -0.496057 -0.01139056 -0.3500543 0.03756737 -0.496057 -0.01139056 -0.3219404 -0.1424909 -0.3219404 -0.1424909 -0.496057 -0.01139056 -0.464888 -0.184062 -0.3219404 -0.1424909 -0.464888 -0.184062 -0.3538113 -0.3478799 -0.3219404 -0.1424909 -0.3538113 -0.3478799 -0.2075639 -0.2843702 -0.2075639 -0.2843702 -0.3538113 -0.3478799 -0.1424577 -0.4752988 -0.2075639 -0.2843702 -0.1424577 -0.4752988 0.01148599 -0.3473442 0.01148599 -0.3473442 -0.1424577 -0.4752988 0.1041409 -0.485136 0.01148599 -0.3473442 0.1041409 -0.485136 0.2209596 -0.2740914 0.2209596 -0.2740914 0.1041409 -0.485136 0.3249771 -0.3749568 0.2209596 -0.2740914 0.3249771 -0.3749568 0.3284028 -0.1268894 0.3284028 -0.1268894 0.3249771 -0.3749568 0.4654157 -0.1720203 0.3284028 -0.1268894 0.4654157 -0.1720203 0.3478499 0.05431181 0 0.06933623 -0.45 -0.01697492 0 -0.02290737 0 -0.02290737 -0.45 -0.01697492 0 -0.1139236 0 -0.1139236 -0.45 -0.01697492 -0.45 -0.1079913 0 -0.1139236 -0.45 -0.1079913 -0.45 -0.1865311 0 -0.1139236 -0.45 -0.1865311 0 -0.1939643 0 -0.1939643 -0.45 -0.1865311 0 -0.2710022 0 -0.2710022 -0.45 -0.1865311 -0.45 -0.2650697 0 -0.2710022 -0.45 -0.2650697 -0.45 -0.314159 0 0.314159 -0.45 0.2710026 0 0.2650703 0 0.2650703 -0.45 0.2710026 0 0.1740549 0 0.1740549 -0.45 0.2710026 -0.45 0.1799875 0 0.1740549 -0.45 0.1799875 -0.45 0.08774363 0 0.1740549 -0.45 0.08774363 0 0.06933623 0 0.06933623 -0.45 0.08774363 -0.45 -0.01697492 -0.96 -1.495 -0.8422631 -1.871509 -0.618308 -1.495 -0.618308 -1.495 -0.8422631 -1.871509 -0.7884424 -1.897113 -0.96 -2.333431 -0.90255 -1.95925 -0.96 -1.495 -0.96 -1.495 -0.90255 -1.95925 -0.8900313 -1.893171 -0.883431 -2.41 -0.8870019 -2.290117 -0.96 -2.333431 0.883431 -2.41 0.4838686 -2.356783 -0.883431 -2.41 0.96 -2.333431 0.8953471 -2.272199 0.883431 -2.41 0.883431 -2.41 0.8953471 -2.272199 0.8401169 -2.337002 0.96 -1.495 0.8736546 -2.188733 0.96 -2.333431 0.96 -2.333431 0.8736546 -2.188733 0.8953471 -2.272199 0.53 -1.495 0.7837694 -2.15558 0.96 -1.495 0.53 -0.305 0.07111984 -0.2341811 0.53 -1.495 0.96 -0.305 0.8079758 0.3896108 0.53 -0.305 0.53 -0.305 0.8079758 0.3896108 0.7739056 0.438638 0.96 0.833431 0.9067435 0.4344634 0.96 -0.305 0.883431 0.91 0.8736545 0.8112673 0.96 0.833431 0.96 0.833431 0.8736545 0.8112673 0.8953471 0.7278013 -0.883431 0.91 0.25 0.85 0.883431 0.91 0.883431 0.91 0.25 0.85 0.7837695 0.8444207 -0.96 0.833431 -0.8863525 0.7961212 -0.883431 0.91 -0.883431 0.91 -0.8863525 0.7961212 -0.8162305 0.8444208 -0.96 -0.312137 -0.9060944 0.4386381 -0.96 0.833431 -0.96 0.833431 -0.9060944 0.4386381 -0.8870019 0.709883 -0.8870019 0.709883 -0.9060944 0.4386381 -0.8748682 0.5053041 -0.8870019 0.709883 -0.8748682 0.5053041 -0.8357431 0.6574916 -0.53 -0.312137 -0.8119177 0.3890994 -0.96 -0.312137 -0.530519 -1.363816 -0.115304 -0.2158792 -0.53 -0.312137 -0.53 -0.312137 -0.115304 -0.2158792 -0.2267183 -0.1003451 -0.530519 -1.363816 -0.7263454 -2.188733 -0.7046529 -2.272199 -0.530519 -1.363816 -0.7046529 -2.272199 0.4270803 -2.266792 0.4270803 -2.266792 -0.7046529 -2.272199 0.431818 -2.326206 0.431818 -2.326206 -0.7046529 -2.272199 -0.7598832 -2.337002 0.431818 -2.326206 -0.7598832 -2.337002 0.4838686 -2.356783 0.4838686 -2.356783 -0.7598832 -2.337002 -0.883431 -2.41 -0.7263454 -2.188733 -0.530519 -1.363816 -0.618308 -1.495 -0.7263454 -2.188733 -0.618308 -1.495 -0.7819786 -1.970031 0.2267169 0.1003486 0.2465169 -0.02645504 0.53 -0.305 0.53 -0.305 0.2465169 -0.02645504 0.2002619 -0.1461702 0.53 -0.305 0.2002619 -0.1461702 0.07111984 -0.2341811 0.53 -1.495 0.07111984 -0.2341811 -0.530519 -1.363816 -0.530519 -1.363816 0.07111984 -0.2341811 -0.115304 -0.2158792 -0.53 -0.312137 -0.2267183 -0.1003451 -0.2465164 0.02645885 -0.2002629 0.1461688 -0.7046529 0.7278011 -0.2465164 0.02645885 -0.2465164 0.02645885 -0.7046529 0.7278011 -0.7732567 0.4344626 -0.7046529 0.7278011 -0.2002629 0.1461688 -0.25 0.75 -0.25 0.75 -0.2002629 0.1461688 -0.1003466 0.2267177 -0.25 0.75 -0.1003466 0.2267177 0.02645438 0.246517 -0.25 0.75 0.02645438 0.246517 0.25 0.75 0.25 0.75 0.02645438 0.246517 0.1461681 0.2002635 0.25 0.75 0.1461681 0.2002635 0.2267169 0.1003486 0.25 0.75 0.2267169 0.1003486 0.712998 0.7098829 0.712998 0.7098829 0.2267169 0.1003486 0.7739056 0.438638 0.7739056 0.438638 0.2267169 0.1003486 0.53 -0.305 0.96 0.833431 0.8953471 0.7278013 0.8845463 0.4979458 0.96 0.833431 0.8845463 0.4979458 0.9067435 0.4344634 0.8845463 0.4979458 0.8953471 0.7278013 0.8401167 0.6629977 0.8845463 0.4979458 0.8401167 0.6629977 0.805132 0.5053042 0.805132 0.5053042 0.8401167 0.6629977 0.7642568 0.6574917 0.805132 0.5053042 0.7642568 0.6574917 0.7739056 0.438638 0.7739056 0.438638 0.7642568 0.6574917 0.712998 0.7098829 0.25 0.75 0.712998 0.7098829 0.25 0.85 0.25 0.85 0.712998 0.7098829 0.7136475 0.7961212 0.25 0.85 0.7136475 0.7961212 0.7837695 0.8444207 0.883431 0.91 0.7837695 0.8444207 0.8736545 0.8112673 -0.7046529 0.7278011 -0.25 0.75 -0.25 0.85 -0.7046529 0.7278011 -0.25 0.85 -0.7263455 0.8112673 -0.7263455 0.8112673 -0.25 0.85 -0.883431 0.91 -0.7263455 0.8112673 -0.883431 0.91 -0.8162305 0.8444208 -0.7046529 0.7278011 -0.7598833 0.6629977 -0.7732567 0.4344626 -0.7732567 0.4344626 -0.7598833 0.6629977 -0.7961364 0.4982363 -0.7961364 0.4982363 -0.7598833 0.6629977 -0.8357431 0.6574916 -0.7961364 0.4982363 -0.8357431 0.6574916 -0.8748682 0.5053041 -0.96 0.833431 -0.8870019 0.709883 -0.8863525 0.7961212 0.883431 -2.41 0.8401169 -2.337002 0.7538784 -2.336352 0.883431 -2.41 0.7538784 -2.336352 0.5480213 -2.320031 0.5480213 -2.320031 0.7538784 -2.336352 0.7063269 -2.278448 0.5480213 -2.320031 0.7063269 -2.278448 0.5345464 -2.242054 0.5345464 -2.242054 0.7063269 -2.278448 0.7136474 -2.203879 0.5345464 -2.242054 0.7136474 -2.203879 0.53 -1.495 0.53 -1.495 0.7136474 -2.203879 0.7837694 -2.15558 0.7837694 -2.15558 0.8736546 -2.188733 0.96 -1.495 -0.883431 -2.41 -0.7598832 -2.337002 -0.8357434 -2.342508 -0.883431 -2.41 -0.8357434 -2.342508 -0.8870019 -2.290117 -0.8870019 -2.290117 -0.8863526 -2.203879 -0.96 -2.333431 -0.96 -2.333431 -0.8863526 -2.203879 -0.90255 -1.95925 -0.90255 -1.95925 -0.8863526 -2.203879 -0.8461312 -2.006783 -0.8461312 -2.006783 -0.8863526 -2.203879 -0.8162307 -2.155579 -0.8461312 -2.006783 -0.8162307 -2.155579 -0.7819786 -1.970031 -0.7819786 -1.970031 -0.8162307 -2.155579 -0.7263454 -2.188733 -0.25 0.85 0.25 0.85 -0.883431 0.91 -0.2465164 0.02645885 -0.7732567 0.4344626 -0.53 -0.312137 -0.53 -0.312137 -0.7732567 0.4344626 -0.8119177 0.3890994 -0.8119177 0.3890994 -0.8720244 0.3896109 -0.96 -0.312137 -0.8720244 0.3896109 -0.9060944 0.4386381 -0.96 -0.312137 0.9067435 0.4344634 0.8680825 0.3890995 0.96 -0.305 0.96 -0.305 0.8680825 0.3890995 0.8079758 0.3896108 0.5480213 -2.320031 0.4838686 -2.356783 0.883431 -2.41 -0.530519 -1.363816 0.4270803 -2.266792 0.53 -1.495 0.53 -1.495 0.4270803 -2.266792 0.4699465 -2.224653 0.53 -1.495 0.4699465 -2.224653 0.5345464 -2.242054 -0.96 -1.495 -0.8900313 -1.893171 -0.8422631 -1.871509 -0.618308 -1.495 -0.7884424 -1.897113 -0.7819786 -1.970031 -0.75 0 -1.25 0 -0.75 -0.25 -0.75 -0.25 -1.25 0 -1.25 -0.25 0.07999998 -0.2 0.07999998 -0.01999998 0 -0.2 0 -0.2 0.07999998 -0.01999998 -0.1 -0.01999998 0 -0.2 -0.1 -0.01999998 -0.1 -0.45 -0.1 -0.45 0 -0.45 0 -0.2 -0.25 0.85 0.25 0.85 -0.25 0.93 -0.25 0.93 0.25 0.85 0.25 0.93 1.27 -0.43 1.9 -0.43 1.27 -0.23 1.27 -0.23 1.9 -0.43 1.9 0.04999995 1.27 -0.23 1.9 0.04999995 0.1 0.04999995 1.27 -0.23 0.1 0.04999995 0.73 -0.23 0.73 -0.23 0.1 0.04999995 0.1 -0.43 0.73 -0.23 0.1 -0.43 0.73 -0.43 0.07071095 0.205 -0.07071095 0.205 0.07071095 -0.275 0.07071095 -0.275 -0.07071095 0.205 -0.07071095 -0.275 -0.944433 -1.425 -1 -1.425 -0.9527361 -1.481002 -1 -1.425 -1 -2.35 -0.9527361 -1.481002 -0.9527361 -1.481002 -1 -2.35 -0.96 -2.333431 -0.96 -2.333431 -1 -2.35 -0.883431 -2.41 -0.883431 -2.41 -1 -2.35 -0.9 -2.45 -0.883431 -2.41 -0.9 -2.45 0.9 -2.45 -0.883431 -2.41 0.9 -2.45 0.883431 -2.41 0.883431 -2.41 0.9 -2.45 1 -2.35 0.883431 -2.41 1 -2.35 0.96 -2.333431 0.96 -2.333431 1 -2.35 0.96 -1.495 0.96 -1.495 1 -2.35 1 -1.425 0.96 -1.495 1 -1.425 0.9291303 -1.48587 0.9291303 -1.48587 1 -1.425 0.95 -1.425 0.95 -0.375 1 -0.375 0.956 -0.317 1 -0.375 1 0.85 0.956 -0.317 0.956 -0.317 1 0.85 0.96 0.833431 0.96 0.833431 1 0.85 0.883431 0.91 0.883431 0.91 1 0.85 0.9 0.95 0.883431 0.91 0.9 0.95 -0.9 0.95 0.883431 0.91 -0.9 0.95 -0.883431 0.91 -0.883431 0.91 -0.9 0.95 -1 0.85 -0.883431 0.91 -1 0.85 -0.96 0.833431 -0.96 0.833431 -1 0.85 -0.9561877 -0.3144981 -0.9561877 -0.3144981 -1 0.85 -1 -0.375 -0.9561877 -0.3144981 -1 -0.375 -0.92 -0.375 0.03999996 0.31 0 0.31 0.03999996 0.04999995 0.03999996 0.04999995 0 0.31 0 0.04999995 0.02121299 0.1299999 -0.02121299 0.1299999 -1.9744e-7 -0.1299999 0.9384616 -1.476539 0.95 -1.425 0.615 -1.41 0.9384616 -1.476539 0.615 -1.41 0.53 -1.495 0.53 -1.495 0.615 -1.41 0.6166666 -0.3883334 0.53 -1.495 0.6166666 -0.3883334 0.53 -0.305 0.53 -0.305 0.6166666 -0.3883334 0.9350001 -0.3200001 0.9350001 -0.3200001 0.6166666 -0.3883334 0.95 -0.375 -0.95 -0.312137 -0.935 -0.3600001 -0.615 -0.3900001 -0.95 -0.312137 -0.615 -0.3900001 -0.53 -0.312137 -0.53 -0.312137 -0.615 -0.3900001 -0.53 -1.363137 -0.53 -1.363137 -0.615 -0.3900001 -0.6166667 -1.411667 -0.53 -1.363137 -0.6166667 -1.411667 -0.618732 -1.495728 -0.618732 -1.495728 -0.6166667 -1.411667 -0.9294329 -1.48 -0.9294329 -1.48 -0.6166667 -1.411667 -0.944433 -1.425 0.39 0.31 0 0.31 0.39 0.04999995 0.39 0.04999995 0 0.31 0 0 0.39 0.04999995 0 0 0.43 0 0.43 0 0.43 0.04999995 0.39 0.04999995 0.06999999 0 0.908431 0 0.06999999 0.04999995 0.06999999 0.04999995 0.908431 0 0.908431 0.04999995 0 0 0.1082839 0 0 0.04999995 0 0.04999995 0.1082839 0 0.1082839 0.04999995 0 0 1.766863 0 0 0.04999995 0 0.04999995 1.766863 0 1.766863 0.04999995 0 0 0.1082839 0 0 0.04999995 0 0.04999995 0.1082839 0 0.1082839 0.04999995 0.838431 0.04999995 0 0.04999995 0.838431 0 0.838431 0 0 0.04999995 0 0 -0.015567 0 0.326125 0 0.02999997 0.04999995 0.02999997 0.04999995 0.326125 0 0.326125 0.31 0.02999997 0.04999995 0.326125 0.31 0.02999997 0.31 0.02999997 0.04999995 -0.015567 0.04999995 -0.015567 0 0.31 1.611325 0 1.610482 0 1.452171 0 1.452171 0.31 1.451315 0.31 1.611325 0 0 1.051 0 0 0.31 0 0.31 1.051 0 1.051 0.31 0.42 0.31 0 0.31 0.4266667 0.04999995 0.4266667 0.04999995 0 0.31 0 0 0.4266667 0.04999995 0 0 0.43 0 0.03286296 0.31 0 0.31 0.002361059 0.04999995 0.02121299 0.1299999 -0.02121299 0.1299999 0 -0.1299999 -0.02999997 -0.43 -0.04374992 -0.20625 -0.4 -0.43 -0.4 -0.43 -0.04374992 -0.20625 -0.32 0.04999995 -0.4 -0.43 -0.32 0.04999995 -0.4 0.04999995 -0.04374992 -0.20625 -0.04636353 -0.14 -0.32 0.04999995 -0.32 0.04999995 -0.04636353 -0.14 -0.02999997 0.31 -0.32 0.04999995 -0.02999997 0.31 -0.32 0.31 -0.01414191 -0.193284 0.01414191 -0.185 6.60082e-4 0.1754667 0.1 -0.43 1.325 -0.43 0.1 0.04999995 0.1 0.04999995 1.325 -0.43 1.325 0.04999995 2.375 -0.43 3.3 -0.43 2.375 0.04999995 2.375 0.04999995 3.3 -0.43 3.3 0.04999995 0.07071095 0.205 -0.07071095 0.205 0.07071095 -0.275 0.07071095 -0.275 -0.07071095 0.205 -0.07071095 -0.275 0.1 -0.43 1.9 -0.43 0.1 0.04999995 0.1 0.04999995 1.9 -0.43 1.9 0.04999995 0.07071095 0.205 -0.07071095 0.205 0.07071095 -0.275 0.07071095 -0.275 -0.07071095 0.205 -0.07071095 -0.275 0.1 -0.43 1.025 -0.43 0.1 0.04999995 0.1 0.04999995 1.025 -0.43 1.025 0.04999995 2.075 -0.43 3.3 -0.43 2.075 0.04999995 2.075 0.04999995 3.3 -0.43 3.3 0.04999995 -0.01414191 -0.193284 0.01414191 -0.185 0.001456737 0.17603 -0.02999997 -0.43 -0.04374992 -0.20625 -0.4 -0.43 -0.4 -0.43 -0.04374992 -0.20625 -0.35 0.04999995 -0.4 -0.43 -0.35 0.04999995 -0.4 0.04999995 -0.04374992 -0.20625 -0.04636347 -0.14 -0.35 0.04999995 -0.35 0.04999995 -0.04636347 -0.14 -0.02999997 0.31 -0.35 0.04999995 -0.02999997 0.31 -0.35 0.31 0.02999997 0.04999995 0.06999999 0.04999995 0.02999997 0.31 0.02999997 0.31 0.06999999 0.04999995 0.06999999 0.31 0.02121299 -0.225 0 0.225 -0.02121299 -0.225 -1.02 -0.25 -1.02 -0.43 -0.9 -0.25 -0.9 -0.25 -1.02 -0.43 -0.02999997 -0.43 -0.9 -0.25 -0.02999997 -0.43 -0.15 -0.25 -0.15 -0.25 -0.02999997 -0.43 -0.02999997 -0.25 -0.9 -0.25 -0.15 -0.25 -0.9 -0.14 -0.9 -0.14 -0.15 -0.25 -0.15 -0.14 -0.9 -0.14 -0.15 -0.14 -1.02 0.31 -1.02 0.31 -0.15 -0.14 -0.02999997 0.31 -0.02999997 0.31 -0.15 -0.14 -0.02999997 -0.14 -1.02 0.31 -1.02 -0.14 -0.9 -0.14 -0.00529623 -0.5006932 0.01414191 0.495 -0.01414191 0.503284 0.01414191 0.0294969 -0.01414191 0.02121299 0.00529623 -0.02690613 -0.02121299 -0.07999998 0.02121299 -0.07999998 -0.02121299 0.1 -0.02121299 0.1 0.02121299 -0.07999998 0.02121299 0.1299999 0.03535497 -0.07499998 0.03535497 0.04499989 -0.03535497 -0.07499998 -0.03535497 -0.07499998 0.03535497 0.04499989 -0.03011727 0.07499998 -0.06 0.04999995 -0.06 0 0 0.04999995 0 0.04999995 -0.06 0 0.04999995 0 0.525 0.2 0.375 0.2 0.525 0.14 0.525 0.14 0.375 0.2 0.375 0.14 1.425 0.2 1.275 0.2 1.425 0.14 1.425 0.14 1.275 0.2 1.275 0.14 0 0.04999995 -0.15 0.04111099 -0.12 0 0 0.04999995 -0.12 0 0 0 0.02121299 -0.225 0.002356886 0.225 -0.02121299 -0.225 -0.3537036 -0.2037037 -0.37 -0.43 0 -0.43 -0.3537036 -0.2037037 0 -0.43 -0.04999995 0.04999995 -0.04999995 0.04999995 0 -0.43 0 0.04999995 -0.04999995 0.31 -0.37 0.31 -0.04999995 0.04999995 -0.04999995 0.04999995 -0.37 0.31 -0.3588889 -0.14 -0.04999995 0.04999995 -0.3588889 -0.14 -0.3537036 -0.2037037 -0.001047611 -0.1742592 0.01414191 0.185 -0.01414191 0.193284 0.07071095 0.205 -0.07071095 0.205 0.07071095 -0.275 0.07071095 -0.275 -0.07071095 0.205 -0.07071095 -0.275 0.03999996 0.31 0 0.31 0.03999996 0.04999995 0.03999996 0.04999995 0 0.31 0 0.04999995 0.02121299 0.1299999 -0.02121299 0.1299999 0 -0.1299999 0.02999997 0.31 0.02999997 0.04999995 0.42 0.31 0.42 0.31 0.02999997 0.04999995 0.42 0 0.42 0 0.02999997 0.04999995 -0.00999999 0 -0.00999999 0 0.02999997 0.04999995 -0.00999999 0.04999995 0 0 1.19 0 0 0.31 0 0.31 1.19 0 1.19 0.31 1.138431 0.04999995 0 0.04999995 1.138431 0 1.138431 0 0 0.04999995 0 0 0 0 0.1082839 0 0 0.04999995 0 0.04999995 0.1082839 0 0.1082839 0.04999995 0 0 1.766863 0 0 0.04999995 0 0.04999995 1.766863 0 1.766863 0.04999995 0 0 0.1082839 0 0 0.04999995 0 0.04999995 0.1082839 0 0.1082839 0.04999995 0.06286299 0 1.208431 0 0.06286299 0.04999995 0.06286299 0.04999995 1.208431 0 1.208431 0.04999995 -0.03535497 0.07499998 -0.02651619 -0.07499998 0.03535497 -0.04499989 -0.03535497 0.07499998 0.03535497 -0.04499989 0.03535497 0.07499998 0 -0.07999998 0.02121299 0.1 -0.02121299 0.1299999 -0.11 0 0 0 -0.06 0.04999995 -0.06 0.04999995 0 0 0 0.04999995 -0.15 0 -0.02999997 0 -0.15 0.04999995 -0.15 0.04999995 -0.02999997 0 0 0.04636347 -2.4844e-4 -0.1748243 0.01414191 0.185 -0.01414191 0.193284 -0.3537037 -0.2037037 -0.37 -0.43 0 -0.43 -0.3537037 -0.2037037 0 -0.43 -0.0555669 0.04999995 -0.0555669 0.04999995 0 -0.43 0 0.04999995 -0.0555669 0.31 -0.37 0.31 -0.0555669 0.04999995 -0.0555669 0.04999995 -0.37 0.31 -0.358889 -0.14 -0.0555669 0.04999995 -0.358889 -0.14 -0.3537037 -0.2037037 -0.02121299 0.1 -9.5845e-4 -0.07999998 0.02121299 0.1299999 0.01414191 -0.495 0.01414191 0.495 -0.01414191 -0.503284 -0.01414191 -0.503284 0.01414191 0.495 -0.01414191 0.503284 -1.02 -0.25 -1.02 -0.43 -0.9 -0.25 -0.9 -0.25 -1.02 -0.43 -0.02999997 -0.43 -0.9 -0.25 -0.02999997 -0.43 -0.15 -0.25 -0.15 -0.25 -0.02999997 -0.43 -0.02999997 -0.25 -0.9 -0.25 -0.15 -0.25 -0.9 -0.14 -0.9 -0.14 -0.15 -0.25 -0.15 -0.14 -0.9 -0.14 -0.15 -0.14 -1.02 0.31 -1.02 0.31 -0.15 -0.14 -0.02999997 0.31 -0.02999997 0.31 -0.15 -0.14 -0.02999997 -0.14 -1.02 0.31 -1.02 -0.14 -0.9 -0.14 1.50874e-7 -0.07999998 0.02121299 0.1 -0.02121299 0.1299999 -0.03535497 0.07499998 -0.02651625 -0.07499998 0.03535497 -0.04499989 -0.03535497 0.07499998 0.03535497 -0.04499989 0.03535497 0.07499998 -0.375 0.2 -0.525 0.2 -0.375 0.14 -0.375 0.14 -0.525 0.2 -0.525 0.14 -1.275 0.2 -1.425 0.2 -1.275 0.14 -1.275 0.14 -1.425 0.2 -1.425 0.14 0 0 0.12 0 0 0.04999995 0 0.04999995 0.12 0 0.15 0.04636353 0.02121299 -0.225 0 0.225 -0.02121299 -0.225 -0.04999995 0 0.06 0 0 0.04999995 0 0.04999995 0.06 0 0.06 0.04999995 0.03535497 -0.07499998 0.03535497 0.04499989 -0.03535497 -0.07499998 -0.03535497 -0.07499998 0.03535497 0.04499989 -0.03011721 0.07499998 0 0.04999995 0 0 0.06 0.04999995 0.06 0.04999995 0 0 0.11 0 0.15 0.04999995 0 0.04111093 0.02999997 0 0.15 0.04999995 0.02999997 0 0.15 0 0.02121299 -0.225 0.002356886 0.225 -0.02121299 -0.225 -0.1 -0.45 0 -0.45 -0.1 -0.2 -0.1 -0.2 0 -0.45 0 -0.01999998 -0.1 -0.2 0 -0.01999998 -0.18 -0.01999998 -0.18 -0.01999998 -0.18 -0.2 -0.1 -0.2 0 -0.01999998 -0.5 -0.01999998 0 -0.45 0 -0.45 -0.5 -0.01999998 -0.5 -0.45 -0.2 0.104141 -0.35 0.02675896 -0.2 -0.02675962 -0.2 -0.02675962 -0.35 0.02675896 -0.35 -0.104139 -0.2 -0.02675962 -0.35 -0.104139 -0.2 -0.1576607 -0.2 -0.1576607 -0.35 -0.104139 -0.35 -0.2350401 -0.2 -0.1576607 -0.35 -0.2350401 -0.2 -0.31907 -0.2 -0.31907 -0.35 -0.2350401 -0.35 -0.3659356 -0.2 -0.31907 -0.35 -0.3659356 -0.2 -0.5154222 -0.2 -0.5154222 -0.35 -0.3659356 -0.35 -0.4968364 -0.2 -0.5154222 -0.35 -0.4968364 -0.35 -0.6626751 -0.2 -0.5154222 -0.35 -0.6626751 -0.2 -0.6812607 -0.2 -0.6812607 -0.35 -0.6626751 -0.2 -0.785398 -0.2 -0.785398 -0.35 -0.6626751 -0.35 -0.785398 -0.2 0.7586345 -0.35 0.7117694 -0.2 0.6277393 -0.2 0.6277393 -0.35 0.7117694 -0.35 0.5503594 -0.2 0.6277393 -0.35 0.5503594 -0.2 0.4968379 -0.2 0.4968379 -0.35 0.5503594 -0.35 0.4194588 -0.2 0.4968379 -0.35 0.4194588 -0.1999999 0.3659399 -0.1999999 0.3659399 -0.35 0.4194588 -0.35 0.288558 -0.1999999 0.3659399 -0.35 0.288558 -0.2 0.2350413 -0.2 0.2350413 -0.35 0.288558 -0.35 0.1576581 -0.2 0.2350413 -0.35 0.1576581 -0.2 0.104141 -0.2 0.104141 -0.35 0.1576581 -0.35 0.02675896 0.246517 0.02645438 -0.2341812 0.07111948 0.2267177 -0.1003468 0.2267177 -0.1003468 -0.2341812 0.07111948 -0.2158792 -0.1153039 0.2267177 -0.1003468 -0.2158792 -0.1153039 0.146169 -0.2002628 0.146169 -0.2002628 -0.2158792 -0.1153039 -0.1003453 -0.2267183 0.146169 -0.2002628 -0.1003453 -0.2267183 0.02645874 -0.2465164 -0.2341812 0.07111948 0.246517 0.02645438 0.2002634 0.1461681 -0.2341812 0.07111948 0.2002634 0.1461681 -0.1461699 0.2002621 -0.1461699 0.2002621 0.2002634 0.1461681 0.1003486 0.2267169 -0.1461699 0.2002621 0.1003486 0.2267169 -0.0264551 0.2465169 0 0.06933623 -0.45 -0.01697498 0 -0.02290767 0 -0.02290767 -0.45 -0.01697498 0 -0.1139236 0 -0.1139236 -0.45 -0.01697498 -0.45 -0.1079912 0 -0.1139236 -0.45 -0.1079912 -0.45 -0.2002364 0 -0.1139236 -0.45 -0.2002364 0 -0.1939641 0 -0.1939641 -0.45 -0.2002364 0 -0.2710022 0 -0.2710022 -0.45 -0.2002364 -0.45 -0.2772748 0 -0.2710022 -0.45 -0.2772748 -0.45 -0.314159 0 0.314159 -0.45 0.2710026 0 0.2650703 0 0.2650703 -0.45 0.2710026 0 0.1740549 0 0.1740549 -0.45 0.2710026 -0.45 0.1799875 0 0.1740549 -0.45 0.1799875 -0.45 0.08774358 0 0.1740549 -0.45 0.08774358 0 0.06933623 0 0.06933623 -0.45 0.08774358 -0.45 -0.01697498 0 0.06933599 -0.45 -0.01697492 0 -0.02290731 0 -0.02290731 -0.45 -0.01697492 0 -0.1139235 0 -0.1139235 -0.45 -0.01697492 -0.45 -0.1216949 0 -0.1139235 -0.45 -0.1216949 0 -0.206169 0 -0.206169 -0.45 -0.1216949 -0.45 -0.2394288 0 -0.206169 -0.45 -0.2394288 0 -0.2847077 0 -0.2847077 -0.45 -0.2394288 -0.45 -0.314159 0 0.314159 -0.45 0.2847067 0 0.2650704 0 0.2650704 -0.45 0.2847067 -0.45 0.1924618 0 0.2650704 -0.45 0.1924618 0 0.174055 0 0.174055 -0.45 0.1924618 -0.45 0.08774358 0 0.174055 -0.45 0.08774358 0 0.06933599 0 0.06933599 -0.45 0.08774358 -0.45 -0.01697492 0 0.06933605 -0.45 -0.01697522 0 -0.02290761 0 -0.02290761 -0.45 -0.01697522 0 -0.1139236 0 -0.1139236 -0.45 -0.01697522 -0.45 -0.1216949 0 -0.1139236 -0.45 -0.1216949 0 -0.1939644 0 -0.1939644 -0.45 -0.1216949 -0.45 -0.2394288 0 -0.1939644 -0.45 -0.2394288 0 -0.2710022 0 -0.2710022 -0.45 -0.2394288 -0.45 -0.314159 0 0.314159 -0.45 0.2710025 0 0.2650703 0 0.2650703 -0.45 0.2710025 0 0.174055 0 0.174055 -0.45 0.2710025 -0.45 0.1799879 0 0.174055 -0.45 0.1799879 -0.45 0.08774346 0 0.174055 -0.45 0.08774346 0 0.06933605 0 0.06933605 -0.45 0.08774346 -0.45 -0.01697522 0 0.0582419 -0.38 0.05242937 0 -0.01603358 0 -0.01603358 -0.38 0.05242937 -0.38 -0.02081245 0 -0.01603358 -0.38 -0.02081245 0 -0.07974529 0 -0.07974529 -0.38 -0.02081245 -0.38 -0.08518594 0 -0.07974529 -0.38 -0.08518594 0 -0.1441192 0 -0.1441192 -0.38 -0.08518594 -0.38 -0.1488985 0 -0.1441192 -0.38 -0.1488985 0 -0.2044966 0 -0.2044966 -0.38 -0.1488985 -0.38 -0.2077419 0 0.2124175 -0.38 0.2090784 0 0.1492751 0 0.1492751 -0.38 0.2090784 -0.38 0.1434674 0 0.1492751 -0.38 0.1434674 0 0.0582419 0 0.0582419 -0.38 0.1434674 -0.38 0.05242937 -0.7920541 0.494546 -0.906783 0.4438686 -0.7746527 0.4299455 -0.7746527 0.4299455 -0.906783 0.4438686 -0.8167918 0.3870803 -0.8167918 0.3870803 -0.906783 0.4438686 -0.876206 0.391818 -0.906783 0.4438686 -0.7920541 0.494546 -0.8700309 0.5080213 0.9060952 0.43864 0.773217 0.4438685 0.8632083 0.3870803 0.8632083 0.3870803 0.773217 0.4438685 0.8037942 0.3918179 0.773217 0.4438685 0.9060952 0.43864 0.8099693 0.5080214 0.8099693 0.5080214 0.9060952 0.43864 0.8828879 0.5015574 0.5567429 -2.274462 0.423217 -2.296132 0.5345443 -2.337947 0.5345443 -2.337947 0.423217 -2.296132 0.4619182 -2.350901 0.423217 -2.296132 0.5567429 -2.274462 0.4599692 -2.231979 0.4599692 -2.231979 0.5567429 -2.274462 0.526206 -2.231818 -0.7852308 -1.901298 -0.9009006 -1.911918 -0.7846958 -1.974868 -0.7846958 -1.974868 -0.9009006 -1.911918 -0.9003891 -1.972024 -0.7846958 -1.974868 -0.9003891 -1.972024 -0.8513615 -2.006095 -0.9009006 -1.911918 -0.7852308 -1.901298 -0.8461305 -1.873216 0 0.05752629 -0.38 -0.01188099 0 -0.01603275 0 -0.01603275 -0.38 -0.01188099 0 -0.07974511 0 -0.07974511 -0.38 -0.01188099 -0.38 -0.08518588 0 -0.07974511 -0.38 -0.08518588 0 -0.1441191 0 -0.1441191 -0.38 -0.08518588 -0.38 -0.1488984 0 -0.1441191 -0.38 -0.1488984 0 -0.2044963 0 -0.2044963 -0.38 -0.1488984 -0.38 -0.2077419 0 0.2124169 -0.38 0.209078 0 0.149275 0 0.149275 -0.38 0.209078 -0.38 0.1434672 0 0.149275 -0.38 0.1434672 0 0.05752629 0 0.05752629 -0.38 0.1434672 -0.38 0.0614193 0 0.05752629 -0.38 0.0614193 -0.38 -0.01188099 0 0.05752605 -0.38 0.01603448 0 -0.03351134 0 -0.03351134 -0.38 0.01603448 -0.38 -0.05752873 0 -0.03351134 -0.38 -0.05752873 0 -0.1163986 0 -0.1163986 -0.38 -0.05752873 -0.38 -0.140166 0 -0.1163986 -0.38 -0.140166 0 -0.1809695 0 -0.1809695 -0.38 -0.140166 -0.38 -0.2077419 0 -0.1809695 -0.38 -0.2077419 0 -0.219911 0 0.1951413 -0.38 0.2090786 -0.38 0.1434673 0 0.1951413 -0.38 0.1434673 0 0.1307674 0 0.1307674 -0.38 0.1434673 0 0.05752605 0 0.05752605 -0.38 0.1434673 -0.38 0.07101362 0 0.05752605 -0.38 0.07101362 -0.38 0.01603448 0 0.04853612 -0.38 0.0430957 0 -0.03351122 0 -0.03351122 -0.38 0.0430957 -0.38 -0.03931891 0 -0.03351122 -0.38 -0.03931891 0 -0.1163984 0 -0.1163984 -0.38 -0.03931891 -0.38 -0.1218385 0 -0.1163984 -0.38 -0.1218385 0 -0.1962953 0 -0.1962953 -0.38 -0.1218385 -0.38 -0.1857486 0 -0.1962953 -0.38 -0.1857486 -0.38 -0.219911 0 0.2124177 -0.38 0.1897013 0 0.1672243 0 0.1672243 -0.38 0.1897013 -0.38 0.1163977 0 0.1672243 -0.38 0.1163977 0 0.1122451 0 0.1122451 -0.38 0.1163977 0 0.04853612 0 0.04853612 -0.38 0.1163977 -0.38 0.0430957 0 -0.1770749 0.02999997 -0.07425391 0 0.07425433 0 0.07425433 0.02999997 -0.07425391 0.02999997 0.1256639 0 0.07425433 0.02999997 0.1256639 0.02999997 0.3027389 0 0.07425433 0.02999997 0.3027389 0 0.3255797 0 0.3255797 0.02999997 0.3027389 0.02999997 0.502655 0 0.3255797 0.02999997 0.502655 0 0.502655 0 0.502655 0.02999997 0.502655 0.02999997 0.6797308 0 0.502655 0.02999997 0.6797308 0 0.7025714 0 0.7025714 0.02999997 0.6797308 0.02999997 0.9310578 0 0.7025714 0.02999997 0.9310578 0 0.9538986 0 0.9538986 0.02999997 0.9310578 0.02999997 1.182383 0 0.9538986 0.02999997 1.182383 0 1.130973 0 1.130973 0.02999997 1.182383 0 1.330891 0 1.330891 0.02999997 1.182383 0.02999997 1.382301 0 1.330891 0.02999997 1.382301 0.02999997 1.507964 0 1.330891 0.02999997 1.507964 0 1.507964 0 -1.559375 0.02999997 -1.582216 0.02999997 -1.330892 0 -1.559375 0.02999997 -1.330892 0 -1.382301 0 -1.382301 0.02999997 -1.330892 0 -1.182382 0 -1.182382 0.02999997 -1.330892 0.02999997 -1.130973 0 -1.182382 0.02999997 -1.130973 0.02999997 -0.9538984 0 -1.182382 0.02999997 -0.9538984 0 -0.9310577 0 -0.9310577 0.02999997 -0.9538984 0.02999997 -0.7025698 0 -0.9310577 0.02999997 -0.7025698 0 -0.6797293 0 -0.6797293 0.02999997 -0.7025698 0.02999997 -0.4512404 0 -0.6797293 0.02999997 -0.4512404 0 -0.4283998 0 -0.4283998 0.02999997 -0.4512404 0.02999997 -0.251327 0 -0.4283998 0.02999997 -0.251327 0 -0.1770749 0 -0.1770749 0.02999997 -0.251327 0.02999997 -0.07425391 0.662427 -0.2140976 0.7 0 0.4907183 -0.07347458 0.4907183 -0.07347458 0.7 0 0.6629424 0.2125112 0.4907183 -0.07347458 0.6629424 0.2125112 0.484292 0.124345 0.484292 0.124345 0.6629424 0.2125112 0.4080134 0.2823607 0.4080134 0.2823607 0.6629424 0.2125112 0.566312 0.41145 0.4080134 0.2823607 0.566312 0.41145 0.4105643 0.5622151 0.4080134 0.2823607 0.4105643 0.5622151 0.267913 0.422164 0.267913 0.422164 0.4105643 0.5622151 0.1041394 0.4851363 0.1041394 0.4851363 0.4105643 0.5622151 0.1467764 0.6805199 0.1041394 0.4851363 0.1467764 0.6805199 -0.07317 0.696165 0.1041394 0.4851363 -0.07317 0.696165 -0.1424579 0.4752987 -0.1424579 0.4752987 -0.07317 0.696165 -0.2827208 0.6361728 -0.1424579 0.4752987 -0.2827208 0.6361728 -0.3538116 0.3478795 -0.3538116 0.3478795 -0.2827208 0.6361728 -0.468391 0.520201 -0.3538116 0.3478795 -0.468391 0.520201 -0.6036807 0.3467255 -0.3538116 0.3478795 -0.6036807 0.3467255 -0.464888 0.184062 -0.464888 0.184062 -0.6036807 0.3467255 -0.6924285 0.07203626 -0.464888 0.184062 -0.6924285 0.07203626 -0.496057 0.01139032 -0.496057 0.01139032 -0.6924285 0.07203626 -0.684703 -0.145538 -0.496057 0.01139032 -0.684703 -0.145538 -0.4401865 -0.2289939 -0.4401865 -0.2289939 -0.684703 -0.145538 -0.6016745 -0.3502005 -0.4401865 -0.2289939 -0.6016745 -0.3502005 -0.405015 -0.5662469 -0.4401865 -0.2289939 -0.405015 -0.5662469 -0.318712 -0.385257 -0.318712 -0.385257 -0.405015 -0.5662469 -0.1641234 -0.4682592 -0.1641234 -0.4682592 -0.405015 -0.5662469 -0.1411305 -0.6817199 -0.1641234 -0.4682592 -0.1411305 -0.6817199 0.08176386 -0.4894046 0.08176386 -0.4894046 -0.1411305 -0.6817199 0.141132 -0.6817196 0.08176386 -0.4894046 0.141132 -0.6817196 0.4050166 -0.5662457 0.08176386 -0.4894046 0.4050166 -0.5662457 0.3074244 -0.3894776 0.3074244 -0.3894776 0.4050166 -0.5662457 0.566312 -0.41145 0.3074244 -0.3894776 0.566312 -0.41145 0.438153 -0.240877 0.438153 -0.240877 0.566312 -0.41145 0.662427 -0.2140976 0.438153 -0.240877 0.662427 -0.2140976 0.4907183 -0.07347458 -0.02999997 0 0 -0.05588334 0 0.2097858 -0.02999997 0 0 0.2097858 -0.02999997 0.217156 -0.02999997 0.217156 0 0.2097858 -0.02999997 0.439823 -0.02999997 0.439823 0 0.2097858 0 0.5383023 -0.02999997 0.439823 0 0.5383023 -0.02999997 0.6580396 -0.02999997 0.6580396 0 0.5383023 0 0.819103 -0.02999997 0.6580396 0 0.819103 -0.02999997 0.9508653 -0.02999997 0.9508653 0 0.819103 0 1.024082 -0.02999997 0.9508653 0 1.024082 -0.02999997 1.172861 -0.02999997 1.172861 0 1.024082 0 1.274346 -0.02999997 1.172861 0 1.274346 -0.02999997 1.392296 -0.02999997 1.392296 0 1.274346 0 1.555873 -0.02999997 1.392296 0 1.555873 -0.02999997 1.612684 -0.02999997 1.612684 0 1.555873 0 1.759548 -0.02999997 1.612684 0 1.759548 -0.02999997 1.834166 -0.02999997 1.834166 0 1.759548 0 1.963505 -0.02999997 1.834166 0 1.963505 -0.02999997 2.126549 -0.02999997 2.126549 0 1.963505 0 2.127975 -0.02999997 -2.199115 0 -2.153351 -0.02999997 -2.052507 -0.02999997 -2.052507 0 -2.153351 0 -1.903205 -0.02999997 -2.052507 0 -1.903205 -0.02999997 -1.830146 -0.02999997 -1.830146 0 -1.903205 0 -1.779184 -0.02999997 -1.830146 0 -1.779184 0 -1.571271 -0.02999997 -1.830146 0 -1.571271 -0.02999997 -1.534204 -0.02999997 -1.534204 0 -1.571271 0 -1.314298 -0.02999997 -1.534204 0 -1.314298 -0.02999997 -1.242467 -0.02999997 -1.242467 0 -1.314298 0 -1.054633 -0.02999997 -1.242467 0 -1.054633 -0.02999997 -0.9566463 -0.02999997 -0.9566463 0 -1.054633 0 -0.7529992 -0.02999997 -0.9566463 0 -0.7529992 -0.02999997 -0.6649094 -0.02999997 -0.6649094 0 -0.7529992 0 -0.5479707 -0.02999997 -0.6649094 0 -0.5479707 -0.02999997 -0.439823 -0.02999997 -0.439823 0 -0.5479707 0 -0.419931 -0.02999997 -0.439823 0 -0.419931 0 -0.2707843 -0.02999997 -0.439823 0 -0.2707843 -0.02999997 -0.2188271 -0.02999997 -0.2188271 0 -0.2707843 0 -0.05588334 -0.02999997 -0.2188271 0 -0.05588334 -0.02999997 0 0.01414191 -0.3982147 -0.01414191 -0.451604 0.01414191 -0.5788546 0.01414191 -0.5788546 -0.01414191 -0.451604 -0.01414191 -0.5842759 0.01414191 -0.5788546 -0.01414191 -0.5842759 0.01414191 -0.7594983 0.01414191 -0.7594983 -0.01414191 -0.5842759 -0.01414191 -0.7649148 0.01414191 -0.7594983 -0.01414191 -0.7649148 3.52461e-4 -0.903208 0.01414191 -1.030465 3.52461e-4 -0.903208 -0.01414191 -1.03588 0.01414191 1.083849 -0.01414191 1.083849 0.01106095 0.9606181 0.01106095 0.9606181 -0.01414191 0.8608563 0.01414191 0.7759532 0.01414191 0.7759532 -0.01414191 0.8608563 -0.01414191 0.722566 0.01414191 0.7759532 -0.01414191 0.722566 0.01414191 0.5953148 0.01414191 0.5953148 -0.01414191 0.722566 -0.01414191 0.5898981 0.01414191 0.5953148 -0.01414191 0.5898981 0.01106107 0.4186958 0.01106107 0.4186958 -0.01414191 0.3189306 0.01414191 0.2340303 0.01414191 0.2340303 -0.01414191 0.3189306 -0.01414191 0.1382916 0.01414191 0.2340303 -0.01414191 0.1382916 0.01414191 0.01129096 0.01414191 0.01129096 -0.01414191 0.1382916 -0.01414191 -0.04234999 0.01414191 0.01129096 -0.01414191 -0.04234999 0.01106071 -0.2135509 0.01106071 -0.2135509 -0.01414191 -0.3133144 0.01414191 -0.3982147 0.01414191 -0.3982147 -0.01414191 -0.3133144 -0.01414191 -0.451604 -0.01999998 -0.964731 -0.12 -0.964731 -0.01999998 -1.052434 -0.01999998 -1.052434 -0.12 -0.964731 -0.12 -1.052434 -0.01999998 1.011311 -0.12 1.000592 -0.01999998 0.8359068 -0.01999998 0.8359068 -0.12 1.000592 -0.12 0.877028 -0.01999998 0.8359068 -0.12 0.877028 -0.12 0.7374808 -0.01999998 0.8359068 -0.12 0.7374808 -0.01999998 0.701622 -0.01999998 0.701622 -0.12 0.7374808 -0.01999998 0.5727958 -0.01999998 0.5727958 -0.12 0.7374808 -0.12 0.5620781 -0.01999998 0.5727958 -0.12 0.5620781 -0.01999998 0.438514 -0.01999998 0.438514 -0.12 0.5620781 -0.12 0.438514 -0.01999998 0.438514 -0.12 0.438514 -0.01999998 0.3096868 -0.01999998 0.3096868 -0.12 0.438514 -0.12 0.2989693 -0.01999998 0.3096868 -0.12 0.2989693 -0.01999998 0.175406 -0.01999998 0.175406 -0.12 0.2989693 -0.12 0.1235636 -0.01999998 0.175406 -0.12 0.1235636 -0.01999998 0.04658257 -0.01999998 0.04658257 -0.12 0.1235636 -0.12 -0.05184644 -0.01999998 0.04658257 -0.12 -0.05184644 -0.01999998 -0.08770298 -0.01999998 -0.08770298 -0.12 -0.05184644 -0.01999998 -0.2165303 -0.01999998 -0.2165303 -0.12 -0.05184644 -0.12 -0.2272478 -0.01999998 -0.2165303 -0.12 -0.2272478 -0.01999998 -0.3919338 -0.01999998 -0.3919338 -0.12 -0.2272478 -0.12 -0.4026517 -0.01999998 -0.3919338 -0.12 -0.4026517 -0.01999998 -0.5673395 -0.01999998 -0.5673395 -0.12 -0.4026517 -0.12 -0.5780569 -0.01999998 -0.5673395 -0.12 -0.5780569 -0.01999998 -0.701622 -0.01999998 -0.701622 -0.12 -0.5780569 -0.12 -0.701622 -0.01999998 -0.701622 -0.12 -0.701622 -0.01999998 -0.8304498 -0.01999998 -0.8304498 -0.12 -0.701622 -0.12 -0.8411673 -0.01999998 -0.8304498 -0.12 -0.8411673 -0.01999998 -0.964731 -0.01999998 -0.964731 -0.12 -0.8411673 -0.12 -0.964731 0.3099012 0.1197404 0.2622811 0.07965999 0.3282519 -0.05125588 0.3282519 -0.05125588 0.2622811 0.07965999 0.2590212 -0.1000825 0.2622811 0.07965999 0.3099012 0.1197404 0.1637123 0.224292 0.1637123 0.224292 0.3099012 0.1197404 0.2085114 0.2586498 0.1637123 0.224292 0.2085114 0.2586498 0.02963143 0.2760988 0.02963143 0.2760988 0.2085114 0.2586498 0.08670395 0.323585 0.02963143 0.2760988 0.08670395 0.323585 -0.0354526 0.3303325 0.02963143 0.2760988 -0.0354526 0.3303325 -0.1123871 0.2539245 -0.1123871 0.2539245 -0.0354526 0.3303325 -0.1958674 0.2683518 -0.1123871 0.2539245 -0.1958674 0.2683518 -0.2242918 0.1637125 -0.2242918 0.1637125 -0.1958674 0.2683518 -0.290119 0.1675 -0.2242918 0.1637125 -0.290119 0.1675 -0.3282526 0.05125099 -0.2242918 0.1637125 -0.3282526 0.05125099 -0.2760988 0.02963137 -0.2760988 0.02963137 -0.3282526 0.05125099 -0.2539252 -0.1123855 -0.2539252 -0.1123855 -0.3282526 0.05125099 -0.323585 -0.08670395 -0.2539252 -0.1123855 -0.323585 -0.08670395 -0.2683506 -0.195869 -0.2539252 -0.1123855 -0.2683506 -0.195869 -0.1291338 -0.2417877 -0.1291338 -0.2417877 -0.2683506 -0.195869 -0.1675 -0.290119 -0.1291338 -0.2417877 -0.1675 -0.290119 -0.05124938 -0.3282528 -0.1291338 -0.2417877 -0.05124938 -0.3282528 0.04284018 -0.2743598 0.04284018 -0.2743598 -0.05124938 -0.3282528 0.1197419 -0.3099005 0.04284018 -0.2743598 0.1197419 -0.3099005 0.1742786 -0.2161842 0.1742786 -0.2161842 0.1197419 -0.3099005 0.2586493 -0.208512 0.1742786 -0.2161842 0.2586493 -0.208512 0.2590212 -0.1000825 0.2590212 -0.1000825 0.2586493 -0.208512 0.3282519 -0.05125588 0.01414191 -0.3116475 -0.01414191 -0.3158869 0.01414191 -0.4530174 0.01414191 -0.4530174 -0.01414191 -0.3158869 -0.01414191 -0.4572561 0.01414191 -0.4530174 -0.01414191 -0.4572561 0.01414191 -0.594391 0.01414191 -0.594391 -0.01414191 -0.4572561 -0.01414191 -0.598629 0.01414191 -0.594391 -0.01414191 -0.598629 0.01414191 -0.7357609 0.01414191 -0.7357609 -0.01414191 -0.598629 -0.01414191 -0.7400007 0.01414191 -0.7357609 -0.01414191 -0.7400007 0.01414191 -0.84823 0.01414191 -0.84823 -0.01414191 -0.7400007 -0.01414191 -0.84823 0.01414191 0.8193275 -0.01414191 0.8150887 0.01414191 0.6779547 0.01414191 0.6779547 -0.01414191 0.8150887 -0.01414191 0.6737146 0.01414191 0.6779547 -0.01414191 0.6737146 0.01414191 0.5036404 0.01414191 0.5036404 -0.01414191 0.6737146 -0.01414191 0.565487 0.01414191 0.5036404 -0.01414191 0.565487 -0.01414191 0.4616577 0.01414191 0.5036404 -0.01414191 0.4616577 0.01414191 0.3245254 0.01414191 0.3245254 -0.01414191 0.4616577 -0.01414191 0.3202844 0.01414191 0.3245254 -0.01414191 0.3202844 0.01414191 0.1831554 0.01414191 0.1831554 -0.01414191 0.3202844 -0.01414191 0.1789138 0.01414191 0.1831554 -0.01414191 0.1789138 0.01414191 0.04178619 0.01414191 0.04178619 -0.01414191 0.1789138 -0.01414191 0.03754299 0.01414191 0.04178619 -0.01414191 0.03754299 0.01414191 -0.1325343 0.01414191 -0.1325343 -0.01414191 0.03754299 -0.01414191 -0.07068598 0.01414191 -0.1325343 -0.01414191 -0.07068598 -0.01414191 -0.1745147 0.01414191 -0.1325343 -0.01414191 -0.1745147 0.01414191 -0.3116475 0.01414191 -0.3116475 -0.01414191 -0.1745147 -0.01414191 -0.3158869 -0.01999998 -0.7125943 -0.06 -0.7572511 -0.01999998 -0.816814 -0.01999998 0.7849003 -0.06 0.816814 -0.06 0.7085086 -0.01999998 0.7849003 -0.06 0.7085086 -0.01999998 0.648764 -0.01999998 0.648764 -0.06 0.7085086 -0.06 0.572373 -0.01999998 0.648764 -0.06 0.572373 -0.01999998 0.5126278 -0.01999998 0.5126278 -0.06 0.572373 -0.06 0.4362365 -0.01999998 0.5126278 -0.06 0.4362365 -0.01999998 0.3764931 -0.01999998 0.3764931 -0.06 0.4362365 -0.05999994 0.3001023 -0.01999998 0.3764931 -0.05999994 0.3001023 -0.01999998 0.2403552 -0.01999998 0.2403552 -0.05999994 0.3001023 -0.06 0.1639667 -0.01999998 0.2403552 -0.06 0.1639667 -0.01999998 0.1361359 -0.01999998 0.1361359 -0.06 0.1639667 -0.01999998 0.03615212 -0.01999998 0.03615212 -0.06 0.1639667 -0.05999994 -0.008503019 -0.01999998 0.03615212 -0.05999994 -0.008503019 -0.01999998 -0.09998494 -0.01999998 -0.09998494 -0.05999994 -0.008503019 -0.06 -0.1763716 -0.01999998 -0.09998494 -0.06 -0.1763716 -0.01999998 -0.2361201 -0.01999998 -0.2361201 -0.06 -0.1763716 -0.05999994 -0.3125069 -0.01999998 -0.2361201 -0.05999994 -0.3125069 -0.01999998 -0.3722544 -0.01999998 -0.3722544 -0.05999994 -0.3125069 -0.06 -0.4486439 -0.01999998 -0.3722544 -0.06 -0.4486439 -0.01999998 -0.476475 -0.01999998 -0.476475 -0.06 -0.4486439 -0.01999998 -0.5764583 -0.01999998 -0.5764583 -0.06 -0.4486439 -0.06 -0.5847769 -0.01999998 -0.5764583 -0.06 -0.5847769 -0.01999998 -0.7125943 -0.01999998 -0.7125943 -0.06 -0.5847769 -0.06 -0.7572511 0.2543934 -0.008406221 0.1131029 0.05214995 0.08914524 -0.08243072 0.1131029 0.05214995 0.2543934 -0.008406221 0.2082729 0.1520166 0.1131029 0.05214995 0.2082729 0.1520166 0.01138812 0.1240247 0.01138812 0.1240247 0.2082729 0.1520166 0.1043606 0.2357871 0.01138812 0.1240247 0.1043606 0.2357871 -0.0275126 0.256378 0.01138812 0.1240247 -0.0275126 0.256378 -0.152016 0.2082734 0.01138812 0.1240247 -0.152016 0.2082734 -0.09291577 0.08696669 -0.09291577 0.08696669 -0.152016 0.2082734 -0.2357868 0.1043612 -0.09291577 0.08696669 -0.2357868 0.1043612 -0.1227465 -0.02109777 -0.1227465 -0.02109777 -0.2357868 0.1043612 -0.2479013 -0.05771994 -0.1227465 -0.02109777 -0.2479013 -0.05771994 -0.04310232 -0.1168509 -0.04310232 -0.1168509 -0.2479013 -0.05771994 -0.1618286 -0.200744 -0.04310232 -0.1168509 -0.1618286 -0.200744 -0.03977876 -0.2547632 -0.04310232 -0.1168509 -0.03977876 -0.2547632 0.09293299 -0.2405205 -0.04310232 -0.1168509 0.09293299 -0.2405205 0.08914524 -0.08243072 0.08914524 -0.08243072 0.09293299 -0.2405205 0.2007429 -0.16183 0.08914524 -0.08243072 0.2007429 -0.16183 0.2543934 -0.008406221 0.01414191 -0.1681275 -0.01414191 -0.1555011 -0.01414191 -0.2653992 0.01414191 -0.1681275 -0.01414191 -0.2653992 0.01414191 -0.2788152 0.01414191 -0.2788152 -0.01414191 -0.2653992 0.01414191 -0.358422 0.01414191 -0.358422 -0.01414191 -0.2653992 -0.01414191 -0.3603042 0.01414191 0.3561286 -0.01414191 0.376991 -0.01414191 0.3154075 0.01414191 0.3561286 -0.01414191 0.3154075 0.01414191 0.2402812 0.01414191 0.2402812 -0.01414191 0.3154075 -0.01414191 0.2365966 0.01414191 0.2402812 -0.01414191 0.2365966 -0.01414191 0.143007 0.01414191 0.2402812 -0.01414191 0.143007 0.01414191 0.09884124 0.01414191 0.09884124 -0.01414191 0.143007 -0.01414191 0.04809999 0.01414191 0.09884124 -0.01414191 0.04809999 0.01414191 -0.04246389 0.01414191 -0.04246389 -0.01414191 0.04809999 -0.01414191 -0.04548871 0.01414191 -0.04246389 -0.01414191 -0.04548871 0.01414191 -0.1681275 0.01414191 -0.1681275 -0.01414191 -0.04548871 -0.01414191 -0.1555011 -0.07999998 0.345575 -0.4 0.345575 -0.07999998 0.2750794 -0.07999998 0.2750794 -0.4 0.345575 -0.4 0.269306 -0.07999998 0.2750794 -0.4 0.269306 -0.07999998 0.1880841 -0.07999998 0.1880841 -0.4 0.269306 -0.4 0.1845649 -0.07999998 0.1880841 -0.4 0.1845649 -0.07999992 0.1163364 -0.07999992 0.1163364 -0.4 0.1845649 -0.4 0.1112815 -0.07999992 0.1163364 -0.4 0.1112815 -0.07999998 0.04409307 -0.07999998 0.04409307 -0.4 0.1112815 -0.4 0.04057383 -0.07999998 0.04409307 -0.4 0.04057383 -0.07999998 -0.04169809 -0.07999998 -0.04169809 -0.4 0.04057383 -0.4 -0.04747253 -0.07999998 -0.04169809 -0.4 -0.04747253 -0.07999998 -0.1286963 -0.07999998 -0.1286963 -0.4 -0.04747253 -0.4 -0.1322154 -0.07999998 -0.1286963 -0.4 -0.1322154 -0.07999998 -0.2144855 -0.07999998 -0.2144855 -0.4 -0.1322154 -0.4 -0.2051841 -0.07999998 -0.2144855 -0.4 -0.2051841 -0.4 -0.3066549 -0.07999998 -0.2144855 -0.4 -0.3066549 -0.07999998 -0.3153297 0.1017584 0.03931844 -0.08102053 0.06739336 0.09570169 -0.04412865 0.09570169 -0.04412865 -0.08102053 0.06739336 -0.09887504 -0.03646618 0.09570169 -0.04412865 -0.09887504 -0.03646618 0.03931719 -0.1017589 0.03931719 -0.1017589 -0.09887504 -0.03646618 -0.03129237 -0.10304 -0.08102053 0.06739336 0.1017584 0.03931844 0.0570209 0.09103131 -0.08102053 0.06739336 0.0570209 0.09103131 -0.01164275 0.1084672 -0.2573199 0.7319359 -0.04137915 0.6664937 -0.08291697 0.775653 -0.08291697 0.775653 -0.04137915 0.6664937 -0.05296736 0.7782689 -0.05296736 0.7782689 -0.04137915 0.6664937 0.02652299 0.6719086 -0.05296736 0.7782689 0.02652299 0.6719086 0.05303299 0.778267 0.05303299 0.778267 0.02652299 0.6719086 0.08291697 0.775653 0.08291697 0.775653 0.02652299 0.6719086 0.2573212 0.7319356 0.2573212 0.7319356 0.02652299 0.6719086 0.07254987 0.6321107 -0.2573199 0.7319359 -0.07632333 0.6070068 -0.04137915 0.6664937 -0.07632333 0.6070068 -0.2573199 0.7319359 -0.2439079 0.3533874 -0.07632333 0.6070068 -0.2439079 0.3533874 0.004220843 0.4206642 -0.2439079 0.3533874 -0.2573199 0.7319359 -0.5103574 0.5840264 -0.2439079 0.3533874 -0.5103574 0.5840264 -0.3927212 0.1508662 -0.3927212 0.1508662 -0.5103574 0.5840264 -0.6568829 0.4190064 -0.3927212 0.1508662 -0.6568829 0.4190064 -0.7525115 0.1774927 -0.3927212 0.1508662 -0.7525115 0.1774927 -0.6129845 0.07553642 -0.6129845 0.07553642 -0.7525115 0.1774927 -0.6690159 0.03660047 -0.6690159 0.03660047 -0.7525115 0.1774927 -0.6696012 -0.03209358 -0.6696012 -0.03209358 -0.7525115 0.1774927 -0.7629117 -0.1397017 -0.6696012 -0.03209358 -0.7629117 -0.1397017 -0.5965681 -0.07458722 -0.5965681 -0.07458722 -0.7629117 -0.1397017 -0.6567855 -0.4129993 -0.5965681 -0.07458722 -0.6567855 -0.4129993 -0.5284162 -0.02629768 -0.5284162 -0.02629768 -0.3927212 0.1508662 -0.5410767 0.04901391 -0.5410767 0.04901391 -0.3927212 0.1508662 -0.6129845 0.07553642 -0.5284162 -0.02629768 -0.6567855 -0.4129993 -0.2821548 -0.3121972 -0.2821548 -0.3121972 -0.6567855 -0.4129993 -0.4615255 -0.6233346 -0.2821548 -0.3121972 -0.4615255 -0.6233346 -0.1903234 -0.7520204 -0.2821548 -0.3121972 -0.1903234 -0.7520204 -0.07632333 -0.5929931 -0.07632333 -0.5929931 -0.1903234 -0.7520204 -0.0442301 -0.6625942 -0.0442301 -0.6625942 -0.1903234 -0.7520204 -0.01998013 -0.7797442 -0.0442301 -0.6625942 -0.01998013 -0.7797442 0.0227589 -0.6749378 0.0227589 -0.6749378 -0.01998013 -0.7797442 0.01999288 -0.779744 0.0227589 -0.6749378 0.01999288 -0.779744 0.1903265 -0.7520195 0.0227589 -0.6749378 0.1903265 -0.7520195 0.0719093 -0.6265224 0.0719093 -0.6265224 0.1903265 -0.7520195 0.07254981 -0.5678892 0.07254981 -0.5678892 0.1903265 -0.7520195 0.2116588 -0.3636485 0.07254981 -0.5678892 0.2116588 -0.3636485 0.02652263 -0.5280912 0.02652263 -0.5280912 0.2116588 -0.3636485 -0.04412573 -0.4271107 0.02652263 -0.5280912 -0.04412573 -0.4271107 -0.04137939 -0.5335064 -0.04137939 -0.5335064 -0.04412573 -0.4271107 -0.07632333 -0.5929931 -0.07632333 -0.5929931 -0.04412573 -0.4271107 -0.2821548 -0.3121972 0.1903265 -0.7520195 0.4615246 -0.6233358 0.2116588 -0.3636485 0.2116588 -0.3636485 0.4615246 -0.6233358 0.6567854 -0.4129999 0.2116588 -0.3636485 0.6567854 -0.4129999 0.3870196 -0.1860052 0.3870196 -0.1860052 0.6567854 -0.4129999 0.5557698 -0.06259411 0.5557698 -0.06259411 0.6567854 -0.4129999 0.6227587 -0.07493776 0.6227587 -0.07493776 0.6567854 -0.4129999 0.7629125 -0.1397016 0.6227587 -0.07493776 0.7629125 -0.1397016 0.6719092 -0.02652227 0.6719092 -0.02652227 0.7629125 -0.1397016 0.7524972 0.1775333 0.6719092 -0.02652227 0.7524972 0.1775333 0.6725499 0.03211092 0.6725499 0.03211092 0.7524972 0.1775333 0.6265227 0.07190871 0.6265227 0.07190871 0.7524972 0.1775333 0.5586208 0.06649369 0.5586208 0.06649369 0.7524972 0.1775333 0.4152712 0.06727772 0.5586208 0.06649369 0.4152712 0.06727772 0.5236768 0.007006883 0.5236768 0.007006883 0.4152712 0.06727772 0.5557698 -0.06259411 0.5557698 -0.06259411 0.4152712 0.06727772 0.3870196 -0.1860052 0.7524972 0.1775333 0.656888 0.4189985 0.4152712 0.06727772 0.4152712 0.06727772 0.656888 0.4189985 0.310578 0.2965006 0.310578 0.2965006 0.656888 0.4189985 0.51036 0.5840237 0.310578 0.2965006 0.51036 0.5840237 0.209456 0.377367 0.209456 0.377367 0.51036 0.5840237 0.2573212 0.7319356 0.2573212 0.7319356 0.0719093 0.5734778 0.209456 0.377367 0.209456 0.377367 0.0719093 0.5734778 0.004220843 0.4206642 0.0719093 0.5734778 0.2573212 0.7319356 0.07254987 0.6321107 0.004220843 0.4206642 0.0719093 0.5734778 0.0227589 0.5250622 0.004220843 0.4206642 0.0227589 0.5250622 -0.04422998 0.5374057 0.004220843 0.4206642 -0.04422998 0.5374057 -0.07632333 0.6070068 0.01413995 -0.2670807 0.009453475 -0.08406913 -0.01414489 -0.2557146 0.01413995 -0.2670807 -0.01414489 -0.2557146 -0.01414489 -0.4925385 0.01413995 -0.2670807 -0.01414489 -0.4925385 0.01413995 -0.5673652 0.01413995 -0.5673652 -0.01414489 -0.4925385 -0.01414489 -0.7292388 0.01413995 -0.5673652 -0.01414489 -0.7292388 -0.006127595 -0.8810824 0.01413995 -1.057896 -0.006127595 -0.8810824 -0.01414489 -1.087112 0.01413995 -1.057896 -0.01414489 -1.087112 -0.01414489 -1.323811 0.01413995 -1.057896 -0.01414489 -1.323811 0.01413995 -1.384006 0.01413995 -1.384006 -0.01414489 -1.323811 -0.01414489 -1.510765 0.01413995 -1.384006 -0.01414489 -1.510765 0.01413995 -1.684378 0.01413995 -1.684378 -0.01414489 -1.510765 -0.01414489 -1.681687 0.01413995 -1.684378 -0.01414489 -1.681687 -0.01414489 -1.918386 0.01413995 -1.684378 -0.01414489 -1.918386 0.01413995 -1.978362 0.01413995 -1.978362 -0.01414489 -1.918386 -0.01414489 -2.105353 0.01413995 -1.978362 -0.01414489 -2.105353 0.01413995 -2.286007 0.01413995 -2.286007 -0.01414489 -2.105353 -0.01414489 -2.276259 0.01413995 -2.286007 -0.01414489 -2.276259 0.01155138 -2.461649 0.006700873 0.08403241 0.01413995 0.267082 -0.01414489 0.2695969 -0.01414489 0.2695969 0.01413995 0.267082 -0.01414489 0.440507 -0.01414489 0.440507 0.01413995 0.267082 0.01413995 0.567369 -0.01414489 0.440507 0.01413995 0.567369 -0.01414489 0.6274721 -0.01414489 0.6274721 0.01413995 0.567369 0.01413995 0.792374 -0.01414489 0.6274721 0.01413995 0.792374 -0.01414489 0.8641671 -0.01414489 0.8641671 0.01413995 0.792374 0.01069116 1.055077 -0.01414489 1.222033 0.01069116 1.055077 0.01413995 1.384006 -0.01414489 1.222033 0.01413995 1.384006 -0.01414489 1.458738 -0.01414489 1.458738 0.01413995 1.384006 0.005515515 1.667701 -0.01414489 1.81661 0.005515515 1.667701 0.01413995 1.978363 -0.01414489 1.81661 0.01413995 1.978363 -0.01414489 2.05331 -0.01414489 2.05331 0.01413995 1.978363 0.01413995 2.286004 -0.01414489 2.05331 0.01413995 2.286004 -0.01414489 2.290142 -0.01414489 2.290142 0.01413995 2.286004 0.01073646 2.461663 -0.01576828 -0.2856751 -1.41e-4 -0.01999998 -0.02007198 -8e-6 -0.27 -1.236635 -0.01999998 -1.236635 -0.27 -1.062492 -0.27 -1.062492 -0.01999998 -1.236635 -0.01999998 -1.048435 -0.27 -1.062492 -0.01999998 -1.048435 -0.27 -0.8226631 -0.27 -0.8226631 -0.01999998 -1.048435 -0.01999998 -0.875366 -0.27 -0.8226631 -0.01999998 -0.875366 -0.01999998 -0.6860318 -0.27 -0.8226631 -0.01999998 -0.6860318 -0.27 -0.5829631 -0.27 -0.5829631 -0.01999998 -0.6860318 -0.01999998 -0.4463381 -0.27 -0.5829631 -0.01999998 -0.4463381 -0.27 -0.393675 -0.27 -0.393675 -0.01999998 -0.4463381 -0.27 -0.2205665 -0.27 -0.2205665 -0.01999998 -0.4463381 -0.01999998 -0.273252 -0.27 -0.2205665 -0.01999998 -0.273252 -0.01999998 -0.08393096 -0.27 -0.2205665 -0.01999998 -0.08393096 -0.27 0.0191273 -0.27 0.0191273 -0.01999998 -0.08393096 -0.01999998 0.1557643 -0.27 0.0191273 -0.01999998 0.1557643 -0.27 0.20844 -0.27 0.20844 -0.01999998 0.1557643 -0.27 0.3815307 -0.27 0.3815307 -0.01999998 0.1557643 -0.01999998 0.328863 -0.27 0.3815307 -0.01999998 0.328863 -0.01999998 0.5181681 -0.27 0.3815307 -0.01999998 0.5181681 -0.27 0.6212224 -0.27 0.6212224 -0.01999998 0.5181681 -0.01999998 0.7578636 -0.27 0.6212224 -0.01999998 0.7578636 -0.27 0.810554 -0.27 0.810554 -0.01999998 0.7578636 -0.27 0.9836282 -0.27 0.9836282 -0.01999998 0.7578636 -0.01999998 0.9976851 -0.27 0.9836282 -0.01999998 0.9976851 -0.27 1.171823 -0.27 1.171823 -0.01999998 0.9976851 -0.01999998 1.171823 -0.01999998 1.310899 -0.27 1.311449 -0.27 1.202068 -0.01999998 1.310899 -0.27 1.202068 -0.01999998 1.201825 -0.01999998 -1.276639 -0.27 -1.276639 -0.01999998 -1.450781 -0.01999998 -1.450781 -0.27 -1.276639 -0.27 -1.460954 -0.01999998 -1.450781 -0.27 -1.460954 -0.01999998 -1.69061 -0.01999998 -1.69061 -0.27 -1.460954 -0.27 -1.701758 -0.01999998 -1.69061 -0.27 -1.701758 -0.01999998 -1.930307 -0.01999998 -1.930307 -0.27 -1.701758 -0.27 -1.942598 -0.01999998 -1.930307 -0.27 -1.942598 -0.01999998 -2.119599 -0.01999998 -2.119599 -0.27 -1.942598 -0.27 -2.183436 -0.01999998 -2.119599 -0.27 -2.183436 -0.01999998 -2.292708 -0.01999998 -2.292708 -0.27 -2.183436 -0.27 -2.42427 -0.01999998 -2.292708 -0.27 -2.42427 -0.01999998 -2.532409 -0.01999998 -2.532409 -0.27 -2.42427 -0.27 -2.601291 -0.01999998 -2.532409 -0.27 -2.601291 -0.01999998 -2.721714 -0.01999998 -2.721714 -0.27 -2.601291 -0.27 -2.792663 -0.01999998 -2.721714 -0.27 -2.792663 -0.01999998 -2.894805 -0.01999998 -2.894805 -0.27 -2.792663 -0.27 -3.033501 -0.01999998 -2.894805 -0.27 -3.033501 -0.01999998 -3.134497 -0.01999998 -3.134497 -0.27 -3.033501 -0.27 -3.27434 -0.01999998 -3.134497 -0.27 -3.27434 -0.01999998 -3.323828 -0.01999998 -3.323828 -0.27 -3.27434 -0.01999998 -3.496901 -0.01999998 -3.496901 -0.27 -3.27434 -0.27 -3.515156 -0.01999998 -3.496901 -0.27 -3.515156 -0.01999998 -3.685097 -0.01999998 -3.685097 -0.27 -3.515156 -0.27 -3.685097 -0.03999698 -1.5e-5 -0.03999888 -0.289744 -1.49124e-5 -2.55773e-4 -1.49124e-5 -2.55773e-4 -0.03999888 -0.289744 -1.0767e-5 -0.2897441 -0.01414597 0.05388718 0.006583511 -0.05385005 0.01408123 0.05351841 0.007866501 -0.08404797 -0.01414597 -0.2515702 0.01413798 -0.2731891 0.01413798 -0.2731891 -0.01414597 -0.2515702 -0.01414597 -0.4893768 0.01413798 -0.2731891 -0.01414597 -0.4893768 0.01413798 -0.5107824 0.01413798 -0.5107824 -0.01414597 -0.4893768 -0.01414597 -0.7272061 0.01413798 -0.5107824 -0.01414597 -0.7272061 0.01413798 -0.748536 0.01413798 -0.748536 -0.01414597 -0.7272061 -0.01414597 -0.9650329 0.01413798 -0.748536 -0.01414597 -0.9650329 0.01413798 -0.9862919 0.01413798 -0.9862919 -0.01414597 -0.9650329 -0.01414597 -1.154012 0.01413798 -0.9862919 -0.01414597 -1.154012 0.01413798 -1.272678 0.01413798 -1.272678 -0.01414597 -1.154012 -0.01414597 -1.32882 0.01413798 -1.272678 -0.01414597 -1.32882 0.01413798 -1.559449 0.01413798 -1.559449 -0.01414597 -1.32882 -0.01414597 -1.566644 0.01413798 -1.559449 -0.01414597 -1.566644 0.01413798 -1.797206 0.01413798 -1.797206 -0.01414597 -1.566644 -0.01414597 -1.804472 0.01413798 -1.797206 -0.01414597 -1.804472 0.01413798 -2.034962 0.01413798 -2.034962 -0.01414597 -1.804472 -0.01414597 -2.042301 0.01413798 -2.034962 -0.01414597 -2.042301 0.01413798 -2.272434 0.01413798 -2.272434 -0.01414597 -2.042301 -0.01414597 -2.280096 0.01413798 -2.272434 -0.01414597 -2.280096 0.007082879 -2.46173 0.004823565 0.08400732 0.01413798 0.2670789 -0.01414597 0.2695958 -0.01414597 0.2695958 0.01413798 0.2670789 -0.01414597 0.440507 -0.01414597 0.440507 0.01413798 0.2670789 0.01413798 0.5673652 -0.01414597 0.440507 0.01413798 0.5673652 -0.01414597 0.6274719 -0.01414597 0.6274719 0.01413798 0.5673652 0.01413798 0.7923655 -0.01414597 0.6274719 0.01413798 0.7923655 -0.01414597 0.864168 -0.01414597 0.864168 0.01413798 0.7923655 0.01062983 1.055068 -0.01414597 1.222041 0.01062983 1.055068 0.01413798 1.384006 -0.01414597 1.222041 0.01413798 1.384006 -0.01414597 1.458738 -0.01414597 1.458738 0.01413798 1.384006 0.00551337 1.6677 -0.01414597 1.816605 0.00551337 1.6677 0.01413798 1.978362 -0.01414597 1.816605 0.01413798 1.978362 -0.01414597 2.053309 -0.01414597 2.053309 0.01413798 1.978362 0.01413798 2.286028 -0.01414597 2.053309 0.01413798 2.286028 -0.01414597 2.29014 -0.01414597 2.29014 0.01413798 2.286028 0.01271784 2.461629 -0.263682 0.7318106 -0.06259399 0.6442304 -0.08291697 0.775653 -0.08291697 0.775653 -0.06259399 0.6442304 -0.05303299 0.778267 -0.05303299 0.778267 -0.06259399 0.6442304 0.007007122 0.6763233 -0.05303299 0.778267 0.007007122 0.6763233 0.05280452 0.7782737 0.05280452 0.7782737 0.007007122 0.6763233 0.08291697 0.775653 0.08291697 0.775653 0.007007122 0.6763233 0.06649339 0.6413797 0.08291697 0.775653 0.06649339 0.6413797 0.2573183 0.7319365 -0.263682 0.7318106 -0.0749377 0.5772412 -0.06259399 0.6442304 -0.0749377 0.5772412 -0.263682 0.7318106 -0.468635 0.6208487 -0.0749377 0.5772412 -0.468635 0.6208487 -0.1961544 0.2240956 -0.0749377 0.5772412 -0.1961544 0.2240956 -0.06853556 0.2898333 -0.1961544 0.2240956 -0.468635 0.6208487 -0.6316104 0.4540261 -0.7378106 0.2463879 -0.5929931 0.07632327 -0.6316104 0.4540261 -0.6316104 0.4540261 -0.5929931 0.07632327 -0.2781907 0.1063161 -0.2781907 0.1063161 -0.5929931 0.07632327 -0.5335063 0.04137927 -0.5929931 0.07632327 -0.7378106 0.2463879 -0.6625941 0.04423022 -0.6625941 0.04423022 -0.7378106 0.2463879 -0.773503 -0.03110224 -0.6625941 0.04423022 -0.773503 -0.03110224 -0.6749377 -0.02275866 -0.6749377 -0.02275866 -0.773503 -0.03110224 -0.6265223 -0.0719093 -0.6265223 -0.0719093 -0.773503 -0.03110224 -0.7154975 -0.3051807 -0.6265223 -0.0719093 -0.7154975 -0.3051807 -0.5678896 -0.07254999 -0.5678896 -0.07254999 -0.7154975 -0.3051807 -0.2443739 -0.1702215 -0.5678896 -0.07254999 -0.2443739 -0.1702215 -0.5280913 -0.02652269 -0.5280913 -0.02652269 -0.2443739 -0.1702215 -0.2956113 -0.03614634 -0.5280913 -0.02652269 -0.2956113 -0.03614634 -0.5335063 0.04137927 -0.5335063 0.04137927 -0.2956113 -0.03614634 -0.2781907 0.1063161 -0.7154975 -0.3051807 -0.5928716 -0.5035631 -0.2443739 -0.1702215 -0.2443739 -0.1702215 -0.5928716 -0.5035631 -0.1363653 -0.2647679 -0.1363653 -0.2647679 -0.5928716 -0.5035631 -0.4169504 -0.6566765 -0.2038193 -0.7506901 -0.0749377 -0.6227589 -0.4169504 -0.6566765 -0.4169504 -0.6566765 -0.0749377 -0.6227589 -0.06259405 -0.5557698 -0.0749377 -0.6227589 -0.2038193 -0.7506901 -0.02652233 -0.6719093 -0.02652233 -0.6719093 -0.2038193 -0.7506901 -0.019997 -0.779872 -0.02652233 -0.6719093 -0.019997 -0.779872 0.0199719 -0.7797442 -0.02652233 -0.6719093 0.0199719 -0.7797442 0.03211039 -0.6725501 0.03211039 -0.6725501 0.0199719 -0.7797442 0.190303 -0.7520254 0.03211039 -0.6725501 0.190303 -0.7520254 0.07190871 -0.6265226 0.07190871 -0.6265226 0.190303 -0.7520254 0.06649351 -0.5586206 0.06649351 -0.5586206 0.190303 -0.7520254 0.4615256 -0.6233345 0.06649351 -0.5586206 0.4615256 -0.6233345 0.142306 -0.2616499 0.142306 -0.2616499 0.4615256 -0.6233345 0.2705582 -0.1040167 0.2705582 -0.1040167 0.4615256 -0.6233345 0.6567855 -0.4129993 0.2705582 -0.1040167 0.6567855 -0.4129993 0.5734778 -0.0719093 0.5734778 -0.0719093 0.6567855 -0.4129993 0.7629117 -0.1397017 0.5734778 -0.0719093 0.7629117 -0.1397017 0.6321104 -0.07255005 0.6321104 -0.07255005 0.7629117 -0.1397017 0.6719087 -0.02652269 0.6719087 -0.02652269 0.7629117 -0.1397017 0.7525115 0.1774927 0.6719087 -0.02652269 0.7525115 0.1774927 0.6664937 0.04137927 0.6664937 0.04137927 0.7525115 0.1774927 0.607007 0.07632327 0.607007 0.07632327 0.7525115 0.1774927 0.6568835 0.4190055 0.607007 0.07632327 0.6568835 0.4190055 0.5374059 0.0442301 0.5374059 0.0442301 0.6568835 0.4190055 0.2806156 0.09992212 0.5374059 0.0442301 0.2806156 0.09992212 0.2705582 -0.1040167 0.5374059 0.0442301 0.2705582 -0.1040167 0.5250622 -0.02275866 0.5250622 -0.02275866 0.2705582 -0.1040167 0.5734778 -0.0719093 0.2806156 0.09992212 0.6568835 0.4190055 0.2012003 0.2196253 0.2012003 0.2196253 0.6568835 0.4190055 0.5103574 0.5840264 0.2012003 0.2196253 0.5103574 0.5840264 0.07190871 0.5734775 0.07190871 0.5734775 0.5103574 0.5840264 0.2573183 0.7319365 0.07190871 0.5734775 0.2573183 0.7319365 0.06649339 0.6413797 0.06649351 -0.5586206 0.142306 -0.2616499 0.007007002 -0.5236767 0.007007002 -0.5236767 0.142306 -0.2616499 0.003342449 -0.297813 0.007007002 -0.5236767 0.003342449 -0.297813 -0.06259405 -0.5557698 -0.06259405 -0.5557698 0.003342449 -0.297813 -0.1363653 -0.2647679 -0.06259405 -0.5557698 -0.1363653 -0.2647679 -0.4169504 -0.6566765 -0.2781907 0.1063161 -0.1961544 0.2240956 -0.6316104 0.4540261 -0.06853556 0.2898333 -0.02652233 0.5280907 -0.0749377 0.5772412 0.07503253 0.2882319 -0.02652233 0.5280907 -0.06853556 0.2898333 0.07503253 0.2882319 0.03211039 0.52745 -0.02652233 0.5280907 0.2012003 0.2196253 0.07190871 0.5734775 0.07503253 0.2882319 0.07503253 0.2882319 0.07190871 0.5734775 0.03211039 0.52745 -0.01414191 -0.4917981 0.01414191 -0.5619062 0.01059943 -0.3595989 -0.01414191 -0.2715386 0.01059943 -0.3595989 0.01414191 -0.2150536 -0.01414191 -0.2715386 0.01414191 -0.2150536 -0.01414191 -0.1260712 -0.01414191 -0.1260712 0.01414191 -0.2150536 0.01414191 -0.0738362 -0.01414191 -0.1260712 0.01414191 -0.0738362 -0.01414191 0.01936429 -0.01414191 0.01936429 0.01414191 -0.0738362 0.01414191 0.06735193 -0.01414191 0.01936429 0.01414191 0.06735193 -0.01414191 0.1647697 -0.01414191 0.1647697 0.01414191 0.06735193 0.01414191 0.2085211 -0.01414191 0.1647697 0.01414191 0.2085211 -0.01414191 0.3101577 -0.01414191 0.3101577 0.01414191 0.2085211 0.01414191 0.3496725 -0.01414191 0.3101577 0.01414191 0.3496725 -0.01414191 0.4555303 -0.01414191 0.4555303 0.01414191 0.3496725 0.01414191 0.4908149 -0.01414191 0.4555303 0.01414191 0.4908149 -0.01414191 0.6009048 -0.01414191 0.6009048 0.01414191 0.4908149 0.01414191 0.6319651 -0.01414191 0.6009048 0.01414191 0.6319651 -0.01414191 0.7462926 -0.01414191 0.7462926 0.01414191 0.6319651 0.01414191 0.7731252 -0.01414191 0.7462926 0.01414191 0.7731252 -0.01414191 0.8916972 -0.01414191 0.8916972 0.01414191 0.7731252 0.01414191 0.9143009 -0.01414191 -0.892841 0.01414191 -0.876021 -0.01414191 -0.7849909 -0.01414191 -0.7849909 0.01414191 -0.876021 0.01414191 -0.7666239 -0.01414191 -0.7849909 0.01414191 -0.7666239 -0.01414191 -0.6395207 -0.01414191 -0.6395207 0.01414191 -0.7666239 0.01414191 -0.5619062 -0.01414191 -0.6395207 0.01414191 -0.5619062 -0.01414191 -0.4917981 -0.01999998 -0.809274 -0.16 -0.8092749 -0.01999998 -0.879646 -0.01999998 0.8446293 -0.16 0.914832 -0.16 0.8092743 -0.01999998 0.8446293 -0.16 0.8092743 -0.01999998 0.7020011 -0.01999998 0.7020011 -0.16 0.8092743 -0.16 0.668533 -0.01999998 0.7020011 -0.16 0.668533 -0.01999998 0.5615471 -0.01999998 0.5615471 -0.16 0.668533 -0.16 0.4922389 -0.01999998 0.5615471 -0.16 0.4922389 -0.01999998 0.4211261 -0.01999998 0.4211261 -0.16 0.4922389 -0.16 0.2818476 -0.01999998 0.4211261 -0.16 0.2818476 -0.01999998 0.2807359 -0.01999998 0.2807359 -0.16 0.2818476 -0.01999998 0.1403615 -0.01999998 0.1403615 -0.16 0.2818476 -0.16 0.1055558 -0.01999998 0.1403615 -0.16 0.1055558 -0.01999998 -1.78814e-7 -0.01999998 -1.78814e-7 -0.16 0.1055558 -0.16 -0.0707314 -0.01999998 -1.78814e-7 -0.16 -0.0707314 -0.01999998 -0.140361 -0.01999998 -0.140361 -0.16 -0.0707314 -0.16 -0.2818467 -0.01999998 -0.140361 -0.16 -0.2818467 -0.01999998 -0.2807355 -0.01999998 -0.2807355 -0.16 -0.2818467 -0.01999998 -0.4211266 -0.01999998 -0.4211266 -0.16 -0.2818467 -0.16 -0.4574153 -0.01999998 -0.4211266 -0.16 -0.4574153 -0.01999998 -0.5615472 -0.01999998 -0.5615472 -0.16 -0.4574153 -0.16 -0.6337071 -0.01999998 -0.5615472 -0.16 -0.6337071 -0.01999998 -0.7019985 -0.01999998 -0.7019985 -0.16 -0.6337071 -0.16 -0.8092749 -0.01999998 -0.7019985 -0.16 -0.8092749 -0.01999998 -0.809274 0.2582851 0.1022605 0.1236303 -0.0172556 0.2654494 -0.06852322 0.2654494 -0.06852322 0.1236303 -0.0172556 0.1465966 -0.2316638 0.1465966 -0.2316638 0.1236303 -0.0172556 0.04606479 -0.1156035 0.1465966 -0.2316638 0.04606479 -0.1156035 -0.01744228 -0.2772436 -0.01744228 -0.2772436 0.04606479 -0.1156035 -0.06551492 -0.1089246 -0.01744228 -0.2772436 -0.06551492 -0.1089246 -0.1750264 -0.2110085 -0.1750264 -0.2110085 -0.06551492 -0.1089246 -0.1185892 -0.05069124 -0.1750264 -0.2110085 -0.1185892 -0.05069124 -0.2690647 -0.06908303 -0.2690647 -0.06908303 -0.1185892 -0.05069124 -0.1164393 0.04497891 -0.2690647 -0.06908303 -0.1164393 0.04497891 -0.2690646 0.06908369 -0.2690646 0.06908369 -0.1164393 0.04497891 -0.2025033 0.1901605 -0.2025033 0.1901605 -0.1164393 0.04497891 -0.06488001 0.2029246 -0.2025033 0.1901605 -0.06488001 0.2029246 -0.05101817 0.2693617 0.1236303 -0.0172556 0.2582851 0.1022605 0.08167117 0.09853154 0.08167117 0.09853154 0.2582851 0.1022605 0.1465958 0.2316644 -0.05101817 0.2693617 0.06559401 0.2021951 0.1465958 0.2316644 0.06559401 0.2021951 -0.05101817 0.2693617 -0.06488001 0.2029246 0.06559401 0.2021951 0.08167117 0.09853154 0.1465958 0.2316644 -0.1164393 0.04497891 -0.07249999 0.107906 -0.06488001 0.2029246 -0.125 -0.135 -0.01999998 -0.135 -0.125 0 -0.125 0 -0.01999998 -0.135 -0.01999998 0 0.02645438 -0.246517 0.06866776 -0.2054659 -0.06836682 -0.2055826 0.02645438 -0.246517 -0.06836682 -0.2055826 -0.1003466 -0.2267177 0.1461681 -0.2002635 0.06866776 -0.2054659 0.02645438 -0.246517 0.2267169 -0.1003486 0.1201751 -0.03427159 0.1461681 -0.2002635 0.1461681 -0.2002635 0.1201751 -0.03427159 0.07749998 -0.104373 0.1461681 -0.2002635 0.07749998 -0.104373 0.06866776 -0.2054659 0.1201751 -0.03427159 0.2267169 -0.1003486 0.2465169 0.02645516 0.1201751 -0.03427159 0.2465169 0.02645516 0.09322595 0.08323955 0.09322595 0.08323955 0.2465169 0.02645516 0.2002619 0.1461701 0.09322595 0.08323955 0.2002619 0.1461701 0.07111984 0.2341811 0.09322595 0.08323955 0.07111984 0.2341811 -1.34409e-4 0.1273079 -1.34409e-4 0.1273079 0.07111984 0.2341811 -0.115304 0.2158792 -1.34409e-4 0.1273079 -0.115304 0.2158792 -0.09322655 0.08323854 -0.09322655 0.08323854 -0.115304 0.2158792 -0.2267183 0.1003453 -0.09322655 0.08323854 -0.2267183 0.1003453 -0.1201743 -0.03427404 -0.1201743 -0.03427404 -0.2267183 0.1003453 -0.2465164 -0.02645885 -0.1201743 -0.03427404 -0.2465164 -0.02645885 -0.2002628 -0.146169 -0.1201743 -0.03427404 -0.2002628 -0.146169 -0.07749998 -0.104373 -0.07749998 -0.104373 -0.2002628 -0.146169 -0.06836682 -0.2055826 -0.06836682 -0.2055826 -0.2002628 -0.146169 -0.1003466 -0.2267177 -0.02999889 0.03615039 -0.26 0.02675896 -0.02999889 -0.09566873 -0.02999889 -0.09566873 -0.26 0.02675896 -0.26 -0.1041389 -0.02999889 -0.09566873 -0.26 -0.1041389 -0.02999889 -0.226265 -0.02999889 -0.226265 -0.26 -0.1041389 -0.26 -0.2350402 -0.02999889 -0.226265 -0.26 -0.2350402 -0.02999889 -0.3568366 -0.02999889 -0.3568366 -0.26 -0.2350402 -0.26 -0.3659355 -0.02999889 -0.3568366 -0.26 -0.3659355 -0.02999889 -0.4874024 -0.02999889 -0.4874024 -0.26 -0.3659355 -0.26 -0.4968364 -0.02999889 -0.4874024 -0.26 -0.4968364 -0.02999889 -0.6179628 -0.02999889 -0.6179628 -0.26 -0.4968364 -0.26 -0.662675 -0.02999889 -0.6179628 -0.26 -0.662675 -0.02999889 -0.7485219 -0.02999889 -0.7485219 -0.26 -0.662675 -0.26 -0.785398 -0.02999889 0.785398 -0.26 0.711769 -0.02999889 0.691697 -0.02999889 0.691697 -0.26 0.711769 -0.02999889 0.5611074 -0.02999889 0.5611074 -0.26 0.711769 -0.26 0.5503597 -0.02999889 0.5611074 -0.26 0.5503597 -0.02999889 0.4304905 -0.02999889 0.4304905 -0.26 0.5503597 -0.26 0.4194588 -0.02999889 0.4304905 -0.26 0.4194588 -0.02999889 0.2998431 -0.02999889 0.2998431 -0.26 0.4194588 -0.26 0.288558 -0.02999889 0.2998431 -0.26 0.288558 -0.02999889 0.1691616 -0.02999889 0.1691616 -0.26 0.288558 -0.26 0.157658 -0.02999889 0.1691616 -0.26 0.157658 -0.02999889 0.03615039 -0.02999889 0.03615039 -0.26 0.157658 -0.26 0.02675896 -0.02121299 -0.7942011 0.02121198 -0.7992479 0.02121198 -0.6712258 -0.02121299 -0.7942011 0.02121198 -0.6712258 -0.02121299 -0.6532097 -0.02121299 -0.6532097 0.02121198 -0.6712258 0.02121198 -0.5369957 -0.02121299 -0.6532097 0.02121198 -0.5369957 -0.02121299 -0.5146873 -0.02121299 -0.5146873 0.02121198 -0.5369957 0.02121198 -0.4027551 -0.02121299 -0.5146873 0.02121198 -0.4027551 -0.02121299 -0.376201 -0.02121299 -0.376201 0.02121198 -0.4027551 0.02121198 -0.268508 -0.02121299 -0.376201 0.02121198 -0.268508 -0.02121299 -0.237748 -0.02121299 -0.237748 0.02121198 -0.268508 0.02121198 -0.1342537 -0.02121299 -0.237748 0.02121198 -0.1342537 -0.02121299 -0.09932261 -0.02121299 -0.09932261 0.02121198 -0.1342537 0.02121198 2.5332e-7 -0.02121299 -0.09932261 0.02121198 2.5332e-7 -0.02121299 0.0390886 -0.02121299 0.0390886 0.02121198 2.5332e-7 0.02121198 0.1342531 -0.02121299 0.0390886 0.02121198 0.1342531 -0.02121299 0.1774807 -0.02121299 0.1774807 0.02121198 0.1342531 0.02121198 0.2685081 -0.02121299 0.1774807 0.02121198 0.2685081 -0.02121299 0.3158749 -0.02121299 0.3158749 0.02121198 0.2685081 0.02121198 0.4027544 -0.02121299 0.3158749 0.02121198 0.4027544 -0.02121299 0.4542741 -0.02121299 0.4542741 0.02121198 0.4027544 0.02121198 0.5369958 -0.02121299 0.4542741 0.02121198 0.5369958 -0.02121299 0.5926801 -0.02121299 0.5926801 0.02121198 0.5369958 0.02121198 0.6712253 -0.02121299 0.5926801 0.02121198 0.6712253 -0.02121299 0.7311121 -0.02121299 0.7311121 0.02121198 0.6712253 0.02121198 0.8105207 -0.02121299 0.7311121 0.02121198 0.8105207 -0.02121299 0.83252 -0.2741501 -2.95302e-4 -0.3151465 0.03307437 -0.2645062 -0.1808508 -0.2741501 -2.95302e-4 -0.2645062 -0.1808508 -0.2279645 -0.1588394 -0.2279645 -0.1588394 -0.2645062 -0.1808508 -0.1556575 -0.2800632 -0.2279645 -0.1588394 -0.1556575 -0.2800632 -0.1222658 -0.2494762 -0.1222658 -0.2494762 -0.1556575 -0.2800632 -0.01431953 -0.3200795 -0.1222658 -0.2494762 -0.01431953 -0.3200795 0.01413518 -0.2774506 0.01413518 -0.2774506 -0.01431953 -0.3200795 0.1296937 -0.2929612 0.01413518 -0.2774506 0.1296937 -0.2929612 0.1469781 -0.2357336 0.1469781 -0.2357336 0.1296937 -0.2929612 0.2464013 -0.2047585 0.1469781 -0.2357336 0.2464013 -0.2047585 0.2428965 -0.1347968 0.2428965 -0.1347968 0.2464013 -0.2047585 0.3117075 -0.07400047 0.2428965 -0.1347968 0.3117075 -0.07400047 0.277791 2.68221e-7 0.277791 2.68221e-7 0.3117075 -0.07400047 0.312141 0.07217127 0.277791 2.68221e-7 0.312141 0.07217127 0.2428968 0.1347963 0.2428968 0.1347963 0.312141 0.07217127 0.2475039 0.2034445 0.2428968 0.1347963 0.2475039 0.2034445 0.146978 0.2357337 0.146978 0.2357337 0.2475039 0.2034445 0.1309897 0.2924022 0.146978 0.2357337 0.1309897 0.2924022 0.01413589 0.2774506 0.01413589 0.2774506 0.1309897 0.2924022 -0.01331275 0.3201381 0.01413589 0.2774506 -0.01331275 0.3201381 -0.1222659 0.2494761 -0.1222659 0.2494761 -0.01331275 0.3201381 -0.1551709 0.2803441 -0.1222659 0.2494761 -0.1551709 0.2803441 -0.2279643 0.1588397 -0.2279643 0.1588397 -0.1551709 0.2803441 -0.2644435 0.1809459 -0.2279643 0.1588397 -0.2644435 0.1809459 -0.2741501 -2.95302e-4 -0.2741501 -2.95302e-4 -0.2644435 0.1809459 -0.3151465 0.03307437 -0.06258982 -0.4433004 -0.04706001 -0.320415 -0.0630024 -0.2037457 -0.06218326 1.079098 -0.06066811 0.9236807 -0.0232619 1.042409 -0.06218326 1.079098 -0.0232619 1.042409 -0.02596902 1.121453 -0.06170243 -1.095259 -0.02429676 -1.121005 -0.02375185 -1.040894 -0.06170243 -1.095259 -0.02375185 -1.040894 -0.06208729 -0.9248713 -0.06208729 -0.9248713 -0.02375185 -1.040894 -0.02388846 -0.9614956 -0.06208729 -0.9248713 -0.02388846 -0.9614956 -0.02384543 -0.8817239 -0.06208729 -0.9248713 -0.02384543 -0.8817239 -0.0622251 -0.7644372 -0.0622251 -0.7644372 -0.02384543 -0.8817239 -0.02360963 -0.8020521 -0.0622251 -0.7644372 -0.02360963 -0.8020521 -0.02327305 -0.7225069 -0.0622251 -0.7644372 -0.02327305 -0.7225069 -0.06240552 -0.6039193 -0.06240552 -0.6039193 -0.02327305 -0.7225069 -0.02288675 -0.64307 -0.06240552 -0.6039193 -0.02288675 -0.64307 -0.02247339 -0.5637207 -0.06240552 -0.6039193 -0.02247339 -0.5637207 -0.06258982 -0.4433004 -0.06258982 -0.4433004 -0.02247339 -0.5637207 -0.02204298 -0.4844401 -0.06258982 -0.4433004 -0.02204298 -0.4844401 -0.01634562 -0.372169 -0.06258982 -0.4433004 -0.01634562 -0.372169 -0.04706001 -0.320415 -0.0630024 -0.2037457 -0.04706001 -0.320415 -0.02070832 -0.2469251 -0.0630024 -0.2037457 -0.02070832 -0.2469251 -0.02026343 -0.1678483 -0.0630024 -0.2037457 -0.02026343 -0.1678483 -0.06272876 -0.042867 -0.06272876 -0.042867 -0.02026343 -0.1678483 -0.01982605 -0.08880996 -0.06272876 -0.042867 -0.01982605 -0.08880996 -0.01939743 -0.009810149 -0.06272876 -0.042867 -0.01939743 -0.009810149 -0.06205892 0.1176454 -0.06205892 0.1176454 -0.01939743 -0.009810149 -0.01777595 0.08182311 -0.06205892 0.1176454 -0.01777595 0.08182311 -0.01723134 0.173317 -0.06205892 0.1176454 -0.01723134 0.173317 -0.06170439 0.2780444 -0.06170439 0.2780444 -0.01723134 0.173317 -0.01761883 0.252111 -0.06170439 0.2780444 -0.01761883 0.252111 -0.01803624 0.3309322 -0.06170439 0.2780444 -0.01803624 0.3309322 -0.06142324 0.4382484 -0.06142324 0.4382484 -0.01803624 0.3309322 -0.01848435 0.4097857 -0.06142324 0.4382484 -0.01848435 0.4097857 -0.01895701 0.4886769 -0.06142324 0.4382484 -0.01895701 0.4886769 -0.0612818 0.5984863 -0.0612818 0.5984863 -0.01895701 0.4886769 -0.01945596 0.5676101 -0.0612818 0.5984863 -0.01945596 0.5676101 -0.01997238 0.6465934 -0.0612818 0.5984863 -0.01997238 0.6465934 -0.06119543 0.7588003 -0.06119543 0.7588003 -0.01997238 0.6465934 -0.02050739 0.7256279 -0.06119543 0.7588003 -0.02050739 0.7256279 -0.02105736 0.8047206 -0.06119543 0.7588003 -0.02105736 0.8047206 -0.06066811 0.9236807 -0.06066811 0.9236807 -0.02105736 0.8047206 -0.02162003 0.8838776 -0.06066811 0.9236807 -0.02162003 0.8838776 -0.02149879 0.9631281 -0.06066811 0.9236807 -0.02149879 0.9631281 -0.0232619 1.042409 -0.04706001 -0.320415 -0.01634562 -0.372169 -0.02070832 -0.2469251 -0.08773696 -0.1202968 0.08773696 0 -0.08773696 0.04420781 -0.08773696 0.04420781 0.08773696 0 0.08773696 0.081698 -0.08773696 0.04420781 0.08773696 0.081698 0.08773696 0.163395 -0.08773696 0.04420781 0.08773696 0.163395 -0.08773696 0.2085852 -0.08773696 0.2085852 0.08773696 0.163395 0.08773696 0.245093 -0.08773696 0.2085852 0.08773696 0.245093 0.08773696 0.326791 -0.08773696 0.2085852 0.08773696 0.326791 -0.08773696 0.326791 -0.08773696 0.326791 0.08773696 0.326791 0.08773696 0.408488 -0.08773696 0.326791 0.08773696 0.408488 -0.08773696 0.408488 -0.08773696 0.408488 0.08773696 0.408488 0.08773696 0.490186 -0.08773696 0.408488 0.08773696 0.490186 -0.08773696 0.490186 -0.08773696 0.490186 0.08773696 0.490186 0.08773696 0.571884 -0.08773696 0.490186 0.08773696 0.571884 -0.08773696 0.6146869 -0.08773696 0.6146869 0.08773696 0.571884 0.08773696 0.653581 -0.08773696 0.6146869 0.08773696 0.653581 0.08773696 0.735279 -0.08773696 0.6146869 0.08773696 0.735279 -0.08773696 0.7791641 -0.08773696 0.7791641 0.08773696 0.735279 0.08773696 0.816977 -0.08773696 0.7791641 0.08773696 0.816977 0.08773696 0.898674 -0.08773696 0.7791641 0.08773696 0.898674 -0.08773696 0.943597 -0.08773696 0.943597 0.08773696 0.898674 0.08773696 0.980372 -0.08773696 0.943597 0.08773696 0.980372 0.08773696 1.099109 -0.08773696 0.943597 0.08773696 1.099109 -0.08773696 1.06207 -0.08773696 1.06207 0.08773696 1.099109 -0.08773696 1.143767 -0.08773696 -1.225465 0.08773696 -1.225465 0.08773696 -1.143767 -0.08773696 -1.225465 0.08773696 -1.143767 -0.08773696 -1.143767 -0.08773696 -1.143767 0.08773696 -1.143767 0.08773696 -1.06207 -0.08773696 -1.143767 0.08773696 -1.06207 -0.08773696 -1.06207 -0.08773696 -1.06207 0.08773696 -1.06207 0.08773696 -0.980372 -0.08773696 -1.06207 0.08773696 -0.980372 -0.08773696 -0.9374325 -0.08773696 -0.9374325 0.08773696 -0.980372 0.08773696 -0.898674 -0.08773696 -0.9374325 0.08773696 -0.898674 0.08773696 -0.7716207 -0.08773696 -0.9374325 0.08773696 -0.7716207 -0.08773696 -0.7729368 -0.08773696 -0.7729368 0.08773696 -0.7716207 0.08773696 -0.653581 -0.08773696 -0.7729368 0.08773696 -0.653581 -0.0877369 -0.6085006 -0.0877369 -0.6085006 0.08773696 -0.653581 0.08773696 -0.571884 -0.0877369 -0.6085006 0.08773696 -0.571884 0.08773696 -0.490186 -0.0877369 -0.6085006 0.08773696 -0.490186 -0.08773696 -0.490186 -0.08773696 -0.490186 0.08773696 -0.490186 0.08773696 -0.408488 -0.08773696 -0.490186 0.08773696 -0.408488 -0.08773696 -0.408488 -0.08773696 -0.408488 0.08773696 -0.408488 0.08773696 -0.326791 -0.08773696 -0.408488 0.08773696 -0.326791 -0.08773696 -0.326791 -0.08773696 -0.326791 0.08773696 -0.326791 0.08773696 -0.245093 -0.08773696 -0.326791 0.08773696 -0.245093 -0.08773696 -0.245093 -0.08773696 -0.245093 0.08773696 -0.245093 0.08773696 -0.163395 -0.08773696 -0.245093 0.08773696 -0.163395 -0.08773696 -0.1202968 -0.08773696 -0.1202968 0.08773696 -0.163395 0.08773696 -0.081698 -0.08773696 -0.1202968 0.08773696 -0.081698 0.08773696 0 -0.0785399 0.2130612 -0.09738433 0.1630291 -0.09332197 -0.03495609 -0.09741532 -0.2262256 -0.09332197 -0.03495609 -0.1332014 -0.04219371 -0.09741532 -0.2262256 -0.1332014 -0.04219371 -0.1324268 -0.2018936 -0.09738433 0.1630291 -0.0785399 0.2130612 -0.0973615 0.3557403 -0.0973615 0.3557403 -0.0785399 0.2130612 -0.07853996 0.4496985 -0.0973615 0.3557403 -0.07853996 0.4496985 -0.09734976 0.5117779 -0.09734976 0.5117779 -0.07853996 0.4496985 -0.09407532 0.6719163 -0.09733986 -1.047564 -0.09170532 -1.217846 -0.07853996 -1.004067 -0.09733986 -1.047564 -0.07853996 -1.004067 -0.09734481 -0.8915353 -0.09734481 -0.8915353 -0.07853996 -1.004067 -0.07853996 -0.7657656 -0.09734481 -0.8915353 -0.07853996 -0.7657656 -0.09735345 -0.7355127 -0.09735345 -0.7355127 -0.07853996 -0.7657656 -0.09736514 -0.5794969 -0.09736514 -0.5794969 -0.07853996 -0.7657656 -0.07853996 -0.5236375 -0.09736514 -0.5794969 -0.07853996 -0.5236375 -0.09738248 -0.4234833 -0.09738248 -0.4234833 -0.07853996 -0.5236375 -0.07853996 -0.2880492 -0.09738248 -0.4234833 -0.07853996 -0.2880492 -0.09741532 -0.2262256 -0.09741532 -0.2262256 -0.07853996 -0.2880492 -0.09332197 -0.03495609 -0.1348174 0.1189823 -0.1332014 -0.04219371 -0.09332197 -0.03495609 -0.1348174 0.1189823 -0.09332197 -0.03495609 -0.09738433 0.1630291 -0.1325032 -0.9804508 -0.132476 -1.095948 -0.09733986 -1.047564 -0.09733986 -1.047564 -0.132476 -1.095948 -0.09170532 -1.217846 -0.132476 -1.095948 -0.1329765 -1.176037 -0.09170532 -1.217846 -0.1329765 -1.176037 -0.130937 -1.24778 -0.09170532 -1.217846 -0.09309011 1.21575 -0.129803 1.211007 -0.09588599 1.019319 -0.129803 1.211007 -0.1355648 1.100531 -0.09588599 1.019319 -0.1355648 1.100531 -0.1349648 0.9778239 -0.09588599 1.019319 -0.09588599 1.019319 -0.1349648 0.9778239 -0.09592849 0.831837 -0.1349648 0.9778239 -0.1334646 0.8163141 -0.09592849 0.831837 -0.09592849 0.831837 -0.1334646 0.8163141 -0.09407532 0.6719163 -0.1334646 0.8163141 -0.1324476 0.6566026 -0.09407532 0.6719163 -0.09407532 0.6719163 -0.1324476 0.6566026 -0.09734976 0.5117779 -0.1348174 0.1189823 -0.09738433 0.1630291 -0.1354259 0.241878 -0.1354259 0.241878 -0.09738433 0.1630291 -0.1336362 0.3501746 -0.1336362 0.3501746 -0.09738433 0.1630291 -0.0973615 0.3557403 -0.1336362 0.3501746 -0.0973615 0.3557403 -0.1332194 0.4608759 -0.1332194 0.4608759 -0.0973615 0.3557403 -0.09734976 0.5117779 -0.1332194 0.4608759 -0.09734976 0.5117779 -0.1325981 0.541108 -0.1325981 0.541108 -0.09734976 0.5117779 -0.1324476 0.6566026 -0.09733986 -1.047564 -0.09734481 -0.8915353 -0.1325032 -0.9804508 -0.1325032 -0.9804508 -0.09734481 -0.8915353 -0.1337839 -0.8206918 -0.09734481 -0.8915353 -0.09735345 -0.7355127 -0.1337839 -0.8206918 -0.1337839 -0.8206918 -0.09735345 -0.7355127 -0.1350964 -0.6589248 -0.09735345 -0.7355127 -0.09736514 -0.5794969 -0.1350964 -0.6589248 -0.1350964 -0.6589248 -0.09736514 -0.5794969 -0.1335359 -0.507918 -0.09736514 -0.5794969 -0.09738248 -0.4234833 -0.1335359 -0.507918 -0.1335359 -0.507918 -0.09738248 -0.4234833 -0.133487 -0.3978187 -0.133487 -0.3978187 -0.09738248 -0.4234833 -0.1327666 -0.3174397 -0.09738248 -0.4234833 -0.09741532 -0.2262256 -0.1327666 -0.3174397 -0.1327666 -0.3174397 -0.09741532 -0.2262256 -0.1324268 -0.2018936 -0.297884 0.2846437 -0.16 0.281112 -0.16 0.3605245 -0.297884 0.2846437 -0.16 0.3605245 -0.3 0.3722486 -0.3 0.3722486 -0.16 0.3605245 -0.16 0.4609332 -0.3 0.3722486 -0.16 0.4609332 -0.3 0.5031085 -0.3 0.5031085 -0.16 0.4609332 -0.16 0.542264 -0.3 0.5031085 -0.16 0.542264 -0.3 0.6124748 -0.3 0.6124748 -0.16 0.542264 -0.16 0.6619356 -0.3 0.6124748 -0.16 0.6619356 -0.3 0.7221114 -0.3 0.7221114 -0.16 0.6619356 -0.16 0.7987429 -0.3 0.7221114 -0.16 0.7987429 -0.3 0.85297 -0.3 0.85297 -0.16 0.7987429 -0.16 0.9308679 -0.3 0.85297 -0.16 0.9308679 -0.2972349 0.9413722 -0.1899999 -0.135 -0.107906 -0.135 -0.1899999 0 -0.1899999 0 -0.107906 -0.135 -0.107906 0 -0.102094 -0.135 -0.01999998 -0.135 -0.102094 0 -0.102094 0 -0.01999998 -0.135 -0.01999998 0 -10e-7 -8e-6 -0.02999889 -8e-6 -10e-7 -0.289992 -10e-7 -0.289992 -0.02999889 -8e-6 -0.02999889 -0.289992 -0.02999889 -8e-6 -0.02999889 -0.289992 -10e-7 -8e-6 -10e-7 -8e-6 -0.02999889 -0.289992 -10e-7 -0.289992 0.29 -0.007362544 0 0.02830702 0 -0.04450678 0.29 -0.007362544 0 -0.04450678 0.29 -0.08115774 0.29 -0.08115774 0 -0.04450678 0 -0.118301 0.29 -0.08115774 0 -0.118301 0.29 -0.1539715 0.29 -0.1539715 0 -0.118301 0 -0.2020764 0.29 -0.1539715 0 -0.2020764 0.29 -0.2180035 0.29 -0.2180035 0 -0.2020764 0.29 -0.251327 0.29 -0.251327 0 -0.2020764 0 -0.251327 0.29 0.2230209 0 0.2277656 0 0.1539705 0.29 0.2230209 0 0.1539705 0.29 0.1492257 0.29 0.1492257 0 0.1539705 0.29 0.07641315 0.29 0.07641315 0 0.1539705 0 0.09234023 0.29 0.07641315 0 0.09234023 0 0.02830702 0.29 0.07641315 0 0.02830702 0.29 -0.007362544 0.29 0.003589093 0 0.02830654 0 -0.03332358 0.29 0.003589093 0 -0.03332358 0.29 -0.0911386 0.29 -0.0911386 0 -0.03332358 0 -0.09735667 0.29 -0.0911386 0 -0.09735667 0.29 -0.1647083 0.29 -0.1647083 0 -0.09735667 0 -0.1701702 0.29 -0.1647083 0 -0.1701702 0.29 -0.2337112 0.29 -0.2337112 0 -0.1701702 0 -0.2374199 0.29 0.2427644 0 0.238948 0.29 0.181133 0.29 0.181133 0 0.238948 0 0.1749148 0.29 0.181133 0 0.1749148 0.29 0.09735727 0.29 0.09735727 0 0.1749148 0 0.1021024 0.29 0.09735727 0 0.1021024 0 0.02830654 0.29 0.09735727 0 0.02830654 0.29 0.003589093 0.29 0.03332406 0 0.04925101 0.29 -0.0283066 0.29 -0.0283066 0 0.04925101 0 -0.02356171 0.29 -0.0283066 0 -0.02356171 0 -0.09735721 0.29 -0.0283066 0 -0.09735721 0.29 -0.1021022 0.29 -0.1021022 0 -0.09735721 0.29 -0.1749148 0.29 -0.1749148 0 -0.09735721 0 -0.1589876 0.29 -0.1749148 0 -0.1589876 0 -0.2230203 0.29 -0.1749148 0 -0.2230203 0.29 -0.2389476 0.29 0.2374199 0 0.251327 0 0.2068212 0.29 0.2374199 0 0.2068212 0.29 0.1701704 0.29 0.1701704 0 0.2068212 0 0.1330267 0.29 0.1701704 0 0.1330267 0.29 0.09735673 0.29 0.09735673 0 0.1330267 0 0.04925101 0.29 0.09735673 0 0.04925101 0.29 0.03332406 0.29 0.04450625 0 0.007362663 0.29 -0.02830713 0.29 -0.02830713 0 0.007362663 0 -0.07641285 0.29 -0.02830713 0 -0.07641285 0.29 -0.09233963 0.29 -0.09233963 0 -0.07641285 0.29 -0.1539705 0.29 -0.1539705 0 -0.07641285 0 -0.1492254 0.29 -0.1539705 0 -0.1492254 0 -0.2230208 0.29 -0.1539705 0 -0.2230208 0.29 -0.2277658 0.29 0.251327 0 0.251327 0.29 0.2020766 0.29 0.2020766 0 0.251327 0 0.2180038 0.29 0.2020766 0 0.2180038 0 0.1539711 0.29 0.2020766 0 0.1539711 0.29 0.1183012 0.29 0.1183012 0 0.1539711 0 0.08115762 0.29 0.1183012 0 0.08115762 0.29 0.04450625 0.29 0.04450625 0 0.08115762 0 0.007362663 0.25 0.18 -0.25 0.18 0.25 0.1 0.25 0.1 -0.25 0.18 -0.25 0.1 0.01010149 -0.2571504 0.1 -0.26 0.1 0 0.01010149 -0.2571504 0.1 0 0 0.1899999 0 0.1899999 0.1 0 0.1923075 0.1776924 0.1923075 0.1776924 0.1 0 0.1876922 0.007692217 -0.25 0.01060396 0.25 0.01060396 -0.25 0.1 -0.25 0.1 0.25 0.01060396 0.25 0.1 0.5 0.26 0 0.26 0.5 0 0.5 0 0 0.26 0 0 0.1 -0.26 0.1895981 -0.2588539 0.1 0 0.1 0 0.1895981 -0.2588539 0.2 0.1899999 0.1 0 0.2 0.1899999 0.01230794 0.1823079 0.01230794 0.1823079 0.007692158 0.01230776 0.1 0 0.5 0.17 0 0.17 0.5 0.01999998 0.5 0.01999998 0 0.17 0 0.01999998 0.25 0.18 -0.25 0.18 0.25 0 0.25 0 -0.25 0.18 -0.25 0 0 -0.199862 0.5 -0.199862 0 0.1899999 0 0.1899999 0.5 -0.199862 0.5 0.1899999 -0.06291902 -0.02320992 0.05155819 -0.04288679 0.05801218 0.03004479 -0.06291902 -0.02320992 0.05801218 0.03004479 -0.0581817 0.03620624 -0.0581817 0.03620624 0.05801218 0.03004479 -0.006133139 0.06678277 0.05155819 -0.04288679 -0.06291902 -0.02320992 -0.01135849 -0.06609511 0.01060694 -0.02742594 5.72504e-4 0.03741604 -0.010607 -0.02937924 0.01060694 -0.02742594 -0.010607 -0.02937924 -8.85874e-4 -0.1041653 -8.85874e-4 -0.1041653 -0.01060694 -0.1515428 4.45975e-4 -0.1956533 0.010607 -0.2434729 4.45975e-4 -0.1956533 -0.010607 -0.2434729 0.010607 0.2063526 -0.010607 0.2239909 -0.010607 0.1532276 0.010607 0.2063526 -0.010607 0.1532276 0.01060694 0.1146017 0.01060694 0.1146017 -0.010607 0.1532276 -0.010607 0.08196485 0.01060694 0.1146017 -0.010607 0.08196485 5.72504e-4 0.03741604 -1.889 0.267035 -2.274 0.267035 -1.889 0.2356809 -1.889 0.2356809 -2.274 0.267035 -2.274 0.2329614 -1.889 0.2356809 -2.274 0.2329614 -1.889 0.1597337 -1.889 0.1597337 -2.274 0.2329614 -2.274 0.1771386 -1.889 0.1597337 -2.274 0.1771386 -2.274 0.09897953 -1.889 0.1597337 -2.274 0.09897953 -1.889 0.05893617 -1.889 0.05893617 -2.274 0.09897953 -2.274 0.02136784 -1.889 0.05893617 -2.274 0.02136784 -1.889 -0.009094774 -1.889 -0.009094774 -2.274 0.02136784 -2.274 -0.04539114 -1.889 -0.009094774 -2.274 -0.04539114 -1.889 -0.07458025 -1.889 -0.07458025 -2.274 -0.04539114 -2.274 -0.1008274 -1.889 -0.07458025 -2.274 -0.1008274 -1.889 -0.1529892 -1.889 -0.1529892 -2.274 -0.1008274 -2.274 -0.1568894 -1.889 -0.1529892 -2.274 -0.1568894 -1.889 -0.2303514 -1.889 -0.2303514 -2.274 -0.1568894 -2.274 -0.2348124 0.00926572 -0.0663942 -0.03410005 -0.0739513 0.03038394 -0.07863092 0.00926572 -0.0663942 0.03038394 -0.07863092 0.07541322 -0.02409315 0.00926572 -0.0663942 0.07541322 -0.02409315 0.05951279 -0.03371399 0.05951279 -0.03371399 0.07541322 -0.02409315 0.06173288 0.02613508 0.06173288 0.02613508 0.07541322 -0.02409315 0.05207747 0.06260597 0.06173288 0.02613508 0.05207747 0.06260597 0.01735967 0.06619274 0.01735967 0.06619274 0.05207747 0.06260597 -0.00899136 0.08381634 0.01735967 0.06619274 -0.00899136 0.08381634 -0.03452813 0.05908167 -0.03452813 0.05908167 -0.00899136 0.08381634 -0.06260514 0.0520786 -0.03452813 0.05908167 -0.06260514 0.0520786 -0.06423872 0.02626806 -0.06423872 0.02626806 -0.06260514 0.0520786 -0.08104467 -0.0188688 -0.06423872 0.02626806 -0.08104467 -0.0188688 -0.06592255 -0.01823955 -0.06592255 -0.01823955 -0.08104467 -0.0188688 -0.04199838 -0.0552513 -0.04199838 -0.0552513 -0.08104467 -0.0188688 -0.03410005 -0.0739513 -0.04199838 -0.0552513 -0.03410005 -0.0739513 0.00926572 -0.0663942 -0.08250021 0.1929576 -1.7325 0.1918849 -0.08250021 0.1288444 -0.08250021 0.1288444 -1.7325 0.1918849 -1.732501 0.1279141 -0.08250021 0.1288444 -1.732501 0.1279141 -0.08250021 0.07386833 -0.08250021 0.07386833 -1.732501 0.1279141 -1.7325 0.07293814 -0.08250021 0.07386833 -1.7325 0.07293814 -0.08250021 0.02780711 -0.08250021 0.02780711 -1.7325 0.07293814 -1.732501 0.02717375 -0.08250021 0.02780711 -1.732501 0.02717375 -0.08250021 -0.01795828 -0.08250021 -0.01795828 -1.732501 0.02717375 -1.7325 -0.01888859 -0.08250021 -0.01795828 -1.7325 -0.01888859 -0.08250021 -0.06382364 -0.08250021 -0.06382364 -1.7325 -0.01888859 -1.7325 -0.06445699 -0.08250021 -0.06382364 -1.7325 -0.06445699 -0.08250021 -0.1185826 -0.08250021 -0.1185826 -1.7325 -0.06445699 -1.7325 -0.1196553 -0.08250021 -0.1185826 -1.7325 -0.1196553 -0.08250021 -0.1828949 -0.08250021 -0.1828949 -1.7325 -0.1196553 -1.7325 -0.1838253 -0.08250021 -0.1828949 -1.7325 -0.1838253 -0.08250021 -0.219911 -0.08250021 -0.219911 -1.7325 -0.1838253 -1.7325 -0.219911 0.1187045 -0.02644085 0.06592255 0.01823943 0.05951267 -0.03371506 0.06592255 0.01823943 0.1187045 -0.02644085 0.07761794 0.093315 0.06592255 0.01823943 0.07761794 0.093315 0.02517366 0.06213116 0.02517366 0.06213116 0.07761794 0.093315 -0.04200422 0.1138768 0.02517366 0.06213116 -0.04200422 0.1138768 -0.0345273 0.05908167 -0.0345273 0.05908167 -0.04200422 0.1138768 -0.1196218 0.02056199 -0.0345273 0.05908167 -0.1196218 0.02056199 -0.06653004 0.008233964 -0.06653004 0.008233964 -0.1196218 0.02056199 -0.05486679 -0.04249942 -0.05486679 -0.04249942 -0.1196218 0.02056199 -0.09055131 -0.08475273 -0.05486679 -0.04249942 -0.09055131 -0.08475273 -0.01735979 -0.0661928 -0.01735979 -0.0661928 -0.09055131 -0.08475273 -0.01938229 -0.1241391 -0.01735979 -0.0661928 -0.01938229 -0.1241391 0.05796557 -0.1092932 -0.01735979 -0.0661928 0.05796557 -0.1092932 0.02685153 -0.06399703 0.02685153 -0.06399703 0.05796557 -0.1092932 0.05951267 -0.03371506 0.05951267 -0.03371506 0.05796557 -0.1092932 0.1187045 -0.02644085 -0.04996865 -0.0280013 -0.01977735 0 -0.03291571 0.05836886 -0.04996865 -0.0280013 -0.03291571 0.05836886 -0.05025154 0.1322501 -0.05025154 0.1322501 -0.02307534 0.2229872 -0.0501331 0.2893609 -0.0501331 0.2893609 -0.03291779 0.3725242 -0.05260092 0.4382083 -0.05260092 0.4382083 -0.03291779 0.3725242 -0.02307575 0.4586061 -0.05260092 -0.4551827 -0.02307653 -0.471239 -0.03972876 -0.394002 -0.03972876 -0.394002 -0.01977932 -0.353429 -0.0329172 -0.2950596 -0.03972876 -0.394002 -0.0329172 -0.2950596 -0.03876739 -0.2290947 -0.05260092 -0.1624054 -0.03876739 -0.2290947 -0.02307486 -0.1304445 -0.05260092 -0.1624054 -0.02307486 -0.1304445 -0.04996865 -0.0280013 -0.04996865 -0.0280013 -0.02307486 -0.1304445 -0.0259661 -0.05780434 -0.04996865 -0.0280013 -0.0259661 -0.05780434 -0.01977735 0 -0.03972876 -0.394002 -0.02307653 -0.471239 0.006594896 -0.4123157 -0.03972876 -0.394002 0.006594896 -0.4123157 -0.01977932 -0.353429 -0.0329172 -0.2950596 -0.01977932 -0.353429 0.006594538 -0.2945038 -0.0329172 -0.2950596 0.006594538 -0.2945038 -0.03876739 -0.2290947 -0.03876739 -0.2290947 0.006594538 -0.2945038 0.001798093 -0.2106418 -0.03876739 -0.2290947 0.001798093 -0.2106418 -0.02307486 -0.1304445 -0.02307486 -0.1304445 0.001798093 -0.2106418 0.006595432 -0.1570799 -0.0259661 -0.05780434 -0.02307486 -0.1304445 0.009314894 -0.06217026 -0.03291571 0.05836886 -0.01977735 0 0.00659579 0.05892282 -0.03291571 0.05836886 0.00659579 0.05892282 -0.05025154 0.1322501 -0.05025154 0.1322501 0.00659579 0.05892282 0.001798629 0.1427881 -0.05025154 0.1322501 0.001798629 0.1427881 -0.02307534 0.2229872 -0.02307534 0.2229872 0.001798629 0.1427881 0.006594717 0.19635 -0.0501331 0.2893609 -0.02307534 0.2229872 0.006594538 0.2945407 -0.0501331 0.2893609 0.006594538 0.2945407 -0.03291779 0.3725242 -0.03291779 0.3725242 0.006594538 0.2945407 0.001797854 0.3784074 -0.03291779 0.3725242 0.001797854 0.3784074 -0.02307575 0.4586061 -0.02307575 0.4586061 0.001797854 0.3784074 0.006595194 0.431969 -0.0259661 -0.05780434 0.009314894 -0.06217026 -0.01977735 0 -0.02307653 -0.471239 0.03886932 -0.4418499 0.006594896 -0.4123157 -0.01977932 -0.353429 0.006594896 -0.4123157 0.03930228 -0.323171 -0.01977932 -0.353429 0.03930228 -0.323171 0.006594538 -0.2945038 0.001798093 -0.2106418 0.006594538 -0.2945038 0.03887087 -0.206232 -0.02307486 -0.1304445 0.006595432 -0.1570799 0.03930377 -0.08755278 -0.02307486 -0.1304445 0.03930377 -0.08755278 0.009314894 -0.06217026 -0.01977735 0 0.009314894 -0.06217026 0.03887063 0.02938723 -0.01977735 0 0.03887063 0.02938723 0.00659579 0.05892282 0.001798629 0.1427881 0.00659579 0.05892282 0.03930246 0.1480693 -0.02307534 0.2229872 0.006594717 0.19635 0.0388695 0.2650082 -0.02307534 0.2229872 0.0388695 0.2650082 0.006594538 0.2945407 0.001797854 0.3784074 0.006594538 0.2945407 0.03930175 0.3836877 -0.02307575 0.4586061 0.006595194 0.431969 0.03239881 0.471239 0.006594896 -0.4123157 0.03886932 -0.4418499 0.03930228 -0.323171 0.006594538 -0.2945038 0.03930228 -0.323171 0.03887087 -0.206232 0.001798093 -0.2106418 0.03887087 -0.206232 0.006595432 -0.1570799 0.006595432 -0.1570799 0.03887087 -0.206232 0.03930377 -0.08755278 0.009314894 -0.06217026 0.03930377 -0.08755278 0.03887063 0.02938723 0.00659579 0.05892282 0.03887063 0.02938723 0.03930246 0.1480693 0.001798629 0.1427881 0.03930246 0.1480693 0.006594717 0.19635 0.006594717 0.19635 0.03930246 0.1480693 0.0388695 0.2650082 0.006594538 0.2945407 0.0388695 0.2650082 0.03930175 0.3836877 0.001797854 0.3784074 0.03930175 0.3836877 0.006595194 0.431969 0.006595194 0.431969 0.03930175 0.3836877 0.03239881 0.471239 0.2310909 -0.01329886 0.210569 0.01694434 0.210569 -0.05048197 0.294817 -0.06825023 0.2310909 -0.01329886 0.256688 -0.06563168 0.294817 -0.06825023 0.256688 -0.06563168 0.2319081 -0.1217325 0.210569 0.01694434 0.2310909 -0.01329886 0.2319079 0.01412349 0.210569 0.01694434 0.2319079 0.01412349 0.256688 0.07022356 0.210569 0.01694434 0.256688 0.07022356 0.210569 0.08537542 0.210569 0.08537542 0.256688 0.07022356 0.2310911 0.122557 0.2948167 0.06825184 0.2310911 0.122557 0.256688 0.07022356 0.2948167 0.06825184 0.256688 0.07022356 0.2319079 0.01412349 0.210569 0.08537542 0.2310911 0.122557 0.210569 0.1528017 0.2310911 0.122557 0.2319082 0.1499804 0.210569 0.1528017 0.210569 0.1528017 0.2319082 0.1499804 0.256688 0.2060803 0.210569 0.1528017 0.256688 0.2060803 0.210569 0.2212316 0.210569 0.2212316 0.256688 0.2060803 0.2310911 0.2581998 0.2948173 0.204109 0.2310911 0.2581998 0.256688 0.2060803 0.2948173 0.204109 0.256688 0.2060803 0.2319082 0.1499804 0.210569 0.2212316 0.2310911 0.2581998 0.210569 0.271713 0.230383 -0.2723875 0.2319082 -0.2575894 0.210569 -0.2547673 0.210569 -0.2547673 0.2319082 -0.2575894 0.256688 -0.2014897 0.210569 -0.2547673 0.256688 -0.2014897 0.210569 -0.1863383 0.210569 -0.1863383 0.256688 -0.2014897 0.231091 -0.1491557 0.2948175 -0.2041101 0.231091 -0.1491557 0.256688 -0.2014897 0.2948175 -0.2041101 0.256688 -0.2014897 0.2319082 -0.2575894 0.210569 -0.1863383 0.231091 -0.1491557 0.210569 -0.1189118 0.231091 -0.1491557 0.2319081 -0.1217325 0.210569 -0.1189118 0.2310909 -0.01329886 0.210569 -0.05048197 0.256688 -0.06563168 0.256688 -0.06563168 0.210569 -0.05048197 0.210569 -0.1189118 0.256688 -0.06563168 0.210569 -0.1189118 0.2319081 -0.1217325 0 -0.3283061 -0.03552591 -0.327895 -0.03552591 -0.3623181 -0.03552591 -0.3623181 0 -0.363255 0 -0.3283061 -0.04847788 0 -0.04783535 -0.03583914 0 0 0 0 -0.04783535 -0.03583914 0 -0.05589693 0.108582 0.01760399 0.03386253 0.03334039 0.1086131 -0.01719474 0.1086131 -0.01719474 0.03386253 0.03334039 0.03334045 -0.03386312 0.03386253 0.03334039 -0.03386318 0.03333997 0.03334045 -0.03386312 0.03334045 -0.03386312 -0.03386318 0.03333997 -0.03334081 -0.03386247 0.03334045 -0.03386312 -0.03334081 -0.03386247 -0.01719456 -0.1086131 -0.03386318 0.03333997 0.03386253 0.03334039 0.01719468 0.1086131 0.01719468 0.1086131 -0.01760399 0.108582 -0.03386318 0.03333997 -0.03334081 -0.03386247 -0.03386318 0.03333997 -0.1086131 0.01719456 -0.03334081 -0.03386247 -0.1086131 0.01719456 -0.108582 -0.01760399 -0.01719456 -0.1086131 0.01760399 -0.108582 0.03334045 -0.03386312 -0.04847788 -0.05589693 -0.001390576 -0.03619962 -0.04847788 0 -0.04847788 0 -0.001390576 -0.03619962 0 0 -0.04847788 0 -0.04783517 -0.0358392 0 0.03299015 0 0.03299015 -0.04783517 -0.0358392 0 -0.05589693 0 -0.1555182 -0.03552591 -0.155107 -0.03552591 -0.1895312 -0.03552591 -0.1895312 0 -0.190468 0 -0.1555182 -0.04847788 -0.05589693 -0.001390874 -0.0361998 -0.04847788 0 -0.04847788 0 -0.001390874 -0.0361998 0 0 -0.04847788 0 -0.04783517 -0.0358392 0 0 0 0 -0.04783517 -0.0358392 0 -0.05589693 0 0.01726871 -0.03552591 0.01767992 -0.03552591 -0.01674312 -0.03552591 -0.01674312 0 -0.01767992 0 0.01726871 -0.04847788 -0.05589693 -0.001390874 -0.0361998 -0.04847788 0 -0.04847788 0 -0.001390874 -0.0361998 0 0 -0.04847788 0 -0.04783529 -0.0358392 0 0 0 0 -0.04783529 -0.0358392 0 -0.05589693 0 0.1900569 -0.03552591 0.190468 -0.03552591 0.156044 -0.03552591 0.156044 0 0.155107 0 0.1900569 -0.04847788 -0.05589693 -0.001390814 -0.03619974 -0.04847788 0 -0.04847788 0 -0.001390814 -0.03619974 0 0 0.4 -0.005551278 0 -0.008610367 0.3999999 -0.06849133 0.3999999 -0.06849133 0 -0.008610367 0 -0.06350803 0.3999999 -0.06849133 0 -0.06350803 0 -0.1185653 0.3999999 -0.06849133 0 -0.1185653 0.4 -0.14675 0.4 -0.14675 0 -0.1185653 0 -0.173505 0.4 -0.14675 0 -0.173505 0.4 -0.2139534 0.4 -0.2139534 0 -0.173505 0 -0.2149504 0.4 0.2134752 0 0.2116059 0.4 0.1672364 0.4 0.1672364 0 0.2116059 0 0.1721911 0.4 0.1672364 0 0.1721911 0 0.1093732 0.4 0.1672364 0 0.1093732 0.4 0.1044073 0.4 0.1044073 0 0.1093732 0.4 0.0490868 0.4 0.0490868 0 0.1093732 0 0.04640287 0.4 0.0490868 0 0.04640287 0.4 -0.005551278 0.4 -0.005551278 0 0.04640287 0 -0.008610367 0.08314299 -0.017672 0.08407127 0.008837938 0.06762409 -0.005353868 0.06762409 -0.005353868 0.08407127 0.008837938 0.07320874 0.0422669 0.06762409 -0.005353868 0.07320874 0.0422669 0.05264514 0.04447257 0.05264514 0.04447257 0.07320874 0.0422669 0.056876 0.06316697 0.05264514 0.04447257 0.056876 0.06316697 0.03438502 0.07722502 0.05264514 0.04447257 0.03438502 0.07722502 0.005351364 0.06762444 0.005351364 0.06762444 0.03438502 0.07722502 0.008884966 0.08453398 0.005351364 0.06762444 0.008884966 0.08453398 -0.01757216 0.08268767 0.005351364 0.06762444 -0.01757216 0.08268767 -0.04953271 0.04634916 -0.04953271 0.04634916 -0.01757216 0.08268767 -0.04968714 0.06839001 -0.04953271 0.04634916 -0.04968714 0.06839001 -0.0732094 0.04226577 -0.04953271 0.04634916 -0.0732094 0.04226577 -0.06888794 -0.001946449 -0.06888794 -0.001946449 -0.0732094 0.04226577 -0.08407181 0.008832812 -0.06888794 -0.001946449 -0.08407181 0.008832812 -0.08314299 -0.017672 -0.06888794 -0.001946449 -0.08314299 -0.017672 -0.0732094 -0.04226577 -0.06888794 -0.001946449 -0.0732094 -0.04226577 -0.03261172 -0.05628561 -0.03261172 -0.05628561 -0.0732094 -0.04226577 -0.056876 -0.06316697 -0.03261172 -0.05628561 -0.056876 -0.06316697 -0.03438234 -0.07722622 -0.03261172 -0.05628561 -0.03438234 -0.07722622 -0.008884966 -0.08453398 -0.03261172 -0.05628561 -0.008884966 -0.08453398 0.01757514 -0.08268702 -0.03261172 -0.05628561 0.01757514 -0.08268702 0.03808099 -0.05653589 0.03808099 -0.05653589 0.01757514 -0.08268702 0.04969012 -0.06838786 0.03808099 -0.05653589 0.04969012 -0.06838786 0.07320874 -0.0422669 0.03808099 -0.05653589 0.07320874 -0.0422669 0.06762409 -0.005353868 0.06762409 -0.005353868 0.07320874 -0.0422669 0.08314299 -0.017672 -0.06291902 -0.02320986 0.05155837 -0.04288643 0.05801236 0.03004473 -0.06291902 -0.02320986 0.05801236 0.03004473 -0.05818152 0.0362066 -0.05818152 0.0362066 0.05801236 0.03004473 -0.006133258 0.06678271 0.05155837 -0.04288643 -0.06291902 -0.02320986 -0.01135849 -0.06609511 0.01060694 -0.02742588 5.72423e-4 0.0374161 -0.010607 -0.0293793 0.01060694 -0.02742588 -0.010607 -0.0293793 -8.85915e-4 -0.1041653 -8.85915e-4 -0.1041653 -0.010607 -0.1515429 4.46063e-4 -0.1956536 0.010607 -0.2434729 4.46063e-4 -0.1956536 -0.010607 -0.2434729 0.010607 0.2063527 -0.01060694 0.2239907 -0.010607 0.1532275 0.010607 0.2063527 -0.010607 0.1532275 0.010607 0.1146016 0.010607 0.1146016 -0.010607 0.1532275 -0.010607 0.08196473 0.010607 0.1146016 -0.010607 0.08196473 5.72423e-4 0.0374161 -1.889 0.267035 -2.274 0.267035 -1.889 0.2356812 -1.889 0.2356812 -2.274 0.267035 -2.274 0.2329617 -1.889 0.2356812 -2.274 0.2329617 -1.889 0.1597338 -1.889 0.1597338 -2.274 0.2329617 -2.274 0.1771388 -1.889 0.1597338 -2.274 0.1771388 -2.274 0.09897965 -1.889 0.1597338 -2.274 0.09897965 -1.889 0.05893623 -1.889 0.05893623 -2.274 0.09897965 -2.274 0.02136802 -1.889 0.05893623 -2.274 0.02136802 -1.889 -0.009094893 -1.889 -0.009094893 -2.274 0.02136802 -2.274 -0.04539096 -1.889 -0.009094893 -2.274 -0.04539096 -1.889 -0.07458031 -1.889 -0.07458031 -2.274 -0.04539096 -2.274 -0.1008272 -1.889 -0.07458031 -2.274 -0.1008272 -1.889 -0.1529893 -1.889 -0.1529893 -2.274 -0.1008272 -2.274 -0.1568894 -1.889 -0.1529893 -2.274 -0.1568894 -1.889 -0.2303514 -1.889 -0.2303514 -2.274 -0.1568894 -2.274 -0.2348124 0.009265601 -0.06639426 -0.03410005 -0.0739513 0.0303837 -0.07863098 0.009265601 -0.06639426 0.0303837 -0.07863098 0.07541316 -0.02409327 0.009265601 -0.06639426 0.07541316 -0.02409327 0.05951273 -0.03371417 0.05951273 -0.03371417 0.07541316 -0.02409327 0.06173288 0.02613502 0.06173288 0.02613502 0.07541316 -0.02409327 0.05207753 0.06260597 0.06173288 0.02613502 0.05207753 0.06260597 0.01736032 0.06619262 0.01736032 0.06619262 0.05207753 0.06260597 -0.008991479 0.08381634 0.01736032 0.06619262 -0.008991479 0.08381634 -0.02685159 0.06399703 -0.02685159 0.06399703 -0.008991479 0.08381634 -0.0626052 0.05207854 -0.02685159 0.06399703 -0.0626052 0.05207854 -0.05951279 0.03371471 -0.05951279 0.03371471 -0.0626052 0.05207854 -0.08104467 -0.01886892 -0.05951279 0.03371471 -0.08104467 -0.01886892 -0.06592261 -0.01823955 -0.06592261 -0.01823955 -0.08104467 -0.01886892 -0.04199838 -0.0552513 -0.04199838 -0.0552513 -0.08104467 -0.01886892 -0.03410005 -0.0739513 -0.04199838 -0.0552513 -0.03410005 -0.0739513 0.009265601 -0.06639426 -0.08250021 0.1929577 -1.7325 0.191885 -0.08250021 0.128845 -0.08250021 0.128845 -1.7325 0.191885 -1.732501 0.1279148 -0.08250021 0.128845 -1.732501 0.1279148 -0.08250021 0.08278214 -0.08250021 0.08278214 -1.732501 0.1279148 -1.7325 0.08214873 -0.08250021 0.08278214 -1.7325 0.08214873 -0.08250021 0.03701728 -0.08250021 0.03701728 -1.7325 0.08214873 -1.7325 0.03608715 -0.08250021 0.03701728 -1.7325 0.03608715 -0.08250021 -0.01795834 -0.08250021 -0.01795834 -1.7325 0.03608715 -1.732501 -0.01888859 -0.08250021 -0.01795834 -1.732501 -0.01888859 -0.08250021 -0.06382364 -0.08250021 -0.06382364 -1.732501 -0.01888859 -1.7325 -0.06445699 -0.08250021 -0.06382364 -1.7325 -0.06445699 -0.08250021 -0.1185824 -0.08250021 -0.1185824 -1.7325 -0.06445699 -1.7325 -0.1196551 -0.08250021 -0.1185824 -1.7325 -0.1196551 -0.08250021 -0.1828948 -0.08250021 -0.1828948 -1.7325 -0.1196551 -1.732501 -0.1838252 -0.08250021 -0.1828948 -1.732501 -0.1838252 -0.08250021 -0.219911 -0.08250021 -0.219911 -1.732501 -0.1838252 -1.7325 -0.219911 0.1249257 0.0134077 0.06592243 0.01824003 0.08847415 -0.07797205 0.08847415 -0.07797205 0.06592243 0.01824003 0.06423872 -0.02626806 0.06592243 0.01824003 0.1249257 0.0134077 0.07761794 0.09331506 0.06592243 0.01824003 0.07761794 0.09331506 0.02517354 0.06213122 0.02517354 0.06213122 0.07761794 0.09331506 -0.04200422 0.1138768 0.02517354 0.06213122 -0.04200422 0.1138768 -0.03452736 0.05908167 -0.03452736 0.05908167 -0.04200422 0.1138768 -0.1196218 0.02056199 -0.03452736 0.05908167 -0.1196218 0.02056199 -0.06653004 0.008233845 -0.06653004 0.008233845 -0.1196218 0.02056199 -0.05486679 -0.04249942 -0.05486679 -0.04249942 -0.1196218 0.02056199 -0.09055137 -0.08475267 -0.05486679 -0.04249942 -0.09055137 -0.08475267 -0.01735985 -0.0661928 -0.01735985 -0.0661928 -0.09055137 -0.08475267 -0.01938247 -0.1241391 -0.01735985 -0.0661928 -0.01938247 -0.1241391 0.08847415 -0.07797205 -0.01735985 -0.0661928 0.08847415 -0.07797205 0.03452771 -0.05908191 0.03452771 -0.05908191 0.08847415 -0.07797205 0.06423872 -0.02626806 -0.04741233 -0.1130871 -0.02307361 -0.01263219 -0.03881561 0.04568773 -0.05025154 0.1322501 -0.02307534 0.2229873 -0.0501331 0.2893608 -0.0501331 0.2893608 -0.03291761 0.3725243 -0.05260092 0.4382082 -0.05260092 0.4382082 -0.03291761 0.3725243 -0.02307569 0.4586062 -0.05260092 -0.4551823 -0.02307635 -0.471239 -0.0397287 -0.3940021 -0.0397287 -0.3940021 -0.01977932 -0.353429 -0.03291726 -0.2950596 -0.0397287 -0.3940021 -0.03291726 -0.2950596 -0.03876739 -0.2290948 -0.04741233 -0.1130871 -0.03876739 -0.2290948 -0.02307504 -0.1304445 -0.0397287 -0.3940021 -0.02307635 -0.471239 0.006594896 -0.4123159 -0.0397287 -0.3940021 0.006594896 -0.4123159 -0.01977932 -0.353429 -0.03291726 -0.2950596 -0.01977932 -0.353429 0.006594538 -0.2945038 -0.03291726 -0.2950596 0.006594538 -0.2945038 -0.03876739 -0.2290948 -0.03876739 -0.2290948 0.006594538 -0.2945038 0.001798093 -0.2106418 -0.03876739 -0.2290948 0.001798093 -0.2106418 -0.02307504 -0.1304445 -0.02307504 -0.1304445 0.001798093 -0.2106418 0.006595432 -0.1570799 -0.04741233 -0.1130871 -0.02307504 -0.1304445 0.006595551 -0.05888706 -0.04741233 -0.1130871 0.006595551 -0.05888706 -0.02307361 -0.01263219 -0.03881561 0.04568773 -0.02307361 -0.01263219 0.006595909 0.05892288 -0.03881561 0.04568773 0.006595909 0.05892288 -0.05025154 0.1322501 -0.05025154 0.1322501 0.006595909 0.05892288 0.001798748 0.1427881 -0.05025154 0.1322501 0.001798748 0.1427881 -0.02307534 0.2229873 -0.02307534 0.2229873 0.001798748 0.1427881 0.006594717 0.19635 -0.0501331 0.2893608 -0.02307534 0.2229873 0.006594538 0.2945407 -0.0501331 0.2893608 0.006594538 0.2945407 -0.03291761 0.3725243 -0.03291761 0.3725243 0.006594538 0.2945407 0.001797795 0.3784072 -0.03291761 0.3725243 0.001797795 0.3784072 -0.02307569 0.4586062 -0.02307569 0.4586062 0.001797795 0.3784072 0.006594955 0.431969 -0.02307635 -0.471239 0.03886938 -0.4418499 0.006594896 -0.4123159 -0.01977932 -0.353429 0.006594896 -0.4123159 0.03930217 -0.3231709 -0.01977932 -0.353429 0.03930217 -0.3231709 0.006594538 -0.2945038 0.001798093 -0.2106418 0.006594538 -0.2945038 0.03887087 -0.2062321 -0.02307504 -0.1304445 0.006595432 -0.1570799 0.03930383 -0.08755314 -0.02307504 -0.1304445 0.03930383 -0.08755314 0.006595551 -0.05888706 -0.02307361 -0.01263219 0.006595551 -0.05888706 0.03887063 0.02938729 -0.02307361 -0.01263219 0.03887063 0.02938729 0.006595909 0.05892288 0.001798748 0.1427881 0.006595909 0.05892288 0.03930246 0.148069 -0.02307534 0.2229873 0.006594717 0.19635 0.0388695 0.265008 -0.02307534 0.2229873 0.0388695 0.265008 0.006594538 0.2945407 0.001797795 0.3784072 0.006594538 0.2945407 0.03930187 0.3836877 -0.02307569 0.4586062 0.006594955 0.431969 0.03239881 0.471239 0.006594896 -0.4123159 0.03886938 -0.4418499 0.03930217 -0.3231709 0.006594538 -0.2945038 0.03930217 -0.3231709 0.03887087 -0.2062321 0.001798093 -0.2106418 0.03887087 -0.2062321 0.006595432 -0.1570799 0.006595432 -0.1570799 0.03887087 -0.2062321 0.03930383 -0.08755314 0.006595551 -0.05888706 0.03930383 -0.08755314 0.03887063 0.02938729 0.006595909 0.05892288 0.03887063 0.02938729 0.03930246 0.148069 0.001798748 0.1427881 0.03930246 0.148069 0.006594717 0.19635 0.006594717 0.19635 0.03930246 0.148069 0.0388695 0.265008 0.006594538 0.2945407 0.0388695 0.265008 0.03930187 0.3836877 0.001797795 0.3784072 0.03930187 0.3836877 0.006594955 0.431969 0.006594955 0.431969 0.03930187 0.3836877 0.03239881 0.471239 0.231091 -0.01329892 0.210569 0.0169444 0.210569 -0.05048215 0.294817 -0.06825035 0.231091 -0.01329892 0.256688 -0.06563174 0.294817 -0.06825035 0.256688 -0.06563174 0.2319081 -0.1217325 0.210569 0.0169444 0.231091 -0.01329892 0.231908 0.01412349 0.210569 0.0169444 0.231908 0.01412349 0.256688 0.07022362 0.210569 0.0169444 0.256688 0.07022362 0.210569 0.08537524 0.210569 0.08537524 0.256688 0.07022362 0.2310911 0.122557 0.2948167 0.06825178 0.2310911 0.122557 0.256688 0.07022362 0.2948167 0.06825178 0.256688 0.07022362 0.231908 0.01412349 0.210569 0.08537524 0.2310911 0.122557 0.210569 0.1528016 0.2310911 0.122557 0.2319082 0.1499805 0.210569 0.1528016 0.210569 0.1528016 0.2319082 0.1499805 0.256688 0.2060805 0.210569 0.1528016 0.256688 0.2060805 0.210569 0.2212316 0.210569 0.2212316 0.256688 0.2060805 0.2310912 0.2581998 0.2948175 0.2041087 0.2310912 0.2581998 0.256688 0.2060805 0.2948175 0.2041087 0.256688 0.2060805 0.2319082 0.1499805 0.210569 0.2212316 0.2310912 0.2581998 0.210569 0.271713 0.2303829 -0.2723875 0.2319082 -0.2575894 0.210569 -0.2547673 0.210569 -0.2547673 0.2319082 -0.2575894 0.256688 -0.2014898 0.210569 -0.2547673 0.256688 -0.2014898 0.210569 -0.1863382 0.210569 -0.1863382 0.256688 -0.2014898 0.231091 -0.1491559 0.2948176 -0.2041097 0.231091 -0.1491559 0.256688 -0.2014898 0.2948176 -0.2041097 0.256688 -0.2014898 0.2319082 -0.2575894 0.210569 -0.1863382 0.231091 -0.1491559 0.210569 -0.1189118 0.231091 -0.1491559 0.2319081 -0.1217325 0.210569 -0.1189118 0.231091 -0.01329892 0.210569 -0.05048215 0.256688 -0.06563174 0.256688 -0.06563174 0.210569 -0.05048215 0.210569 -0.1189118 0.256688 -0.06563174 0.210569 -0.1189118 0.2319081 -0.1217325 0 -0.3283061 -0.03552591 -0.327895 -0.03552591 -0.3623182 -0.03552591 -0.3623182 0 -0.363255 0 -0.3283061 -0.04847788 0 -0.04783535 -0.03583914 0 0 0 0 -0.04783535 -0.03583914 0 -0.05589693 0.108582 0.01760399 0.03334081 0.03386247 0.1086131 -0.01719474 0.1086131 -0.01719474 0.03334081 0.03386247 0.03334045 -0.03386306 0.03334081 0.03386247 -0.03386318 0.03333997 0.03334045 -0.03386306 0.03334045 -0.03386306 -0.03386318 0.03333997 -0.03334081 -0.03386247 0.03334045 -0.03386306 -0.03334081 -0.03386247 -0.01719468 -0.1086131 -0.03386318 0.03333997 0.03334081 0.03386247 0.01719462 0.1086131 0.01719462 0.1086131 -0.01760399 0.108582 -0.03386318 0.03333997 -0.03334081 -0.03386247 -0.03386318 0.03333997 -0.1086131 0.01719456 -0.03334081 -0.03386247 -0.1086131 0.01719456 -0.108582 -0.01760399 -0.01719468 -0.1086131 0.01760399 -0.108582 0.03334045 -0.03386306 -0.04847788 -0.05589693 -0.001390695 -0.03619968 -0.04847788 0 -0.04847788 0 -0.001390695 -0.03619968 0 0 -0.04847788 0 -0.04783517 -0.0358392 0 0.03299021 0 0.03299021 -0.04783517 -0.0358392 0 -0.05589693 0 -0.1555181 -0.03552591 -0.155107 -0.03552591 -0.1895312 -0.03552591 -0.1895312 0 -0.190468 0 -0.1555181 -0.04847788 -0.05589693 -0.001390874 -0.0361998 -0.04847788 0 -0.04847788 0 -0.001390874 -0.0361998 0 0 -0.04847788 0 -0.04783517 -0.03583925 0 0 0 0 -0.04783517 -0.03583925 0 -0.05589693 0 0.01726871 -0.03552591 0.01767992 -0.03552591 -0.01674318 -0.03552591 -0.01674318 0 -0.01767992 0 0.01726871 -0.04847788 -0.05589693 -0.001390874 -0.0361998 -0.04847788 0 -0.04847788 0 -0.001390874 -0.0361998 0 0 -0.04847788 0 -0.04783529 -0.0358392 0 0 0 0 -0.04783529 -0.0358392 0 -0.05589693 0 0.1900568 -0.03552591 0.190468 -0.03552591 0.1560438 -0.03552591 0.1560438 0 0.155107 0 0.1900568 -0.04847788 -0.05589693 -0.001390814 -0.03619974 -0.04847788 0 -0.04847788 0 -0.001390814 -0.03619974 0 0 0 -0.09118515 0.3999998 -0.04770433 0 -0.01660251 0.4 0.03402364 0 -0.01660251 0.3999998 -0.04770433 0.3999998 -0.04770433 0 -0.09118515 0.4 -0.1467499 0.4 -0.1467499 0 -0.09118515 0 -0.1499859 0.4 -0.1467499 0 -0.1499859 0 -0.2085828 0.4 -0.1467499 0 -0.2085828 0.4 -0.2139536 0.4 0.2134754 0 0.2116063 0.4 0.1672367 0.4 0.1672367 0 0.2116063 0 0.1721915 0.4 0.1672367 0 0.1721915 0 0.1093731 0.4 0.1672367 0 0.1093731 0.4 0.1044071 0.4 0.1044071 0 0.1093731 0.4 0.03402364 0.4 0.03402364 0 0.1093731 0 0.04640311 0.4 0.03402364 0 0.04640311 0 -0.01660251 0.08314299 -0.017672 0.08407121 0.008838236 0.05881911 0.03112572 0.05881911 0.03112572 0.08407121 0.008838236 0.07765096 0.03457289 0.05881911 0.03112572 0.07765096 0.03457289 0.0628215 0.05656385 0.05881911 0.03112572 0.0628215 0.05656385 0.03438502 0.07722502 0.05881911 0.03112572 0.03438502 0.07722502 0.005351543 0.06762444 0.005351543 0.06762444 0.03438502 0.07722502 0.008884966 0.08453398 0.005351543 0.06762444 0.008884966 0.08453398 -0.0175721 0.08268767 0.005351543 0.06762444 -0.0175721 0.08268767 -0.04953283 0.04634886 -0.04953283 0.04634886 -0.0175721 0.08268767 -0.04249989 0.07361197 -0.04953283 0.04634886 -0.04249989 0.07361197 -0.06281965 0.05656594 -0.04953283 0.04634886 -0.06281965 0.05656594 -0.08039623 0.02612471 -0.04953283 0.04634886 -0.08039623 0.02612471 -0.068888 -0.00194633 -0.068888 -0.00194633 -0.08039623 0.02612471 -0.08407181 -0.008832693 -0.068888 -0.00194633 -0.08407181 -0.008832693 -0.07320958 -0.04226553 -0.068888 -0.00194633 -0.07320958 -0.04226553 -0.0326116 -0.05628561 -0.0326116 -0.05628561 -0.07320958 -0.04226553 -0.056876 -0.06316697 -0.0326116 -0.05628561 -0.056876 -0.06316697 -0.03438246 -0.07722616 -0.0326116 -0.05628561 -0.03438246 -0.07722616 -3.79514e-7 -0.08453392 -0.0326116 -0.05628561 -3.79514e-7 -0.08453392 0.05066406 -0.04090583 0.05066406 -0.04090583 -3.79514e-7 -0.08453392 0.03438061 -0.07722699 0.05066406 -0.04090583 0.03438061 -0.07722699 0.056876 -0.06316697 0.05066406 -0.04090583 0.056876 -0.06316697 0.07320863 -0.04226714 0.05066406 -0.04090583 0.07320863 -0.04226714 0.08314299 -0.017672 0.05066406 -0.04090583 0.08314299 -0.017672 0.05881911 0.03112572 -0.06609427 0.01136159 0.05155831 -0.04288655 0.06291985 0.02320635 -0.06609427 0.01136159 0.06291985 0.02320635 -0.00481069 0.06299442 0.05155831 -0.04288655 -0.06609427 0.01136159 -0.02621811 -0.05773144 -1.71013e-4 0.02225559 -0.010607 -0.0293793 0.010607 -0.08874171 0.010607 -0.08874171 -0.010607 -0.0293793 -0.010607 -0.1004279 0.010607 -0.08874171 -0.010607 -0.1004279 -0.010607 -0.1515426 0.010607 -0.08874171 -0.010607 -0.1515426 4.46046e-4 -0.1956534 0.010607 -0.2434729 4.46046e-4 -0.1956534 -0.010607 -0.2434729 0.010607 0.2160513 -0.010607 0.2239907 -0.010607 0.1532276 0.010607 0.2160513 -0.010607 0.1532276 0.010607 0.1157072 0.010607 0.1157072 -0.010607 0.1532276 -0.01060694 0.08196449 0.010607 0.1157072 -0.01060694 0.08196449 -1.71013e-4 0.02225559 -1.889 0.267035 -2.274 0.267035 -1.889 0.2356812 -1.889 0.2356812 -2.274 0.267035 -2.274 0.2329616 -1.889 0.2356812 -2.274 0.2329616 -1.889 0.1597337 -1.889 0.1597337 -2.274 0.2329616 -2.274 0.177139 -1.889 0.1597337 -2.274 0.177139 -2.274 0.09897959 -1.889 0.1597337 -2.274 0.09897959 -1.889 0.05893605 -1.889 0.05893605 -2.274 0.09897959 -2.274 0.02136808 -1.889 0.05893605 -2.274 0.02136808 -1.889 -0.009094715 -1.889 -0.009094715 -2.274 0.02136808 -2.274 -0.04539126 -1.889 -0.009094715 -2.274 -0.04539126 -1.889 -0.07458025 -1.889 -0.07458025 -2.274 -0.04539126 -2.274 -0.1008276 -1.889 -0.07458025 -2.274 -0.1008276 -1.889 -0.1529888 -1.889 -0.1529888 -2.274 -0.1008276 -2.274 -0.156889 -1.889 -0.1529888 -2.274 -0.156889 -1.889 -0.2303514 -1.889 -0.2303514 -2.274 -0.156889 -2.274 -0.2348124 -0.02517366 -0.0621311 -0.03410005 -0.0739513 0.03038376 -0.07863098 -0.02517366 -0.0621311 0.03038376 -0.07863098 0.03452736 -0.05908167 0.03452736 -0.05908167 0.03038376 -0.07863098 0.07541316 -0.02409309 0.03452736 -0.05908167 0.07541316 -0.02409309 0.06652998 -0.008234322 0.06652998 -0.008234322 0.07541316 -0.02409309 0.05486714 0.042499 0.05486714 0.042499 0.07541316 -0.02409309 0.05207741 0.06260615 0.05486714 0.042499 0.05207741 0.06260615 0.01735991 0.06619274 0.01735991 0.06619274 0.05207741 0.06260615 -0.00899136 0.08381634 0.01735991 0.06619274 -0.00899136 0.08381634 -0.03452789 0.05908179 -0.03452789 0.05908179 -0.00899136 0.08381634 -0.06260508 0.0520786 -0.03452789 0.05908179 -0.06260508 0.0520786 -0.06423866 0.02626818 -0.06423866 0.02626818 -0.06260508 0.0520786 -0.08104479 -0.01886844 -0.06423866 0.02626818 -0.08104479 -0.01886844 -0.06592267 -0.01823925 -0.06592267 -0.01823925 -0.08104479 -0.01886844 -0.02517366 -0.0621311 -0.02517366 -0.0621311 -0.08104479 -0.01886844 -0.03410005 -0.0739513 -0.08250021 0.2110641 -1.7325 0.2104306 -0.08250021 0.1744136 -0.08250021 0.1744136 -1.7325 0.2104306 -1.7325 0.1737802 -0.08250021 0.1744136 -1.7325 0.1737802 -0.08250021 0.1288447 -0.08250021 0.1288447 -1.7325 0.1737802 -1.732501 0.1279144 -0.08250021 0.1288447 -1.732501 0.1279144 -0.08250021 0.07386863 -0.08250021 0.07386863 -1.732501 0.1279144 -1.7325 0.07293844 -0.08250021 0.07386863 -1.7325 0.07293844 -0.08250021 0.02780717 -0.08250021 0.02780717 -1.7325 0.07293844 -1.7325 0.02717387 -0.08250021 0.02780717 -1.7325 0.02717387 -0.08250021 -0.01795798 -0.08250021 -0.01795798 -1.7325 0.02717387 -1.7325 -0.01888823 -0.08250021 -0.01795798 -1.7325 -0.01888823 -0.08250021 -0.08192896 -0.08250021 -0.08192896 -1.7325 -0.01888823 -1.732501 -0.08300185 -0.08250021 -0.08192896 -1.732501 -0.08300185 -0.08250021 -0.1460428 -0.08250021 -0.1460428 -1.732501 -0.08300185 -1.7325 -0.146973 -0.08250021 -0.1460428 -1.7325 -0.146973 -0.08250021 -0.2058417 -0.08250021 -0.2058417 -1.7325 -0.146973 -1.7325 -0.2064877 0.1235674 -0.01118177 0.06592255 0.01823973 0.05951279 -0.03371483 0.06592255 0.01823973 0.1235674 -0.01118177 0.09030306 0.08308869 0.06592255 0.01823973 0.09030306 0.08308869 0.04199796 0.05525165 0.04199796 0.05525165 0.09030306 0.08308869 -0.009265959 0.06639415 -0.009265959 0.06639415 0.09030306 0.08308869 -0.05079448 0.1104806 -0.009265959 0.06639415 -0.05079448 0.1104806 -0.05951267 0.03371423 -0.05951267 0.03371423 -0.05079448 0.1104806 -0.1186737 0.03604316 -0.05951267 0.03371423 -0.1186737 0.03604316 -0.06173276 -0.02613526 -0.06173276 -0.02613526 -0.1186737 0.03604316 -0.09912455 -0.07004684 -0.06173276 -0.02613526 -0.09912455 -0.07004684 -0.01735949 -0.0661928 -0.01735949 -0.0661928 -0.09912455 -0.07004684 0.01109838 -0.1208682 -0.01735949 -0.0661928 0.01109838 -0.1208682 0.02685159 -0.06399703 0.02685159 -0.06399703 0.01109838 -0.1208682 0.09781426 -0.07885807 0.02685159 -0.06399703 0.09781426 -0.07885807 0.05951279 -0.03371483 0.05951279 -0.03371483 0.09781426 -0.07885807 0.1235674 -0.01118177 -0.05166488 -0.01339149 -0.01977729 0 -0.03291541 0.05836832 -0.05166488 -0.01339149 -0.03291541 0.05836832 -0.04092055 0.1366886 -0.04493939 0.2980546 -0.04092055 0.1366886 -0.02596545 0.2563592 -0.05260092 -0.471239 -0.02307629 -0.471239 -0.04345339 -0.3946828 -0.04345339 -0.3946828 -0.01977938 -0.353429 -0.03291738 -0.2950598 -0.04345339 -0.3946828 -0.03291738 -0.2950598 -0.05013346 -0.2211487 -0.05013346 -0.2211487 -0.02307528 -0.1304442 -0.03141206 -0.06679111 -0.05166488 -0.01339149 -0.03141206 -0.06679111 -0.01977729 0 -0.04092055 0.1366886 -8.65475e-4 0.2071263 -0.02596545 0.2563592 -0.04345339 -0.3946828 -0.02307629 -0.471239 0.006594777 -0.412316 -0.04345339 -0.3946828 0.006594777 -0.412316 -0.01977938 -0.353429 -0.03291738 -0.2950598 -0.01977938 -0.353429 0.006594538 -0.2945032 -0.03291738 -0.2950598 0.006594538 -0.2945032 -0.05013346 -0.2211487 -0.05013346 -0.2211487 0.006594538 -0.2945032 0.001797974 -0.2106415 -0.05013346 -0.2211487 0.001797974 -0.2106415 -0.02307528 -0.1304442 -0.02307528 -0.1304442 0.001797974 -0.2106415 0.006595432 -0.1570799 -0.03141206 -0.06679111 -0.02307528 -0.1304442 0.009314835 -0.06217056 -0.03291541 0.05836832 -0.01977729 0 0.006596028 0.05892312 -0.03291541 0.05836832 0.006596028 0.05892312 -0.04092055 0.1366886 -0.04092055 0.1366886 0.006596028 0.05892312 0.001798808 0.1427887 -0.04092055 0.1366886 0.001798808 0.1427887 -8.65475e-4 0.2071263 -0.04493939 0.2980546 -0.02596545 0.2563592 0.00659132 0.3006522 -0.04493939 0.2980546 0.00659132 0.3006522 -0.03972655 0.3913894 -0.03972655 0.3913894 0.00659132 0.3006522 0.006595075 0.373081 -0.03972655 0.3913894 0.006595075 0.373081 -0.02307552 0.4586063 -0.02307552 0.4586063 0.006595075 0.373081 0.006594955 0.431969 -0.03141206 -0.06679111 0.009314835 -0.06217056 -0.01977729 0 -0.02596545 0.2563592 -8.65475e-4 0.2071263 0.00659132 0.3006522 -0.02307629 -0.471239 0.03886944 -0.44185 0.006594777 -0.412316 -0.01977938 -0.353429 0.006594777 -0.412316 0.03930222 -0.323171 -0.01977938 -0.353429 0.03930222 -0.323171 0.006594538 -0.2945032 0.001797974 -0.2106415 0.006594538 -0.2945032 0.03887075 -0.2062321 -0.02307528 -0.1304442 0.006595432 -0.1570799 0.03930371 -0.08755284 -0.02307528 -0.1304442 0.03930371 -0.08755284 0.009314835 -0.06217056 -0.01977729 0 0.009314835 -0.06217056 0.03887057 0.02938717 -0.01977729 0 0.03887057 0.02938717 0.006596028 0.05892312 0.001798808 0.1427887 0.006596028 0.05892312 0.03930193 0.1480693 -8.65475e-4 0.2071263 0.03477585 0.2501307 0.00659132 0.3006522 -0.02307552 0.4586063 0.006594955 0.431969 0.03239887 0.471239 0.006594777 -0.412316 0.03886944 -0.44185 0.03930222 -0.323171 0.006594538 -0.2945032 0.03930222 -0.323171 0.03887075 -0.2062321 0.001797974 -0.2106415 0.03887075 -0.2062321 0.006595432 -0.1570799 0.006595432 -0.1570799 0.03887075 -0.2062321 0.03930371 -0.08755284 0.009314835 -0.06217056 0.03930371 -0.08755284 0.03887057 0.02938717 0.006596028 0.05892312 0.03887057 0.02938717 0.03930193 0.1480693 0.001798808 0.1427887 0.03930193 0.1480693 -8.65475e-4 0.2071263 -8.65475e-4 0.2071263 0.03930193 0.1480693 0.03477585 0.2501307 0.00659132 0.3006522 0.03477585 0.2501307 0.04576486 0.3345526 0.00659132 0.3006522 0.04576486 0.3345526 0.006595075 0.373081 0.006595075 0.373081 0.04576486 0.3345526 0.04588365 0.4137268 0.006595075 0.373081 0.04588365 0.4137268 0.006594955 0.431969 0.006594955 0.431969 0.04588365 0.4137268 0.03239887 0.471239 0.2310909 -0.01329886 0.210569 0.01694434 0.210569 -0.05048197 0.2948171 -0.06825023 0.2310909 -0.01329886 0.256688 -0.06563162 0.2948171 -0.06825023 0.256688 -0.06563162 0.2319081 -0.1217325 0.210569 0.01694434 0.2310909 -0.01329886 0.2319079 0.01412349 0.210569 0.01694434 0.2319079 0.01412349 0.256688 0.07022321 0.210569 0.01694434 0.256688 0.07022321 0.210569 0.08537542 0.210569 0.08537542 0.256688 0.07022321 0.231091 0.1225572 0.2948173 0.06760632 0.231091 0.1225572 0.256688 0.07022321 0.2948173 0.06760632 0.256688 0.07022321 0.2319079 0.01412349 0.210569 0.08537542 0.231091 0.1225572 0.210569 0.1442233 0.231091 0.1225572 0.2319085 0.1499805 0.210569 0.1442233 0.210569 0.1442233 0.2319085 0.1499805 0.2272266 0.1976612 0.210569 0.2385516 0.2272266 0.1976612 0.231091 0.2581996 0.2948175 0.2041082 0.231091 0.2581996 0.2272266 0.1976612 0.2948175 0.2041082 0.2272266 0.1976612 0.2319085 0.1499805 0.210569 0.2385516 0.231091 0.2581996 0.210569 0.271713 0.230383 -0.2723876 0.2319082 -0.2575894 0.210569 -0.2547674 0.210569 -0.2547674 0.2319082 -0.2575894 0.256688 -0.2014897 0.210569 -0.2547674 0.256688 -0.2014897 0.210569 -0.1863383 0.210569 -0.1863383 0.256688 -0.2014897 0.2310912 -0.1491558 0.2948178 -0.2034642 0.2310912 -0.1491558 0.256688 -0.2014897 0.2948178 -0.2034642 0.256688 -0.2014897 0.2319082 -0.2575894 0.210569 -0.1863383 0.2310912 -0.1491558 0.210569 -0.1189118 0.2310912 -0.1491558 0.2319081 -0.1217325 0.210569 -0.1189118 0.2310909 -0.01329886 0.210569 -0.05048197 0.256688 -0.06563162 0.256688 -0.06563162 0.210569 -0.05048197 0.210569 -0.1189118 0.256688 -0.06563162 0.210569 -0.1189118 0.2319081 -0.1217325 0 -0.328306 -0.03552591 -0.327895 -0.03552591 -0.3623182 -0.03552591 -0.3623182 0 -0.363255 0 -0.328306 -0.04847788 0 -0.0478354 -0.03583914 0 0 0 0 -0.0478354 -0.03583914 0 -0.05589693 0.108582 0.01760399 0.03334087 0.03386229 0.1086131 -0.0171948 0.1086131 -0.0171948 0.03334087 0.03386229 0.03386199 -0.03334099 0.03334087 0.03386229 -0.0333411 0.03386169 0.03386199 -0.03334099 0.03386199 -0.03334099 -0.0333411 0.03386169 -0.0338627 -0.03334063 0.03386199 -0.03334099 -0.0338627 -0.03334063 -0.01719468 -0.1086131 -0.0333411 0.03386169 0.03334087 0.03386229 0.01719468 0.1086131 0.01719468 0.1086131 -0.01760399 0.108582 -0.0333411 0.03386169 -0.0338627 -0.03334063 -0.0333411 0.03386169 -0.1086131 0.01719456 -0.0338627 -0.03334063 -0.1086131 0.01719456 -0.108582 -0.01760399 -0.01719468 -0.1086131 0.01760399 -0.108582 0.03386199 -0.03334099 -0.04847788 -0.05589693 -0.001390635 -0.03619968 -0.04847788 0 -0.04847788 0 -0.001390635 -0.03619968 0 0 -0.04847788 0 -0.04783529 -0.0358392 0 0.03376716 0 0.03376716 -0.04783529 -0.0358392 0 -0.05589693 0 -0.1555181 -0.03552591 -0.155107 -0.03552591 -0.189531 -0.03552591 -0.189531 0 -0.190468 0 -0.1555181 -0.04847788 -0.05589693 -0.001391112 -0.03619992 -0.04847788 0 -0.04847788 0 -0.001391112 -0.03619992 0 0 -0.04847788 0 -0.04783529 -0.0358392 0 0 0 0 -0.04783529 -0.0358392 0 -0.05589693 0 0.01726871 -0.03552591 0.01767992 -0.03552591 -0.0167433 -0.03552591 -0.0167433 0 -0.01767992 0 0.01726871 -0.04847788 -0.05589693 -0.001390874 -0.0361998 -0.04847788 0 -0.04847788 0 -0.001390874 -0.0361998 0 0 -0.04847788 0 -0.04783511 -0.03583925 0 0 0 0 -0.04783511 -0.03583925 0 -0.05589693 0 0.1900568 -0.03552591 0.190468 -0.03552591 0.1560439 -0.03552591 0.1560439 0 0.155107 0 0.1900568 -0.04847788 -0.05589693 -0.001390814 -0.03619974 -0.04847788 0 -0.04847788 0 -0.001390814 -0.03619974 0 0 0.4 -0.02051717 0 -0.008610069 0 -0.07143968 0.4 -0.02051717 0 -0.07143968 0.4 -0.1072719 0.4 -0.1072719 0 -0.07143968 0 -0.1420347 0.4 -0.1072719 0 -0.1420347 0.4 -0.1708219 0.4 -0.1708219 0 -0.1420347 0 -0.2085828 0.4 -0.1708219 0 -0.2085828 0.4 -0.2106366 0.4 0.209464 0 0.2116061 0 0.1641788 0.4 0.209464 0 0.1641788 0.4 0.1590454 0.4 0.1590454 0 0.1641788 0.4 0.1044076 0.4 0.1044076 0 0.1641788 0 0.117362 0.4 0.1044076 0 0.117362 0 0.06216979 0.4 0.1044076 0 0.06216979 0.4 0.0490874 0.4 0.0490874 0 0.06216979 0.4 -0.02051717 0.4 -0.02051717 0 0.06216979 0 -0.008610069 0.08314299 -0.017672 0.08407121 0.008838415 0.06218826 -0.01870584 0.06218826 -0.01870584 0.08407121 0.008838415 0.07320868 0.04226702 0.06218826 -0.01870584 0.07320868 0.04226702 0.05264478 0.04447311 0.05264478 0.04447311 0.07320868 0.04226702 0.04968732 0.06838989 0.05264478 0.04447311 0.04968732 0.06838989 0.005351006 0.06762444 0.005351006 0.06762444 0.04968732 0.06838989 0.01757347 0.08268737 0.005351006 0.06762444 0.01757347 0.08268737 -0.01757204 0.08268767 0.005351006 0.06762444 -0.01757204 0.08268767 -0.04447484 0.05264377 -0.04447484 0.05264377 -0.01757204 0.08268767 -0.04249989 0.07361197 -0.04447484 0.05264377 -0.04249989 0.07361197 -0.06281918 0.05656641 -0.04447484 0.05264377 -0.06281918 0.05656641 -0.06762421 0.005351662 -0.06762421 0.005351662 -0.06281918 0.05656641 -0.08039641 0.02612417 -0.06762421 0.005351662 -0.08039641 0.02612417 -0.08407181 -0.008832871 -0.06762421 0.005351662 -0.08407181 -0.008832871 -0.0732091 -0.04226624 -0.06762421 0.005351662 -0.0732091 -0.04226624 -0.05264335 -0.04447513 -0.05264335 -0.04447513 -0.0732091 -0.04226624 -0.056876 -0.06316697 -0.05264335 -0.04447513 -0.056876 -0.06316697 -0.03438276 -0.07722604 -0.05264335 -0.04447513 -0.03438276 -0.07722604 0.002578437 -0.06640332 0.002578437 -0.06640332 -0.03438276 -0.07722604 -0.008884966 -0.08453398 0.002578437 -0.06640332 -0.008884966 -0.08453398 0.0175749 -0.08268707 0.002578437 -0.06640332 0.0175749 -0.08268707 0.04969024 -0.0683878 0.002578437 -0.06640332 0.04969024 -0.0683878 0.06218826 -0.01870584 0.06218826 -0.01870584 0.04969024 -0.0683878 0.07320833 -0.04226768 0.06218826 -0.01870584 0.07320833 -0.04226768 0.08314299 -0.017672 -0.06291913 -0.02320969 0.05818188 -0.03620648 0.05801242 0.03004467 -0.06291913 -0.02320969 0.05801242 0.03004467 -0.05818146 0.03620672 -0.05818146 0.03620672 0.05801242 0.03004467 -0.006132662 0.06678283 0.05818188 -0.03620648 -0.06291913 -0.02320969 -0.003068864 -0.06512469 0.010607 -0.02742564 5.72403e-4 0.03741604 -0.010607 -0.02937912 0.010607 -0.02742564 -0.010607 -0.02937912 0.010607 -0.1181495 0.010607 -0.1181495 -0.010607 -0.02937912 -0.010607 -0.1004275 0.010607 -0.1181495 -0.010607 -0.1004275 -0.010607 -0.1515429 0.010607 -0.1181495 -0.010607 -0.1515429 2.89138e-5 -0.2012207 0.010607 -0.2434729 2.89138e-5 -0.2012207 -0.010607 -0.2434729 0.01060694 0.2063528 -0.010607 0.2239907 -0.010607 0.1532275 0.01060694 0.2063528 -0.010607 0.1532275 0.010607 0.1146023 0.010607 0.1146023 -0.010607 0.1532275 -0.01060694 0.08196431 0.010607 0.1146023 -0.01060694 0.08196431 5.72403e-4 0.03741604 -1.889 0.2552348 -2.274 0.267035 -2.274 0.232962 -1.889 0.2552348 -2.274 0.232962 -1.889 0.1597337 -1.889 0.1597337 -2.274 0.232962 -2.274 0.1771392 -1.889 0.1597337 -2.274 0.1771392 -2.274 0.09897965 -1.889 0.1597337 -2.274 0.09897965 -1.889 0.05893623 -1.889 0.05893623 -2.274 0.09897965 -2.274 0.02136802 -1.889 0.05893623 -2.274 0.02136802 -1.889 -0.009094834 -1.889 -0.009094834 -2.274 0.02136802 -2.274 -0.0453906 -1.889 -0.009094834 -2.274 -0.0453906 -1.889 -0.07458019 -1.889 -0.07458019 -2.274 -0.0453906 -2.274 -0.1008273 -1.889 -0.07458019 -2.274 -0.1008273 -1.889 -0.1635922 -1.889 -0.1635922 -2.274 -0.1008273 -2.274 -0.1568894 -1.889 -0.1635922 -2.274 -0.1568894 -2.274 -0.2348126 -1.889 -0.1635922 -2.274 -0.2348126 -1.889 -0.2419987 -0.008745908 -0.0688486 -0.003646373 -0.07924836 0.03452742 -0.05908161 0.03452742 -0.05908161 -0.003646373 -0.07924836 0.07541316 -0.02409309 0.03452742 -0.05908161 0.07541316 -0.02409309 0.06653022 -0.008233368 0.06653022 -0.008233368 0.07541316 -0.02409309 0.05486679 0.04249942 0.05486679 0.04249942 0.07541316 -0.02409309 0.05207759 0.06260603 0.05486679 0.04249942 0.05207759 0.06260603 0.01736032 0.06619268 0.01736032 0.06619268 0.05207759 0.06260603 -0.00899142 0.08381634 0.01736032 0.06619268 -0.00899142 0.08381634 -0.04122215 0.05286526 -0.04122215 0.05286526 -0.00899142 0.08381634 -0.06260508 0.05207854 -0.04122215 0.05286526 -0.06260508 0.05207854 -0.06843084 -3.60499e-4 -0.06843084 -3.60499e-4 -0.06260508 0.05207854 -0.07640355 -0.02817821 -0.06843084 -3.60499e-4 -0.07640355 -0.02817821 -0.04813212 -0.04864299 -0.04813212 -0.04864299 -0.07640355 -0.02817821 -0.003646373 -0.07924836 -0.04813212 -0.04864299 -0.003646373 -0.07924836 -0.008745908 -0.0688486 -0.08250021 0.2110651 -1.7325 0.2104317 -0.08250021 0.1744132 -0.08250021 0.1744132 -1.7325 0.2104317 -1.7325 0.1737796 -0.08250021 0.1744132 -1.7325 0.1737796 -0.08250021 0.128845 -0.08250021 0.128845 -1.7325 0.1737796 -1.732501 0.1279148 -0.08250021 0.128845 -1.732501 0.1279148 -0.08250021 0.06467604 -0.08250021 0.06467604 -1.732501 0.1279148 -1.7325 0.0636034 -0.08250021 0.06467604 -1.7325 0.0636034 -0.08250021 5.65304e-4 -0.08250021 5.65304e-4 -1.7325 0.0636034 -1.7325 -3.64659e-4 -0.08250021 5.65304e-4 -1.7325 -3.64659e-4 -0.08250021 -0.05441325 -0.08250021 -0.05441325 -1.7325 -3.64659e-4 -1.7325 -0.05534327 -0.08250021 -0.05441325 -1.7325 -0.05534327 -0.08250021 -0.1004758 -0.08250021 -0.1004758 -1.7325 -0.05534327 -1.732501 -0.1011091 -0.08250021 -0.1004758 -1.732501 -0.1011091 -0.08250021 -0.1460429 -0.08250021 -0.1460429 -1.732501 -0.1011091 -1.732501 -0.1469731 -0.08250021 -0.1460429 -1.732501 -0.1469731 -0.08250021 -0.2058427 -0.08250021 -0.2058427 -1.732501 -0.1469731 -1.732501 -0.2064889 0.1249257 0.01340812 0.06592249 0.01823997 0.08847427 -0.07797175 0.08847427 -0.07797175 0.06592249 0.01823997 0.0534988 -0.04039657 0.06592249 0.01823997 0.1249257 0.01340812 0.07761776 0.09331518 0.06592249 0.01823997 0.07761776 0.09331518 0.04199826 0.05525135 0.04199826 0.05525135 0.07761776 0.09331518 -0.009265124 0.06639438 -0.009265124 0.06639438 0.07761776 0.09331518 -0.04200398 0.1138768 -0.009265124 0.06639438 -0.04200398 0.1138768 -0.05951261 0.03371429 -0.05951261 0.03371429 -0.04200398 0.1138768 -0.1196219 0.02056193 -0.05951261 0.03371429 -0.1196219 0.02056193 -0.06876617 -0.009371995 -0.06876617 -0.009371995 -0.1196219 0.02056193 -0.04796928 -0.04875874 -0.04796928 -0.04875874 -0.1196219 0.02056193 -0.09055155 -0.08475261 -0.04796928 -0.04875874 -0.09055155 -0.08475261 5.58855e-4 -0.06839752 5.58855e-4 -0.06839752 -0.09055155 -0.08475261 -0.01938337 -0.124139 5.58855e-4 -0.06839752 -0.01938337 -0.124139 0.08847427 -0.07797175 5.58855e-4 -0.06839752 0.08847427 -0.07797175 0.0534988 -0.04039657 -0.04741215 -0.1130869 -0.02307355 -0.01263219 -0.03881573 0.04568821 -0.0502516 0.1322504 -0.02307528 0.2229876 -0.05013328 0.2893605 -0.05013328 0.2893605 -0.03291761 0.3725244 -0.05260092 0.4382084 -0.05260092 0.4382084 -0.03291761 0.3725244 -0.02307564 0.4586062 -0.05260092 -0.4551826 -0.02307635 -0.471239 -0.0397287 -0.394002 -0.0397287 -0.394002 -0.01977878 -0.353429 -0.03291708 -0.2950599 -0.0397287 -0.394002 -0.03291708 -0.2950599 -0.03876709 -0.2290949 -0.04741215 -0.1130869 -0.03876709 -0.2290949 -0.0230748 -0.130445 -0.0397287 -0.394002 -0.02307635 -0.471239 0.006594896 -0.4123159 -0.0397287 -0.394002 0.006594896 -0.4123159 -0.01977878 -0.353429 -0.03291708 -0.2950599 -0.01977878 -0.353429 0.006594538 -0.2945041 -0.03291708 -0.2950599 0.006594538 -0.2945041 -0.03876709 -0.2290949 -0.03876709 -0.2290949 0.006594538 -0.2945041 0.001797795 -0.2106419 -0.03876709 -0.2290949 0.001797795 -0.2106419 -0.0230748 -0.130445 -0.0230748 -0.130445 0.001797795 -0.2106419 0.006595671 -0.1570799 -0.04741215 -0.1130869 -0.0230748 -0.130445 0.006595671 -0.05888712 -0.04741215 -0.1130869 0.006595671 -0.05888712 -0.02307355 -0.01263219 -0.03881573 0.04568821 -0.02307355 -0.01263219 0.006595909 0.05892276 -0.03881573 0.04568821 0.006595909 0.05892276 -0.0502516 0.1322504 -0.0502516 0.1322504 0.006595909 0.05892276 0.001798689 0.1427884 -0.0502516 0.1322504 0.001798689 0.1427884 -0.02307528 0.2229876 -0.02307528 0.2229876 0.001798689 0.1427884 0.006594955 0.19635 -0.05013328 0.2893605 -0.02307528 0.2229876 0.006594538 0.294541 -0.05013328 0.2893605 0.006594538 0.294541 -0.03291761 0.3725244 -0.03291761 0.3725244 0.006594538 0.294541 0.001797616 0.3784073 -0.03291761 0.3725244 0.001797616 0.3784073 -0.02307564 0.4586062 -0.02307564 0.4586062 0.001797616 0.3784073 0.006594955 0.431969 -0.02307635 -0.471239 0.03886938 -0.4418498 0.006594896 -0.4123159 -0.01977878 -0.353429 0.006594896 -0.4123159 0.03930228 -0.3231706 -0.01977878 -0.353429 0.03930228 -0.3231706 0.006594538 -0.2945041 0.001797795 -0.2106419 0.006594538 -0.2945041 0.03887087 -0.2062321 -0.0230748 -0.130445 0.006595671 -0.1570799 0.03930389 -0.08755302 -0.0230748 -0.130445 0.03930389 -0.08755302 0.006595671 -0.05888712 -0.02307355 -0.01263219 0.006595671 -0.05888712 0.03887045 0.02938723 -0.02307355 -0.01263219 0.03887045 0.02938723 0.006595909 0.05892276 0.001798689 0.1427884 0.006595909 0.05892276 0.03930246 0.1480685 -0.02307528 0.2229876 0.006594955 0.19635 0.03886961 0.2650077 -0.02307528 0.2229876 0.03886961 0.2650077 0.006594538 0.294541 0.001797616 0.3784073 0.006594538 0.294541 0.03930169 0.3836876 -0.02307564 0.4586062 0.006594955 0.431969 0.03239881 0.471239 0.006594896 -0.4123159 0.03886938 -0.4418498 0.03930228 -0.3231706 0.006594538 -0.2945041 0.03930228 -0.3231706 0.03887087 -0.2062321 0.001797795 -0.2106419 0.03887087 -0.2062321 0.006595671 -0.1570799 0.006595671 -0.1570799 0.03887087 -0.2062321 0.03930389 -0.08755302 0.006595671 -0.05888712 0.03930389 -0.08755302 0.03887045 0.02938723 0.006595909 0.05892276 0.03887045 0.02938723 0.03930246 0.1480685 0.001798689 0.1427884 0.03930246 0.1480685 0.006594955 0.19635 0.006594955 0.19635 0.03930246 0.1480685 0.03886961 0.2650077 0.006594538 0.294541 0.03886961 0.2650077 0.03930169 0.3836876 0.001797616 0.3784073 0.03930169 0.3836876 0.006594955 0.431969 0.006594955 0.431969 0.03930169 0.3836876 0.03239881 0.471239 0.231091 -0.01329874 0.210569 0.01694434 0.210569 -0.05048215 0.294817 -0.0682497 0.231091 -0.01329874 0.256688 -0.0656318 0.294817 -0.0682497 0.256688 -0.0656318 0.2319081 -0.1217325 0.210569 0.01694434 0.231091 -0.01329874 0.231908 0.01412349 0.210569 0.01694434 0.231908 0.01412349 0.256688 0.07022356 0.210569 0.01694434 0.256688 0.07022356 0.210569 0.08537495 0.210569 0.08537495 0.256688 0.07022356 0.2310912 0.1225571 0.2948168 0.06825184 0.2310912 0.1225571 0.256688 0.07022356 0.2948168 0.06825184 0.256688 0.07022356 0.231908 0.01412349 0.210569 0.08537495 0.2310912 0.1225571 0.210569 0.1528014 0.2310912 0.1225571 0.2319084 0.1499805 0.210569 0.1528014 0.210569 0.1528014 0.2319084 0.1499805 0.256688 0.2060806 0.210569 0.1528014 0.256688 0.2060806 0.210569 0.2212315 0.210569 0.2212315 0.256688 0.2060806 0.2310911 0.2581998 0.2948176 0.203463 0.2310911 0.2581998 0.256688 0.2060806 0.2948176 0.203463 0.256688 0.2060806 0.2319084 0.1499805 0.210569 0.2212315 0.2310911 0.2581998 0.210569 0.271713 0.230383 -0.2723876 0.2319082 -0.2575894 0.210569 -0.2547672 0.210569 -0.2547672 0.2319082 -0.2575894 0.256688 -0.2014898 0.210569 -0.2547672 0.256688 -0.2014898 0.210569 -0.186338 0.210569 -0.186338 0.256688 -0.2014898 0.2310912 -0.1491561 0.2948177 -0.2034646 0.2310912 -0.1491561 0.256688 -0.2014898 0.2948177 -0.2034646 0.256688 -0.2014898 0.2319082 -0.2575894 0.210569 -0.186338 0.2310912 -0.1491561 0.210569 -0.1189118 0.2310912 -0.1491561 0.2319081 -0.1217325 0.210569 -0.1189118 0.231091 -0.01329874 0.210569 -0.05048215 0.256688 -0.0656318 0.256688 -0.0656318 0.210569 -0.05048215 0.210569 -0.1189118 0.256688 -0.0656318 0.210569 -0.1189118 0.2319081 -0.1217325 0 -0.328306 -0.03552591 -0.327895 -0.03552597 -0.362318 -0.03552597 -0.362318 0 -0.363255 0 -0.328306 -0.04847788 0 -0.04783535 -0.03583914 0 0 0 0 -0.04783535 -0.03583914 0 -0.05589693 0.108582 0.01760399 0.03334093 0.03386235 0.1086131 -0.0171948 0.1086131 -0.0171948 0.03334093 0.03386235 0.03334039 -0.03386306 0.03334093 0.03386235 -0.03386324 0.03334009 0.03334039 -0.03386306 0.03334039 -0.03386306 -0.03386324 0.03334009 -0.03334081 -0.03386235 0.03334039 -0.03386306 -0.03334081 -0.03386235 -0.01719462 -0.1086131 -0.03386324 0.03334009 0.03334093 0.03386235 0.0171948 0.1086131 0.0171948 0.1086131 -0.01760399 0.108582 -0.03386324 0.03334009 -0.03334081 -0.03386235 -0.03386324 0.03334009 -0.1086131 0.01719439 -0.03334081 -0.03386235 -0.1086131 0.01719439 -0.108582 -0.01760399 -0.01719462 -0.1086131 0.01760399 -0.108582 0.03334039 -0.03386306 -0.04847788 -0.05589693 -0.001390695 -0.03619968 -0.04847788 0 -0.04847788 0 -0.001390695 -0.03619968 0 0 -0.04847788 0 -0.04783511 -0.03583925 0 0.03299021 0 0.03299021 -0.04783511 -0.03583925 0 -0.05589693 0 -0.1555182 -0.03552591 -0.155107 -0.03552591 -0.189531 -0.03552591 -0.189531 0 -0.190468 0 -0.1555182 -0.04847788 -0.05589693 -0.001391053 -0.03619986 -0.04847788 0 -0.04847788 0 -0.001391053 -0.03619986 0 0 -0.04847788 0 -0.04783517 -0.0358392 0 0 0 0 -0.04783517 -0.0358392 0 -0.05589693 0 0.01726847 -0.03552591 0.01767992 -0.03552591 -0.01674306 -0.03552591 -0.01674306 0 -0.01767992 0 0.01726847 -0.04847788 -0.05589693 -0.001390874 -0.0361998 -0.04847788 0 -0.04847788 0 -0.001390874 -0.0361998 0 0 -0.04847788 0 -0.04783511 -0.03583925 0 0 0 0 -0.04783511 -0.03583925 0 -0.05589693 0 0.1900569 -0.03552591 0.190468 -0.03552591 0.1560435 -0.03552591 0.1560435 0 0.155107 0 0.1900569 -0.04847788 -0.05589693 -0.001390814 -0.03619974 -0.04847788 0 -0.04847788 0 -0.001390814 -0.03619974 0 0 0 -0.1225992 0.3999998 -0.11313 0 -0.06703621 0 -0.06703621 0.3999997 -0.05881136 0 -0.00861001 0.4 -0.005551159 0 -0.00861001 0.3999997 -0.05881136 0.3999997 -0.05881136 0 -0.06703621 0.3999998 -0.11313 0.3999998 -0.11313 0 -0.1225992 0.4 -0.1919183 0.4 -0.1919183 0 -0.1225992 0 -0.1735062 0.4 -0.1919183 0 -0.1735062 0 -0.2149505 0.4 0.2134757 0 0.2116064 0.4 0.1748741 0.4 0.1748741 0 0.2116064 0 0.172191 0.4 0.1748741 0 0.172191 0.4 0.1126391 0.4 0.1126391 0 0.172191 0 0.109373 0.4 0.1126391 0 0.109373 0.4 0.04908746 0.4 0.04908746 0 0.109373 0 0.04640364 0.4 0.04908746 0 0.04640364 0.4 -0.005551159 0.4 -0.005551159 0 0.04640364 0 -0.00861001 0.08314299 -0.017672 0.08407121 0.008838057 0.06762409 -0.005353748 0.06762409 -0.005353748 0.08407121 0.008838057 0.07765096 0.03457289 0.06762409 -0.005353748 0.07765096 0.03457289 0.05264472 0.04447311 0.05264472 0.04447311 0.07765096 0.03457289 0.06282156 0.05656379 0.05264472 0.04447311 0.06282156 0.05656379 0.03438532 0.07722491 0.05264472 0.04447311 0.03438532 0.07722491 -0.002577543 0.06640404 -0.002577543 0.06640404 0.03438532 0.07722491 0.008884966 0.08453398 -0.002577543 0.06640404 0.008884966 0.08453398 -0.01757198 0.08268767 -0.002577543 0.06640404 -0.01757198 0.08268767 -0.04172259 0.07561689 -0.04172259 0.07561689 -0.06281977 0.05656582 -0.08039617 0.02612489 -0.04172259 0.07561689 -0.08039617 0.02612489 -0.06058901 -0.02367377 -0.06058901 -0.02367377 -0.08039617 0.02612489 -0.08407181 -0.008832633 -0.06058901 -0.02367377 -0.08407181 -0.008832633 -0.07320964 -0.04226541 -0.06058901 -0.02367377 -0.07320964 -0.04226541 -0.056876 -0.06316697 -0.06058901 -0.02367377 -0.056876 -0.06316697 -0.03438186 -0.0772264 -0.06058901 -0.02367377 -0.03438186 -0.0772264 -0.0030092 -0.06760865 -0.0030092 -0.06760865 -0.03438186 -0.0772264 -3.79514e-7 -0.08453392 -0.0030092 -0.06760865 -3.79514e-7 -0.08453392 0.03437995 -0.07722729 -0.0030092 -0.06760865 0.03437995 -0.07722729 0.04600799 -0.05129772 0.04600799 -0.05129772 0.03437995 -0.07722729 0.056876 -0.06316697 0.04600799 -0.05129772 0.056876 -0.06316697 0.07320868 -0.04226708 0.04600799 -0.05129772 0.07320868 -0.04226708 0.06762409 -0.005353748 0.06762409 -0.005353748 0.07320868 -0.04226708 0.08314299 -0.017672 -0.08411061 -0.05943512 0.08935046 -0.05560338 -0.09352797 0.04312276 -0.09352797 0.04312276 0.08935046 -0.05560338 0.09662693 0.03564023 -0.09352797 0.04312276 0.09662693 0.03564023 0.004581689 0.1002253 0.08935046 -0.05560338 -0.08411061 -0.05943512 0.009417057 -0.1025593 0.01590991 0.05124491 -0.01590991 0.04759919 -0.01590991 -0.02952653 0.01590991 0.05124491 -0.01590991 -0.02952653 0.01590991 -0.07310795 0.01590991 -0.07310795 -0.01590991 -0.02952653 -0.01590991 -0.1078425 0.01590991 -0.07310795 -0.01590991 -0.1078425 0.01590991 -0.1974626 0.01590991 -0.1974626 -0.01590991 -0.1078425 -0.01590991 -0.1852982 0.01590991 -0.1974626 -0.01590991 -0.1852982 -0.01590991 -0.2937232 0.01590991 -0.1974626 -0.01590991 -0.2937232 0.01590991 -0.3069996 0.01590991 -0.3069996 -0.01590991 -0.2937232 0.01590991 -0.373064 0.01590991 -0.373064 -0.01590991 -0.2937232 -0.01590991 -0.373064 0.01590991 0.3310447 -0.01590991 0.3280516 0.01590991 0.1918254 0.01590991 0.1918254 -0.01590991 0.3280516 -0.01590991 0.2188572 0.01590991 0.1918254 -0.01590991 0.2188572 -0.01590991 0.1255904 0.01590991 0.1918254 -0.01590991 0.1255904 0.01590991 0.05124491 0.01590991 0.05124491 -0.01590991 0.1255904 -0.01590991 0.04759919 -0.9855 0.3562982 -0.208 0.3604577 -0.9855 0.408407 -0.9855 0.408407 -0.208 0.3604577 -0.208 0.408407 -0.9855 -0.3760831 -0.208 -0.3523025 -0.9855 -0.2903477 -0.9855 -0.2903477 -0.208 -0.3523025 -0.208 -0.2161681 -0.9855 -0.2903477 -0.208 -0.2161681 -0.9855 -0.2055543 -0.9855 -0.2055543 -0.208 -0.2161681 -0.9855 -0.08685737 -0.9855 -0.08685737 -0.208 -0.2161681 -0.208 -0.09784996 -0.9855 -0.08685737 -0.208 -0.09784996 -0.208 -0.0139144 -0.9855 -0.08685737 -0.208 -0.0139144 -0.9854999 0.04927688 -0.9854999 0.04927688 -0.208 -0.0139144 -0.208 0.07268875 -0.9854999 0.04927688 -0.208 0.07268875 -0.9855 0.1688162 -0.9855 0.1688162 -0.208 0.07268875 -0.208 0.174789 -0.9855 0.1688162 -0.208 0.174789 -0.9855 0.2709181 -0.9855 0.2709181 -0.208 0.174789 -0.208 0.2768913 -0.9855 0.2709181 -0.208 0.2768913 -0.9855 0.3562982 -0.9855 0.3562982 -0.208 0.2768913 -0.208 0.3604577 0.1281887 -0.01375573 0.2275432 0.04701566 0.1075827 0.06738775 0.1075827 0.06738775 0.2275432 0.04701566 0.1413472 0.1838625 0.1075827 0.06738775 0.1413472 0.1838625 0.0284236 0.1237223 0.0284236 0.1237223 0.1413472 0.1838625 -0.03808081 0.2283241 0.0284236 0.1237223 -0.03808081 0.2283241 -0.06738728 0.1075829 -0.06738728 0.1075829 -0.03808081 0.2283241 -0.1650281 0.1695529 -0.06738728 0.1075829 -0.1650281 0.1695529 -0.12026 0.04646551 -0.12026 0.04646551 -0.1650281 0.1695529 -0.2273915 0.04556345 -0.12026 0.04646551 -0.2273915 0.04556345 -0.1131018 -0.05215251 -0.1131018 -0.05215251 -0.2273915 0.04556345 -0.1868547 -0.1375524 -0.1131018 -0.05215251 -0.1868547 -0.1375524 -0.01138651 -0.124025 -0.01138651 -0.124025 -0.1868547 -0.1375524 -0.03808259 -0.2283241 -0.01138651 -0.124025 -0.03808259 -0.2283241 0.1413491 -0.1838612 -0.01138651 -0.124025 0.1413491 -0.1838612 0.0929138 -0.08696907 0.0929138 -0.08696907 0.1413491 -0.1838612 0.2275432 0.04701566 0.0929138 -0.08696907 0.2275432 0.04701566 0.1281887 -0.01375573 -4.77507e-7 0.07622873 -0.01356315 0.01417833 0.03170156 0.02592521 0.03170156 0.02592521 0.04281896 -0.0564813 0.04711633 0.09093993 -0.03941965 -0.1277986 -0.05429148 0.01066404 -0.06242674 -0.2435013 -0.03414928 -0.3635262 -0.06242674 -0.2435013 -0.071235 -0.4773602 -0.03414928 -0.3635262 -0.071235 -0.4773602 -0.03956949 -0.4834309 -0.03956949 -0.4834309 -0.071235 -0.4773602 -0.03866648 -0.6049034 -0.03866648 -0.6049034 -0.071235 -0.4773602 -0.06738591 -0.6811903 0.04276919 0.5023331 0.03170317 0.5849432 -5.97443e-7 0.5336094 -0.03577554 -0.7125754 -0.03577071 -0.8142151 -3.58559e-7 -0.7368889 -3.58559e-7 -0.7368889 -0.03577071 -0.8142151 0.007715821 -0.8383366 -0.03866648 -0.6049034 -0.06738591 -0.6811903 -0.03577554 -0.7125754 0.007715761 0.863938 -0.01356261 0.827293 0.04758983 0.8390161 0.04758983 0.8390161 -0.01356261 0.827293 0.04668772 0.7407167 -0.03577071 -0.8142151 -0.023745 -0.863938 0.007715821 -0.8383366 -0.01356261 0.827293 -0.007715106 0.7366972 0.04668772 0.7407167 -0.03577554 -0.7125754 -0.06738591 -0.6811903 -0.03577071 -0.8142151 0.04668772 0.7407167 -0.007715106 0.7366972 0.04736614 0.6489389 0.04736614 0.6489389 0.03170317 0.5849432 0.04276919 0.5023331 -0.06738591 -0.6811903 -0.071235 -0.836069 -0.03577071 -0.8142151 -0.04740661 0.863938 -0.05997973 0.7988975 -0.01356261 0.827293 -0.01356261 0.827293 -0.05997973 0.7988975 -0.007715106 0.7366972 -0.007715106 0.7366972 -0.007715046 0.6350566 0.04736614 0.6489389 0.04736614 0.6489389 -0.007715046 0.6350566 0.03170317 0.5849432 -0.05997973 0.7988975 -0.05293983 0.6759685 -0.007715106 0.7366972 -0.007715106 0.7366972 -0.05293983 0.6759685 -0.007715046 0.6350566 -0.007715046 0.6350566 -5.97443e-7 0.5336094 0.03170317 0.5849432 -0.05293983 0.6759685 -0.03829473 0.547266 -0.007715046 0.6350566 -0.007715046 0.6350566 -0.03829473 0.547266 -5.97443e-7 0.5336094 -0.05293983 0.6759685 -0.05892008 0.4695584 -0.03829473 0.547266 -0.03946238 0.3555254 -0.05892008 0.4695584 -0.05975145 0.2402833 -0.0327537 0.1316715 -0.05975145 0.2402833 -0.05429148 0.01066404 0.007715821 -0.8383366 0.05317258 -0.8441224 0.04762876 -0.7501338 0.007715821 -0.8383366 0.04762876 -0.7501338 -3.58559e-7 -0.7368889 -3.58559e-7 -0.7368889 -9.56416e-7 -0.6352449 -0.03577554 -0.7125754 -0.03577554 -0.7125754 -9.56416e-7 -0.6352449 -0.03866648 -0.6049034 0.04762876 -0.7501338 0.0427308 -0.666764 -3.58559e-7 -0.7368889 -3.58559e-7 -0.7368889 0.0427308 -0.666764 -9.56416e-7 -0.6352449 -9.56416e-7 -0.6352449 0.02003532 -0.5747495 -0.03866648 -0.6049034 -0.03866648 -0.6049034 0.02003532 -0.5747495 -0.03956949 -0.4834309 0.0427308 -0.666764 0.02003532 -0.5747495 -9.56416e-7 -0.6352449 0.02003532 -0.5747495 0.01576793 -0.4825329 -0.03956949 -0.4834309 -0.03956949 -0.4834309 0.01576793 -0.4825329 -0.03414928 -0.3635262 0.01576793 -0.4825329 0.01567834 -0.3898519 -0.03414928 -0.3635262 0.0427308 -0.666764 0.06195592 -0.5039867 0.02003532 -0.5747495 0.02003532 -0.5747495 0.06195592 -0.5039867 0.01576793 -0.4825329 -0.03414928 -0.3635262 -0.007714927 -0.2797014 -0.06242674 -0.2435013 -0.009935498 -0.06826597 -0.05429148 0.01066404 -0.03941965 -0.1277986 -0.01356315 0.01417833 -0.05429148 0.01066404 -0.009935498 -0.06826597 -0.007778942 -0.1774032 -0.03941965 -0.1277986 -0.06242674 -0.2435013 -0.007778942 -0.1774032 -0.06242674 -0.2435013 -0.007714927 -0.2797014 -0.009935498 -0.06826597 -0.03941965 -0.1277986 -0.007778942 -0.1774032 0.02330404 -0.1793832 -0.007778942 -0.1774032 -0.007714927 -0.2797014 0.01567834 -0.3898519 -0.007714927 -0.2797014 -0.03414928 -0.3635262 0.03170156 0.02592521 -0.01356315 0.01417833 0.04281896 -0.0564813 0.04281896 -0.0564813 -0.01356315 0.01417833 -0.009935498 -0.06826597 0.04281896 -0.0564813 -0.009935498 -0.06826597 0.02330404 -0.1793832 0.02330404 -0.1793832 -0.009935498 -0.06826597 -0.007778942 -0.1774032 0.03875249 -0.2553828 0.02330404 -0.1793832 -0.007714927 -0.2797014 0.03875249 -0.2553828 -0.007714927 -0.2797014 0.01567834 -0.3898519 0.05131721 -0.3443547 0.03875249 -0.2553828 0.01567834 -0.3898519 0.06066137 -0.1305379 0.04281896 -0.0564813 0.02330404 -0.1793832 0.06066137 -0.1305379 0.02330404 -0.1793832 0.03875249 -0.2553828 0.05131721 -0.3443547 0.01567834 -0.3898519 0.06195592 -0.5039867 0.06195592 -0.5039867 0.01567834 -0.3898519 0.01576793 -0.4825329 1.41561e-7 0.2286882 -0.03946238 0.3555254 -0.05975145 0.2402833 1.41561e-7 0.2286882 -0.05975145 0.2402833 -0.0327537 0.1316715 -0.01356315 0.01417833 -0.0327537 0.1316715 -0.05429148 0.01066404 -5.97443e-7 0.5336094 -0.03829473 0.547266 -4.77769e-7 0.431969 -4.77769e-7 0.431969 -0.03829473 0.547266 -0.05892008 0.4695584 -4.77769e-7 0.431969 -0.05892008 0.4695584 -0.03946238 0.3555254 -4.77769e-7 0.431969 -0.03946238 0.3555254 0.007716417 0.3305194 0.007716417 0.3305194 -0.03946238 0.3555254 1.41561e-7 0.2286882 -4.77507e-7 0.07622873 -0.0327537 0.1316715 -0.01356315 0.01417833 0.04098182 0.1737695 1.41561e-7 0.2286882 -0.0327537 0.1316715 0.04098182 0.1737695 -0.0327537 0.1316715 -4.77507e-7 0.07622873 0.04276919 0.5023331 -5.97443e-7 0.5336094 -4.77769e-7 0.431969 0.04276919 0.5023331 -4.77769e-7 0.431969 0.04771661 0.4046753 0.04771661 0.4046753 -4.77769e-7 0.431969 0.007716417 0.3305194 0.04711633 0.09093993 0.04098182 0.1737695 -4.77507e-7 0.07622873 0.04711633 0.09093993 -4.77507e-7 0.07622873 0.03170156 0.02592521 0.04771661 0.4046753 0.007716417 0.3305194 0.05286335 0.2859323 0.05286335 0.2859323 0.007716417 0.3305194 1.41561e-7 0.2286882 0.05286335 0.2859323 1.41561e-7 0.2286882 0.04098182 0.1737695 0.8070258 -0.1147006 0.718836 -0.07718563 0.718836 -0.1401628 0.8868928 0.1642692 0.8070734 0.2131378 0.7955716 0.1151548 0.8868928 0.1642692 0.7955716 0.1151548 0.8850521 0.06742918 0.8850521 0.06742918 0.7955716 0.1151548 0.8071564 0.02701514 0.718836 0.2329136 0.8070734 0.2131378 0.806966 0.2663463 0.718836 0.2956277 0.7937088 0.3534046 0.718836 0.356902 0.7937088 0.3534046 0.8868927 0.3165042 0.8850514 0.4133439 0.806966 0.2663463 0.8868927 0.3165042 0.7937088 0.3534046 0.8850514 0.4133439 0.8063337 0.4546122 0.7937088 0.3534046 0.8048334 -0.2669497 0.8071532 -0.3653054 0.8744127 -0.2945609 0.8744127 -0.2945609 0.8071532 -0.3653054 0.8887028 -0.3925493 0.8887028 -0.3925493 0.8071532 -0.3653054 0.8067947 -0.4537765 0.718836 -0.2783008 0.8048334 -0.2669497 0.80655 -0.2130953 0.80655 -0.2130953 0.718836 -0.2012013 0.718836 -0.2783008 0.718836 -0.1401628 0.80655 -0.2130953 0.8070258 -0.1147006 0.80655 -0.2130953 0.8868928 -0.1642711 0.8070258 -0.1147006 0.8868928 -0.1642711 0.8798594 -0.06436371 0.8070258 -0.1147006 0.718836 -0.01460462 0.8062282 -0.02534806 0.8071564 0.02701514 0.8062282 -0.02534806 0.718836 -0.01460462 0.718836 -0.07718563 0.8062282 -0.02534806 0.718836 -0.07718563 0.8070258 -0.1147006 0.8062282 -0.02534806 0.8070258 -0.1147006 0.8798594 -0.06436371 0.718836 -0.1401628 0.718836 -0.2012013 0.80655 -0.2130953 0.8048334 -0.2669497 0.718836 -0.2783008 0.718836 -0.3557154 0.8048334 -0.2669497 0.718836 -0.3557154 0.8071532 -0.3653054 0.718836 -0.3557154 0.718836 -0.4180003 0.8071532 -0.3653054 0.8071532 -0.3653054 0.718836 -0.4180003 0.8067947 -0.4537765 0.8067947 -0.4537765 0.718836 -0.4180003 0.718836 -0.465263 0.778534 0.480771 0.718836 0.4807714 0.8063337 0.4546122 0.8063337 0.4546122 0.718836 0.4807714 0.718836 0.4191915 0.8063337 0.4546122 0.718836 0.4191915 0.7937088 0.3534046 0.718836 0.4191915 0.718836 0.356902 0.7937088 0.3534046 0.7937088 0.3534046 0.718836 0.2956277 0.806966 0.2663463 0.806966 0.2663463 0.718836 0.2956277 0.718836 0.2329136 0.718836 0.2329136 0.718836 0.1699275 0.8070734 0.2131378 0.8070734 0.2131378 0.718836 0.1699275 0.7955716 0.1151548 0.7955716 0.1151548 0.718836 0.1699275 0.718836 0.1090041 0.718836 0.1090041 0.718836 0.04737544 0.7955716 0.1151548 0.7955716 0.1151548 0.718836 0.04737544 0.8071564 0.02701514 0.8071564 0.02701514 0.718836 0.04737544 0.718836 -0.01460462 0 -0.4606255 -0.06008297 -0.459886 -0.06008297 -0.5126038 -0.06008297 -0.5126038 0 -0.514008 0 -0.4606255 -0.0607199 -0.06008297 -0.002548456 -0.07202935 -0.0607199 0 -0.0607199 0 -0.002548456 -0.07202935 0 0 0.152644 0.02692395 0.07428234 0.03063833 0.1527048 -0.02618831 0.1527048 -0.02618831 0.07428234 0.03063833 0.06644898 -0.03484272 0.06644898 -0.03484272 0.07428234 0.03063833 0.03484183 0.06645035 0.03484183 0.06645035 -0.03484278 0.06644934 0.06644898 -0.03484272 0.06644898 -0.03484272 -0.03484278 0.06644934 -0.06644785 -0.03484374 0.06644898 -0.03484272 -0.06644785 -0.03484374 0.03063827 -0.07428401 0.03063827 -0.07428401 -0.06644785 -0.03484374 -0.03063797 -0.07428491 0.03063827 -0.07428401 -0.03063797 -0.07428491 -0.02618819 -0.1527048 -0.03484278 0.06644934 0.03484183 0.06645035 0.02618825 0.1527048 0.02618825 0.1527048 -0.02692395 0.152644 -0.03484278 0.06644934 -0.03484278 0.06644934 -0.07428294 0.03063809 -0.06644785 -0.03484374 -0.06644785 -0.03484374 -0.07428294 0.03063809 -0.1527048 0.02618825 -0.06644785 -0.03484374 -0.1527048 0.02618825 -0.152644 -0.02692395 -0.02618819 -0.1527048 0.02692395 -0.152644 0.03063827 -0.07428401 -0.0607199 -0.07247096 -9.13405e-4 -0.06029081 -0.0607199 0 -0.0607199 0 -9.13405e-4 -0.06029081 0 0 0 0.0182076 0.07519561 0.02701908 0 0.07482451 0 0.07482451 0.07519561 0.02701908 0.07497125 0.07962387 -0.0607199 0 -0.05963885 -0.06033033 0 0.0182076 0 0.0182076 -0.05963885 -0.06033033 0 -0.07247096 -0.06008297 -0.270535 0 -0.270535 -0.06008297 -0.2174231 -0.06008297 -0.2174231 0 -0.270535 0 -0.2171517 -0.0607199 -0.07247096 -7.05337e-4 -0.06024432 -0.0607199 0 -0.0607199 0 -7.05337e-4 -0.06024432 0 0 0 0.1293809 0.07497113 0.1245784 0.07519555 0.1771839 0 0.1293809 0.07519555 0.1771839 0 0.1859973 -0.0607199 0 -0.06020992 -0.06019663 0 0 0 0 -0.06020992 -0.06019663 0 -0.07247096 0 0.02632129 -0.06008297 0.02706098 -0.06008297 -0.02587449 -0.06008297 -0.02587449 0 -0.02706098 0 0.02632129 -0.0607199 -0.07247096 -8.10665e-4 -0.06026738 -0.0607199 0 -0.0607199 0 -8.10665e-4 -0.06026738 0 0 0 -0.1769269 0.07442474 -0.1884928 0.07542216 -0.1354038 0 -0.1769269 0.07542216 -0.1354038 0 -0.1203106 -0.0607199 -0.06008297 -0.00445491 -0.07166111 -0.0607199 0 -0.0607199 0 -0.00445491 -0.07166111 0 0 0 0.2697954 -0.06008297 0.270535 -0.06008297 0.2178002 -0.06008297 0.2178002 0 0.216412 0 0.2697954 -0.0607199 -0.07247096 -7.05279e-4 -0.06024432 -0.0607199 0 -0.0607199 0 -7.05279e-4 -0.06024432 0 0 0 -0.0838927 0.07497137 -0.07962298 0 -0.02727568 0 -0.02727568 0.07497137 -0.07962298 0.07519561 -0.0270183 -2.85359e-4 0.04083895 -0.7997922 -0.007345438 -2.0781e-4 -0.04668855 -2.0781e-4 -0.04668855 -0.7997921 -0.08839714 -2.40354e-4 -0.1421732 -2.40354e-4 -0.1421732 -0.7998762 -0.1661843 -2.85355e-4 -0.2029449 -1.23839e-4 -0.2742537 -2.85355e-4 -0.2029449 -0.7998761 -0.2472388 -1.23839e-4 -0.2742537 -0.7999153 -0.3161962 -2.07741e-4 -0.3438822 -2.85241e-4 0.3242216 -0.7998762 0.3201346 -2.07817e-4 0.2628307 -2.07817e-4 0.2628307 -0.7997922 0.1694515 -2.07847e-4 0.181778 -2.07847e-4 0.181778 -0.7997922 0.1694515 -1.23884e-4 0.1121504 -1.23884e-4 0.1121504 -0.7998586 0.07742303 -2.85359e-4 0.04083895 -0.7997922 -0.007345438 -2.85359e-4 0.04083895 -0.7998586 0.07742303 -0.7998586 0.07742303 -1.23884e-4 0.1121504 -0.7997922 0.1694515 -0.7997922 0.1694515 -2.07817e-4 0.2628307 -0.7997922 0.2505071 -0.7997922 0.2505071 -2.07817e-4 0.2628307 -0.7998762 0.3201346 -0.7999153 -0.3161962 -1.23839e-4 -0.2742537 -0.7998761 -0.2472388 -0.7998761 -0.2472388 -2.85355e-4 -0.2029449 -0.7998762 -0.1661843 -0.7998762 -0.1661843 -2.40354e-4 -0.1421732 -0.7997921 -0.08839714 -0.7997921 -0.08839714 -2.0781e-4 -0.04668855 -0.7997922 -0.007345438 -0.07988196 -0.05249989 0.07988196 -0.05249989 -0.07988196 0.05249989 -0.07988196 0.05249989 0.07988196 -0.05249989 0.07988196 0.05249989 0.0501179 -0.18 0.06003916 0.08999997 -0.07988196 -0.18 -0.07988196 -0.18 0.06003916 0.08999997 -0.07988196 0.18 -0.07988196 0.18 0.06003916 0.08999997 0.07988196 0.18 -0.05249989 -0.135 0.05249989 -0.135 -0.05249989 0.135 -0.05249989 0.135 0.05249989 -0.135 0.05249989 0.135 0.03023689 0.21 0.04015791 0.12 0.1899999 0.21 0.1899999 0.21 0.04015791 0.12 0.06 -0.15 0.1899999 0.21 0.06 -0.15 0.1899999 -0.3 0.1899999 -0.3 0.06 -0.15 -0.00999999 -0.15 0.1899999 -0.3 -0.00999999 -0.15 -0.1899999 -0.3 -0.1899999 -0.3 -0.00999999 -0.15 -0.1899999 0.3 -0.1899999 0.3 -0.00999999 -0.15 -0.00999999 0.3 0.255 -0.395 -0.105 -0.395 0.255 -0.5 0.255 -0.5 -0.105 -0.395 -0.255 -0.5 -0.255 -0.5 -0.105 -0.395 -0.105 0.395 -0.255 -0.5 -0.105 0.395 -0.255 0.5 -0.255 0.5 -0.105 0.395 0.255 0.5 0.255 0.5 -0.105 0.395 0.255 0.395 -0.07988196 -0.05249989 0.07988196 -0.05249989 -0.07988196 0.05249989 -0.07988196 0.05249989 0.07988196 -0.05249989 0.07988196 0.05249989 0.0501179 0.18 -0.07988196 0.18 0.06996059 -0.08999997 0.06996059 -0.08999997 -0.07988196 0.18 -0.07988196 -0.18 0.06996059 -0.08999997 -0.07988196 -0.18 0.07988196 -0.18 0.05249989 0.135 -0.05249989 0.135 0.05249989 -0.135 0.05249989 -0.135 -0.05249989 0.135 -0.05249989 -0.135 0.05249989 0.04499989 -0.05249989 0.04499989 0.05249989 -0.04499989 0.05249989 -0.04499989 -0.05249989 0.04499989 -0.05249989 -0.04499989 0.00999999 0.3 0.00999999 -0.15 0.1899999 0.3 0.1899999 0.3 0.00999999 -0.15 0.1899999 -0.3 0.1899999 -0.3 0.00999999 -0.15 -0.1899999 -0.3 -0.1899999 -0.3 0.00999999 -0.15 -0.06 -0.15 -0.1899999 -0.3 -0.06 -0.15 -0.1899999 0.21 -0.1899999 0.21 -0.06 -0.15 -0.0500791 0.12 -0.1899999 0.21 -0.0500791 0.12 -0.03023689 0.21 -0.007499933 -0.225 -0.007499933 -0.125 -0.05249989 -0.225 -0.05249989 -0.225 -0.007499933 -0.125 -0.05249989 0.225 -0.05249989 0.225 -0.007499933 -0.125 0.05249989 0.225 0.05249989 0.225 -0.007499933 -0.125 0.05249989 -0.125 0.03976297 -0.455 0.08999997 -0.5 0.03976297 0.455 0.03976297 0.455 0.08999997 -0.5 0.08999997 0.5 0.03976297 0.455 0.08999997 0.5 -0.08999997 0.5 -0.08999997 -0.455 -0.08999997 -0.5 0.03976297 -0.455 0.03976297 -0.455 -0.08999997 -0.5 0.08999997 -0.5 -0.08999997 0.5 -0.08999997 0.455 0.03976297 0.455 0.455 0.225 -0.455 0.225 0.455 -0.225 0.455 -0.225 -0.455 0.225 -0.455 -0.225 0.004881978 0.225 0.004881978 -0.125 0.06488198 0.225 0.06488198 0.225 0.004881978 -0.125 0.06488198 -0.225 0.06488198 -0.225 0.004881978 -0.125 -0.06488198 -0.225 -0.06488198 -0.225 0.004881978 -0.125 -0.06488198 -0.125 0.175 0.02999997 -0.175 0.02999997 0.175 -0.02999997 0.175 -0.02999997 -0.175 0.02999997 -0.175 -0.02999997 -0.03488188 0.02999997 -0.03488188 -0.02999997 0.03488188 0.02999997 0.03488188 0.02999997 -0.03488188 -0.02999997 0.03488188 -0.02999997 -0.03488188 -0.175 0.03488188 -0.175 -0.03488188 0.175 -0.03488188 0.175 0.03488188 -0.175 0.03488188 0.175 0.104882 0.455 0.104882 0.395 0.164882 0.455 0.164882 0.455 0.104882 0.395 0.08711796 0.282 0.164882 0.455 0.08711796 0.282 0.08711796 0.2179999 0.104882 0.395 0.03511798 0.395 0.08711796 0.282 0.08711796 0.282 0.03511798 0.395 0.02311789 0.282 0.02311789 0.282 0.03511798 0.395 -0.03488188 0.395 0.02311789 0.282 -0.03488188 0.395 0.02311789 0.2179999 0.02311789 0.2179999 -0.03488188 0.395 0.02311789 0.032 0.02311789 0.2179999 0.02311789 0.032 0.08711796 0.032 0.03511798 0.395 0.03511798 0.5 -0.03488188 0.395 -0.03488188 0.395 0.03511798 0.5 -0.03488188 0.5 -0.164882 0.395 -0.164882 -0.395 -0.03488188 0.395 -0.03488188 0.395 -0.164882 -0.395 0.02311789 0.032 0.02311789 0.032 -0.164882 -0.395 0.02311789 -0.032 0.02311789 -0.032 -0.164882 -0.395 -0.03488188 -0.395 0.02311789 -0.032 -0.03488188 -0.395 0.02311789 -0.2179999 0.02311789 -0.2179999 -0.03488188 -0.395 0.02311789 -0.282 0.02311789 -0.282 -0.03488188 -0.395 0.03511798 -0.395 0.02311789 -0.282 0.03511798 -0.395 0.08711796 -0.282 0.08711796 -0.282 0.03511798 -0.395 0.104882 -0.395 0.08711796 -0.282 0.104882 -0.395 0.164882 -0.455 0.164882 -0.455 0.104882 -0.395 0.104882 -0.455 -0.03488188 -0.5 0.03511798 -0.5 -0.03488188 -0.395 -0.03488188 -0.395 0.03511798 -0.5 0.03511798 -0.395 0.164882 0.455 0.08711796 0.032 0.164882 -0.455 0.164882 -0.455 0.08711796 0.032 0.08711796 -0.032 0.164882 -0.455 0.08711796 -0.032 0.08711796 -0.2179999 0.08711796 -0.2179999 0.08711796 -0.032 0.02311789 -0.032 0.08711796 -0.2179999 0.02311789 -0.032 0.02311789 -0.2179999 0.08711796 -0.2179999 0.08711796 -0.282 0.164882 -0.455 0.164882 0.455 0.08711796 0.2179999 0.08711796 0.032 0.08711796 0.032 0.08711796 0.2179999 0.02311789 0.2179999 0.175 0.02999997 -0.175 0.02999997 0.175 -0.02999997 0.175 -0.02999997 -0.175 0.02999997 -0.175 -0.02999997 0.004881978 -0.225 0.06488198 -0.225 0.004881978 0.125 0.004881978 0.125 0.06488198 -0.225 0.06488198 0.225 0.004881978 0.125 0.06488198 0.225 -0.06488198 0.225 -0.06488198 0.225 -0.06488198 0.125 0.004881978 0.125 -0.03488188 -0.02999997 0.03488188 -0.02999997 -0.03488188 0.02999997 -0.03488188 0.02999997 0.03488188 -0.02999997 0.03488188 0.02999997 0.03488188 0.175 -0.03488188 0.175 0.03488188 -0.175 0.03488188 -0.175 -0.03488188 0.175 -0.03488188 -0.175 -0.05249989 -0.125 0.007499933 -0.125 -0.05249989 0.225 -0.05249989 0.225 0.007499933 -0.125 0.05249989 0.225 0.05249989 0.225 0.007499933 -0.125 0.05249989 -0.225 0.05249989 -0.225 0.007499933 -0.125 0.007499933 -0.225 -0.032 -0.2 0.032 -0.2 -0.032 0.2 -0.032 0.2 0.032 -0.2 0.032 0.2 -0.032 -0.2 0.032 -0.2 -0.032 0.2 -0.032 0.2 0.032 -0.2 0.032 0.2 0.032 0.2 -0.032 0.2 0.032 -0.2 0.032 -0.2 -0.032 0.2 -0.032 -0.2 0.032 0.2 -0.032 0.2 0.032 -0.2 0.032 -0.2 -0.032 0.2 -0.032 -0.2 0.032 0.032 -0.032 0.032 0.032 -0.032 0.032 -0.032 -0.032 0.032 -0.032 -0.032 -0.032 -0.2 0.032 -0.2 -0.032 0.2 -0.032 0.2 0.032 -0.2 0.032 0.2 -0.032 -0.2 0.032 -0.2 -0.032 0.2 -0.032 0.2 0.032 -0.2 0.032 0.2 0.032 0.2 -0.032 0.2 0.032 -0.2 0.032 -0.2 -0.032 0.2 -0.032 -0.2 0.032 0.2 -0.032 0.2 0.032 -0.2 0.032 -0.2 -0.032 0.2 -0.032 -0.2 0.032 0.032 -0.032 0.032 0.032 -0.032 0.032 -0.032 -0.032 0.032 -0.032 -0.032 -0.032 -0.2 0.032 -0.2 -0.032 0.2 -0.032 0.2 0.032 -0.2 0.032 0.2 -0.032 -0.2 0.032 -0.2 -0.032 0.2 -0.032 0.2 0.032 -0.2 0.032 0.2 0.032 0.2 -0.032 0.2 0.032 -0.2 0.032 -0.2 -0.032 0.2 -0.032 -0.2 0.032 0.2 -0.032 0.2 0.032 -0.2 0.032 -0.2 -0.032 0.2 -0.032 -0.2 0.032 0.032 -0.032 0.032 0.032 -0.032 0.032 -0.032 -0.032 0.032 -0.032 -0.032 -0.3 -0.5 0.3 -0.5 -0.3 0.5 -0.3 0.5 0.3 -0.5 0.3 0.5 -0.1899999 -0.5 -0.001999974 0.032 -0.1899999 0.5 -0.1899999 0.5 -0.001999974 0.032 -0.001999974 0.2179999 -0.1899999 0.5 -0.001999974 0.2179999 -0.001999974 0.282 0.1899999 -0.5 -0.001999974 -0.282 -0.1899999 -0.5 -0.1899999 -0.5 -0.001999974 -0.282 -0.001999974 -0.2179999 -0.1899999 -0.5 -0.001999974 -0.2179999 -0.001999974 -0.032 -0.001999974 -0.032 -0.001999974 -0.2179999 0.06199991 -0.2179999 -0.001999974 -0.032 0.06199991 -0.2179999 0.06199991 -0.032 0.06199991 -0.032 0.06199991 -0.2179999 0.1899999 -0.5 0.06199991 -0.032 0.1899999 -0.5 0.06199991 0.032 0.06199991 0.032 0.1899999 -0.5 0.1899999 0.5 0.06199991 0.032 0.1899999 0.5 0.06199991 0.2179999 0.06199991 0.2179999 0.1899999 0.5 0.06199991 0.282 0.06199991 0.282 0.1899999 0.5 -0.001999974 0.282 -0.001999974 0.282 0.1899999 0.5 -0.1899999 0.5 0.06199991 0.2179999 -0.001999974 0.2179999 0.06199991 0.032 0.06199991 0.032 -0.001999974 0.2179999 -0.001999974 0.032 -0.001999974 -0.032 -0.001999974 0.032 -0.1899999 -0.5 0.06199991 -0.2179999 0.06199991 -0.282 0.1899999 -0.5 0.1899999 -0.5 0.06199991 -0.282 -0.001999974 -0.282 0.032 0.16 -0.032 0.16 0.032 -0.16 0.032 -0.16 -0.032 0.16 -0.032 -0.16 -0.032 -0.16 0.032 -0.16 -0.032 0.16 -0.032 0.16 0.032 -0.16 0.032 0.16 0.032 -0.16 0.032 0.16 -0.032 -0.16 -0.032 -0.16 0.032 0.16 -0.032 0.16 0.032 0.16 -0.032 0.16 0.032 -0.16 0.032 -0.16 -0.032 0.16 -0.032 -0.16 0.032 0.032 -0.032 0.032 0.032 -0.032 0.032 -0.032 -0.032 0.032 -0.032 -0.032 0.032 0.16 -0.032 0.16 0.032 -0.16 0.032 -0.16 -0.032 0.16 -0.032 -0.16 -0.032 -0.16 0.032 -0.16 -0.032 0.16 -0.032 0.16 0.032 -0.16 0.032 0.16 0.032 -0.16 0.032 0.16 -0.032 -0.16 -0.032 -0.16 0.032 0.16 -0.032 0.16 0.032 0.16 -0.032 0.16 0.032 -0.16 0.032 -0.16 -0.032 0.16 -0.032 -0.16 0.032 0.032 -0.032 0.032 0.032 -0.032 0.032 -0.032 -0.032 0.032 -0.032 -0.032 0.032 0.16 -0.032 0.16 0.032 -0.16 0.032 -0.16 -0.032 0.16 -0.032 -0.16 -0.032 -0.16 0.032 -0.16 -0.032 0.16 -0.032 0.16 0.032 -0.16 0.032 0.16 0.032 -0.16 0.032 0.16 -0.032 -0.16 -0.032 -0.16 0.032 0.16 -0.032 0.16 0.032 0.16 -0.032 0.16 0.032 -0.16 0.032 -0.16 -0.032 0.16 -0.032 -0.16 0.032 0.032 -0.032 0.032 0.032 -0.032 0.032 -0.032 -0.032 0.032 -0.032 -0.032 0.05249989 0.04499989 -0.05249989 0.04499989 0.05249989 -0.04499989 0.05249989 -0.04499989 -0.05249989 0.04499989 -0.05249989 -0.04499989 1.28 -0.4039573 1.25 -0.4896782 1.28 -0.518363 1.28 0.459982 1.25 0.492831 1.25 0.3607596 1.28 0.459982 1.25 0.3607596 1.28 0.3077772 1.28 0.3077772 1.25 0.3607596 1.25 0.2336465 1.28 0.3077772 1.25 0.2336465 1.28 0.1576024 1.28 0.1576024 1.25 0.2336465 1.25 0.1237267 1.28 0.1576024 1.25 0.1237267 1.28 0.02553772 1.28 0.02553772 1.25 0.1237267 1.25 -0.02856242 1.28 0.02553772 1.25 -0.02856242 1.28 -0.1015803 1.28 -0.1015803 1.25 -0.02856242 1.25 -0.2007985 1.28 -0.1015803 1.25 -0.2007985 1.28 -0.2537853 1.28 -0.2537853 1.25 -0.2007985 1.25 -0.3514412 1.28 -0.2537853 1.25 -0.3514412 1.28 -0.4039573 1.28 -0.4039573 1.25 -0.3514412 1.25 -0.4896782 0.38 -0.4039573 0.35 -0.4896782 0.38 -0.518363 0.38 0.459982 0.35 0.492831 0.35 0.3607596 0.38 0.459982 0.35 0.3607596 0.38 0.3077772 0.38 0.3077772 0.35 0.3607596 0.35 0.2336465 0.38 0.3077772 0.35 0.2336465 0.38 0.1576024 0.38 0.1576024 0.35 0.2336465 0.35 0.1237267 0.38 0.1576024 0.35 0.1237267 0.38 0.02553772 0.38 0.02553772 0.35 0.1237267 0.35 -0.02856242 0.38 0.02553772 0.35 -0.02856242 0.38 -0.1015803 0.38 -0.1015803 0.35 -0.02856242 0.35 -0.2007985 0.38 -0.1015803 0.35 -0.2007985 0.38 -0.2537853 0.38 -0.2537853 0.35 -0.2007985 0.35 -0.3514412 0.38 -0.2537853 0.35 -0.3514412 0.38 -0.4039573 0.38 -0.4039573 0.35 -0.3514412 0.35 -0.4896782 1.28 -0.4265607 1.25 -0.4378247 1.28 -0.518363 1.28 -0.518363 1.25 -0.4378247 1.25 -0.518363 1.28 0.4599629 1.25 0.4471386 1.28 0.287186 1.28 0.287186 1.25 0.4471386 1.25 0.2743665 1.28 0.287186 1.25 0.2743665 1.28 0.114418 1.28 0.114418 1.25 0.2743665 1.25 0.1472585 1.28 0.114418 1.25 0.1472585 1.25 0.03777402 1.28 0.114418 1.25 0.03777402 1.28 -0.03777402 1.28 -0.03777402 1.25 0.03777402 1.25 -0.1144179 1.28 -0.03777402 1.25 -0.1144179 1.28 -0.1472575 1.28 -0.1472575 1.25 -0.1144179 1.28 -0.2743665 1.28 -0.2743665 1.25 -0.1144179 1.25 -0.287186 1.28 -0.2743665 1.25 -0.287186 1.28 -0.4265607 1.28 -0.4265607 1.25 -0.287186 1.25 -0.4378247 0.38 -0.4265607 0.35 -0.4378247 0.38 -0.518363 0.38 -0.518363 0.35 -0.4378247 0.35 -0.518363 0.38 0.4599629 0.35 0.4471386 0.38 0.287186 0.38 0.287186 0.35 0.4471386 0.35 0.2743665 0.38 0.287186 0.35 0.2743665 0.38 0.114418 0.38 0.114418 0.35 0.2743665 0.35 0.1472585 0.38 0.114418 0.35 0.1472585 0.35 0.03777402 0.38 0.114418 0.35 0.03777402 0.38 -0.03777402 0.38 -0.03777402 0.35 0.03777402 0.35 -0.1144179 0.38 -0.03777402 0.35 -0.1144179 0.38 -0.1472575 0.38 -0.1472575 0.35 -0.1144179 0.38 -0.2743665 0.38 -0.2743665 0.35 -0.1144179 0.35 -0.287186 0.38 -0.2743665 0.35 -0.287186 0.38 -0.4265607 0.38 -0.4265607 0.35 -0.287186 0.35 -0.4378247 1.28 -0.4496285 1.25 -0.4810308 1.28 -0.518363 1.28 0.4599778 1.25 0.518363 1.25 0.4496285 1.28 0.4599778 1.25 0.4496285 1.25 0.3397082 1.28 0.4599778 1.25 0.3397082 1.28 0.2871917 1.28 0.2871917 1.25 0.3397082 1.25 0.2336518 1.28 0.2871917 1.25 0.2336518 1.28 0.1144047 1.28 0.1144047 1.25 0.2336518 1.25 0.1241934 1.28 0.1144047 1.25 0.1241934 1.25 0.01765865 1.28 0.1144047 1.25 0.01765865 1.28 -0.01765894 1.28 -0.01765894 1.25 0.01765865 1.25 -0.114404 1.28 -0.01765894 1.25 -0.114404 1.28 -0.1241919 1.28 -0.1241919 1.25 -0.114404 1.28 -0.233647 1.28 -0.233647 1.25 -0.114404 1.25 -0.2415177 1.28 -0.233647 1.25 -0.2415177 1.28 -0.3401777 1.28 -0.3401777 1.25 -0.2415177 1.25 -0.3514417 1.28 -0.3401777 1.25 -0.3514417 1.28 -0.4496285 1.28 -0.4496285 1.25 -0.3514417 1.25 -0.4810308 0.38 -0.4496285 0.35 -0.4810308 0.38 -0.518363 0.38 0.4599778 0.35 0.518363 0.35 0.4496285 0.38 0.4599778 0.35 0.4496285 0.35 0.3397082 0.38 0.4599778 0.35 0.3397082 0.38 0.2871917 0.38 0.2871917 0.35 0.3397082 0.35 0.2336518 0.38 0.2871917 0.35 0.2336518 0.38 0.1144047 0.38 0.1144047 0.35 0.2336518 0.35 0.1241934 0.38 0.1144047 0.35 0.1241934 0.35 0.01765865 0.38 0.1144047 0.35 0.01765865 0.38 -0.01765894 0.38 -0.01765894 0.35 0.01765865 0.35 -0.114404 0.38 -0.01765894 0.35 -0.114404 0.38 -0.1241919 0.38 -0.1241919 0.35 -0.114404 0.38 -0.233647 0.38 -0.233647 0.35 -0.114404 0.35 -0.2415177 0.38 -0.233647 0.35 -0.2415177 0.38 -0.3401777 0.38 -0.3401777 0.35 -0.2415177 0.35 -0.3514417 0.38 -0.3401777 0.35 -0.3514417 0.38 -0.4496285 0.38 -0.4496285 0.35 -0.3514417 0.35 -0.4810308 1.28 0.518363 1.25 0.518363 1.28 0.4574882 1.28 0.4574882 1.25 0.518363 1.25 0.449617 1.28 0.4574882 1.25 0.449617 1.28 0.3514266 1.28 0.3514266 1.25 0.449617 1.25 0.3401637 1.28 0.3514266 1.25 0.3401637 1.28 0.2415198 1.28 0.2415198 1.25 0.3401637 1.25 0.2336491 1.28 0.2415198 1.25 0.2336491 1.28 0.1350011 1.28 0.1350011 1.25 0.2336491 1.25 0.1237401 1.28 0.1350011 1.25 0.1237401 1.28 0.005871295 1.28 0.005871295 1.25 0.1237401 1.25 -0.005871057 1.28 0.005871295 1.25 -0.005871057 1.28 -0.1237401 1.28 -0.1237401 1.25 -0.005871057 1.25 -0.1350012 1.28 -0.1237401 1.25 -0.1350012 1.28 -0.2336491 1.28 -0.2336491 1.25 -0.1350012 1.25 -0.2415198 1.28 -0.2336491 1.25 -0.2415198 1.28 -0.3401647 1.28 -0.3401647 1.25 -0.2415198 1.25 -0.3514268 1.28 -0.3401647 1.25 -0.3514268 1.28 -0.4697488 1.28 -0.4697488 1.25 -0.3514268 1.25 -0.4810144 0.38 0.518363 0.35 0.518363 0.38 0.4574882 0.38 0.4574882 0.35 0.518363 0.35 0.449617 0.38 0.4574882 0.35 0.449617 0.38 0.3514266 0.38 0.3514266 0.35 0.449617 0.35 0.3401637 0.38 0.3514266 0.35 0.3401637 0.38 0.2415198 0.38 0.2415198 0.35 0.3401637 0.35 0.2336491 0.38 0.2415198 0.35 0.2336491 0.38 0.1350011 0.38 0.1350011 0.35 0.2336491 0.35 0.1237401 0.38 0.1350011 0.35 0.1237401 0.38 0.005871295 0.38 0.005871295 0.35 0.1237401 0.35 -0.005871057 0.38 0.005871295 0.35 -0.005871057 0.38 -0.1237401 0.38 -0.1237401 0.35 -0.005871057 0.35 -0.1350012 0.38 -0.1237401 0.35 -0.1350012 0.38 -0.2336491 0.38 -0.2336491 0.35 -0.1350012 0.35 -0.2415198 0.38 -0.2336491 0.35 -0.2415198 0.38 -0.3401647 0.38 -0.3401647 0.35 -0.2415198 0.35 -0.3514268 0.38 -0.3401647 0.35 -0.3514268 0.38 -0.4697488 0.38 -0.4697488 0.35 -0.3514268 0.35 -0.4810144 -5.278356 0.02999997 0 0.02999997 -5.278356 0.9 -5.278356 0.9 0 0.02999997 0 0.9 -2.15127 0.02999997 -0.02999997 0.02999997 -2.15127 0.9 -2.15127 0.9 -0.02999997 0.02999997 -0.02999997 0.9 -0.84 0.02999997 -0.02999997 0.02999997 -0.84 0.9 -0.84 0.9 -0.02999997 0.02999997 -0.02999997 0.9 -2.12127 0.02999997 0 0.02999997 -2.12127 0.9 -2.12127 0.9 0 0.02999997 0 0.9 -6.208356 0.02999997 0 0.02999997 -6.208356 0.9 -6.208356 0.9 0 0.02999997 0 0.9 -4.205523 0.02999997 -0.02999997 0.02999997 -4.205523 0.9 -4.205523 0.9 -0.02999997 0.02999997 -0.02999997 0.9 -4.295523 0.02999997 0 0.02999997 -4.295523 0.9 -4.295523 0.9 0 0.02999997 0 0.9 2.432142 2.536707 3.017719 3.14272 2.405359 2.692498 2.405359 2.692498 3.017719 3.14272 2.869407 3.197422 2.405359 2.692498 2.869407 3.197422 2.278496 2.752849 2.278496 2.752849 2.869407 3.197422 2.828235 3.315971 2.278496 2.752849 2.828235 3.315971 2.15473 2.682631 2.15473 2.682631 2.828235 3.315971 2.873006 3.408896 2.15473 2.682631 2.873006 3.408896 3.56211 4.442444 3.56211 4.442444 2.873006 3.408896 2.965694 3.46019 3.017719 3.14272 2.432142 2.536707 3.139249 3.243809 3.139249 3.243809 2.432142 2.536707 1.755083 1.489903 1.755083 1.489903 2.432142 2.536707 2.33077 2.436847 1.755083 1.489903 2.33077 2.436847 2.192606 2.462305 1.755083 1.489903 2.192606 2.462305 2.122154 2.56616 1.755083 1.489903 2.122154 2.56616 0.524717 1.40505 0.524717 1.40505 2.122154 2.56616 2.15473 2.682631 0.524717 1.40505 2.15473 2.682631 3.56211 4.442444 -3.137695 -2.881876 -3.126528 -3.021945 -2.634903 -2.900053 -2.634903 -2.900053 -3.126528 -3.021945 -3.248057 -3.123024 -2.634903 -2.900053 -3.248057 -3.123024 -4.134867 -4.400017 -4.134867 -4.400017 -3.248057 -3.123024 -3.957486 -3.861503 -4.134867 -4.400017 -3.957486 -3.861503 -4.024599 -3.939066 -3.957486 -3.861503 -3.248057 -3.123024 -3.955564 -3.755555 -3.955564 -3.755555 -3.248057 -3.123024 -3.396357 -3.06833 -3.955564 -3.755555 -3.396357 -3.06833 -4.034029 -3.660025 -4.034029 -3.660025 -3.396357 -3.06833 -4.135359 -3.640835 -4.135359 -3.640835 -3.396357 -3.06833 -3.432159 -2.930623 -4.135359 -3.640835 -3.432159 -2.930623 -4.228066 -3.692744 -4.228066 -3.692744 -3.432159 -2.930623 -4.707623 -3.827261 -4.707623 -3.827261 -3.432159 -2.930623 -3.207659 -2.327296 -3.207659 -2.327296 -3.432159 -2.930623 -3.377531 -2.839831 -3.377531 -2.839831 -3.260382 -2.809809 -3.207659 -2.327296 -3.207659 -2.327296 -3.260382 -2.809809 -3.137695 -2.881876 -3.207659 -2.327296 -3.137695 -2.881876 -2.634903 -2.900053 3.14057 3.364745 3.139249 3.243809 4.707623 4.442444 4.707623 4.442444 3.139249 3.243809 1.755083 1.489903 3.56211 4.442444 2.965694 3.46019 3.067037 3.440994 3.56211 4.442444 3.067037 3.440994 3.14057 3.364745 3.56211 4.442444 3.14057 3.364745 4.707623 4.442444 -4.134867 -4.400017 -4.024599 -3.939066 -4.127578 -3.965213 -4.134867 -4.400017 -4.127578 -3.965213 -4.220493 -3.920451 -4.134867 -4.400017 -4.220493 -3.920451 -4.707623 -3.827261 -4.707623 -3.827261 -4.220493 -3.920451 -4.271135 -3.808316 -4.707623 -3.827261 -4.271135 -3.808316 -4.228066 -3.692744 1.755083 1.489903 0.524717 1.40505 -2.634903 -2.900053 -2.634903 -2.900053 0.524717 1.40505 -3.207659 -2.327296 -2.441246 2.605859 -2.965699 3.136836 -3.066423 3.156167 -2.441246 2.605859 -3.066423 3.156167 -2.375053 2.462305 -2.375053 2.462305 -3.066423 3.156167 -1.755083 1.489903 -2.375053 2.462305 -1.755083 1.489903 -2.258586 2.42973 -2.258586 2.42973 -1.755083 1.489903 -2.165873 2.481649 -2.165873 2.481649 -1.755083 1.489903 -2.128218 2.618782 -2.128218 2.618782 -1.755083 1.489903 -0.524717 1.40505 -2.128218 2.618782 -0.524717 1.40505 -2.229128 2.739718 -2.229128 2.739718 -0.524717 1.40505 -3.56211 4.442444 -2.229128 2.739718 -3.56211 4.442444 -2.869406 3.399604 -2.869406 3.399604 -3.56211 4.442444 -2.973475 3.461214 -2.973475 3.461214 -3.56211 4.442444 -3.076469 3.43506 -3.076469 3.43506 -3.56211 4.442444 -3.14797 3.334587 -3.14797 3.334587 -3.56211 4.442444 -4.707623 4.442444 -3.14797 3.334587 -4.707623 4.442444 -3.14057 3.232282 -3.14057 3.232282 -4.707623 4.442444 -3.066423 3.156167 -3.066423 3.156167 -4.707623 4.442444 -1.755083 1.489903 -2.965699 3.136836 -2.441246 2.605859 -2.873007 3.18813 -2.873007 3.18813 -2.441246 2.605859 -2.369362 2.727954 -2.873007 3.18813 -2.369362 2.727954 -2.828235 3.281055 -2.828235 3.281055 -2.369362 2.727954 -2.229128 2.739718 -2.828235 3.281055 -2.229128 2.739718 -2.869406 3.399604 2.634903 -2.900053 3.131289 -3.033435 3.132493 -2.891732 2.634903 -2.900053 3.132493 -2.891732 3.207659 -2.327296 2.634903 -2.900053 3.207659 -2.327296 -0.524717 1.40505 3.132493 -2.891732 3.248057 -2.811432 3.207659 -2.327296 3.207659 -2.327296 3.248057 -2.811432 3.396357 -2.866126 3.207659 -2.327296 3.396357 -2.866126 4.707623 -3.827261 4.707623 -3.827261 3.396357 -2.866126 4.220493 -3.684573 4.220493 -3.684573 3.396357 -2.866126 4.127578 -3.639811 4.127578 -3.639811 3.396357 -2.866126 3.432159 -3.003833 4.127578 -3.639811 3.432159 -3.003833 4.024599 -3.665957 4.024599 -3.665957 3.432159 -3.003833 3.37753 -3.094625 4.024599 -3.665957 3.37753 -3.094625 3.953089 -3.766422 3.953089 -3.766422 3.37753 -3.094625 3.260382 -3.124646 3.953089 -3.766422 3.260382 -3.124646 3.960489 -3.868754 3.960489 -3.868754 3.260382 -3.124646 4.134867 -4.400017 3.960489 -3.868754 4.134867 -4.400017 4.03403 -3.944999 4.03403 -3.944999 4.134867 -4.400017 4.135359 -3.964189 4.135359 -3.964189 4.134867 -4.400017 4.228066 -3.91228 4.228066 -3.91228 4.134867 -4.400017 4.707623 -3.827261 4.228066 -3.91228 4.707623 -3.827261 4.271135 -3.796708 4.271135 -3.796708 4.707623 -3.827261 4.220493 -3.684573 4.134867 -4.400017 3.260382 -3.124646 2.634903 -2.900053 2.634903 -2.900053 3.260382 -3.124646 3.131289 -3.033435 -1.755083 1.489903 2.634903 -2.900053 -0.524717 1.40505 0 0 5.278356 0 0 0.93 0 0.93 5.278356 0 5.278356 0.93 0 0 2.15127 0 0 0.93 0 0.93 2.15127 0 2.15127 0.93 0 0 0.87 0 0 0.93 0 0.93 0.87 0 0.87 0.93 0 0 2.15127 0 0 0.93 0 0.93 2.15127 0 2.15127 0.93 0 0 6.208356 0 0 0.93 0 0.93 6.208356 0 6.208356 0.93 0 0 4.205523 0 0 0.93 0 0.93 4.205523 0 4.205523 0.93 0.04242599 0.9 0 0 0.04242599 0.02999997 0.04242599 0.02999997 0 0 1.230366 0 0.04242599 0.02999997 1.230366 0 1.187939 0.02999997 1.187939 0.02999997 1.230366 0 1.187939 0.9 1.187939 0.9 1.230366 0 1.230366 0.93 1.187939 0.9 1.230366 0.93 0 0.93 0 0 0.04242599 0.9 0 0.93 0 0.93 0.04242599 0.9 1.187939 0.9 0 0 4.265523 0 0 0.93 0 0.93 4.265523 0 4.265523 0.93 -2.441246 2.605859 -2.965699 3.136836 -3.066423 3.156167 -2.441246 2.605859 -3.066423 3.156167 -2.375053 2.462305 -2.375053 2.462305 -3.066423 3.156167 -1.776296 1.46869 -2.375053 2.462305 -1.776296 1.46869 -2.258586 2.42973 -2.258586 2.42973 -1.776296 1.46869 -2.165873 2.481649 -2.165873 2.481649 -1.776296 1.46869 -2.128218 2.618782 -2.128218 2.618782 -1.776296 1.46869 -0.503504 1.426263 -2.128218 2.618782 -0.503504 1.426263 -2.229128 2.739718 -2.229128 2.739718 -0.503504 1.426263 -3.519684 4.442444 -2.229128 2.739718 -3.519684 4.442444 -2.869406 3.399604 -2.869406 3.399604 -3.519684 4.442444 -2.973475 3.461214 -2.973475 3.461214 -3.519684 4.442444 -3.076469 3.43506 -3.076469 3.43506 -3.519684 4.442444 -3.14797 3.334587 -3.14797 3.334587 -3.519684 4.442444 -4.75005 4.442444 -3.14797 3.334587 -4.75005 4.442444 -3.14057 3.232282 -3.14057 3.232282 -4.75005 4.442444 -3.066423 3.156167 -3.066423 3.156167 -4.75005 4.442444 -1.776296 1.46869 -2.965699 3.136836 -2.441246 2.605859 -2.873007 3.18813 -2.873007 3.18813 -2.441246 2.605859 -2.369362 2.727954 -2.873007 3.18813 -2.369362 2.727954 -2.828235 3.281055 -2.828235 3.281055 -2.369362 2.727954 -2.229128 2.739718 -2.828235 3.281055 -2.229128 2.739718 -2.869406 3.399604 2.613689 -2.921266 3.131289 -3.033435 3.132493 -2.891732 2.613689 -2.921266 3.132493 -2.891732 3.228872 -2.306083 2.613689 -2.921266 3.228872 -2.306083 -0.503504 1.426263 3.132493 -2.891732 3.248057 -2.811432 3.228872 -2.306083 3.228872 -2.306083 3.248057 -2.811432 3.396357 -2.866126 3.228872 -2.306083 3.396357 -2.866126 4.75005 -3.827261 4.75005 -3.827261 3.396357 -2.866126 4.220493 -3.684573 4.220493 -3.684573 3.396357 -2.866126 4.127578 -3.639811 4.127578 -3.639811 3.396357 -2.866126 3.432159 -3.003833 4.127578 -3.639811 3.432159 -3.003833 4.024599 -3.665957 4.024599 -3.665957 3.432159 -3.003833 3.37753 -3.094625 4.024599 -3.665957 3.37753 -3.094625 3.953089 -3.766422 3.953089 -3.766422 3.37753 -3.094625 3.260382 -3.124646 3.953089 -3.766422 3.260382 -3.124646 3.960489 -3.868754 3.960489 -3.868754 3.260382 -3.124646 2.613689 -2.921266 3.960489 -3.868754 2.613689 -2.921266 4.134867 -4.442444 3.260382 -3.124646 3.131289 -3.033435 2.613689 -2.921266 4.75005 -3.827261 4.220493 -3.684573 4.271135 -3.796708 4.75005 -3.827261 4.271135 -3.796708 4.228066 -3.91228 4.75005 -3.827261 4.228066 -3.91228 4.134867 -4.442444 4.134867 -4.442444 4.228066 -3.91228 4.135359 -3.964189 4.134867 -4.442444 4.135359 -3.964189 4.03403 -3.944999 4.134867 -4.442444 4.03403 -3.944999 3.960489 -3.868754 -1.776296 1.46869 2.613689 -2.921266 -0.503504 1.426263 2.432142 2.536707 3.017719 3.14272 2.405359 2.692498 2.405359 2.692498 3.017719 3.14272 2.869407 3.197422 2.405359 2.692498 2.869407 3.197422 2.278496 2.752849 2.278496 2.752849 2.869407 3.197422 2.828235 3.315971 2.278496 2.752849 2.828235 3.315971 2.15473 2.682631 2.15473 2.682631 2.828235 3.315971 2.873006 3.408896 2.15473 2.682631 2.873006 3.408896 3.519684 4.442444 3.519684 4.442444 2.873006 3.408896 2.965694 3.46019 3.017719 3.14272 2.432142 2.536707 3.139249 3.243809 3.139249 3.243809 2.432142 2.536707 1.776296 1.46869 1.776296 1.46869 2.432142 2.536707 2.33077 2.436847 1.776296 1.46869 2.33077 2.436847 2.192606 2.462305 1.776296 1.46869 2.192606 2.462305 2.122154 2.56616 1.776296 1.46869 2.122154 2.56616 0.503504 1.426263 0.503504 1.426263 2.122154 2.56616 2.15473 2.682631 0.503504 1.426263 2.15473 2.682631 3.519684 4.442444 -3.137695 -2.881876 -3.126528 -3.021945 -2.613689 -2.921266 -2.613689 -2.921266 -3.126528 -3.021945 -3.248057 -3.123024 -2.613689 -2.921266 -3.248057 -3.123024 -3.957486 -3.861503 -3.957486 -3.861503 -3.248057 -3.123024 -3.955564 -3.755555 -3.955564 -3.755555 -3.248057 -3.123024 -3.396357 -3.06833 -3.955564 -3.755555 -3.396357 -3.06833 -4.034029 -3.660025 -4.034029 -3.660025 -3.396357 -3.06833 -4.135359 -3.640835 -4.135359 -3.640835 -3.396357 -3.06833 -3.432159 -2.930623 -4.135359 -3.640835 -3.432159 -2.930623 -4.228066 -3.692744 -4.228066 -3.692744 -3.432159 -2.930623 -4.75005 -3.827261 -4.75005 -3.827261 -3.432159 -2.930623 -3.228872 -2.306083 -3.228872 -2.306083 -3.432159 -2.930623 -3.377531 -2.839831 -3.377531 -2.839831 -3.260382 -2.809809 -3.228872 -2.306083 -3.228872 -2.306083 -3.260382 -2.809809 -3.137695 -2.881876 -3.228872 -2.306083 -3.137695 -2.881876 -2.613689 -2.921266 3.14057 3.364745 3.139249 3.243809 4.75005 4.442444 4.75005 4.442444 3.139249 3.243809 1.776296 1.46869 3.519684 4.442444 2.965694 3.46019 3.067037 3.440994 3.519684 4.442444 3.067037 3.440994 3.14057 3.364745 3.519684 4.442444 3.14057 3.364745 4.75005 4.442444 -2.613689 -2.921266 -3.957486 -3.861503 -4.134867 -4.442444 -4.134867 -4.442444 -3.957486 -3.861503 -4.024599 -3.939066 -4.134867 -4.442444 -4.024599 -3.939066 -4.127578 -3.965213 -4.127578 -3.965213 -4.220493 -3.920451 -4.134867 -4.442444 -4.134867 -4.442444 -4.220493 -3.920451 -4.75005 -3.827261 -4.75005 -3.827261 -4.220493 -3.920451 -4.271135 -3.808316 -4.75005 -3.827261 -4.271135 -3.808316 -4.228066 -3.692744 1.776296 1.46869 0.503504 1.426263 -2.613689 -2.921266 -2.613689 -2.921266 0.503504 1.426263 -3.228872 -2.306083 0 0 0.93 0 0 43.1 0 43.1 0.93 0 0.93 43.1 0 0 0.93 0 0 43.1 0 43.1 0.93 0 0.93 43.1 0 0 0.93 0 0 43.1 0 43.1 0.93 0 0.93 43.1 0 0 0.93 0 0 43.1 0 43.1 0.93 0 0.93 43.1 0.465 0.465 -0.465 0.465 0.465 -0.465 0.465 -0.465 -0.465 0.465 -0.465 -0.465 0.465 0.465 -0.465 0.465 0.465 -0.465 0.465 -0.465 -0.465 0.465 -0.465 -0.465 -0.07988196 -0.05249989 0.07988196 -0.05249989 -0.07988196 0.05249989 -0.07988196 0.05249989 0.07988196 -0.05249989 0.07988196 0.05249989 0.0501179 -0.18 0.06003928 0.08999991 -0.07988196 -0.18 -0.07988196 -0.18 0.06003928 0.08999991 -0.07988196 0.18 -0.07988196 0.18 0.06003928 0.08999991 0.07988196 0.18 -0.05249989 -0.135 0.05249989 -0.135 -0.05249989 0.135 -0.05249989 0.135 0.05249989 -0.135 0.05249989 0.135 0.03023689 0.21 0.04015791 0.12 0.1899999 0.21 0.1899999 0.21 0.04015791 0.12 0.06 -0.15 0.1899999 0.21 0.06 -0.15 0.1899999 -0.3 0.1899999 -0.3 0.06 -0.15 -0.00999999 -0.15 0.1899999 -0.3 -0.00999999 -0.15 -0.1899999 -0.3 -0.1899999 -0.3 -0.00999999 -0.15 -0.1899999 0.3 -0.1899999 0.3 -0.00999999 -0.15 -0.00999999 0.3 0.255 -0.395 -0.105 -0.395 0.255 -0.5 0.255 -0.5 -0.105 -0.395 -0.255 -0.5 -0.255 -0.5 -0.105 -0.395 -0.105 0.395 -0.255 -0.5 -0.105 0.395 -0.255 0.5 -0.255 0.5 -0.105 0.395 0.255 0.5 0.255 0.5 -0.105 0.395 0.255 0.395 -0.07988196 -0.05249989 0.07988196 -0.05249989 -0.07988196 0.05249989 -0.07988196 0.05249989 0.07988196 -0.05249989 0.07988196 0.05249989 0.0501179 0.18 -0.07988196 0.18 0.06996059 -0.08999997 0.06996059 -0.08999997 -0.07988196 0.18 -0.07988196 -0.18 0.06996059 -0.08999997 -0.07988196 -0.18 0.07988196 -0.18 0.05249989 0.135 -0.05249989 0.135 0.05249989 -0.135 0.05249989 -0.135 -0.05249989 0.135 -0.05249989 -0.135 0.05249989 0.04499989 -0.05249989 0.04499989 0.05249989 -0.04499989 0.05249989 -0.04499989 -0.05249989 0.04499989 -0.05249989 -0.04499989 0.00999999 0.3 0.00999999 -0.15 0.1899999 0.3 0.1899999 0.3 0.00999999 -0.15 0.1899999 -0.3 0.1899999 -0.3 0.00999999 -0.15 -0.1899999 -0.3 -0.1899999 -0.3 0.00999999 -0.15 -0.06 -0.15 -0.1899999 -0.3 -0.06 -0.15 -0.1899999 0.21 -0.1899999 0.21 -0.06 -0.15 -0.05007892 0.12 -0.1899999 0.21 -0.05007892 0.12 -0.03023689 0.21 -0.007499933 -0.225 -0.007499933 -0.125 -0.05249989 -0.225 -0.05249989 -0.225 -0.007499933 -0.125 -0.05249989 0.225 -0.05249989 0.225 -0.007499933 -0.125 0.05249989 0.225 0.05249989 0.225 -0.007499933 -0.125 0.05249989 -0.125 0.03976297 -0.455 0.08999997 -0.5 0.03976297 0.455 0.03976297 0.455 0.08999997 -0.5 0.08999997 0.5 0.03976297 0.455 0.08999997 0.5 -0.08999997 0.5 -0.08999997 -0.455 -0.08999997 -0.5 0.03976297 -0.455 0.03976297 -0.455 -0.08999997 -0.5 0.08999997 -0.5 -0.08999997 0.5 -0.08999997 0.455 0.03976297 0.455 0.455 0.225 -0.455 0.225 0.455 -0.225 0.455 -0.225 -0.455 0.225 -0.455 -0.225 0.004881978 0.225 0.004881978 -0.125 0.06488198 0.225 0.06488198 0.225 0.004881978 -0.125 0.06488198 -0.225 0.06488198 -0.225 0.004881978 -0.125 -0.06488198 -0.225 -0.06488198 -0.225 0.004881978 -0.125 -0.06488198 -0.125 0.175 0.02999997 -0.175 0.02999997 0.175 -0.02999997 0.175 -0.02999997 -0.175 0.02999997 -0.175 -0.02999997 -0.03488188 0.02999997 -0.03488188 -0.02999997 0.03488188 0.02999997 0.03488188 0.02999997 -0.03488188 -0.02999997 0.03488188 -0.02999997 -0.03488188 -0.175 0.03488188 -0.175 -0.03488188 0.175 -0.03488188 0.175 0.03488188 -0.175 0.03488188 0.175 0.104882 0.455 0.104882 0.395 0.164882 0.455 0.164882 0.455 0.104882 0.395 0.08711796 0.282 0.164882 0.455 0.08711796 0.282 0.08711796 0.2179999 0.104882 0.395 0.03511798 0.395 0.08711796 0.282 0.08711796 0.282 0.03511798 0.395 0.02311789 0.282 0.02311789 0.282 0.03511798 0.395 -0.03488188 0.395 0.02311789 0.282 -0.03488188 0.395 0.02311789 0.2179999 0.02311789 0.2179999 -0.03488188 0.395 0.02311789 0.032 0.02311789 0.2179999 0.02311789 0.032 0.08711796 0.032 0.03511798 0.395 0.03511798 0.5 -0.03488188 0.395 -0.03488188 0.395 0.03511798 0.5 -0.03488188 0.5 -0.164882 0.395 -0.164882 -0.395 -0.03488188 0.395 -0.03488188 0.395 -0.164882 -0.395 0.02311789 0.032 0.02311789 0.032 -0.164882 -0.395 0.02311789 -0.032 0.02311789 -0.032 -0.164882 -0.395 -0.03488188 -0.395 0.02311789 -0.032 -0.03488188 -0.395 0.02311789 -0.2179999 0.02311789 -0.2179999 -0.03488188 -0.395 0.02311789 -0.282 0.02311789 -0.282 -0.03488188 -0.395 0.03511798 -0.395 0.02311789 -0.282 0.03511798 -0.395 0.08711796 -0.282 0.08711796 -0.282 0.03511798 -0.395 0.104882 -0.395 0.08711796 -0.282 0.104882 -0.395 0.164882 -0.455 0.164882 -0.455 0.104882 -0.395 0.104882 -0.455 -0.03488188 -0.5 0.03511798 -0.5 -0.03488188 -0.395 -0.03488188 -0.395 0.03511798 -0.5 0.03511798 -0.395 0.164882 0.455 0.08711796 0.032 0.164882 -0.455 0.164882 -0.455 0.08711796 0.032 0.08711796 -0.032 0.164882 -0.455 0.08711796 -0.032 0.08711796 -0.2179999 0.08711796 -0.2179999 0.08711796 -0.032 0.02311789 -0.032 0.08711796 -0.2179999 0.02311789 -0.032 0.02311789 -0.2179999 0.08711796 -0.2179999 0.08711796 -0.282 0.164882 -0.455 0.164882 0.455 0.08711796 0.2179999 0.08711796 0.032 0.08711796 0.032 0.08711796 0.2179999 0.02311789 0.2179999 0.175 0.02999997 -0.175 0.02999997 0.175 -0.02999997 0.175 -0.02999997 -0.175 0.02999997 -0.175 -0.02999997 0.004881978 -0.225 0.06488198 -0.225 0.004881978 0.125 0.004881978 0.125 0.06488198 -0.225 0.06488198 0.225 0.004881978 0.125 0.06488198 0.225 -0.06488198 0.225 -0.06488198 0.225 -0.06488198 0.125 0.004881978 0.125 -0.03488188 -0.02999997 0.03488188 -0.02999997 -0.03488188 0.02999997 -0.03488188 0.02999997 0.03488188 -0.02999997 0.03488188 0.02999997 0.03488188 0.175 -0.03488188 0.175 0.03488188 -0.175 0.03488188 -0.175 -0.03488188 0.175 -0.03488188 -0.175 -0.05249989 -0.125 0.007499933 -0.125 -0.05249989 0.225 -0.05249989 0.225 0.007499933 -0.125 0.05249989 0.225 0.05249989 0.225 0.007499933 -0.125 0.05249989 -0.225 0.05249989 -0.225 0.007499933 -0.125 0.007499933 -0.225 -0.032 -0.2 0.032 -0.2 -0.032 0.2 -0.032 0.2 0.032 -0.2 0.032 0.2 -0.032 -0.2 0.032 -0.2 -0.032 0.2 -0.032 0.2 0.032 -0.2 0.032 0.2 0.032 0.2 -0.032 0.2 0.032 -0.2 0.032 -0.2 -0.032 0.2 -0.032 -0.2 0.032 0.2 -0.032 0.2 0.032 -0.2 0.032 -0.2 -0.032 0.2 -0.032 -0.2 0.032 0.032 -0.032 0.032 0.032 -0.032 0.032 -0.032 -0.032 0.032 -0.032 -0.032 -0.032 -0.2 0.032 -0.2 -0.032 0.2 -0.032 0.2 0.032 -0.2 0.032 0.2 -0.032 -0.2 0.032 -0.2 -0.032 0.2 -0.032 0.2 0.032 -0.2 0.032 0.2 0.032 0.2 -0.032 0.2 0.032 -0.2 0.032 -0.2 -0.032 0.2 -0.032 -0.2 0.032 0.2 -0.032 0.2 0.032 -0.2 0.032 -0.2 -0.032 0.2 -0.032 -0.2 0.032 0.032 -0.032 0.032 0.032 -0.032 0.032 -0.032 -0.032 0.032 -0.032 -0.032 -0.032 -0.2 0.032 -0.2 -0.032 0.2 -0.032 0.2 0.032 -0.2 0.032 0.2 -0.032 -0.2 0.032 -0.2 -0.032 0.2 -0.032 0.2 0.032 -0.2 0.032 0.2 0.032 0.2 -0.032 0.2 0.032 -0.2 0.032 -0.2 -0.032 0.2 -0.032 -0.2 0.032 0.2 -0.032 0.2 0.032 -0.2 0.032 -0.2 -0.032 0.2 -0.032 -0.2 0.032 0.032 -0.032 0.032 0.032 -0.032 0.032 -0.032 -0.032 0.032 -0.032 -0.032 -0.3 -0.5 0.3 -0.5 -0.3 0.5 -0.3 0.5 0.3 -0.5 0.3 0.5 -0.1899999 -0.5 -0.001999974 0.032 -0.1899999 0.5 -0.1899999 0.5 -0.001999974 0.032 -0.001999974 0.2179999 -0.1899999 0.5 -0.001999974 0.2179999 -0.001999974 0.282 0.1899999 -0.5 -0.001999974 -0.282 -0.1899999 -0.5 -0.1899999 -0.5 -0.001999974 -0.282 -0.001999974 -0.2179999 -0.1899999 -0.5 -0.001999974 -0.2179999 -0.001999974 -0.032 -0.001999974 -0.032 -0.001999974 -0.2179999 0.06199991 -0.2179999 -0.001999974 -0.032 0.06199991 -0.2179999 0.06199991 -0.032 0.06199991 -0.032 0.06199991 -0.2179999 0.1899999 -0.5 0.06199991 -0.032 0.1899999 -0.5 0.06199991 0.032 0.06199991 0.032 0.1899999 -0.5 0.1899999 0.5 0.06199991 0.032 0.1899999 0.5 0.06199991 0.2179999 0.06199991 0.2179999 0.1899999 0.5 0.06199991 0.282 0.06199991 0.282 0.1899999 0.5 -0.001999974 0.282 -0.001999974 0.282 0.1899999 0.5 -0.1899999 0.5 0.06199991 0.2179999 -0.001999974 0.2179999 0.06199991 0.032 0.06199991 0.032 -0.001999974 0.2179999 -0.001999974 0.032 -0.001999974 -0.032 -0.001999974 0.032 -0.1899999 -0.5 0.06199991 -0.2179999 0.06199991 -0.282 0.1899999 -0.5 0.1899999 -0.5 0.06199991 -0.282 -0.001999974 -0.282 0.032 0.16 -0.032 0.16 0.032 -0.16 0.032 -0.16 -0.032 0.16 -0.032 -0.16 -0.032 -0.16 0.032 -0.16 -0.032 0.16 -0.032 0.16 0.032 -0.16 0.032 0.16 0.032 -0.16 0.032 0.16 -0.032 -0.16 -0.032 -0.16 0.032 0.16 -0.032 0.16 0.032 0.16 -0.032 0.16 0.032 -0.16 0.032 -0.16 -0.032 0.16 -0.032 -0.16 0.032 0.032 -0.032 0.032 0.032 -0.032 0.032 -0.032 -0.032 0.032 -0.032 -0.032 0.032 0.16 -0.032 0.16 0.032 -0.16 0.032 -0.16 -0.032 0.16 -0.032 -0.16 -0.032 -0.16 0.032 -0.16 -0.032 0.16 -0.032 0.16 0.032 -0.16 0.032 0.16 0.032 -0.16 0.032 0.16 -0.032 -0.16 -0.032 -0.16 0.032 0.16 -0.032 0.16 0.032 0.16 -0.032 0.16 0.032 -0.16 0.032 -0.16 -0.032 0.16 -0.032 -0.16 0.032 0.032 -0.032 0.032 0.032 -0.032 0.032 -0.032 -0.032 0.032 -0.032 -0.032 0.032 0.16 -0.032 0.16 0.032 -0.16 0.032 -0.16 -0.032 0.16 -0.032 -0.16 -0.032 -0.16 0.032 -0.16 -0.032 0.16 -0.032 0.16 0.032 -0.16 0.032 0.16 0.032 -0.16 0.032 0.16 -0.032 -0.16 -0.032 -0.16 0.032 0.16 -0.032 0.16 0.032 0.16 -0.032 0.16 0.032 -0.16 0.032 -0.16 -0.032 0.16 -0.032 -0.16 0.032 0.032 -0.032 0.032 0.032 -0.032 0.032 -0.032 -0.032 0.032 -0.032 -0.032 0.05249989 0.04499989 -0.05249989 0.04499989 0.05249989 -0.04499989 0.05249989 -0.04499989 -0.05249989 0.04499989 -0.05249989 -0.04499989 0.93 -0.489678 1.28 -0.4928261 1.28 -0.3607602 0.93 -0.489678 1.28 -0.3607602 0.93 -0.33039 0.93 -0.33039 1.28 -0.3607602 1.28 -0.2105884 0.93 -0.33039 1.28 -0.2105884 0.93 -0.1576022 0.93 -0.1576022 1.28 -0.2105884 1.28 -0.05838352 0.93 -0.1576022 1.28 -0.05838352 0.93 -0.005396008 0.93 -0.005396008 1.28 -0.05838352 1.28 0.1144047 0.93 -0.005396008 1.28 0.1144047 0.93 0.104056 0.93 0.104056 1.28 0.1144047 0.9300001 0.2101174 0.9300001 0.2101174 1.28 0.1144047 1.28 0.241523 0.9300001 0.2101174 1.28 0.241523 0.93 0.3607624 0.93 0.3607624 1.28 0.241523 1.28 0.3509725 0.93 0.3607624 1.28 0.3509725 1.28 0.4896772 0.93 0.3607624 1.28 0.4896772 0.93 0.4928262 -0.35 -0.489678 0 -0.4928261 0 -0.3607602 -0.35 -0.489678 0 -0.3607602 -0.35 -0.33039 -0.35 -0.33039 0 -0.3607602 0 -0.2105884 -0.35 -0.33039 0 -0.2105884 -0.35 -0.1576022 -0.35 -0.1576022 0 -0.2105884 0 -0.05838352 -0.35 -0.1576022 0 -0.05838352 -0.35 -0.005396008 -0.35 -0.005396008 0 -0.05838352 0 0.1144047 -0.35 -0.005396008 0 0.1144047 -0.35 0.104056 -0.35 0.104056 0 0.1144047 -0.35 0.2101174 -0.35 0.2101174 0 0.1144047 0 0.241523 -0.35 0.2101174 0 0.241523 -0.35 0.3607624 -0.35 0.3607624 0 0.241523 0 0.3509725 -0.35 0.3607624 0 0.3509725 0 0.4896776 -0.35 0.3607624 0 0.4896776 -0.35 0.4928262 0.9300001 0.4039562 1.28 0.5007055 0.93 0.518363 0.9300001 -0.4805656 1.28 -0.4820302 0.93 -0.371106 0.93 -0.371106 1.28 -0.4820302 1.28 -0.317565 0.93 -0.371106 1.28 -0.317565 0.93 -0.2650481 0.93 -0.2650481 1.28 -0.317565 1.28 -0.1673907 0.93 -0.2650481 1.28 -0.1673907 0.93 -0.1144046 0.93 -0.1144046 1.28 -0.1673907 1.28 -0.06086033 0.93 -0.1144046 1.28 -0.06086033 0.93 0.05838572 0.93 0.05838572 1.28 -0.06086033 1.28 0.04859697 0.93 0.05838572 1.28 0.04859697 1.28 0.2007998 0.93 0.05838572 1.28 0.2007998 0.9300001 0.2311709 0.9300001 0.2311709 1.28 0.2007998 1.28 0.3735867 0.9300001 0.2311709 1.28 0.3735867 0.9300001 0.4039562 0.9300001 0.4039562 1.28 0.3735867 1.28 0.5007055 -0.35 0.4039562 0 0.5007055 -0.35 0.518363 -0.35 -0.4805656 0 -0.4820302 -0.35 -0.371106 -0.35 -0.371106 0 -0.4820302 0 -0.317565 -0.35 -0.371106 0 -0.317565 -0.35 -0.2650481 -0.35 -0.2650481 0 -0.317565 0 -0.1673907 -0.35 -0.2650481 0 -0.1673907 -0.35 -0.1144046 -0.35 -0.1144046 0 -0.1673907 0 -0.06086033 -0.35 -0.1144046 0 -0.06086033 -0.35 0.05838572 -0.35 0.05838572 0 -0.06086033 0 0.04859697 -0.35 0.05838572 0 0.04859697 0 0.2007998 -0.35 0.05838572 0 0.2007998 -0.35 0.2311709 -0.35 0.2311709 0 0.2007998 0 0.3735867 -0.35 0.2311709 0 0.3735867 -0.35 0.4039562 -0.35 0.4039562 0 0.3735867 0 0.5007055 -4.317152 0.835 -3.865031 0.485 -3.001934 0.835 -3.001934 0.835 -3.865031 0.485 0 0.485 -3.001934 0.835 0 0.485 -3.001934 1.765 -3.001934 1.765 0 0.485 0 2.115 -3.001934 1.765 0 2.115 -3.865031 2.115 -3.865031 0.485 -4.317152 0.835 -5.915031 0 -5.915031 0 -4.317152 0.835 -4.317152 1.765 -5.915031 0 -4.317152 1.765 -5.915031 2.6 -5.915031 2.6 -4.317152 1.765 -3.865031 2.115 -5.915031 2.6 -3.865031 2.115 -3.865031 2.6 -4.317152 1.765 -3.001934 1.765 -3.865031 2.115 -5.915031 0 -3.865031 0 -3.865031 0.485 -0.574969 0.614967 -2.624969 0.614967 -0.574969 0.349981 -0.574969 0.349981 -2.624969 0.614967 -2.624969 -0.75 -0.574969 0.349981 -2.624969 -0.75 0.5750001 -0.35 0.5750001 -0.35 -2.624969 -0.75 1.725 -0.75 0.5750001 -0.35 1.725 -0.75 1.725 -0.35 1.3 0.364967 0.8150001 0.364967 1.3 -1 1.3 -1 0.8150001 0.364967 0.8150001 -1 0.03340703 -0.5005214 0.5888977 0.06001776 -0.03278356 -0.3569697 -0.03278356 -0.3569697 0.5888977 0.06001776 0.4615677 0.1199463 -0.03278356 -0.3569697 0.4615677 0.1199463 -0.1712864 -0.3320394 -0.1712864 -0.3320394 0.4615677 0.1199463 0.4347857 0.2757418 0.5888977 0.06001776 0.03340703 -0.5005214 1.932516 0 1.932516 0 0.03340703 -0.5005214 -0.05781608 -0.6296226 1.932516 0 -0.05781608 -0.6296226 -0.302516 -1.63 -0.302516 -1.63 -0.05781608 -0.6296226 -0.2152331 -0.6151707 -0.302516 -1.63 -0.2152331 -0.6151707 -1.932516 -1.63 -1.932516 -1.63 -0.2152331 -0.6151707 -0.2854509 -0.4914046 -1.932516 -1.63 -0.2854509 -0.4914046 -1.932516 1.364967 -1.932516 1.364967 -0.2854509 -0.4914046 -0.2561826 -0.3895977 -0.2561826 -0.3895977 -0.1712864 -0.3320394 -1.932516 1.364967 -1.932516 1.364967 -0.1712864 -0.3320394 0.4347857 0.2757418 0.704626 0.3221293 0.7404195 0.1844091 1.932516 0 0.7404195 0.1844091 0.6857945 0.09364056 1.932516 0 1.932516 0 0.6857945 0.09364056 0.5888977 0.06001776 -1.932516 1.364967 0.4347857 0.2757418 0.5563153 0.3768303 -1.932516 1.364967 0.5563153 0.3768303 1.932516 1.364967 0.5563153 0.3768303 0.704626 0.3221293 1.932516 1.364967 1.932516 1.364967 0.704626 0.3221293 1.932516 0 0.265033 -0.8150001 3.26 -0.8150001 0.265033 0.8150001 0.265033 0.8150001 3.26 -0.8150001 3.26 0.8150001 -0.0313332 -0.1716819 0.5730606 -0.7160254 0.108712 -0.1605154 0.108712 -0.1605154 0.5730606 -0.7160254 0.6451346 -0.5933317 0.108712 -0.1605154 0.6451346 -0.5933317 0.1760076 -0.08234727 0.1760076 -0.08234727 0.6451346 -0.5933317 0.7479338 -0.5677751 0.1760076 -0.08234727 0.7479338 -0.5677751 0.1779291 0.02357077 0.1779291 0.02357077 0.7479338 -0.5677751 0.852006 -0.6293864 0.1779291 0.02357077 0.852006 -0.6293864 0.07807075 0.1249421 0.07807075 0.1249421 0.852006 -0.6293864 -0.462951 1.12056 0.07807075 0.1249421 -0.462951 1.12056 -0.07772147 0.09815925 -0.07772147 0.09815925 -0.462951 1.12056 -1.778169 1.12056 -0.07772147 0.09815925 -1.778169 1.12056 -0.1324238 -0.05015087 -0.1324238 -0.05015087 -1.778169 1.12056 -0.0313332 -0.1716819 -0.0313332 -0.1716819 -1.778169 1.12056 1.216797 -1.874407 -0.0313332 -0.1716819 1.216797 -1.874407 0.6392534 -0.8595775 0.6392534 -0.8595775 1.216797 -1.874407 0.7774141 -0.8850374 0.7774141 -0.8850374 1.216797 -1.874407 0.8787884 -0.7851794 0.8787884 -0.7851794 1.216797 -1.874407 2.532016 -1.874407 0.8787884 -0.7851794 2.532016 -1.874407 0.852006 -0.6293864 0.852006 -0.6293864 2.532016 -1.874407 -0.462951 1.12056 -0.0313332 -0.1716819 0.6392534 -0.8595775 0.5730606 -0.7160254 -1.701955 0.465 -5.937478 0.465 -1.701955 -0.465 -1.701955 -0.465 -5.937478 0.465 -5.937478 -0.465 -0.03340667 -0.4716179 -0.6378005 0.07272499 -1.932516 0 -0.03340667 -0.4716179 -1.932516 0 0.03278565 -0.6151711 0.03278565 -0.6151711 -1.932516 0 0.302516 -1.63 0.03278565 -0.6151711 0.302516 -1.63 0.1709464 -0.6406308 0.1709464 -0.6406308 0.302516 -1.63 0.272321 -0.5407726 0.272321 -0.5407726 0.302516 -1.63 1.932516 -1.63 0.272321 -0.5407726 1.932516 -1.63 0.2455387 -0.3849794 0.2455387 -0.3849794 1.932516 -1.63 1.932516 1.364967 0.2455387 -0.3849794 1.932516 1.364967 -0.4285382 0.2679778 0.2455387 -0.3849794 -0.4285382 0.2679778 0.1414662 -0.3233681 0.1414662 -0.3233681 -0.4285382 0.2679778 -0.4304599 0.1620597 -0.6378005 0.07272499 -0.03340667 -0.4716179 -0.4977554 0.08389145 -0.4977554 0.08389145 -0.03340667 -0.4716179 0.0386669 -0.3489247 -0.4977554 0.08389145 0.0386669 -0.3489247 -0.4304599 0.1620597 -0.4304599 0.1620597 0.0386669 -0.3489247 0.1414662 -0.3233681 -1.932516 0 -0.7388912 0.1942561 -0.684189 0.3425661 -1.932516 0 -0.684189 0.3425661 -1.932516 1.364967 -1.932516 1.364967 -0.684189 0.3425661 -0.5283964 0.369349 -1.932516 1.364967 -0.5283964 0.369349 1.932516 1.364967 -0.5283964 0.369349 -0.4285382 0.2679778 1.932516 1.364967 -1.932516 0 -0.6378005 0.07272499 -0.7388912 0.1942561 -0.8150001 0.364967 -1.3 0.364967 -0.8150001 -1 -0.8150001 -1 -1.3 0.364967 -1.3 -1 2.766273 0.8150001 0 0.8150001 2.766273 -0.8150001 2.766273 -0.8150001 0 0.8150001 0 -0.8150001 -0.01756966 -0.1843891 -0.5730603 -0.7449284 0.0793274 -0.1507664 0.0793274 -0.1507664 -0.5730603 -0.7449284 -0.6642838 -0.8740289 0.0793274 -0.1507664 -0.6642838 -0.8740289 -1.216797 -1.874407 -1.216797 -1.874407 -0.6642838 -0.8740289 -0.8217003 -0.8595772 -1.216797 -1.874407 -0.8217003 -0.8595772 -2.532016 -1.874407 -2.532016 -1.874407 -0.8217003 -0.8595772 -0.8919183 -0.7358116 -2.532016 -1.874407 -0.8919183 -0.7358116 -0.8626496 -0.6340047 -2.532016 -1.874407 -0.8626496 -0.6340047 0.462951 1.12056 0.462951 1.12056 -0.8626496 -0.6340047 -0.1716816 0.03133487 0.462951 1.12056 -0.1716816 0.03133487 -0.05015188 0.1324232 -0.1716816 0.03133487 -0.8626496 -0.6340047 -0.7777541 -0.5764464 -0.1716816 0.03133487 -0.7777541 -0.5764464 -0.1448996 -0.1244606 -0.1448996 -0.1244606 -0.7777541 -0.5764464 -0.6392514 -0.6013767 -0.1448996 -0.1244606 -0.6392514 -0.6013767 -0.01756966 -0.1843891 -0.01756966 -0.1843891 -0.6392514 -0.6013767 -0.5730603 -0.7449284 0.09815865 0.07772243 0.1339522 -0.05999779 1.778169 1.12056 0.1339522 -0.05999779 0.0793274 -0.1507664 1.778169 1.12056 1.778169 1.12056 0.0793274 -0.1507664 -1.216797 -1.874407 -0.05015188 0.1324232 0.09815865 0.07772243 0.462951 1.12056 0.462951 1.12056 0.09815865 0.07772243 1.778169 1.12056 -4.871378 -0.465 -0.635855 -0.465 -4.871378 0.465 -4.871378 0.465 -0.635855 -0.465 -0.635855 0.465 1.322185 0.465 0 0.8150001 0.006966888 0.465 0.006966888 0.465 0 0.8150001 0 -0.8150001 0.006966888 0.465 0 -0.8150001 0.006966888 -0.465 0.006966888 -0.465 0 -0.8150001 1.322185 -0.465 1.322185 -0.465 0 -0.8150001 1.63 -0.8150001 1.322185 -0.465 1.63 -0.8150001 1.322185 0.465 1.322185 0.465 1.63 -0.8150001 1.63 0.8150001 1.322185 0.465 1.63 0.8150001 0 0.8150001 4.032369 -1.3 2.82681 -0.5176855 -0.3176 -1.3 -0.3176 -1.3 2.82681 -0.5176855 2.575412 -0.4205503 -0.3176 -1.3 2.575412 -0.4205503 -0.3176 -0.8150001 -0.3176 -0.8150001 2.575412 -0.4205503 2.427705 -0.2625 4.032369 1.3 3.400054 -0.05556029 4.032369 -1.3 4.032369 -1.3 3.400054 -0.05556029 3.302917 -0.3069594 -0.3176 1.3 2.802049 0.5144257 4.032369 1.3 4.032369 1.3 2.802049 0.5144257 3.018249 0.507111 2.802049 0.5144257 -0.3176 1.3 2.555597 0.4053457 2.555597 0.4053457 -0.3176 1.3 -0.3176 0.8150001 2.555597 0.4053457 -0.3176 0.8150001 2.396704 0.1876562 2.396704 0.1876562 -0.3176 0.8150001 2.367943 -0.08031886 2.367943 -0.08031886 -0.3176 0.8150001 -0.3176 -0.8150001 2.367943 -0.08031886 -0.3176 -0.8150001 2.427705 -0.2625 3.018249 0.507111 3.189329 0.4205477 4.032369 1.3 4.032369 1.3 3.189329 0.4205477 3.358478 0.2107251 4.032369 1.3 3.358478 0.2107251 3.400054 -0.05556029 4.032369 -1.3 3.302917 -0.3069594 3.093098 -0.4761075 3.093098 -0.4761075 2.82681 -0.5176855 4.032369 -1.3 1.3 0.224904 1.3 0.48989 1.15 0.224904 1.15 0.224904 1.3 0.48989 -1.3 0.48989 1.15 0.224904 -1.3 0.48989 -1.15 0.224904 -1.15 0.224904 -1.3 0.48989 -1.3 0.224904 -1.15 -0.475076 1.15 -0.475076 -1.15 0.224904 -1.15 0.224904 1.15 -0.475076 1.15 0.224904 1.346255 0.15 0 0.15 1.346255 0 1.346255 0 0 0.15 0 0 0.08378398 0.814967 0.08378398 0.549981 2.133784 0.814967 2.133784 0.814967 0.08378398 0.549981 2.133784 -0.55 2.133784 -0.55 0.08378398 0.549981 -1.066184 -0.15 2.133784 -0.55 -1.066184 -0.15 -2.216184 -0.55 -2.216184 -0.55 -1.066184 -0.15 -2.216184 -0.15 0.4 1.649336 0 1.649336 0.4 1.511891 0.4 1.511891 0 1.649336 0 1.511891 0.4 1.511891 0 1.511891 0.4 1.318246 0.4 1.318246 0 1.511891 0 1.293201 0.4 1.318246 0 1.293201 0.4 1.043356 0.4 1.043356 0 1.293201 0 1.018312 0.4 1.043356 0 1.018312 0.4 0.7684677 0.4 0.7684677 0 1.018312 0 0.7434234 0.4 0.7684677 0 0.7434234 0.4 0.4935786 0.4 0.4935786 0 0.7434234 0 0.4685341 0.4 0.4935786 0 0.4685341 0.4 0.2186919 0.4 0.2186919 0 0.4685341 0 0.274889 0.4 0.2186919 0 0.274889 0 0.05619895 0.4 0.2186919 0 0.05619895 0.4 -0.05619895 0.4 -0.05619895 0 0.05619895 0 -0.2186921 0.4 -0.05619895 0 -0.2186921 0.4 -0.3310859 0.4 -0.3310859 0 -0.2186921 0 -0.493582 0.4 -0.3310859 0 -0.493582 0.4 -0.549779 0.4 -0.549779 0 -0.493582 0.4 -0.7434241 0.4 -0.7434241 0 -0.493582 0 -0.7684685 0.4 -0.7434241 0 -0.7684685 0.4 -1.018316 0.4 -1.018316 0 -0.7684685 0 -1.04336 0.4 -1.018316 0 -1.04336 0.4 -1.293202 0.4 -1.293202 0 -1.04336 0 -1.318247 0.4 -1.293202 0 -1.318247 0.4 -1.568091 0.4 -1.568091 0 -1.318247 0 -1.593136 3.7e-5 0 1.346291 0 3.7e-5 0.15 3.7e-5 0.15 1.346291 0 1.346291 0.15 -0.08378398 0.549981 -0.08378398 -0.15 1.066184 -0.15 0.574969 -0.35 0.574969 0.349981 -0.5750001 -0.35 1.3 0.4 -1.3 0.4 1.3 0 1.3 0 -1.3 0.4 -1.3 0 -1.899969 -0.225 -1.267685 0.9805597 -1.899969 2.075 -1.899969 2.075 -1.267685 0.9805597 -1.17055 1.231957 -0.75 -0.225 -1.056959 0.5044516 -1.899969 -0.225 -1.899969 -0.225 -1.056959 0.5044516 -1.226108 0.7142717 -0.75 -0.375 0.4 -0.375 -0.75 -0.225 -0.75 -0.225 0.4 -0.375 -0.4232276 0.5196548 -0.75 -0.225 -0.4232276 0.5196548 -0.61412 0.417889 0.4 2.225 -0.2355743 1.00532 0.4 -0.375 0.4 -0.375 -0.2355743 1.00532 -0.2643343 0.7373466 -0.75 2.225 -0.75 2.075 0.4 2.225 0.4 2.225 -0.75 2.075 -0.4875 1.379663 0.4 2.225 -0.4875 1.379663 -0.3446543 1.251772 -1.899969 2.075 -0.9607287 1.401108 -0.75 2.075 -0.75 2.075 -0.9607287 1.401108 -0.6944409 1.442685 -0.61412 0.417889 -0.8055605 0.4073147 -0.75 -0.225 -0.75 -0.225 -0.8055605 0.4073147 -1.056959 0.5044516 -1.899969 -0.225 -1.226108 0.7142717 -1.267685 0.9805597 -1.899969 2.075 -1.17055 1.231957 -0.9607287 1.401108 -0.75 2.075 -0.6944409 1.442685 -0.4875 1.379663 0.4 2.225 -0.3446543 1.251772 -0.2355743 1.00532 -0.2643343 0.7373466 -0.4232276 0.5196548 0.4 -0.375 0 0 1.506323 0 0 0.2 0 0.2 1.506323 0 1.506323 0.2 0.45525 0.6 -0.45525 0.6 0.45525 -0.6 0 0 1.506323 0 0 0.2 0 0.2 1.506323 0 1.506323 0.2 -0.45525 0.6 -0.45525 -0.6 0.45525 0.6 -1.53 0 -1.53 -1.2 -1.33 0 -1.33 0 -1.53 -1.2 0 -1.2 -1.33 0 0 -1.2 -0.2 0 -0.2 0 0 -1.2 0 0 -0.2 1.2 -1.33 1.2 -0.2 0 -0.2 0 -1.33 1.2 -1.33 0 0 -0.518363 0.3 -0.518363 0 -0.4167822 0 -0.4167822 0.3 -0.518363 0.3 -0.4265703 0 -0.4167822 0.3 -0.4265703 0.3 -0.3200383 0 -0.4167822 0.3 -0.3200383 0 -0.2645774 0 -0.2645774 0.3 -0.3200383 0.3 -0.1879743 0 -0.2645774 0.3 -0.1879743 0 -0.1354578 0 -0.1354578 0.3 -0.1879743 0.3 -0.06085884 0 -0.1354578 0.3 -0.06085884 0 -0.02553498 0 -0.02553498 0.3 -0.06085884 0.3 0.04859346 0 -0.02553498 0.3 0.04859346 0 0.08099538 0 0.08099538 0.3 0.04859346 0.3 0.1781861 0 0.08099538 0.3 0.1781861 0 0.2105864 0 0.2105864 0.3 0.1781861 0.3 0.2847163 0 0.2105864 0.3 0.2847163 0 0.3401784 0 0.3401784 0.3 0.2847163 0.3 0.3946381 0 0.3401784 0.3 0.3946381 0 0.4697711 0 0.4697711 0.3 0.3946381 0.3 0.5006992 1.53 0.518363 1.23 0.518363 1.53 0.4575043 1.53 0.4575043 1.23 0.518363 1.23 0.4039578 1.53 0.4575043 1.23 0.4039578 1.53 0.3303889 1.53 0.3303889 1.23 0.4039578 1.23 0.2533135 1.53 0.3303889 1.23 0.2533135 1.53 0.1781861 1.53 0.1781861 1.23 0.2533135 1.23 0.1015787 1.53 0.1781861 1.23 0.1015787 1.53 0.04859346 1.53 0.04859346 1.23 0.1015787 1.23 -0.02553498 1.53 0.04859346 1.23 -0.02553498 1.53 -0.06085872 1.53 -0.06085872 1.23 -0.02553498 1.23 -0.1354578 1.53 -0.06085872 1.23 -0.1354578 1.53 -0.1879743 1.53 -0.1879743 1.23 -0.1354578 1.23 -0.2645774 1.53 -0.1879743 1.23 -0.2645774 1.53 -0.3397083 1.53 -0.3397083 1.23 -0.2645774 1.23 -0.3711135 1.53 -0.3397083 1.23 -0.3711135 1.53 -0.469301 1.53 -0.469301 1.23 -0.3711135 1.23 -0.4805633 0 -0.4896782 0.3 -0.4820278 0 -0.3711076 0 -0.3711076 0.3 -0.4820278 0.3 -0.3632369 0 -0.3711076 0.3 -0.3632369 0 -0.2645761 0 -0.2645761 0.3 -0.3632369 0.3 -0.2311684 0 -0.2645761 0.3 -0.2311684 0 -0.1551297 0 -0.1551297 0.3 -0.2311684 0.3 -0.08099544 0 -0.1551297 0.3 -0.08099544 0 -0.04859346 0 -0.04859346 0.3 -0.08099544 0.3 0.07120567 0 -0.04859346 0.3 0.07120567 0 0.08099603 0 0.08099603 0.3 0.07120567 0 0.2311687 0 0.2311687 0.3 0.07120567 0.3 0.2218495 0 0.2311687 0.3 0.2218495 0.3 0.3735842 0 0.2311687 0.3 0.3735842 0 0.3833742 0 0.3833742 0.3 0.3735842 0 0.4928278 0 0.4928278 0.3 0.3735842 0.3 0.5006989 1.53 0.5006985 1.23 0.5019952 1.53 0.3735842 1.53 0.3735842 1.23 0.5019952 1.23 0.3833742 1.53 0.3735842 1.23 0.3833742 1.23 0.2311687 1.53 0.3735842 1.23 0.2311687 1.53 0.2415173 1.53 0.2415173 1.23 0.2311687 1.53 0.1349895 1.53 0.1349895 1.23 0.2311687 1.23 0.08099603 1.53 0.1349895 1.23 0.08099603 1.53 0.02553564 1.53 0.02553564 1.23 0.08099603 1.23 -0.04859346 1.53 0.02553564 1.23 -0.04859346 1.53 -0.08099538 1.53 -0.08099538 1.23 -0.04859346 1.23 -0.2007985 1.53 -0.08099538 1.23 -0.2007985 1.53 -0.2311689 1.53 -0.2311689 1.23 -0.2007985 1.23 -0.3735848 1.53 -0.2311689 1.23 -0.3735848 1.53 -0.3632365 1.53 -0.3632365 1.23 -0.3735848 1.53 -0.4820276 1.53 -0.4820276 1.23 -0.3735848 1.23 -0.5006992 -0.7650001 -0.141421 0.7650001 -0.141421 -0.7650001 0.141421 -0.7650001 0.141421 0.7650001 -0.141421 0.7650001 0.141421 -0.7650001 0.6354 0.7650001 0.6354 -0.7650001 0.7650001 -0.7650001 0.7650001 0.7650001 0.6354 0.7650001 0.7650001 0.465 1.533 0.465 0.6030001 0.7650001 0.303 0.7650001 0.303 0.465 0.6030001 -0.465 0.6030001 0.7650001 0.303 -0.465 0.6030001 -0.7650001 0.303 -0.7650001 0.303 -0.465 0.6030001 -0.465 1.533 -0.7650001 0.303 -0.465 1.533 -0.7650001 1.8476 -0.7650001 1.8476 -0.465 1.533 0.465 1.533 -0.7650001 1.8476 0.465 1.533 0.7650001 1.8476 0.7650001 1.8476 0.465 1.533 0.7650001 0.303 -1.865 1.215 -0.735 1.215 -1.865 2.1255 -1.865 2.1255 -0.735 1.215 -0.735 2.1255 -1.865 2.1255 -0.735 2.1255 -2.6 3.036 -2.6 3.036 -0.735 2.1255 0 3.036 0 3.036 -0.735 2.1255 -0.535 2.1255 0 3.036 -0.535 2.1255 0 0 0 0 -0.535 2.1255 -0.535 0 -1.865 2.1255 -2.6 3.036 -2.065 2.1255 -2.065 2.1255 -2.6 3.036 -2.6 0 -2.065 2.1255 -2.6 0 -2.065 0 -0.01459991 -0.35 0.5958393 0.302425 0.6212998 0.4405866 -0.01459991 -0.35 0.6212998 0.4405866 -0.9251 0.85 -0.9251 0.85 0.6212998 0.4405866 1.2004 0.85 1.2004 0.85 0.6212998 0.4405866 0.7450651 0.5108029 1.2004 0.85 0.7450651 0.5108029 0.8601564 0.4673203 1.2004 0.85 0.8601564 0.4673203 0.9120767 0.3746057 0.9120767 0.3746057 0.8928816 0.2732622 1.2004 0.85 1.2004 0.85 0.8928816 0.2732622 1.53 1 1.2004 0.85 1.53 1 1.4004 1 1.53 1 0.8928816 0.2732622 1.53 -1.55 1.53 -1.55 0.8928816 0.2732622 0.9049602 -0.9030625 0.9049602 -0.9030625 0.8928816 0.2732622 0.8468694 -0.8178247 0.8468694 -0.8178247 0.8928816 0.2732622 0.7973389 0.1948015 0.8468694 -0.8178247 0.7973389 0.1948015 0.7450664 -0.7885574 0.7450664 -0.7885574 0.7973389 0.1948015 0.6742994 0.2068811 0.7450664 -0.7885574 0.6742994 0.2068811 0.6477012 -0.8226045 0.6477012 -0.8226045 0.6742994 0.2068811 -0.01459991 -0.35 -0.01459991 -0.35 0.6742994 0.2068811 0.5958393 0.302425 0.5929834 -0.9355484 -0.01459991 -0.35 -0.01459991 -1.55 0.5929834 -0.9355484 -0.01459991 -1.55 0.6400164 -1.06793 0.6400164 -1.06793 -0.01459991 -1.55 0.7771841 -1.105792 0.7771841 -1.105792 -0.01459991 -1.55 1.53 -1.55 0.7771841 -1.105792 1.53 -1.55 0.8928811 -1.0261 0.8928811 -1.0261 1.53 -1.55 0.9049602 -0.9030625 -0.01459991 -0.35 0.5929834 -0.9355484 0.6477012 -0.8226045 1.4004 1 1.2004 1.2 1.2004 0.85 1.5446 -0.35 0.9336318 0.3966367 0.9322383 0.2903853 0.9322383 0.2903853 0.8457923 0.2058084 1.5446 -0.35 1.5446 -0.35 0.8457923 0.2058084 0.8760719 -0.8178267 0.8760719 -0.8178267 0.8457923 0.2058084 0.7528161 -0.7942072 0.7528161 -0.7942072 0.8457923 0.2058084 0.7035009 0.2068799 0.7528161 -0.7942072 0.7035009 0.2068799 0.6371183 -0.873901 0.6371183 -0.873901 0.7035009 0.2068799 0.6250398 0.3024235 0.6250398 0.3024235 0 -1.55 0.6371183 -0.873901 0.6250398 0.3024235 0.3296 0.85 0 1 0.6250398 0.3024235 0 1 0 -1.55 0.6250398 0.3024235 0.6269617 0.4083374 0.3296 0.85 0.3296 0.85 0.6269617 0.4083374 0.7134085 0.4929144 0.7134085 0.4929144 0.8550865 0.4917075 0.3296 0.85 0.3296 0.85 0.8550865 0.4917075 2.4551 0.85 2.4551 0.85 0.8550865 0.4917075 0.9336318 0.3966367 2.4551 0.85 0.9336318 0.3966367 1.5446 -0.35 0.9353933 -0.9232187 1.5446 -1.55 1.5446 -0.35 0.9353933 -0.9232187 1.5446 -0.35 0.8760719 -0.8178267 0.9353933 -0.9232187 0.8806898 -1.071531 1.5446 -1.55 1.5446 -1.55 0.8806898 -1.071531 0.7621375 -1.112701 1.5446 -1.55 0.7621375 -1.112701 0 -1.55 0 -1.55 0.7621375 -1.112701 0.6692172 -1.067931 0 -1.55 0.6692172 -1.067931 0.6179234 -0.9752448 0 -1.55 0.6179234 -0.9752448 0.6371183 -0.873901 0.3296 1.2 0.1296 1 0.3296 0.85 0.3296 0.85 0.1296 1 0 1 3.6 2.6 3.306384 2.058897 3.6 0 3.6 0 3.306384 2.058897 3.307356 0.5329493 2.45 2.6 3.182404 2.212684 3.6 2.6 3.6 2.6 3.182404 2.212684 3.252611 2.199211 2.45 1.865 3.110021 2.163581 2.45 2.6 1.3 1.865 2.85 1.775 2.45 1.865 2.45 1.865 2.85 1.775 3.099948 2.053866 1.3 2.6 0.3125194 2.103719 1.3 1.865 -0.1 2.6 0.2635803 2.18998 1.3 2.6 -0.1 1.775 0.09035158 2.12553 -0.1 2.6 -0.1 2.6 0.09035158 2.12553 0.1538659 2.200052 2.85 1.775 1.3 1.865 -0.1 1.775 -0.1 1.775 1.3 1.865 0.2704572 2.015297 -0.1 1.775 0.2704572 2.015297 0.1618743 1.996631 2.85 0.8250001 3.252611 0.5992108 2.85 1.775 2.85 1.775 3.252611 0.5992108 3.259481 2.004415 2.85 1.775 3.259481 2.004415 3.17486 1.990553 -0.1 0.8250001 0.2635802 0.5899792 2.85 0.8250001 -0.1 0 0.09571069 0.4538385 -0.1 0.8250001 -0.1 0.8250001 0.09571069 0.4538385 0.09035152 0.5255298 3.6 0 3.161875 0.3966308 -0.1 0 -0.1 0 3.161875 0.3966308 0.2704574 0.4152973 0.2704574 0.4152973 0.1618747 0.3966308 -0.1 0 -0.1 0 0.1618747 0.3966308 0.09571069 0.4538385 -0.1 0.8250001 0.09035152 0.5255298 0.1538658 0.6000518 -0.1 0.8250001 0.1538658 0.6000518 0.2635802 0.5899792 0.2635802 0.5899792 0.3125194 0.5037193 2.85 0.8250001 0.2704574 0.4152973 3.092277 0.4672853 0.3125194 0.5037193 0.3125194 0.5037193 3.092277 0.4672853 2.85 0.8250001 2.85 0.8250001 3.092277 0.4672853 3.110021 0.5635812 3.092277 0.4672853 0.2704574 0.4152973 3.161875 0.3966308 3.259481 0.4044144 3.161875 0.3966308 3.6 0 3.110021 0.5635812 3.182403 0.6126831 2.85 0.8250001 2.85 0.8250001 3.182403 0.6126831 3.252611 0.5992108 3.259481 2.004415 3.252611 0.5992108 3.307356 0.5329493 3.259481 2.004415 3.307356 0.5329493 3.306384 2.058897 3.307356 0.5329493 3.306384 0.4588965 3.6 0 3.6 0 3.306384 0.4588965 3.259481 0.4044144 2.85 1.775 3.17486 1.990553 3.099948 2.053866 3.099948 2.053866 3.110021 2.163581 2.45 1.865 2.45 2.6 3.110021 2.163581 3.182404 2.212684 3.6 2.6 3.252611 2.199211 3.307355 2.132949 3.6 2.6 3.307355 2.132949 3.306384 2.058897 0.1618743 1.996631 0.09571069 2.053838 -0.1 1.775 -0.1 1.775 0.09571069 2.053838 0.09035158 2.12553 0.1538659 2.200052 0.2635803 2.18998 -0.1 2.6 1.3 2.6 0.2635803 2.18998 0.3125194 2.103719 0.3125194 2.103719 0.2704572 2.015297 1.3 1.865 0 1.2 -0.93 1.2 0 -1.2 0 -1.2 -0.93 1.2 -0.93 -1.2 -0.5865291 0.5982703 -0.6223222 0.7359916 -0.93 1.2 -0.6223222 0.7359916 -0.5677034 0.8267533 -0.93 1.2 -0.93 1.2 -0.5677034 0.8267533 -0.470335 0.8608029 -0.93 1.2 -0.470335 0.8608029 0 1.2 0 1.2 -0.470335 0.8608029 -0.3552436 0.8173204 0 1.2 -0.3552436 0.8173204 -0.3033233 0.7246058 0 1.2 -0.3033233 0.7246058 -0.3358991 0.6081385 0 1.2 -0.3358991 0.6081385 -0.3104397 -0.5530625 -0.3104397 -0.5530625 -0.3358991 0.6081385 -0.4102979 -0.4516879 -0.4102979 -0.4516879 -0.3358991 0.6081385 -0.4591994 0.5383428 -0.4102979 -0.4516879 -0.4591994 0.5383428 -0.5660904 -0.4784693 -0.5660904 -0.4784693 -0.4591994 0.5383428 -0.5865291 0.5982703 -0.93 -1.2 -0.6264419 -0.6053355 -0.93 1.2 -0.93 1.2 -0.6264419 -0.6053355 -0.5865291 0.5982703 -0.6264419 -0.6053355 -0.5660904 -0.4784693 -0.5865291 0.5982703 0 1.2 -0.3104397 -0.5530625 0 -1.2 0 -1.2 -0.3104397 -0.5530625 -0.322519 -0.6760995 0 -1.2 -0.322519 -0.6760995 -0.438216 -0.7557926 0 -1.2 -0.438216 -0.7557926 -0.93 -1.2 -0.93 -1.2 -0.438216 -0.7557926 -0.5753836 -0.7179303 -0.93 -1.2 -0.5753836 -0.7179303 -0.6264419 -0.6053355 0 1.2 -0.93 1.2 0 -1.2 0 -1.2 -0.93 1.2 -0.93 -1.2 -0.3278561 0.7847043 -0.3022989 0.6818984 0 1.2 0 1.2 -0.3022989 0.6818984 -0.3092067 -0.5732187 -0.3092067 -0.5732187 -0.3022989 0.6818984 -0.3470416 0.5896044 -0.3092067 -0.5732187 -0.3470416 0.5896044 -0.3685278 -0.4678269 -0.3685278 -0.4678269 -0.3470416 0.5896044 -0.4397556 0.5376849 -0.3685278 -0.4678269 -0.4397556 0.5376849 -0.4917843 -0.4442073 -0.4917843 -0.4442073 -0.4397556 0.5376849 -0.5410992 0.5568799 -0.4917843 -0.4442073 -0.5410992 0.5568799 -0.6074816 -0.5239009 -0.6074816 -0.5239009 -0.5410992 0.5568799 -0.6195603 0.6524235 -0.6195603 0.6524235 -0.93 1.2 -0.6074816 -0.5239009 -0.6195603 0.6524235 -0.6176382 0.7583375 -0.93 1.2 -0.93 1.2 -0.6176382 0.7583375 -0.5311916 0.8429145 -0.93 1.2 -0.5311916 0.8429145 0 1.2 0 1.2 -0.5311916 0.8429145 -0.4060256 0.8520002 -0.4060256 0.8520002 -0.3278561 0.7847043 0 1.2 0 -1.2 -0.3092067 -0.5732187 -0.3639101 -0.721531 -0.3639101 -0.721531 -0.5010739 -0.7570331 0 -1.2 0 -1.2 -0.5010739 -0.7570331 -0.93 -1.2 -0.5010739 -0.7570331 -0.608554 -0.6661904 -0.93 -1.2 -0.93 -1.2 -0.608554 -0.6661904 -0.6074816 -0.5239009 -0.93 -1.2 -0.6074816 -0.5239009 -0.93 1.2 0 1.2 -0.3092067 -0.5732187 0 -1.2 -0.465 -0.465 0.465 -0.465 -0.465 0.465 -0.465 0.465 0.465 -0.465 0.465 0.465 -1.765 -1.9 1.271 -1.9 -1.765 -0.75 -1.765 -0.75 1.271 -1.9 1.271 -0.75 0.7650001 -0.625 1.3 -0.625 0.7650001 -0.275 0.7650001 -0.275 1.3 -0.625 1.3 0.525 0.7650001 -0.275 1.3 0.525 -1.3 0.525 0.7650001 -0.275 -1.3 0.525 -0.7650001 -0.275 -0.7650001 -0.275 -1.3 0.525 -1.3 -0.625 -0.7650001 -0.275 -1.3 -0.625 -0.7650001 -0.625 1.53 1 0 1 1.53 -1.55 1.53 -1.55 0 1 0 -1.55 0.285 -0.265 0.285 2.771 0 2.415 0 2.415 0.285 2.771 -2.315 2.771 0 2.415 -2.315 2.771 -2.03 2.415 -2.03 2.415 -2.315 2.771 -2.315 1.428 -2.03 2.415 -2.315 1.428 -2.03 1.428 0 2.415 0 0.08499997 0.285 -0.265 0.285 -0.265 0 0.08499997 -0.45 -0.265 -0.45 -0.265 0 0.08499997 -0.45 0.08499997 0 0 1.85183 0 0 0.285 0 0.285 1.85183 0 1.85183 0.285 -1.271 -0.75 -1.271 -1.9 0.07199996 -0.75 0.07199996 -0.75 -1.271 -1.9 1.765 -1.9 0.07199996 -0.75 1.765 -1.9 1.415 0.525 1.415 0.525 1.765 -1.9 1.765 1.8 1.415 0.525 1.765 1.8 1.415 1.8 -2.315 1.175 -1.861134 0.3000516 -2.03 1.175 -2.315 -0.1 -1.924649 0.2255292 -2.315 1.175 -2.315 1.175 -1.924649 0.2255292 -1.861134 0.3000516 0.285 -0.1 -1.744543 0.1152973 -2.315 -0.1 -2.315 -0.1 -1.744543 0.1152973 -1.853126 0.0966311 0.285 1.3 -0.119415 0.259481 0.285 -0.1 0.285 -0.1 -0.119415 0.259481 -0.1016024 0.1878271 -0.45 1.3 -0.1738988 0.3063852 0.285 1.3 0.285 1.3 -0.1738988 0.3063852 -0.119415 0.259481 -0.45 2.45 -2.03 1.175 -0.45 1.3 -0.45 1.3 -2.03 1.175 -1.75142 0.2899792 0 2.45 -0.253126 3.096631 -0.45 2.45 0 3.4 -0.1052852 3.189928 0 2.45 0 2.45 -0.1052852 3.189928 -0.1555188 3.104414 -2.03 3.4 -0.2049276 3.309714 0 3.4 -2.03 1.175 -1.91929 3.153838 -2.03 3.4 -2.03 3.4 -1.91929 3.153838 -1.924649 3.225529 -1.919289 0.1538379 -1.924649 0.2255292 -2.315 -0.1 -2.03 1.175 -1.861134 0.3000516 -1.75142 0.2899792 -1.75142 0.2899792 -1.702481 0.2037194 -0.45 1.3 -0.45 1.3 -1.702481 0.2037194 -0.3246484 0.2255296 -0.3246484 0.2255296 -1.702481 0.2037194 -0.3192892 0.153838 -0.3192892 0.153838 -1.702481 0.2037194 -1.744543 0.1152973 -0.3192892 0.153838 -1.744543 0.1152973 -0.2531256 0.09663105 -0.2531256 0.09663105 -1.744543 0.1152973 0.285 -0.1 -2.315 -0.1 -1.853126 0.0966311 -1.919289 0.1538379 -0.3246484 0.2255296 -0.2611342 0.3000516 -0.45 1.3 -0.45 1.3 -0.2611342 0.3000516 -0.1738988 0.3063852 0.285 -0.1 -0.1016024 0.1878271 -0.1445428 0.1152973 0.285 -0.1 -0.1445428 0.1152973 -0.2531256 0.09663105 -2.03 3.4 -1.924649 3.225529 -1.88658 3.288789 -1.88658 3.288789 -1.804928 3.309714 -2.03 3.4 -1.804928 3.309714 -0.2865798 3.288789 -0.2049276 3.309714 -1.804928 3.309714 -0.2049276 3.309714 -2.03 3.4 -0.2865798 3.288789 -1.804928 3.309714 -1.714949 3.246135 -0.2865798 3.288789 -1.714949 3.246135 -0.3246484 3.22553 -0.3246484 3.22553 -1.714949 3.246135 -0.3192892 3.153838 -0.3192892 3.153838 -1.714949 3.246135 -1.708615 3.158897 -0.3192892 3.153838 -1.708615 3.158897 -0.45 2.45 -0.45 2.45 -1.708615 3.158897 -1.755519 3.104414 -0.45 2.45 -1.755519 3.104414 -2.03 1.175 -2.03 1.175 -1.755519 3.104414 -1.853126 3.096632 -2.03 1.175 -1.853126 3.096632 -1.91929 3.153838 0 3.4 -0.2049276 3.309714 -0.1262131 3.271582 -0.1262131 3.271582 -0.1052852 3.189928 0 3.4 0 2.45 -0.1555188 3.104414 -0.253126 3.096631 -0.45 2.45 -0.253126 3.096631 -0.3192892 3.153838 0 -3.265 0.8250001 -3.26445 0 -2.915 0 -2.915 0.8250001 -3.26445 1.775 -3.264702 0 -2.915 1.775 -3.264702 2.6 -2.915 2.6 -2.915 1.775 -3.264702 2.6 -3.265 -2.33 0 0 0 -2.33 0.95 -2.33 0.95 0 0 0 0.95 -2.03 0 0 0 -2.03 0.95 -2.03 0.95 0 0 0 0.95 0 -1.275 0 0.95 -1.343 0 -1.343 0 0 0.95 -2.33 0.95 -1.343 0 -2.33 0.95 -2.33 0 -1.015 -1.165 1.015 -1.165 -1.015 1.165 -1.015 1.165 1.015 -1.165 1.015 1.165 -1.415 1.8 -1.765 1.8 -1.415 0.4 -1.415 0.4 -1.765 1.8 -1.765 0.4 0 2.95 -0.95 2.95 0 0 0 0 -0.95 2.95 -0.95 0 -0.735 -0.265 0 -0.265 -0.735 0.08499997 -0.735 0.08499997 0 -0.265 0 0.08499997 -1.15 -0.265 0 -0.265 -1.15 0.08499997 -1.15 0.08499997 0 -0.265 0 0.08499997 0.08499997 -0.3133764 -0.265 -0.3205923 0.08499997 -0.361283 0.08499997 0.3349386 -0.265 0.361283 -0.265 0.2973064 0.08499997 0.3349386 -0.265 0.2973064 0.08499997 0.2586534 0.08499997 0.2586534 -0.265 0.2973064 -0.2650001 0.2230575 0.08499997 0.2586534 -0.2650001 0.2230575 0.08499997 0.1700584 0.08499997 0.1700584 -0.2650001 0.2230575 -0.265 0.1464475 0.08499997 0.1700584 -0.265 0.1464475 0.08499997 0.04963111 0.08499997 0.04963111 -0.265 0.1464475 -0.2650001 0.05612426 0.08499997 0.04963111 -0.2650001 0.05612426 -0.2650001 -0.01779961 0.08499997 0.04963111 -0.2650001 -0.01779961 0.08499997 -0.04241502 0.08499997 -0.04241502 -0.2650001 -0.01779961 -0.265 -0.1098431 0.08499997 -0.04241502 -0.265 -0.1098431 0.08499997 -0.1166656 0.08499997 -0.1166656 -0.265 -0.1098431 0.08499997 -0.2213331 0.08499997 -0.2213331 -0.265 -0.1098431 -0.265 -0.2145106 0.08499997 -0.2213331 -0.265 -0.2145106 -0.265 -0.3205923 0.08499997 -0.2213331 -0.265 -0.3205923 0.08499997 -0.3133764 0.08499997 -0.3133766 -0.265 -0.3352656 0.08499997 -0.361283 0.08499997 0.3349381 -0.265 0.361283 -0.265 0.2973067 0.08499997 0.3349381 -0.265 0.2973067 0.08499997 0.2586532 0.08499997 0.2586532 -0.265 0.2973067 -0.265 0.2230573 0.08499997 0.2586532 -0.265 0.2230573 0.08499997 0.1700583 0.08499997 0.1700583 -0.265 0.2230573 -0.265 0.1464474 0.08499997 0.1700583 -0.265 0.1464474 0.08499997 0.07801544 0.08499997 0.07801544 -0.265 0.1464474 -0.265 0.0561245 0.08499997 0.07801544 -0.265 0.0561245 0.08499991 -0.01058346 0.08499991 -0.01058346 -0.265 0.0561245 -0.265 -0.01779907 0.08499991 -0.01058346 -0.265 -0.01779907 -0.2650001 -0.109843 0.08499991 -0.01058346 -0.2650001 -0.109843 0.08499997 -0.1166656 0.08499997 -0.1166656 -0.2650001 -0.109843 0.08499997 -0.2213331 0.08499997 -0.2213331 -0.2650001 -0.109843 -0.2650001 -0.230271 0.08499997 -0.2213331 -0.2650001 -0.230271 0.08499997 -0.3133766 0.08499997 -0.3133766 -0.2650001 -0.230271 -0.265 -0.3352656 0.08499997 -0.3133763 -0.265 -0.3205919 0.08499997 -0.361283 0.08499997 0.3349382 -0.265 0.361283 -0.265 0.2815465 0.08499997 0.3349382 -0.265 0.2815465 0.08499991 0.2302716 0.08499991 0.2302716 -0.265 0.2815465 -0.265 0.1768798 0.08499991 0.2302716 -0.265 0.1768798 0.08499991 0.1382286 0.08499991 0.1382286 -0.265 0.1768798 -0.265 0.07079786 0.08499991 0.1382286 -0.265 0.07079786 0.08499997 0.06397652 0.08499997 0.06397652 -0.265 0.07079786 0.08499991 -0.01231312 0.08499991 -0.01231312 -0.265 0.07079786 -0.265 -0.04963004 0.08499991 -0.01231312 -0.265 -0.04963004 0.08499997 -0.1009055 0.08499997 -0.1009055 -0.265 -0.04963004 -0.265 -0.1542969 0.08499997 -0.1009055 -0.265 -0.1542969 0.08499997 -0.2213326 0.08499997 -0.2213326 -0.265 -0.1542969 -0.265 -0.2285477 0.08499997 -0.2213326 -0.265 -0.2285477 -0.265 -0.3205919 0.08499997 -0.2213326 -0.265 -0.3205919 0.08499997 -0.3133763 0.08499991 -0.3133761 -0.265 -0.3205923 0.08499997 -0.361283 0.08499997 0.3349386 -0.265 0.361283 -0.265 0.2815462 0.08499997 0.3349386 -0.265 0.2815462 0.08499997 0.2302718 0.08499997 0.2302718 -0.265 0.2815462 -0.265 0.1768798 0.08499997 0.2302718 -0.265 0.1768798 0.08499997 0.1098442 0.08499997 0.1098442 -0.265 0.1768798 -0.265 0.07079774 0.08499997 0.1098442 -0.265 0.07079774 0.08499997 0.003762245 0.08499997 0.003762245 -0.265 0.07079774 -0.2650001 -0.0496301 0.08499997 0.003762245 -0.2650001 -0.0496301 0.08499997 -0.1009055 0.08499997 -0.1009055 -0.2650001 -0.0496301 -0.265 -0.1542971 0.08499997 -0.1009055 -0.265 -0.1542971 0.08499997 -0.2213327 0.08499997 -0.2213327 -0.265 -0.1542971 -0.265 -0.2285476 0.08499997 -0.2213327 -0.265 -0.2285476 -0.265 -0.3205923 0.08499997 -0.2213327 -0.265 -0.3205923 0.08499991 -0.3133761 0.04142093 -0.9250001 3.105483 -0.9250001 0.04142093 0.9250001 0.04142093 0.9250001 3.105483 -0.9250001 3.105483 0.9250001 1.000494 2.542342 2.054072 3.191393 0.8587942 2.543546 0.8587942 2.543546 2.054072 3.191393 0 3.2 0.8587942 2.543546 0 3.2 0.7675812 2.414453 0.7675812 2.414453 0 3.2 0.7976004 2.297307 0.7976004 2.297307 0 3.2 0 0 0.7976004 2.297307 0 0 0.7675814 0.8144531 0.7675814 0.8144531 0 0 0.7976019 0.6973046 0.7976019 0.6973046 0 0 0.8883945 0.6426754 0.8883945 0.6426754 0 0 1.026103 0.6784768 1.026103 0.6784768 0 0 3.392391 0 1.026103 0.6784768 3.392391 0 3.257873 0.5644104 1.026103 0.6784768 3.257873 0.5644104 3.205965 0.6571179 1.026103 0.6784768 3.205965 0.6571179 1.080796 0.8267773 1.080796 0.8267773 3.205965 0.6571179 2.47764 1.369336 2.47764 1.369336 3.205965 0.6571179 3.225154 0.7584465 2.054072 3.191393 1.000494 2.542342 1.080796 2.426778 2.054072 3.191393 1.080796 2.426778 2.431256 1.639165 2.431256 1.639165 1.080796 2.426778 1.026101 2.278477 2.431256 1.639165 1.026101 2.278477 2.376562 1.490864 2.376562 1.490864 1.026101 2.278477 1.000496 0.9423416 1.026101 2.278477 0.8883917 2.242675 1.000496 0.9423416 1.000496 0.9423416 0.8883917 2.242675 0.8587934 0.943547 0.8587934 0.943547 0.8883917 2.242675 0.7976004 2.297307 3.426632 0.8349902 2.689777 1.50319 3.320684 0.8369122 2.689777 1.50319 3.426632 0.8349902 4.273412 0.9755235 4.273412 0.9755235 3.426632 0.8349902 3.504196 0.7678782 4.273412 0.9755235 3.504196 0.7678782 4.275753 0.9014984 4.275753 0.9014984 3.504196 0.7678782 3.530344 0.6648989 3.530344 0.6648989 3.485582 0.571984 4.275753 0.9014984 4.275753 0.9014984 3.485582 0.571984 3.392391 0 3.392391 0 3.485582 0.571984 3.373447 0.521341 3.392391 0 3.373447 0.521341 3.257873 0.5644104 2.47764 1.369336 3.225154 0.7584465 2.617709 1.380502 2.617709 1.380502 3.225154 0.7584465 3.320684 0.8369122 2.617709 1.380502 3.320684 0.8369122 2.689777 1.50319 2.376562 1.490864 1.000496 0.9423416 1.080796 0.8267773 2.376562 1.490864 1.080796 0.8267773 2.47764 1.369336 0.7675814 0.8144531 0.8587934 0.943547 0.7976004 2.297307 2.431256 1.639165 2.568963 1.674967 2.054072 3.191393 2.568963 1.674967 2.659756 1.620337 2.054072 3.191393 2.054072 3.191393 2.659756 1.620337 4.273412 0.9755235 4.273412 0.9755235 2.659756 1.620337 2.689777 1.50319 0.4625 -0.04423326 0.4625 0.03359103 -1.3875 0.02953839 0.4625 -0.04423326 -1.3875 0.02953839 -1.3875 -0.04199528 0.7675814 2.414453 -0.2039034 3.190761 -0.6457524 1.674967 0.7675814 2.414453 -0.6457524 1.674967 0.8337612 2.270908 0.8337612 2.270908 -0.6457524 1.674967 -0.5549581 1.620335 0.8337612 2.270908 -0.5549581 1.620335 -0.5249392 1.50319 0.8337612 2.270908 -0.5249392 1.50319 0.8396497 0.9371406 0.8396497 0.9371406 -0.5249392 1.50319 0.7675814 0.8144522 0.7675814 0.8144522 -0.5249392 1.50319 -0.6161506 1.374096 0.7675814 0.8144522 -0.6161506 1.374096 -1.35494 0.6648989 -2.42461 0.9736605 -0.7834612 1.639164 -0.2039034 3.190761 -2.42461 0.9736605 -2.427248 0.905154 -1.66013 0.7584465 -1.542391 0 -1.627411 0.5644104 -2.427248 0.905154 -2.427248 0.905154 -1.627411 0.5644104 -1.679319 0.657117 1.85 0 0.8883952 0.6426752 -1.542391 0 -1.542391 0 0.8883952 0.6426752 0.7976036 0.6973026 1.85 3.2 1.057178 2.303534 1.85 0 1.85 0 1.057178 2.303534 1.080796 0.8267781 -0.2039034 3.190761 0.8587931 2.543546 1.85 3.2 1.85 3.2 0.8587931 2.543546 1.016225 2.529103 1.85 3.2 1.016225 2.529103 1.086442 2.405342 1.85 3.2 1.086442 2.405342 1.057178 2.303534 1.080796 0.8267781 1.057178 2.303534 0.9797179 0.9483066 0.9797179 0.9483066 1.057178 2.303534 0.9722651 2.245968 0.9797179 0.9483066 0.9722651 2.245968 0.8396497 0.9371406 0.8396497 0.9371406 0.9722651 2.245968 0.8337612 2.270908 0.7675814 2.414453 0.8587931 2.543546 -0.2039034 3.190761 -1.458651 0.8349899 -0.8381544 1.490865 -1.564599 0.8369124 -0.8381544 1.490865 -1.458651 0.8349899 -0.7578547 1.375301 -0.7578547 1.375301 -1.458651 0.8349899 -1.381088 0.7678782 -0.7578547 1.375301 -1.381088 0.7678782 -0.6161506 1.374096 -0.6161506 1.374096 -1.381088 0.7678782 -1.35494 0.6648989 0.7675814 0.8144522 -1.35494 0.6648989 0.7976036 0.6973026 0.7976036 0.6973026 -1.35494 0.6648989 -1.399702 0.5719834 0.7976036 0.6973026 -1.399702 0.5719834 -1.542391 0 -1.542391 0 -1.399702 0.5719834 -1.511838 0.5213409 -1.542391 0 -1.511838 0.5213409 -1.627411 0.5644104 -2.427248 0.905154 -1.679319 0.657117 -1.66013 0.7584465 -1.66013 0.7584465 -1.564599 0.8369124 -2.42461 0.9736605 -2.42461 0.9736605 -1.564599 0.8369124 -0.8381544 1.490865 1.85 0 1.080796 0.8267781 1.026102 0.6784763 1.026102 0.6784763 0.8883952 0.6426752 1.85 0 -0.7834612 1.639164 -0.6457524 1.674967 -0.2039034 3.190761 -2.42461 0.9736605 -0.8381544 1.490865 -0.7834612 1.639164 0 1.85 -1.22 1.85 -0.93 1.39 -0.93 1.39 -1.22 1.85 -1.22 0 -0.93 1.39 -1.22 0 -0.93 0.46 -0.93 0.46 -1.22 0 0 0 -0.93 0.46 0 0 0 0.46 -0.93 1.39 0 1.39 0 1.85 1.85 -0.4039434 1.39 -0.4805887 1.85 -0.518363 1.85 0.480588 1.39 0.518363 1.39 0.4039439 1.85 0.480588 1.39 0.4039439 1.85 0.3711004 1.85 0.3711004 1.39 0.4039439 1.85 0.2439954 1.85 0.2439954 1.39 0.4039439 1.39 0.231176 1.85 0.2439954 1.39 0.231176 1.85 0.07122486 1.85 0.07122486 1.39 0.231176 1.39 0.05840057 1.85 0.07122486 1.39 0.05840057 1.85 -0.0805388 1.85 -0.0805388 1.39 0.05840057 1.39 -0.09180158 1.85 -0.0805388 1.39 -0.09180158 1.85 -0.2311769 1.85 -0.2311769 1.39 -0.09180158 1.39 -0.2439963 1.85 -0.2311769 1.39 -0.2439963 1.85 -0.4039434 1.85 -0.4039434 1.39 -0.2439963 1.39 -0.3711031 1.85 -0.4039434 1.39 -0.3711031 1.39 -0.4805887 0.46 -0.4039434 0 -0.4805887 0.46 -0.518363 0.46 0.4805879 0 0.518363 0 0.4039439 0.46 0.4805879 0 0.4039439 0.46 0.3711004 0.46 0.3711004 0 0.4039439 0.46 0.2439954 0.46 0.2439954 0 0.4039439 0 0.231176 0.46 0.2439954 0 0.231176 0.46 0.07122486 0.46 0.07122486 0 0.231176 0 0.05840057 0.46 0.07122486 0 0.05840057 0.46 -0.08053886 0.46 -0.08053886 0 0.05840057 0 -0.09180158 0.46 -0.08053886 0 -0.09180158 0.46 -0.2311769 0.46 -0.2311769 0 -0.09180158 0 -0.2439963 0.46 -0.2311769 0 -0.2439963 0.46 -0.4039434 0.46 -0.4039434 0 -0.2439963 0 -0.3711031 0.46 -0.4039434 0 -0.3711031 0 -0.4805887 1.85 -0.4265622 1.4 -0.4378249 1.85 -0.518363 1.85 -0.518363 1.4 -0.4378249 1.4 -0.518363 1.85 0.459963 1.4 0.4471392 1.85 0.2871869 1.85 0.2871869 1.4 0.4471392 1.4 0.2743675 1.85 0.2871869 1.4 0.2743675 1.85 0.1144175 1.85 0.1144175 1.4 0.2743675 1.4 0.1472595 1.85 0.1144175 1.4 0.1472595 1.4 0.03777486 1.85 0.1144175 1.4 0.03777486 1.85 -0.03777414 1.85 -0.03777414 1.4 0.03777486 1.4 -0.1144186 1.85 -0.03777414 1.4 -0.1144186 1.85 -0.147257 1.85 -0.147257 1.4 -0.1144186 1.85 -0.2743666 1.85 -0.2743666 1.4 -0.1144186 1.4 -0.287186 1.85 -0.2743666 1.4 -0.287186 1.85 -0.4265622 1.85 -0.4265622 1.4 -0.287186 1.4 -0.4378249 0.45 -0.4265622 0 -0.4378249 0.45 -0.518363 0.45 -0.518363 0 -0.4378249 0 -0.518363 0.45 0.459963 0 0.4471392 0.45 0.2871869 0.45 0.2871869 0 0.4471392 0 0.2743675 0.45 0.2871869 0 0.2743675 0.45 0.1144175 0.45 0.1144175 0 0.2743675 0 0.1472595 0.45 0.1144175 0 0.1472595 0 0.03777486 0.45 0.1144175 0 0.03777486 0.45 -0.0377742 0.45 -0.0377742 0 0.03777486 0 -0.1144186 0.45 -0.0377742 0 -0.1144186 0.45 -0.147257 0.45 -0.147257 0 -0.1144186 0.45 -0.2743666 0.45 -0.2743666 0 -0.1144186 0 -0.287186 0.45 -0.2743666 0 -0.287186 0.45 -0.4265622 0.45 -0.4265622 0 -0.287186 0 -0.4378249 1.85 -0.4697487 1.39 -0.4574883 1.39 -0.518363 1.85 0.518363 1.39 0.469748 1.85 0.4574876 1.85 0.4574876 1.39 0.469748 1.85 0.3514272 1.85 0.3514272 1.39 0.469748 1.39 0.3401642 1.85 0.3514272 1.39 0.3401642 1.85 0.2415207 1.85 0.2415207 1.39 0.3401642 1.39 0.23365 1.85 0.2415207 1.39 0.23365 1.85 0.135002 1.85 0.135002 1.39 0.23365 1.39 0.1237412 1.85 0.135002 1.39 0.1237412 1.85 0.005870938 1.85 0.005870938 1.39 0.1237412 1.39 -0.005871474 1.85 0.005870938 1.39 -0.005871474 1.85 -0.1237409 1.85 -0.1237409 1.39 -0.005871474 1.39 -0.1350028 1.85 -0.1237409 1.39 -0.1350028 1.85 -0.2336491 1.85 -0.2336491 1.39 -0.1350028 1.39 -0.2415207 1.85 -0.2336491 1.39 -0.2415207 1.85 -0.3401643 1.85 -0.3401643 1.39 -0.2415207 1.39 -0.3514273 1.85 -0.3401643 1.39 -0.3514273 1.85 -0.4697487 1.85 -0.4697487 1.39 -0.3514273 1.39 -0.4574883 0.46 -0.4697487 0 -0.4574884 0 -0.518363 0.46 0.518363 0 0.469748 0.46 0.4574876 0.46 0.4574876 0 0.469748 0.46 0.3514272 0.46 0.3514272 0 0.469748 0 0.3401642 0.46 0.3514272 0 0.3401642 0.46 0.2415207 0.46 0.2415207 0 0.3401642 0 0.23365 0.46 0.2415207 0 0.23365 0.46 0.135002 0.46 0.135002 0 0.23365 0 0.1237412 0.46 0.135002 0 0.1237412 0.46 0.005870938 0.46 0.005870938 0 0.1237412 0 -0.005871474 0.46 0.005870938 0 -0.005871474 0.46 -0.1237409 0.46 -0.1237409 0 -0.005871474 0 -0.1350028 0.46 -0.1237409 0 -0.1350028 0.46 -0.2336491 0.46 -0.2336491 0 -0.1350028 0 -0.2415207 0.46 -0.2336491 0 -0.2415207 0.46 -0.3401643 0.46 -0.3401643 0 -0.2415207 0 -0.3514272 0.46 -0.3401643 0 -0.3514272 0.46 -0.4697487 0.46 -0.4697487 0 -0.3514272 0 -0.4574884 1.85 -0.4471384 1.4 -0.4378265 1.4 -0.518363 1.85 0.518363 1.4 0.4471396 1.85 0.416784 1.85 0.416784 1.4 0.4471396 1.4 0.2743676 1.85 0.416784 1.4 0.2743676 1.85 0.2645848 1.85 0.2645848 1.4 0.2743676 1.85 0.1551346 1.85 0.1551346 1.4 0.2743676 1.4 0.1472623 1.85 0.1551346 1.4 0.1472623 1.85 0.04905182 1.85 0.04905182 1.4 0.1472623 1.4 0.03777754 1.85 0.04905182 1.4 0.03777754 1.85 -0.1015975 1.85 -0.1015975 1.4 0.03777754 1.4 -0.1144178 1.85 -0.1015975 1.4 -0.1144178 1.85 -0.2743667 1.85 -0.2743667 1.4 -0.1144178 1.4 -0.2871863 1.85 -0.2743667 1.4 -0.2871863 1.85 -0.4471384 1.85 -0.4471384 1.4 -0.2871863 1.4 -0.4378265 0.45 -0.4471384 0 -0.4378265 0 -0.518363 0.45 0.518363 0 0.4471396 0.45 0.416784 0.45 0.416784 0 0.4471396 0 0.2743676 0.45 0.416784 0 0.2743676 0.45 0.2645848 0.45 0.2645848 0 0.2743676 0.45 0.1551346 0.45 0.1551346 0 0.2743676 0 0.1472623 0.45 0.1551346 0 0.1472623 0.45 0.04905182 0.45 0.04905182 0 0.1472623 0 0.03777754 0.45 0.04905182 0 0.03777754 0.45 -0.1015975 0.45 -0.1015975 0 0.03777754 0 -0.1144177 0.45 -0.1015975 0 -0.1144177 0.45 -0.2743667 0.45 -0.2743667 0 -0.1144177 0 -0.2871863 0.45 -0.2743667 0 -0.2871863 0.45 -0.4471384 0.45 -0.4471384 0 -0.2871863 0 -0.4378265 0.8617544 -0.6407161 0.8975567 -0.7784247 1.42259 -0.766568 0.8975567 -0.7784247 0.842925 -0.8692193 1.42259 -0.766568 1.42259 -0.766568 0.842925 -0.8692193 0.764981 -1.424177 0.764981 -1.424177 0.842925 -0.8692193 0.7257797 -0.899238 0.7257797 -0.899238 0.5966857 -0.8080265 0.764981 -1.424177 0.764981 -1.424177 0.5966857 -0.8080265 -0.2054262 -0.02447509 -0.2054262 -0.02447509 0.5966857 -0.8080265 -0.1125111 -0.06923651 -0.1125111 -0.06923651 0.5966857 -0.8080265 0.5978909 -0.6663226 -0.1125111 -0.06923651 0.5978909 -0.6663226 -0.009531795 -0.04308933 -0.009531795 -0.04308933 0.5978909 -0.6663226 0.7134554 -0.586023 -0.009531795 -0.04308933 0.7134554 -0.586023 0.05757987 0.03447318 0.05757987 0.03447318 0.7134554 -0.586023 0.0595023 0.1404222 0.0595023 0.1404222 0.7134554 -0.586023 0.8617544 -0.6407161 0.0595023 0.1404222 0.8617544 -0.6407161 1.42259 -0.766568 0.764981 -1.424177 -0.2054262 -0.02447509 -0.77741 0.1182129 -0.2054262 -0.02447509 -0.2560691 0.08766043 -0.77741 0.1182129 -0.2560691 0.08766043 -0.2129994 0.2032334 -0.77741 0.1182129 -0.77741 0.1182129 -0.2129994 0.2032334 -0.119801 0.775823 -0.119801 0.775823 -0.2129994 0.2032334 -0.120293 0.2551415 -0.119801 0.775823 -0.120293 0.2551415 -0.01896345 0.2359519 -0.119801 0.775823 -0.01896345 0.2359519 0.0595023 0.1404222 -0.119801 0.775823 0.0595023 0.1404222 1.42259 -0.766568 0.475 0.475 0.475 -0.475 0.9250001 -0.9250001 0.9250001 -0.9250001 0.475 -0.475 -0.475 -0.475 0.9250001 -0.9250001 -0.475 -0.475 -0.9250001 -0.9250001 -0.9250001 -0.9250001 -0.475 -0.475 -0.475 0.475 -0.9250001 -0.9250001 -0.475 0.475 -0.9250001 2.467391 -0.9250001 2.467391 -0.475 0.475 -0.465 2.467391 -0.465 2.467391 -0.475 0.475 0.475 0.475 -0.465 2.467391 0.475 0.475 0.465 2.467391 0.465 2.467391 0.475 0.475 0.9250001 2.467391 0.9250001 2.467391 0.475 0.475 0.9250001 -0.9250001 -0.916912 0.465 -3.098182 0.465 -0.916912 -0.465 -0.916912 -0.465 -3.098182 0.465 -3.098182 -0.465 -0.8617544 -0.8429219 -0.8975568 -0.7052141 -1.42259 -0.766568 -0.8975568 -0.7052141 -0.8429272 -0.6144214 -1.42259 -0.766568 -1.42259 -0.766568 -0.8429272 -0.6144214 -0.05758017 0.1524554 -0.05758017 0.1524554 -0.8429272 -0.6144214 -0.7257805 -0.5844005 -0.05758017 0.1524554 -0.7257805 -0.5844005 -0.05950206 0.0465067 -0.05950206 0.0465067 -0.7257805 -0.5844005 0.01896345 -0.04902285 0.01896345 -0.04902285 -0.7257805 -0.5844005 -0.603092 -0.6564684 0.01896345 -0.04902285 -0.603092 -0.6564684 0.1202921 -0.06821215 0.1202921 -0.06821215 -0.603092 -0.6564684 -0.5919259 -0.7965373 -0.5919259 -0.7965373 0.2129993 -0.01630425 0.1202921 -0.06821215 0.2129993 -0.01630425 -0.5919259 -0.7965373 -0.764981 -1.424177 -0.764981 -1.424177 -0.5919259 -0.7965373 -0.7134546 -0.8976153 -0.7134546 -0.8976153 -0.8617544 -0.8429219 -0.764981 -1.424177 -0.764981 -1.424177 -0.8617544 -0.8429219 -1.42259 -0.766568 -1.42259 -0.766568 -0.05758017 0.1524554 0.119801 0.775823 0.119801 0.775823 -0.05758017 0.1524554 0.009531795 0.2300183 0.119801 0.775823 0.009531795 0.2300183 0.1125111 0.2561662 0.1125111 0.2561662 0.2054256 0.2114049 0.119801 0.775823 0.119801 0.775823 0.2054256 0.2114049 0.77741 0.1182129 0.77741 0.1182129 0.2054256 0.2114049 0.256069 0.09926933 0.77741 0.1182129 0.256069 0.09926933 0.2129993 -0.01630425 0.77741 0.1182129 0.2129993 -0.01630425 -0.764981 -1.424177 -2.18127 -0.465 0 -0.465 -2.18127 0.465 -2.18127 0.465 0 -0.465 0 0.465 -0.93 -0.465 0 -0.465 -0.93 0.465 -0.93 0.465 0 -0.465 0 0.465 0.3896497 0.9371405 0.5297179 0.9483066 0.5222651 2.245968 0.5222651 2.245968 0.5297179 0.9483066 0.6071782 2.303534 0.6071782 2.303534 0.5297179 0.9483066 0.6307959 0.8267781 0.6071782 2.303534 0.6307959 0.8267781 0.636442 2.405342 0.636442 2.405342 0.6307959 0.8267781 0.95 0 0.636442 2.405342 0.95 0 0.95 3.2 0.95 0 0.6307959 0.8267781 0.5761018 0.6784763 0.5761018 0.6784763 0.4383952 0.6426752 0.95 0 0.95 0 0.4383952 0.6426752 0 0 0.4383952 0.6426752 0.3476035 0.6973026 0 0 0 0 0.3476035 0.6973026 0.3175814 0.8144522 0 0 0.3175814 0.8144522 0.3175813 2.414452 0.3175813 2.414452 0.3175814 0.8144522 0.3837612 2.270908 0.3837612 2.270908 0.3175814 0.8144522 0.3896497 0.9371405 0.3837612 2.270908 0.3896497 0.9371405 0.5222651 2.245968 0.5662251 2.529103 0.95 3.2 0.4087931 2.543546 0.4087931 2.543546 0.95 3.2 0 3.2 0.4087931 2.543546 0 3.2 0.3175813 2.414452 0.3175813 2.414452 0 3.2 0 0 0.5662251 2.529103 0.636442 2.405342 0.95 3.2 0 0 0.95 0 0 3.2 0 3.2 0.95 0 0.95 3.2 0.4383918 2.242676 0.4087935 0.9435469 0.5504961 0.9423416 0.4383918 2.242676 0.5504961 0.9423416 0.5761013 2.278477 0.5761013 2.278477 0.5504961 0.9423416 0.6307961 0.8267773 0.5761013 2.278477 0.6307961 0.8267773 0.630796 2.426778 0.630796 2.426778 0.6307961 0.8267773 0.95 0 0.630796 2.426778 0.95 0 0.95 3.2 0.95 0 0.6307961 0.8267773 0.5761027 0.6784768 0.5761027 0.6784768 0.4383945 0.6426754 0.95 0 0.95 0 0.4383945 0.6426754 0 0 0.4383945 0.6426754 0.347602 0.6973046 0 0 0 0 0.347602 0.6973046 0.3175813 0.814453 0 0 0.3175813 0.814453 0.3175813 2.414453 0.3175813 2.414453 0.3175813 0.814453 0.3476004 2.297307 0.3476004 2.297307 0.3175813 0.814453 0.4087935 0.9435469 0.3476004 2.297307 0.4087935 0.9435469 0.4383918 2.242676 0.5504944 2.542342 0.95 3.2 0.4087941 2.543547 0.4087941 2.543547 0.95 3.2 0 3.2 0.4087941 2.543547 0 3.2 0.3175813 2.414453 0.3175813 2.414453 0 3.2 0 0 0.95 3.2 0.5504944 2.542342 0.630796 2.426778 0 0 0.95 0 0 3.2 0 3.2 0.95 0 0.95 3.2 0 0 1.85 0 0 3.2 0 3.2 1.85 0 1.85 3.2 0.9250001 -0.9250001 0.9250001 1.092731 0.475 0.475 0.475 0.475 0.9250001 1.092731 -0.9250001 1.092731 0.475 0.475 -0.9250001 1.092731 -0.475 0.475 -0.475 0.475 -0.9250001 1.092731 -0.9250001 -0.9250001 -0.475 0.475 -0.9250001 -0.9250001 -0.475 -0.475 -0.475 -0.475 -0.9250001 -0.9250001 0.9250001 -0.9250001 -0.475 -0.475 0.9250001 -0.9250001 0.475 -0.475 0.475 -0.475 0.9250001 -0.9250001 0.475 0.475</float_array>
          <technique_common>
            <accessor source="#edf_torsional_assembly_v17_001-mesh-map-0-array" count="16740" stride="2">
              <param name="S" type="float"/>
              <param name="T" type="float"/>
            </accessor>
          </technique_common>
        </source>
        <vertices id="edf_torsional_assembly_v17_001-mesh-vertices">
          <input semantic="POSITION" source="#edf_torsional_assembly_v17_001-mesh-positions"/>
        </vertices>
        <triangles material="Plastic_-_Glossy__Black__009-material" count="2704">
          <input semantic="VERTEX" source="#edf_torsional_assembly_v17_001-mesh-vertices" offset="0"/>
          <input semantic="NORMAL" source="#edf_torsional_assembly_v17_001-mesh-normals" offset="1"/>
          <input semantic="TEXCOORD" source="#edf_torsional_assembly_v17_001-mesh-map-0" offset="2" set="0"/>
          <p>1 0 0 61 0 1 0 0 2 0 1 3 61 1 4 51 1 5 2 2 6 18 2 7 1 2 8 1 3 9 18 3 10 8 3 11 3 4 12 16 4 13 2 4 14 2 5 15 16 5 16 17 5 17 4 6 18 25 6 19 3 6 20 3 7 21 25 7 22 26 7 23 5 8 24 46 8 25 4 8 26 4 9 27 46 9 28 67 9 29 6 10 30 77 10 31 5 10 32 5 11 33 77 11 34 78 11 35 7 12 36 32 12 37 6 12 38 6 13 39 32 13 40 33 13 41 0 14 42 84 14 43 7 14 44 7 15 45 84 15 46 85 15 47 8 16 48 9 16 49 1 16 50 1 17 51 9 17 52 61 17 53 61 12 54 9 12 55 60 12 56 60 18 57 9 18 58 10 18 59 60 19 60 10 19 61 59 19 62 59 12 63 10 12 64 11 12 65 59 20 66 11 20 67 58 20 68 58 12 69 11 12 70 12 12 71 58 21 72 12 21 73 57 21 74 57 22 75 12 22 76 56 22 77 56 23 78 12 23 79 13 23 80 56 12 81 13 12 82 104 12 83 104 12 84 13 12 85 103 12 86 103 24 87 13 24 88 14 24 89 103 25 90 14 25 91 102 25 92 102 26 93 14 26 94 15 26 95 102 27 96 15 27 97 29 27 98 102 28 99 29 28 100 101 28 101 101 29 102 29 29 103 100 29 104 100 30 105 29 30 106 19 30 107 100 31 108 19 31 109 62 31 110 100 12 111 62 12 112 99 12 113 99 32 114 62 32 115 63 32 116 29 33 117 15 33 118 28 33 119 28 34 120 15 34 121 16 34 122 28 35 123 16 35 124 3 35 125 2 36 126 17 36 127 18 36 128 62 12 129 19 12 130 20 12 131 62 12 132 20 12 133 71 12 134 71 37 135 20 37 136 21 37 137 71 12 138 21 12 139 70 12 140 70 38 141 21 38 142 22 38 143 70 39 144 22 39 145 69 39 146 69 12 147 22 12 148 23 12 149 69 12 150 23 12 151 68 12 152 68 40 153 23 40 154 4 40 155 68 41 156 4 41 157 67 41 158 23 42 159 24 42 160 4 42 161 4 43 162 24 43 163 25 43 164 3 44 165 26 44 166 27 44 167 27 45 168 28 45 169 3 45 170 30 46 171 88 46 172 40 46 173 40 47 174 88 47 175 89 47 176 40 48 177 89 48 178 90 48 179 40 49 180 90 49 181 39 49 182 39 50 183 90 50 184 91 50 185 39 12 186 91 12 187 38 12 188 38 12 189 91 12 190 95 12 191 38 12 192 95 12 193 37 12 194 37 51 195 95 51 196 96 51 197 37 52 198 96 52 199 36 52 200 36 53 201 96 53 202 97 53 203 36 12 204 97 12 205 50 12 206 50 12 207 97 12 208 49 12 209 49 54 210 97 54 211 98 54 212 49 55 213 98 55 214 48 55 215 48 56 216 98 56 217 64 56 218 64 57 219 98 57 220 63 57 221 63 58 222 98 58 223 99 58 224 88 12 225 30 12 226 87 12 227 87 59 228 30 59 229 31 59 230 87 60 231 31 60 232 7 60 233 7 61 234 31 61 235 32 61 236 6 62 237 33 62 238 74 62 239 74 63 240 33 63 241 34 63 242 74 64 243 34 64 244 73 64 245 73 65 246 34 65 247 35 65 248 73 66 249 35 66 250 72 66 251 72 67 252 35 67 253 50 67 254 72 68 255 50 68 256 82 68 257 82 69 258 50 69 259 41 69 260 82 70 261 41 70 262 81 70 263 81 12 264 41 12 265 42 12 266 81 71 267 42 71 268 43 71 269 81 72 270 43 72 271 80 72 272 80 73 273 43 73 274 44 73 275 80 74 276 44 74 277 79 74 278 79 75 279 44 75 280 78 75 281 78 76 282 44 76 283 45 76 284 78 77 285 45 77 286 5 77 287 5 78 288 45 78 289 46 78 290 50 79 291 35 79 292 36 79 293 67 12 294 46 12 295 66 12 296 66 12 297 46 12 298 47 12 299 66 12 300 47 12 301 65 12 302 65 80 303 47 80 304 48 80 305 65 12 306 48 12 307 64 12 308 0 81 309 51 81 310 93 81 311 93 12 312 51 12 313 52 12 314 93 82 315 52 82 316 92 82 317 92 83 318 52 83 319 53 83 320 92 12 321 53 12 322 95 12 323 92 12 324 95 12 325 91 12 326 53 84 327 54 84 328 95 84 329 95 12 330 54 12 331 94 12 332 94 85 333 54 85 334 55 85 335 94 12 336 55 12 337 104 12 338 104 86 339 55 86 340 56 86 341 74 87 342 75 87 343 6 87 344 6 88 345 75 88 346 76 88 347 6 89 348 76 89 349 77 89 350 0 90 351 83 90 352 84 90 353 85 91 354 86 91 355 7 91 356 7 92 357 86 92 358 87 92 359 93 93 360 83 93 361 0 93 362 1 94 363 0 94 364 106 94 365 106 94 366 0 94 367 105 94 368 2 95 369 1 95 370 107 95 371 107 96 372 1 96 373 106 96 374 3 97 375 2 97 376 108 97 377 108 97 378 2 97 379 107 97 380 4 98 381 3 98 382 109 98 383 109 99 384 3 99 385 108 99 386 5 100 387 4 100 388 110 100 389 110 100 390 4 100 391 109 100 392 6 101 393 5 101 394 111 101 395 111 102 396 5 102 397 110 102 398 7 103 399 6 103 400 112 103 401 112 103 402 6 103 403 111 103 404 0 104 405 7 104 406 105 104 407 105 105 408 7 105 409 112 105 410 114 106 411 111 106 412 113 106 413 113 12 414 111 12 415 110 12 416 113 12 417 110 12 418 120 12 419 120 12 420 110 12 421 109 12 422 120 12 423 109 12 424 119 12 425 119 12 426 109 12 427 118 12 428 118 12 429 109 12 430 108 12 431 118 12 432 108 12 433 107 12 434 115 107 435 105 107 436 114 107 437 114 12 438 105 12 439 112 12 440 114 12 441 112 12 442 111 12 443 105 12 444 115 12 445 106 12 446 106 12 447 115 12 448 116 12 449 106 12 450 116 12 451 117 12 452 106 108 453 117 108 454 107 108 455 107 12 456 117 12 457 118 12 458 121 103 459 122 103 460 113 103 461 113 103 462 122 103 463 114 103 464 123 109 465 124 109 466 134 109 467 134 109 468 124 109 469 125 109 470 134 109 471 125 109 472 133 109 473 133 109 474 125 109 475 126 109 476 133 109 477 126 109 478 127 109 479 133 110 480 127 110 481 132 110 482 132 109 483 127 109 484 128 109 485 132 111 486 128 111 487 131 111 488 131 109 489 128 109 490 129 109 491 131 109 492 129 109 493 130 109 494 136 109 495 137 109 496 135 109 497 135 109 498 137 109 499 144 109 500 144 109 501 137 109 502 138 109 503 144 112 504 138 112 505 121 112 506 121 109 507 138 109 508 139 109 509 121 113 510 139 113 511 122 113 512 122 109 513 139 109 514 143 109 515 143 114 516 139 114 517 140 114 518 143 109 519 140 109 520 142 109 521 142 109 522 140 109 523 141 109 524 148 115 525 145 115 526 123 115 527 123 116 528 145 116 529 146 116 530 123 117 531 146 117 532 147 117 533 147 103 534 124 103 535 123 103 536 152 118 537 149 118 538 150 118 539 150 109 540 151 109 541 152 109 542 146 109 543 153 109 544 154 109 545 154 109 546 147 109 547 146 109 548 155 119 549 156 119 550 149 119 551 149 120 552 156 120 553 150 120 554 151 121 555 150 121 556 130 121 557 130 122 558 150 122 559 156 122 560 130 123 561 156 123 562 157 123 563 130 103 564 129 103 565 151 103 566 129 94 567 128 94 568 151 94 569 151 94 570 128 94 571 116 94 572 151 94 573 116 94 574 115 94 575 151 124 576 115 124 577 152 124 578 152 94 579 115 94 580 143 94 581 152 94 582 143 94 583 142 94 584 158 125 585 155 125 586 141 125 587 141 126 588 155 126 589 149 126 590 141 127 591 149 127 592 152 127 593 152 97 594 142 97 595 141 97 596 148 128 597 210 128 598 145 128 599 145 129 600 210 129 601 211 129 602 159 109 603 208 109 604 148 109 605 148 130 606 208 130 607 209 130 608 160 109 609 178 109 610 159 109 611 159 131 612 178 131 613 179 131 614 161 132 615 177 132 616 160 132 617 162 133 618 169 133 619 161 133 620 161 109 621 169 109 622 170 109 623 157 109 624 198 109 625 162 109 626 156 109 627 203 109 628 157 109 629 156 109 630 230 109 631 202 109 632 155 109 633 229 109 634 156 109 635 156 134 636 229 134 637 230 134 638 155 135 639 184 135 640 185 135 641 158 136 642 220 136 643 155 136 644 155 137 645 220 137 646 221 137 647 163 109 648 219 109 649 158 109 650 158 138 651 219 138 652 220 138 653 164 109 654 226 109 655 163 109 656 163 109 657 226 109 658 219 109 659 165 139 660 188 139 661 164 139 662 166 140 663 216 140 664 165 140 665 165 109 666 216 109 667 217 109 668 167 109 669 194 109 670 166 109 671 168 141 672 192 141 673 167 141 674 145 142 675 228 142 676 168 142 677 168 143 678 228 143 679 229 143 680 175 109 681 169 109 682 162 109 683 161 109 684 170 109 685 171 109 686 161 109 687 171 109 688 177 109 689 177 144 690 171 144 691 176 144 692 176 145 693 171 145 694 172 145 695 176 146 696 172 146 697 232 146 698 232 147 699 172 147 700 231 147 701 231 148 702 172 148 703 201 148 704 201 109 705 172 109 706 173 109 707 201 109 708 173 109 709 200 109 710 200 149 711 173 149 712 174 149 713 200 109 714 174 109 715 199 109 716 199 109 717 174 109 718 175 109 719 199 109 720 175 109 721 198 109 722 198 109 723 175 109 724 162 109 725 176 150 726 233 150 727 234 150 728 177 151 729 178 151 730 160 151 731 159 152 732 179 152 733 208 152 734 208 153 735 179 153 736 207 153 737 207 154 738 179 154 739 180 154 740 207 109 741 180 109 742 206 109 743 206 109 744 180 109 745 181 109 746 206 155 747 181 155 748 205 155 749 205 109 750 181 109 751 182 109 752 205 109 753 182 109 754 234 109 755 234 156 756 182 156 757 176 156 758 183 157 759 222 157 760 223 157 761 183 109 762 223 109 763 189 109 764 189 109 765 223 109 766 188 109 767 188 158 768 223 158 769 224 158 770 188 159 771 224 159 772 164 159 773 222 109 774 183 109 775 184 109 776 222 160 777 184 160 778 155 160 779 155 109 780 185 109 781 168 109 782 168 161 783 185 161 784 186 161 785 168 162 786 186 162 787 212 162 788 212 109 789 186 109 790 218 109 791 218 163 792 186 163 793 187 163 794 218 109 795 187 109 796 165 109 797 165 164 798 187 164 799 188 164 800 190 165 801 191 165 802 168 165 803 168 166 804 191 166 805 192 166 806 192 167 807 193 167 808 167 167 809 193 168 810 194 168 811 167 168 812 166 109 813 194 109 814 215 109 815 215 109 816 194 109 817 195 109 818 215 169 819 195 169 820 214 169 821 214 109 822 195 109 823 196 109 824 214 109 825 196 109 826 213 109 827 213 170 828 196 170 829 197 170 830 213 109 831 197 109 832 212 109 833 212 171 834 197 171 835 190 171 836 212 172 837 190 172 838 168 172 839 231 173 840 201 173 841 202 173 842 231 109 843 202 109 844 230 109 845 156 174 846 202 174 847 203 174 848 203 175 849 204 175 850 157 175 851 157 109 852 204 109 853 198 109 854 148 176 855 209 176 856 210 176 857 145 109 858 211 109 859 227 109 860 227 177 861 211 177 862 234 177 863 234 178 864 211 178 865 205 178 866 166 179 867 215 179 868 216 179 869 217 109 870 218 109 871 165 109 872 221 109 873 222 109 874 155 109 875 164 109 876 224 109 877 225 109 878 164 109 879 225 109 880 226 109 881 145 180 882 227 180 883 228 180 884 168 181 885 229 181 886 155 181 887 232 109 888 233 109 889 176 109 890 153 182 891 146 182 892 168 182 893 168 183 894 146 183 895 145 183 896 154 184 897 153 184 898 136 184 899 136 185 900 153 185 901 168 185 902 136 186 903 168 186 904 167 186 905 136 97 906 135 97 907 154 97 908 135 100 909 144 100 910 154 100 911 154 100 912 144 100 913 120 100 914 154 100 915 120 100 916 147 100 917 147 100 918 120 100 919 119 100 920 147 100 921 119 100 922 125 100 923 125 100 924 124 100 925 147 100 926 126 187 927 125 187 928 118 187 929 118 188 930 125 188 931 119 188 932 127 97 933 126 97 934 117 97 935 117 97 936 126 97 937 118 97 938 128 189 939 127 189 940 116 189 941 116 190 942 127 190 943 117 190 944 144 191 945 121 191 946 120 191 947 120 191 948 121 191 949 113 191 950 167 100 951 166 100 952 136 100 953 136 100 954 166 100 955 137 100 956 123 100 957 134 100 958 148 100 959 148 100 960 134 100 961 159 100 962 166 192 963 165 192 964 137 192 965 137 102 966 165 102 967 138 102 968 165 103 969 164 103 970 138 103 971 138 103 972 164 103 973 139 103 974 164 193 975 163 193 976 139 193 977 139 105 978 163 105 979 140 105 980 141 94 981 140 94 982 158 94 983 158 94 984 140 94 985 163 94 986 157 94 987 162 94 988 130 94 989 130 94 990 162 94 991 131 94 992 162 194 993 161 194 994 131 194 995 131 195 996 161 195 997 132 195 998 161 97 999 160 97 1000 132 97 1001 132 97 1002 160 97 1003 133 97 1004 160 196 1005 159 196 1006 133 196 1007 133 197 1008 159 197 1009 134 197 1010 14 198 1011 172 199 1012 15 200 1013 15 200 1014 172 199 1015 171 201 1016 15 200 1017 171 201 1018 16 202 1019 16 202 1020 171 201 1021 17 203 1022 17 203 1023 171 201 1024 170 204 1025 17 203 1026 170 204 1027 18 205 1028 18 205 1029 170 204 1030 169 206 1031 18 205 1032 169 206 1033 8 207 1034 8 207 1035 169 206 1036 9 208 1037 9 208 1038 169 206 1039 175 209 1040 9 208 1041 175 209 1042 10 210 1043 10 210 1044 175 209 1045 174 211 1046 10 210 1047 174 211 1048 11 212 1049 11 212 1050 174 211 1051 12 213 1052 12 213 1053 174 211 1054 173 214 1055 12 213 1056 173 214 1057 13 215 1058 13 215 1059 173 214 1060 172 199 1061 13 215 1062 172 199 1063 14 198 1064 24 216 1065 179 217 1066 25 218 1067 25 218 1068 179 217 1069 178 219 1070 25 218 1071 178 219 1072 26 220 1073 26 220 1074 178 219 1075 27 221 1076 27 221 1077 178 219 1078 177 222 1079 27 221 1080 177 222 1081 28 223 1082 28 223 1083 177 222 1084 176 224 1085 28 223 1086 176 224 1087 29 225 1088 29 225 1089 176 224 1090 19 226 1091 19 226 1092 176 224 1093 182 227 1094 19 226 1095 182 227 1096 20 228 1097 20 228 1098 182 227 1099 181 229 1100 20 228 1101 181 229 1102 21 230 1103 21 230 1104 181 229 1105 22 231 1106 22 231 1107 181 229 1108 180 232 1109 22 231 1110 180 232 1111 23 233 1112 23 233 1113 180 232 1114 179 217 1115 23 233 1116 179 217 1117 24 216 1118 35 234 1119 186 235 1120 36 236 1121 36 236 1122 186 235 1123 185 237 1124 36 236 1125 185 237 1126 37 238 1127 37 238 1128 185 237 1129 38 239 1130 38 239 1131 185 237 1132 184 240 1133 38 239 1134 184 240 1135 39 241 1136 39 241 1137 184 240 1138 40 242 1139 40 242 1140 184 240 1141 183 243 1142 40 242 1143 183 243 1144 30 244 1145 30 244 1146 183 243 1147 189 245 1148 30 244 1149 189 245 1150 31 246 1151 31 246 1152 189 245 1153 188 247 1154 31 246 1155 188 247 1156 32 248 1157 32 248 1158 188 247 1159 33 249 1160 33 249 1161 188 247 1162 187 250 1163 33 249 1164 187 250 1165 34 251 1166 34 251 1167 187 250 1168 186 235 1169 34 251 1170 186 235 1171 35 234 1172 46 252 1173 194 253 1174 47 254 1175 47 254 1176 194 253 1177 193 255 1178 47 254 1179 193 255 1180 48 256 1181 48 256 1182 193 255 1183 192 257 1184 48 256 1185 192 257 1186 49 258 1187 49 258 1188 192 257 1189 191 259 1190 49 258 1191 191 259 1192 50 260 1193 50 260 1194 191 259 1195 190 261 1196 50 260 1197 190 261 1198 41 262 1199 41 262 1200 190 261 1201 197 263 1202 41 262 1203 197 263 1204 42 264 1205 42 264 1206 197 263 1207 196 265 1208 42 264 1209 196 265 1210 43 266 1211 43 266 1212 196 265 1213 44 267 1214 44 267 1215 196 265 1216 195 268 1217 44 267 1218 195 268 1219 45 269 1220 45 269 1221 195 268 1222 194 253 1223 45 269 1224 194 253 1225 46 252 1226 56 270 1227 201 271 1228 57 272 1229 57 272 1230 201 271 1231 58 273 1232 58 273 1233 201 271 1234 200 274 1235 58 273 1236 200 274 1237 59 275 1238 59 275 1239 200 274 1240 199 276 1241 59 275 1242 199 276 1243 60 277 1244 60 277 1245 199 276 1246 61 278 1247 61 278 1248 199 276 1249 198 279 1250 61 278 1251 198 279 1252 51 280 1253 51 280 1254 198 279 1255 204 281 1256 51 280 1257 204 281 1258 52 282 1259 52 282 1260 204 281 1261 53 283 1262 53 283 1263 204 281 1264 203 284 1265 53 283 1266 203 284 1267 54 285 1268 54 285 1269 203 284 1270 55 286 1271 55 286 1272 203 284 1273 202 287 1274 55 286 1275 202 287 1276 56 270 1277 56 270 1278 202 287 1279 201 271 1280 67 288 1281 208 289 1282 68 290 1283 68 290 1284 208 289 1285 69 291 1286 69 291 1287 208 289 1288 207 292 1289 69 291 1290 207 292 1291 70 293 1292 70 293 1293 207 292 1294 206 294 1295 70 293 1296 206 294 1297 71 295 1298 71 295 1299 206 294 1300 205 296 1301 71 295 1302 205 296 1303 62 297 1304 62 297 1305 205 296 1306 211 298 1307 62 297 1308 211 298 1309 63 299 1310 63 299 1311 211 298 1312 64 300 1313 64 300 1314 211 298 1315 210 301 1316 64 300 1317 210 301 1318 65 302 1319 65 302 1320 210 301 1321 66 303 1322 66 303 1323 210 301 1324 209 304 1325 66 303 1326 209 304 1327 67 288 1328 67 288 1329 209 304 1330 208 289 1331 78 305 1332 215 306 1333 79 307 1334 79 307 1335 215 306 1336 80 308 1337 80 308 1338 215 306 1339 214 309 1340 80 308 1341 214 309 1342 81 310 1343 81 310 1344 214 309 1345 213 311 1346 81 310 1347 213 311 1348 82 312 1349 82 312 1350 213 311 1351 212 313 1352 82 312 1353 212 313 1354 72 314 1355 72 314 1356 212 313 1357 73 315 1358 73 315 1359 212 313 1360 218 316 1361 73 315 1362 218 316 1363 74 317 1364 74 317 1365 218 316 1366 75 318 1367 75 318 1368 218 316 1369 217 319 1370 75 318 1371 217 319 1372 76 320 1373 76 320 1374 217 319 1375 77 321 1376 77 321 1377 217 319 1378 216 322 1379 77 321 1380 216 322 1381 78 305 1382 78 305 1383 216 322 1384 215 306 1385 89 323 1386 222 324 1387 90 325 1388 90 325 1389 222 324 1390 91 326 1391 91 326 1392 222 324 1393 221 327 1394 91 326 1395 221 327 1396 92 328 1397 92 328 1398 221 327 1399 220 329 1400 92 328 1401 220 329 1402 93 330 1403 93 330 1404 220 329 1405 219 331 1406 93 330 1407 219 331 1408 83 332 1409 83 332 1410 219 331 1411 84 333 1412 84 333 1413 219 331 1414 226 334 1415 84 333 1416 226 334 1417 85 335 1418 85 335 1419 226 334 1420 225 336 1421 85 335 1422 225 336 1423 86 337 1424 86 337 1425 225 336 1426 224 338 1427 86 337 1428 224 338 1429 87 339 1430 87 339 1431 224 338 1432 223 340 1433 87 339 1434 223 340 1435 88 341 1436 88 341 1437 223 340 1438 89 323 1439 89 323 1440 223 340 1441 222 324 1442 234 342 1443 242 343 1444 227 344 1445 227 344 1446 242 343 1447 235 345 1448 227 344 1449 235 345 1450 228 346 1451 228 346 1452 235 345 1453 236 347 1454 228 346 1455 236 347 1456 229 348 1457 229 348 1458 236 347 1459 237 349 1460 229 348 1461 237 349 1462 238 350 1463 229 348 1464 238 350 1465 230 351 1466 230 351 1467 238 350 1468 231 352 1469 231 352 1470 238 350 1471 239 353 1472 231 352 1473 239 353 1474 232 354 1475 232 354 1476 239 353 1477 240 355 1478 232 354 1479 240 355 1480 233 356 1481 233 356 1482 240 355 1483 241 357 1484 233 356 1485 241 357 1486 234 342 1487 234 342 1488 241 357 1489 242 343 1490 242 358 1491 239 358 1492 235 358 1493 235 359 1494 239 359 1495 238 359 1496 235 109 1497 238 109 1498 236 109 1499 236 360 1500 238 360 1501 237 360 1502 239 361 1503 242 361 1504 241 361 1505 239 362 1506 241 362 1507 240 362 1508 122 363 1509 143 363 1510 114 363 1511 114 364 1512 143 364 1513 115 364 1514 104 365 1515 243 366 1516 94 367 1517 94 367 1518 243 366 1519 244 368 1520 94 367 1521 244 368 1522 95 369 1523 95 369 1524 244 368 1525 245 370 1526 95 369 1527 245 370 1528 96 371 1529 96 371 1530 245 370 1531 246 372 1532 96 371 1533 246 372 1534 97 373 1535 97 373 1536 246 372 1537 247 374 1538 97 373 1539 247 374 1540 248 375 1541 97 373 1542 248 375 1543 98 376 1544 98 376 1545 248 375 1546 99 377 1547 99 377 1548 248 375 1549 249 378 1550 99 377 1551 249 378 1552 100 379 1553 100 379 1554 249 378 1555 250 380 1556 100 379 1557 250 380 1558 101 381 1559 101 381 1560 250 380 1561 251 382 1562 101 381 1563 251 382 1564 102 383 1565 102 383 1566 251 382 1567 252 384 1568 102 383 1569 252 384 1570 103 385 1571 103 385 1572 252 384 1573 253 386 1574 103 385 1575 253 386 1576 104 365 1577 104 365 1578 253 386 1579 243 366 1580 243 12 1581 249 12 1582 244 12 1583 244 387 1584 249 387 1585 248 387 1586 244 388 1587 248 388 1588 245 388 1589 245 389 1590 248 389 1591 247 389 1592 245 12 1593 247 12 1594 246 12 1595 249 390 1596 243 390 1597 253 390 1598 249 12 1599 253 12 1600 250 12 1601 250 12 1602 253 12 1603 252 12 1604 250 12 1605 252 12 1606 251 12 1607 268 391 1608 254 391 1609 269 391 1610 269 392 1611 254 392 1612 255 392 1613 269 393 1614 255 393 1615 281 393 1616 281 394 1617 255 394 1618 256 394 1619 281 395 1620 256 395 1621 280 395 1622 280 396 1623 256 396 1624 257 396 1625 280 397 1626 257 397 1627 279 397 1628 279 398 1629 257 398 1630 258 398 1631 279 399 1632 258 399 1633 278 399 1634 278 400 1635 258 400 1636 259 400 1637 278 401 1638 259 401 1639 277 401 1640 277 402 1641 259 402 1642 260 402 1643 277 403 1644 260 403 1645 276 403 1646 276 404 1647 260 404 1648 261 404 1649 276 405 1650 261 405 1651 275 405 1652 275 12 1653 261 12 1654 262 12 1655 275 406 1656 262 406 1657 274 406 1658 274 407 1659 262 407 1660 263 407 1661 274 408 1662 263 408 1663 273 408 1664 273 409 1665 263 409 1666 264 409 1667 273 410 1668 264 410 1669 265 410 1670 273 411 1671 265 411 1672 272 411 1673 272 412 1674 265 412 1675 266 412 1676 272 413 1677 266 413 1678 271 413 1679 271 12 1680 266 12 1681 267 12 1682 271 414 1683 267 414 1684 270 414 1685 270 415 1686 267 415 1687 268 415 1688 270 416 1689 268 416 1690 269 416 1691 282 417 1692 283 417 1693 332 417 1694 332 418 1695 283 418 1696 343 418 1697 284 419 1698 343 419 1699 283 419 1700 285 420 1701 341 420 1702 284 420 1703 284 421 1704 341 421 1705 342 421 1706 286 422 1707 340 422 1708 285 422 1709 285 423 1710 340 423 1711 341 423 1712 287 424 1713 339 424 1714 286 424 1715 286 425 1716 339 425 1717 340 425 1718 287 426 1719 338 426 1720 339 426 1721 338 427 1722 287 427 1723 337 427 1724 337 428 1725 287 428 1726 288 428 1727 337 429 1728 288 429 1729 331 429 1730 337 430 1731 331 430 1732 343 430 1733 343 431 1734 331 431 1735 332 431 1736 331 432 1737 288 432 1738 330 432 1739 330 433 1740 288 433 1741 289 433 1742 330 434 1743 289 434 1744 290 434 1745 330 435 1746 290 435 1747 329 435 1748 329 436 1749 290 436 1750 291 436 1751 329 437 1752 291 437 1753 328 437 1754 328 438 1755 291 438 1756 292 438 1757 328 439 1758 292 439 1759 333 439 1760 333 440 1761 292 440 1762 293 440 1763 333 441 1764 293 441 1765 336 441 1766 336 442 1767 293 442 1768 294 442 1769 336 443 1770 294 443 1771 295 443 1772 336 444 1773 295 444 1774 302 444 1775 302 445 1776 295 445 1777 351 445 1778 302 446 1779 351 446 1780 301 446 1781 351 447 1782 295 447 1783 357 447 1784 357 448 1785 295 448 1786 296 448 1787 357 449 1788 296 449 1789 356 449 1790 356 450 1791 296 450 1792 297 450 1793 356 451 1794 297 451 1795 355 451 1796 355 452 1797 297 452 1798 298 452 1799 355 453 1800 298 453 1801 354 453 1802 354 454 1803 298 454 1804 299 454 1805 354 455 1806 299 455 1807 300 455 1808 354 456 1809 300 456 1810 353 456 1811 353 457 1812 300 457 1813 352 457 1814 352 458 1815 300 458 1816 301 458 1817 352 459 1818 301 459 1819 351 459 1820 336 460 1821 302 460 1822 335 460 1823 335 461 1824 302 461 1825 303 461 1826 303 462 1827 304 462 1828 335 462 1829 335 463 1830 304 463 1831 305 463 1832 335 464 1833 305 464 1834 362 464 1835 335 465 1836 362 465 1837 363 465 1838 362 466 1839 305 466 1840 361 466 1841 361 467 1842 305 467 1843 306 467 1844 361 468 1845 306 468 1846 360 468 1847 360 469 1848 306 469 1849 359 469 1850 359 470 1851 306 470 1852 307 470 1853 359 471 1854 307 471 1855 358 471 1856 358 472 1857 307 472 1858 308 472 1859 358 473 1860 308 473 1861 364 473 1862 364 474 1863 308 474 1864 334 474 1865 364 475 1866 334 475 1867 335 475 1868 364 476 1869 335 476 1870 363 476 1871 308 477 1872 309 477 1873 334 477 1874 334 478 1875 309 478 1876 322 478 1877 334 479 1878 322 479 1879 323 479 1880 334 480 1881 323 480 1882 324 480 1883 322 481 1884 309 481 1885 310 481 1886 322 482 1887 310 482 1888 321 482 1889 321 483 1890 310 483 1891 311 483 1892 321 484 1893 311 484 1894 320 484 1895 320 485 1896 311 485 1897 312 485 1898 313 486 1899 347 486 1900 312 486 1901 312 487 1902 347 487 1903 320 487 1904 320 488 1905 347 488 1906 319 488 1907 319 489 1908 347 489 1909 348 489 1910 319 490 1911 348 490 1912 317 490 1913 317 491 1914 348 491 1915 349 491 1916 347 492 1917 313 492 1918 346 492 1919 346 493 1920 313 493 1921 345 493 1922 345 494 1923 313 494 1924 314 494 1925 345 495 1926 314 495 1927 344 495 1928 344 496 1929 314 496 1930 315 496 1931 344 497 1932 315 497 1933 350 497 1934 350 498 1935 315 498 1936 316 498 1937 350 499 1938 316 499 1939 349 499 1940 349 500 1941 316 500 1942 317 500 1943 317 501 1944 318 501 1945 319 501 1946 324 502 1947 325 502 1948 334 502 1949 334 503 1950 325 503 1951 333 503 1952 333 504 1953 325 504 1954 326 504 1955 326 505 1956 327 505 1957 333 505 1958 333 506 1959 327 506 1960 328 506 1961 342 507 1962 343 507 1963 284 507 1964 333 508 1965 336 508 1966 365 508 1967 365 509 1968 336 509 1969 368 509 1970 334 510 1971 333 510 1972 366 510 1973 366 511 1974 333 511 1975 365 511 1976 335 512 1977 334 512 1978 367 512 1979 367 513 1980 334 513 1981 366 513 1982 336 514 1983 335 514 1984 368 514 1985 368 515 1986 335 515 1987 367 515 1988 366 516 1989 365 516 1990 367 516 1991 367 517 1992 365 517 1993 368 517 1994 268 518 1995 369 519 1996 254 520 1997 254 520 1998 369 519 1999 370 521 2000 254 520 2001 370 521 2002 255 522 2003 255 522 2004 370 521 2005 371 523 2006 255 522 2007 371 523 2008 256 524 2009 256 524 2010 371 523 2011 372 525 2012 256 524 2013 372 525 2014 257 526 2015 257 526 2016 372 525 2017 373 527 2018 257 526 2019 373 527 2020 258 528 2021 258 528 2022 373 527 2023 374 529 2024 258 528 2025 374 529 2026 259 530 2027 259 530 2028 374 529 2029 375 531 2030 259 530 2031 375 531 2032 260 532 2033 260 532 2034 375 531 2035 376 533 2036 260 532 2037 376 533 2038 261 534 2039 261 534 2040 376 533 2041 377 535 2042 261 534 2043 377 535 2044 262 536 2045 262 536 2046 377 535 2047 378 537 2048 262 536 2049 378 537 2050 263 538 2051 263 538 2052 378 537 2053 379 539 2054 263 538 2055 379 539 2056 264 540 2057 264 540 2058 379 539 2059 265 541 2060 265 541 2061 379 539 2062 380 542 2063 265 541 2064 380 542 2065 266 543 2066 266 543 2067 380 542 2068 381 544 2069 266 543 2070 381 544 2071 267 545 2072 267 545 2073 381 544 2074 382 546 2075 267 545 2076 382 546 2077 268 518 2078 268 518 2079 382 546 2080 369 519 2081 398 547 2082 383 547 2083 369 547 2084 369 548 2085 383 548 2086 370 548 2087 370 549 2088 383 549 2089 384 549 2090 370 550 2091 384 550 2092 371 550 2093 371 551 2094 384 551 2095 385 551 2096 371 552 2097 385 552 2098 372 552 2099 372 553 2100 385 553 2101 386 553 2102 372 554 2103 386 554 2104 387 554 2105 372 555 2106 387 555 2107 282 555 2108 372 556 2109 282 556 2110 373 556 2111 373 557 2112 282 557 2113 388 557 2114 373 558 2115 388 558 2116 374 558 2117 374 559 2118 388 559 2119 389 559 2120 374 560 2121 389 560 2122 375 560 2123 375 561 2124 389 561 2125 390 561 2126 375 562 2127 390 562 2128 391 562 2129 375 563 2130 391 563 2131 376 563 2132 376 564 2133 391 564 2134 392 564 2135 376 565 2136 392 565 2137 377 565 2138 377 566 2139 392 566 2140 378 566 2141 378 567 2142 392 567 2143 393 567 2144 378 568 2145 393 568 2146 394 568 2147 378 569 2148 394 569 2149 379 569 2150 379 570 2151 394 570 2152 395 570 2153 379 571 2154 395 571 2155 380 571 2156 380 572 2157 395 572 2158 396 572 2159 380 573 2160 396 573 2161 381 573 2162 381 574 2163 396 574 2164 397 574 2165 381 575 2166 397 575 2167 382 575 2168 382 576 2169 397 576 2170 398 576 2171 382 577 2172 398 577 2173 369 577 2174 282 578 2175 332 579 2176 388 580 2177 388 580 2178 332 579 2179 389 581 2180 389 581 2181 332 579 2182 331 582 2183 389 581 2184 331 582 2185 390 583 2186 390 583 2187 331 582 2188 330 584 2189 390 583 2190 330 584 2191 391 585 2192 391 585 2193 330 584 2194 329 586 2195 391 585 2196 329 586 2197 392 587 2198 392 587 2199 329 586 2200 328 588 2201 392 587 2202 328 588 2203 393 589 2204 393 589 2205 328 588 2206 327 590 2207 393 589 2208 327 590 2209 394 591 2210 394 591 2211 327 590 2212 326 592 2213 394 591 2214 326 592 2215 395 593 2216 395 593 2217 326 592 2218 325 594 2219 395 593 2220 325 594 2221 396 595 2222 396 595 2223 325 594 2224 324 596 2225 396 595 2226 324 596 2227 397 597 2228 397 597 2229 324 596 2230 323 598 2231 397 597 2232 323 598 2233 398 599 2234 398 599 2235 323 598 2236 322 600 2237 398 599 2238 322 600 2239 383 601 2240 383 601 2241 322 600 2242 321 602 2243 383 601 2244 321 602 2245 384 603 2246 384 603 2247 321 602 2248 320 604 2249 384 603 2250 320 604 2251 385 605 2252 385 605 2253 320 604 2254 319 606 2255 385 605 2256 319 606 2257 386 607 2258 386 607 2259 319 606 2260 318 608 2261 386 607 2262 318 608 2263 387 609 2264 399 610 2265 400 610 2266 283 610 2267 399 611 2268 283 611 2269 282 611 2270 399 612 2271 401 612 2272 400 612 2273 400 613 2274 401 613 2275 402 613 2276 387 614 2277 401 614 2278 399 614 2279 387 615 2280 399 615 2281 282 615 2282 387 616 2283 318 616 2284 401 616 2285 401 617 2286 318 617 2287 317 617 2288 401 618 2289 317 618 2290 403 618 2291 403 619 2292 402 619 2293 401 619 2294 411 620 2295 400 620 2296 412 620 2297 412 621 2298 400 621 2299 402 621 2300 412 622 2301 402 622 2302 419 622 2303 419 623 2304 402 623 2305 403 623 2306 419 624 2307 403 624 2308 404 624 2309 405 625 2310 419 625 2311 404 625 2312 406 626 2313 418 626 2314 405 626 2315 407 627 2316 417 627 2317 406 627 2318 408 628 2319 416 628 2320 407 628 2321 409 629 2322 415 629 2323 408 629 2324 410 630 2325 413 630 2326 409 630 2327 409 631 2328 413 631 2329 414 631 2330 411 632 2331 413 632 2332 410 632 2333 411 633 2334 412 633 2335 413 633 2336 409 634 2337 414 634 2338 415 634 2339 408 635 2340 415 635 2341 416 635 2342 416 636 2343 417 636 2344 407 636 2345 406 637 2346 417 637 2347 418 637 2348 418 638 2349 419 638 2350 405 638 2351 421 639 2352 427 639 2353 419 639 2354 419 640 2355 427 640 2356 412 640 2357 421 641 2358 419 642 2359 420 643 2360 420 644 2361 470 644 2362 471 644 2363 420 645 2364 471 645 2365 421 645 2366 421 109 2367 471 109 2368 472 109 2369 470 109 2370 420 109 2371 429 109 2372 422 109 2373 428 109 2374 420 109 2375 420 109 2376 428 109 2377 429 109 2378 483 109 2379 422 109 2380 423 109 2381 483 109 2382 423 109 2383 488 109 2384 488 109 2385 423 109 2386 487 109 2387 487 109 2388 423 109 2389 445 109 2390 424 646 2391 445 646 2392 423 646 2393 424 109 2394 481 109 2395 482 109 2396 481 647 2397 424 647 2398 425 647 2399 481 648 2400 425 648 2401 480 648 2402 480 109 2403 425 109 2404 450 109 2405 480 109 2406 450 109 2407 451 109 2408 426 109 2409 449 109 2410 425 109 2411 425 649 2412 449 649 2413 450 649 2414 426 650 2415 466 650 2416 467 650 2417 466 651 2418 426 651 2419 427 651 2420 466 109 2421 427 109 2422 465 109 2423 465 652 2424 427 652 2425 464 652 2426 464 653 2427 427 653 2428 421 653 2429 464 654 2430 421 654 2431 472 654 2432 470 109 2433 429 109 2434 476 109 2435 476 109 2436 429 109 2437 430 109 2438 476 655 2439 430 655 2440 475 655 2441 475 109 2442 430 109 2443 431 109 2444 475 109 2445 431 109 2446 474 109 2447 474 656 2448 431 656 2449 459 656 2450 474 657 2451 459 657 2452 460 657 2453 459 658 2454 431 658 2455 458 658 2456 458 659 2457 431 659 2458 432 659 2459 458 660 2460 432 660 2461 485 660 2462 485 109 2463 432 109 2464 484 109 2465 484 109 2466 432 109 2467 433 109 2468 484 661 2469 433 661 2470 422 661 2471 484 109 2472 422 109 2473 483 109 2474 433 662 2475 428 662 2476 422 662 2477 434 109 2478 463 109 2479 462 109 2480 462 109 2481 463 109 2482 461 109 2483 461 663 2484 463 663 2485 464 663 2486 461 664 2487 464 664 2488 473 664 2489 461 109 2490 473 109 2491 460 109 2492 460 665 2493 473 665 2494 474 665 2495 463 666 2496 434 666 2497 469 666 2498 469 109 2499 434 109 2500 435 109 2501 469 109 2502 435 109 2503 468 109 2504 468 109 2505 435 109 2506 436 109 2507 468 667 2508 436 667 2509 467 667 2510 467 668 2511 436 668 2512 437 668 2513 437 669 2514 426 669 2515 467 669 2516 426 109 2517 437 109 2518 449 109 2519 449 109 2520 437 109 2521 438 109 2522 449 109 2523 438 109 2524 448 109 2525 448 670 2526 438 670 2527 454 670 2528 438 671 2529 439 671 2530 454 671 2531 454 672 2532 439 672 2533 453 672 2534 453 673 2535 439 673 2536 434 673 2537 440 674 2538 486 674 2539 487 674 2540 440 109 2541 487 109 2542 445 109 2543 486 675 2544 440 675 2545 441 675 2546 486 109 2547 441 109 2548 485 109 2549 442 109 2550 457 109 2551 441 109 2552 441 109 2553 457 109 2554 485 109 2555 457 109 2556 442 109 2557 456 109 2558 456 676 2559 442 676 2560 443 676 2561 456 109 2562 443 109 2563 455 109 2564 455 109 2565 443 109 2566 446 109 2567 455 677 2568 446 677 2569 447 677 2570 455 678 2571 447 678 2572 454 678 2573 446 679 2574 443 679 2575 477 679 2576 446 109 2577 477 109 2578 478 109 2579 477 680 2580 443 680 2581 444 680 2582 477 109 2583 444 109 2584 482 109 2585 482 109 2586 444 109 2587 424 109 2588 424 681 2589 444 681 2590 445 681 2591 454 682 2592 447 682 2593 448 682 2594 480 683 2595 451 683 2596 479 683 2597 479 109 2598 451 109 2599 452 109 2600 479 684 2601 452 684 2602 478 684 2603 478 109 2604 452 109 2605 446 109 2606 485 685 2607 457 685 2608 458 685 2609 462 109 2610 453 109 2611 434 109 2612 473 109 2613 464 109 2614 472 109 2615 490 686 2616 454 687 2617 489 688 2618 489 688 2619 454 687 2620 453 689 2621 489 688 2622 453 689 2623 498 690 2624 498 690 2625 453 689 2626 462 691 2627 498 690 2628 462 691 2629 497 692 2630 497 692 2631 462 691 2632 461 693 2633 497 692 2634 461 693 2635 496 694 2636 496 694 2637 461 693 2638 460 695 2639 496 694 2640 460 695 2641 495 696 2642 495 696 2643 460 695 2644 459 697 2645 495 696 2646 459 697 2647 494 698 2648 494 698 2649 459 697 2650 458 699 2651 494 698 2652 458 699 2653 493 700 2654 493 700 2655 458 699 2656 457 701 2657 493 700 2658 457 701 2659 492 702 2660 492 702 2661 457 701 2662 456 703 2663 492 702 2664 456 703 2665 491 704 2666 491 704 2667 456 703 2668 455 705 2669 491 704 2670 455 705 2671 454 687 2672 491 704 2673 454 687 2674 490 686 2675 499 706 2676 495 706 2677 494 706 2678 499 12 2679 494 12 2680 511 12 2681 495 707 2682 499 707 2683 500 707 2684 495 12 2685 500 12 2686 496 12 2687 496 708 2688 500 708 2689 501 708 2690 496 709 2691 501 709 2692 502 709 2693 496 12 2694 502 12 2695 497 12 2696 497 12 2697 502 12 2698 503 12 2699 497 12 2700 503 12 2701 504 12 2702 497 12 2703 504 12 2704 498 12 2705 498 12 2706 504 12 2707 505 12 2708 498 12 2709 505 12 2710 489 12 2711 489 12 2712 505 12 2713 490 12 2714 490 710 2715 505 710 2716 506 710 2717 490 711 2718 506 711 2719 491 711 2720 491 712 2721 506 712 2722 507 712 2723 491 713 2724 507 713 2725 508 713 2726 491 12 2727 508 12 2728 492 12 2729 492 714 2730 508 714 2731 509 714 2732 492 715 2733 509 715 2734 510 715 2735 492 12 2736 510 12 2737 493 12 2738 493 716 2739 510 716 2740 511 716 2741 493 717 2742 511 717 2743 494 717 2744 512 718 2745 499 719 2746 524 720 2747 524 720 2748 499 719 2749 511 721 2750 524 720 2751 511 721 2752 523 722 2753 523 722 2754 511 721 2755 510 723 2756 523 722 2757 510 723 2758 522 724 2759 522 724 2760 510 723 2761 509 725 2762 522 724 2763 509 725 2764 521 726 2765 521 726 2766 509 725 2767 508 727 2768 521 726 2769 508 727 2770 520 728 2771 520 728 2772 508 727 2773 507 729 2774 520 728 2775 507 729 2776 519 730 2777 519 730 2778 507 729 2779 506 731 2780 519 730 2781 506 731 2782 518 732 2783 518 732 2784 506 731 2785 505 733 2786 518 732 2787 505 733 2788 517 734 2789 517 734 2790 505 733 2791 504 735 2792 517 734 2793 504 735 2794 516 736 2795 516 736 2796 504 735 2797 503 737 2798 516 736 2799 503 737 2800 515 738 2801 515 738 2802 503 737 2803 502 739 2804 515 738 2805 502 739 2806 514 740 2807 514 740 2808 502 739 2809 501 741 2810 514 740 2811 501 741 2812 500 742 2813 514 740 2814 500 742 2815 513 743 2816 513 743 2817 500 742 2818 512 718 2819 512 718 2820 500 742 2821 499 719 2822 281 744 2823 512 745 2824 269 746 2825 269 746 2826 512 745 2827 524 747 2828 269 746 2829 524 747 2830 270 748 2831 270 748 2832 524 747 2833 523 749 2834 270 748 2835 523 749 2836 271 750 2837 271 750 2838 523 749 2839 272 751 2840 272 751 2841 523 749 2842 522 752 2843 272 751 2844 522 752 2845 273 753 2846 273 753 2847 522 752 2848 521 754 2849 273 753 2850 521 754 2851 274 755 2852 274 755 2853 521 754 2854 520 756 2855 274 755 2856 520 756 2857 519 757 2858 274 755 2859 519 757 2860 275 758 2861 275 758 2862 519 757 2863 276 759 2864 276 759 2865 519 757 2866 518 760 2867 276 759 2868 518 760 2869 277 761 2870 277 761 2871 518 760 2872 517 762 2873 277 761 2874 517 762 2875 278 763 2876 278 763 2877 517 762 2878 516 764 2879 278 763 2880 516 764 2881 279 765 2882 279 765 2883 516 764 2884 515 766 2885 279 765 2886 515 766 2887 280 767 2888 280 767 2889 515 766 2890 514 768 2891 280 767 2892 514 768 2893 281 744 2894 281 744 2895 514 768 2896 513 769 2897 281 744 2898 513 769 2899 512 745 2900 525 770 2901 428 771 2902 530 772 2903 530 772 2904 428 771 2905 433 773 2906 530 772 2907 433 773 2908 432 774 2909 530 772 2910 432 774 2911 529 775 2912 529 775 2913 432 774 2914 431 776 2915 529 775 2916 431 776 2917 528 777 2918 528 777 2919 431 776 2920 430 778 2921 528 777 2922 430 778 2923 527 779 2924 527 779 2925 430 778 2926 429 780 2927 527 779 2928 429 780 2929 526 781 2930 526 781 2931 429 780 2932 525 770 2933 525 770 2934 429 780 2935 428 771 2936 531 782 2937 530 782 2938 536 782 2939 532 783 2940 525 783 2941 531 783 2942 531 784 2943 525 784 2944 530 784 2945 533 785 2946 526 785 2947 532 785 2948 533 786 2949 527 786 2950 526 786 2951 527 12 2952 533 12 2953 528 12 2954 528 787 2955 533 787 2956 534 787 2957 528 788 2958 534 788 2959 535 788 2960 528 12 2961 535 12 2962 529 12 2963 529 789 2964 535 789 2965 536 789 2966 529 12 2967 536 12 2968 530 12 2969 526 790 2970 525 790 2971 532 790 2972 537 791 2973 546 791 2974 542 791 2975 538 792 2976 545 792 2977 537 792 2978 539 793 2979 544 793 2980 538 793 2981 539 12 2982 543 12 2983 544 12 2984 543 794 2985 539 794 2986 540 794 2987 543 12 2988 540 12 2989 548 12 2990 548 795 2991 540 795 2992 541 795 2993 548 796 2994 541 796 2995 547 796 2996 547 797 2997 541 797 2998 542 797 2999 547 12 3000 542 12 3001 546 12 3002 544 798 3003 545 798 3004 538 798 3005 537 799 3006 545 799 3007 546 799 3008 549 800 3009 557 800 3010 554 800 3011 554 801 3012 557 801 3013 558 801 3014 550 802 3015 556 802 3016 549 802 3017 551 803 3018 555 803 3019 550 803 3020 550 804 3021 555 804 3022 556 804 3023 551 805 3024 560 805 3025 555 805 3026 560 806 3027 551 806 3028 552 806 3029 560 807 3030 552 807 3031 559 807 3032 559 12 3033 552 12 3034 553 12 3035 559 12 3036 553 12 3037 554 12 3038 559 808 3039 554 808 3040 558 808 3041 556 809 3042 557 809 3043 549 809 3044 561 810 3045 571 810 3046 566 810 3047 562 811 3048 570 811 3049 561 811 3050 563 812 3051 569 812 3052 562 812 3053 563 813 3054 568 813 3055 569 813 3056 568 12 3057 563 12 3058 564 12 3059 568 12 3060 564 12 3061 567 12 3062 567 814 3063 564 814 3064 565 814 3065 567 12 3066 565 12 3067 572 12 3068 572 815 3069 565 815 3070 566 815 3071 572 12 3072 566 12 3073 571 12 3074 562 816 3075 569 816 3076 570 816 3077 561 817 3078 570 817 3079 571 817 3080 567 818 3081 446 819 3082 568 820 3083 568 820 3084 446 819 3085 452 821 3086 568 820 3087 452 821 3088 451 822 3089 568 820 3090 451 822 3091 569 823 3092 569 823 3093 451 822 3094 450 824 3095 569 823 3096 450 824 3097 570 825 3098 570 825 3099 450 824 3100 449 826 3101 570 825 3102 449 826 3103 571 827 3104 571 827 3105 449 826 3106 448 828 3107 571 827 3108 448 828 3109 572 829 3110 572 829 3111 448 828 3112 447 830 3113 572 829 3114 447 830 3115 567 818 3116 567 818 3117 447 830 3118 446 819 3119 560 831 3120 440 832 3121 555 833 3122 555 833 3123 440 832 3124 445 834 3125 555 833 3126 445 834 3127 556 835 3128 556 835 3129 445 834 3130 444 836 3131 556 835 3132 444 836 3133 557 837 3134 557 837 3135 444 836 3136 558 838 3137 558 838 3138 444 836 3139 443 839 3140 558 838 3141 443 839 3142 559 840 3143 559 840 3144 443 839 3145 442 841 3146 559 840 3147 442 841 3148 441 842 3149 559 840 3150 441 842 3151 560 831 3152 560 831 3153 441 842 3154 440 832 3155 548 843 3156 434 844 3157 543 845 3158 543 845 3159 434 844 3160 439 846 3161 543 845 3162 439 846 3163 438 847 3164 543 845 3165 438 847 3166 544 848 3167 544 848 3168 438 847 3169 437 849 3170 544 848 3171 437 849 3172 545 850 3173 545 850 3174 437 849 3175 436 851 3176 545 850 3177 436 851 3178 546 852 3179 546 852 3180 436 851 3181 435 853 3182 546 852 3183 435 853 3184 547 854 3185 547 854 3186 435 853 3187 548 843 3188 548 843 3189 435 853 3190 434 844 3191 536 855 3192 576 855 3193 531 855 3194 531 856 3195 576 856 3196 309 856 3197 533 857 3198 573 858 3199 574 859 3200 533 857 3201 574 859 3202 534 860 3203 534 860 3204 574 859 3205 575 861 3206 534 860 3207 575 861 3208 535 862 3209 535 862 3210 575 861 3211 311 863 3212 535 862 3213 311 863 3214 576 864 3215 535 862 3216 576 864 3217 536 865 3218 533 866 3219 532 866 3220 573 866 3221 573 867 3222 532 867 3223 314 867 3224 573 868 3225 314 868 3226 313 868 3227 573 869 3228 313 870 3229 574 871 3230 574 871 3231 313 870 3232 312 872 3233 574 871 3234 312 872 3235 575 861 3236 575 861 3237 312 872 3238 311 863 3239 576 864 3240 311 863 3241 310 873 3242 310 874 3243 309 874 3244 576 874 3245 314 875 3246 532 875 3247 315 875 3248 315 876 3249 532 876 3250 405 876 3251 405 94 3252 532 94 3253 531 94 3254 405 877 3255 531 877 3256 406 877 3257 406 878 3258 531 878 3259 308 878 3260 308 879 3261 531 879 3262 309 879 3263 316 880 3264 315 880 3265 404 880 3266 404 881 3267 315 881 3268 405 881 3269 400 882 3270 411 882 3271 283 882 3272 283 883 3273 411 883 3274 284 883 3275 317 884 3276 316 884 3277 403 884 3278 403 885 3279 316 885 3280 404 885 3281 298 886 3282 562 886 3283 299 886 3284 299 887 3285 562 887 3286 409 887 3287 409 100 3288 562 100 3289 561 100 3290 409 100 3291 561 100 3292 410 100 3293 410 100 3294 561 100 3295 538 100 3296 410 888 3297 538 888 3298 537 888 3299 292 889 3300 291 889 3301 561 889 3302 561 890 3303 291 890 3304 538 890 3305 286 891 3306 285 891 3307 537 891 3308 537 892 3309 285 892 3310 410 892 3311 577 893 3312 298 893 3313 297 893 3314 563 894 3315 562 894 3316 577 894 3317 577 895 3318 562 895 3319 298 895 3320 563 896 3321 577 897 3322 564 898 3323 564 898 3324 577 897 3325 578 899 3326 564 898 3327 578 899 3328 565 900 3329 565 900 3330 578 899 3331 579 901 3332 565 900 3333 579 901 3334 566 902 3335 566 902 3336 579 901 3337 580 903 3338 580 904 3339 292 904 3340 566 904 3341 566 905 3342 292 905 3343 561 905 3344 293 906 3345 292 906 3346 580 906 3347 577 907 3348 297 908 3349 296 909 3350 577 907 3351 296 909 3352 295 910 3353 577 907 3354 295 910 3355 578 911 3356 578 911 3357 295 910 3358 579 912 3359 579 912 3360 295 910 3361 294 913 3362 579 912 3363 294 913 3364 580 914 3365 580 914 3366 294 913 3367 293 915 3368 581 916 3369 291 916 3370 290 916 3371 539 917 3372 538 917 3373 581 917 3374 581 918 3375 538 918 3376 291 918 3377 539 919 3378 581 920 3379 289 921 3380 539 919 3381 289 921 3382 540 922 3383 540 922 3384 289 921 3385 582 923 3386 540 922 3387 582 923 3388 541 924 3389 541 924 3390 582 923 3391 583 925 3392 541 924 3393 583 925 3394 542 926 3395 542 926 3396 583 925 3397 584 927 3398 542 928 3399 584 928 3400 537 928 3401 537 929 3402 584 929 3403 286 929 3404 287 930 3405 286 930 3406 584 930 3407 581 920 3408 290 931 3409 289 921 3410 289 932 3411 288 933 3412 582 934 3413 582 934 3414 288 933 3415 583 935 3416 583 935 3417 288 933 3418 287 936 3419 583 935 3420 287 936 3421 584 937 3422 300 938 3423 299 938 3424 408 938 3425 408 939 3426 299 939 3427 409 939 3428 301 940 3429 300 940 3430 549 940 3431 549 941 3432 300 941 3433 408 941 3434 549 103 3435 408 103 3436 407 103 3437 549 103 3438 407 103 3439 550 103 3440 550 942 3441 407 942 3442 307 942 3443 550 943 3444 307 943 3445 306 943 3446 302 944 3447 301 944 3448 585 944 3449 588 945 3450 305 946 3451 304 947 3452 588 945 3453 304 947 3454 587 948 3455 587 948 3456 304 947 3457 586 949 3458 586 949 3459 304 947 3460 303 950 3461 586 949 3462 303 950 3463 585 951 3464 585 951 3465 303 950 3466 302 952 3467 588 953 3468 306 953 3469 305 953 3470 551 954 3471 550 954 3472 588 954 3473 588 955 3474 550 955 3475 306 955 3476 551 956 3477 588 957 3478 552 958 3479 552 958 3480 588 957 3481 587 959 3482 552 958 3483 587 959 3484 553 960 3485 553 960 3486 587 959 3487 586 961 3488 553 960 3489 586 961 3490 554 962 3491 554 962 3492 586 961 3493 585 963 3494 554 964 3495 585 964 3496 549 964 3497 549 965 3498 585 965 3499 301 965 3500 308 966 3501 307 966 3502 406 966 3503 406 967 3504 307 967 3505 407 967 3506 285 968 3507 284 968 3508 410 968 3509 410 969 3510 284 969 3511 411 969 3512 420 643 3513 419 642 3514 418 970 3515 418 971 3516 417 971 3517 420 971 3518 420 972 3519 417 972 3520 422 972 3521 422 973 3522 417 974 3523 423 975 3524 423 975 3525 417 974 3526 416 976 3527 424 977 3528 423 977 3529 415 977 3530 415 978 3531 423 978 3532 416 978 3533 424 979 3534 415 980 3535 425 981 3536 425 981 3537 415 980 3538 414 982 3539 426 983 3540 425 983 3541 413 983 3542 413 984 3543 425 984 3544 414 984 3545 426 985 3546 413 986 3547 427 987 3548 427 987 3549 413 986 3550 412 988 3551 343 989 3552 463 990 3553 337 991 3554 337 991 3555 463 990 3556 338 992 3557 338 992 3558 463 990 3559 469 993 3560 338 992 3561 469 993 3562 468 994 3563 338 992 3564 468 994 3565 339 995 3566 339 995 3567 468 994 3568 340 996 3569 340 996 3570 468 994 3571 467 997 3572 340 996 3573 467 997 3574 466 998 3575 340 996 3576 466 998 3577 341 999 3578 341 999 3579 466 998 3580 342 1000 3581 342 1000 3582 466 998 3583 465 1001 3584 342 1000 3585 465 1001 3586 464 1002 3587 342 1000 3588 464 1002 3589 343 989 3590 343 989 3591 464 1002 3592 463 990 3593 350 1003 3594 470 1004 3595 344 1005 3596 344 1005 3597 470 1004 3598 345 1006 3599 345 1006 3600 470 1004 3601 476 1007 3602 345 1006 3603 476 1007 3604 475 1008 3605 345 1006 3606 475 1008 3607 346 1009 3608 346 1009 3609 475 1008 3610 347 1010 3611 347 1010 3612 475 1008 3613 474 1011 3614 347 1010 3615 474 1011 3616 473 1012 3617 347 1010 3618 473 1012 3619 348 1013 3620 348 1013 3621 473 1012 3622 349 1014 3623 349 1014 3624 473 1012 3625 472 1015 3626 349 1014 3627 472 1015 3628 471 1016 3629 349 1014 3630 471 1016 3631 350 1003 3632 350 1003 3633 471 1016 3634 470 1004 3635 357 1017 3636 477 1018 3637 351 1019 3638 351 1019 3639 477 1018 3640 352 1020 3641 352 1020 3642 477 1018 3643 482 1021 3644 352 1020 3645 482 1021 3646 353 1022 3647 353 1022 3648 482 1021 3649 481 1023 3650 353 1022 3651 481 1023 3652 354 1024 3653 354 1024 3654 481 1023 3655 480 1025 3656 354 1024 3657 480 1025 3658 355 1026 3659 355 1026 3660 480 1025 3661 356 1027 3662 356 1027 3663 480 1025 3664 479 1028 3665 356 1027 3666 479 1028 3667 478 1029 3668 356 1027 3669 478 1029 3670 357 1017 3671 357 1017 3672 478 1029 3673 477 1018 3674 364 1030 3675 483 1031 3676 358 1032 3677 358 1032 3678 483 1031 3679 359 1033 3680 359 1033 3681 483 1031 3682 488 1034 3683 359 1033 3684 488 1034 3685 360 1035 3686 360 1035 3687 488 1034 3688 487 1036 3689 360 1035 3690 487 1036 3691 361 1037 3692 361 1037 3693 487 1036 3694 486 1038 3695 361 1037 3696 486 1038 3697 362 1039 3698 362 1039 3699 486 1038 3700 485 1040 3701 362 1039 3702 485 1040 3703 363 1041 3704 363 1041 3705 485 1040 3706 484 1042 3707 363 1041 3708 484 1042 3709 364 1030 3710 364 1030 3711 484 1042 3712 483 1031 3713 590 1043 3714 618 1043 3715 589 1043 3716 589 1044 3717 618 1044 3718 619 1044 3719 591 1045 3720 649 1045 3721 590 1045 3722 590 1046 3723 649 1046 3724 650 1046 3725 590 1047 3726 650 1047 3727 617 1047 3728 617 1048 3729 650 1048 3730 623 1048 3731 623 1049 3732 650 1049 3733 651 1049 3734 623 1050 3735 651 1050 3736 622 1050 3737 622 1051 3738 651 1051 3739 608 1051 3740 622 1052 3741 608 1052 3742 621 1052 3743 621 1053 3744 608 1053 3745 609 1053 3746 621 1054 3747 609 1054 3748 620 1054 3749 620 1055 3750 609 1055 3751 589 1055 3752 620 1056 3753 589 1056 3754 619 1056 3755 592 1057 3756 648 1057 3757 591 1057 3758 591 1058 3759 648 1058 3760 649 1058 3761 593 1059 3762 646 1059 3763 592 1059 3764 592 1060 3765 646 1060 3766 647 1060 3767 594 1061 3768 612 1061 3769 593 1061 3770 593 1062 3771 612 1062 3772 613 1062 3773 595 1063 3774 611 1063 3775 594 1063 3776 596 1064 3777 610 1064 3778 595 1064 3779 596 1065 3780 597 1065 3781 643 1065 3782 642 1066 3783 598 1066 3784 599 1066 3785 642 1067 3786 599 1067 3787 641 1067 3788 641 1068 3789 599 1068 3790 640 1068 3791 640 1069 3792 599 1069 3793 606 1069 3794 640 1070 3795 606 1070 3796 639 1070 3797 639 1071 3798 606 1071 3799 638 1071 3800 638 1072 3801 606 1072 3802 607 1072 3803 637 1073 3804 607 1073 3805 608 1073 3806 637 1074 3807 608 1074 3808 636 1074 3809 636 1075 3810 608 1075 3811 651 1075 3812 599 1076 3813 627 1076 3814 630 1076 3815 630 1077 3816 627 1077 3817 628 1077 3818 630 109 3819 628 109 3820 635 109 3821 635 1078 3822 628 1078 3823 603 1078 3824 603 1079 3825 628 1079 3826 602 1079 3827 602 1080 3828 628 1080 3829 629 1080 3830 600 1081 3831 626 1081 3832 599 1081 3833 601 1082 3834 625 1082 3835 600 1082 3836 602 1083 3837 624 1083 3838 601 1083 3839 604 1084 3840 634 1084 3841 603 1084 3842 605 1085 3843 633 1085 3844 604 1085 3845 606 1086 3846 632 1086 3847 605 1086 3848 606 1087 3849 630 1087 3850 631 1087 3851 595 1088 3852 610 1088 3853 611 1088 3854 594 1089 3855 611 1089 3856 612 1089 3857 593 1090 3858 613 1090 3859 646 1090 3860 646 1091 3861 613 1091 3862 614 1091 3863 646 1092 3864 614 1092 3865 645 1092 3866 645 1093 3867 614 1093 3868 615 1093 3869 645 1094 3870 615 1094 3871 644 1094 3872 644 1095 3873 615 1095 3874 616 1095 3875 644 1096 3876 616 1096 3877 643 1096 3878 643 1097 3879 616 1097 3880 596 1097 3881 596 1098 3882 616 1098 3883 610 1098 3884 617 1099 3885 618 1099 3886 590 1099 3887 601 1100 3888 624 1100 3889 625 1100 3890 600 1101 3891 625 1101 3892 626 1101 3893 599 1102 3894 626 1102 3895 627 1102 3896 629 1103 3897 624 1103 3898 602 1103 3899 599 1104 3900 630 1104 3901 606 1104 3902 606 1105 3903 631 1105 3904 632 1105 3905 632 1106 3906 633 1106 3907 605 1106 3908 633 1107 3909 634 1107 3910 604 1107 3911 603 1108 3912 634 1108 3913 635 1108 3914 592 1109 3915 647 1109 3916 648 1109 3917 665 1110 3918 652 1110 3919 672 1110 3920 672 1111 3921 652 1111 3922 653 1111 3923 672 1112 3924 653 1112 3925 671 1112 3926 671 1113 3927 653 1113 3928 654 1113 3929 671 1114 3930 654 1114 3931 670 1114 3932 670 1115 3933 654 1115 3934 655 1115 3935 670 1116 3936 655 1116 3937 669 1116 3938 669 1117 3939 655 1117 3940 656 1117 3941 669 1118 3942 656 1118 3943 668 1118 3944 668 1119 3945 656 1119 3946 657 1119 3947 668 1120 3948 657 1120 3949 667 1120 3950 667 1121 3951 657 1121 3952 658 1121 3953 667 1122 3954 658 1122 3955 666 1122 3956 666 1123 3957 658 1123 3958 659 1123 3959 666 1124 3960 659 1124 3961 677 1124 3962 677 1125 3963 659 1125 3964 660 1125 3965 677 1126 3966 660 1126 3967 661 1126 3968 677 1127 3969 661 1127 3970 676 1127 3971 676 1128 3972 661 1128 3973 662 1128 3974 676 1129 3975 662 1129 3976 675 1129 3977 675 1130 3978 662 1130 3979 663 1130 3980 675 1131 3981 663 1131 3982 674 1131 3983 674 1132 3984 663 1132 3985 664 1132 3986 674 1133 3987 664 1133 3988 673 1133 3989 673 1134 3990 664 1134 3991 665 1134 3992 673 1135 3993 665 1135 3994 672 1135 3995 679 1136 3996 610 1137 3997 678 1138 3998 678 1138 3999 610 1137 4000 684 1139 4001 684 1139 4002 610 1137 4003 616 1140 4004 684 1139 4005 616 1140 4006 615 1141 4007 684 1139 4008 615 1141 4009 683 1142 4010 683 1142 4011 615 1141 4012 682 1143 4013 682 1143 4014 615 1141 4015 614 1144 4016 682 1143 4017 614 1144 4018 613 1145 4019 682 1143 4020 613 1145 4021 681 1146 4022 681 1146 4023 613 1145 4024 680 1147 4025 680 1147 4026 613 1145 4027 612 1148 4028 680 1147 4029 612 1148 4030 611 1149 4031 680 1147 4032 611 1149 4033 679 1136 4034 679 1136 4035 611 1149 4036 610 1137 4037 686 12 4038 760 12 4039 685 12 4040 685 1150 4041 760 1150 4042 761 1150 4043 687 12 4044 758 12 4045 686 12 4046 686 1151 4047 758 1151 4048 759 1151 4049 688 12 4050 730 12 4051 687 12 4052 689 1152 4053 751 1152 4054 688 1152 4055 690 1153 4056 720 1153 4057 689 1153 4058 689 12 4059 720 12 4060 721 12 4061 691 12 4062 726 12 4063 690 12 4064 690 1154 4065 726 1154 4066 720 1154 4067 692 12 4068 725 12 4069 691 12 4070 693 12 4071 704 12 4072 692 12 4073 694 1155 4074 746 1155 4075 693 1155 4076 693 12 4077 746 12 4078 747 12 4079 695 12 4080 744 12 4081 694 12 4082 696 12 4083 679 12 4084 695 12 4085 695 1156 4086 679 1156 4087 678 1156 4088 697 1157 4089 735 1157 4090 696 1157 4091 696 12 4092 735 12 4093 680 12 4094 698 1158 4095 717 1158 4096 697 1158 4097 697 12 4098 717 12 4099 718 12 4100 699 12 4101 741 12 4102 698 12 4103 698 12 4104 741 12 4105 716 12 4106 716 1159 4107 741 1159 4108 742 1159 4109 716 1160 4110 742 1160 4111 715 1160 4112 700 12 4113 739 12 4114 699 12 4115 701 12 4116 705 12 4117 700 12 4118 700 1161 4119 705 1161 4120 706 1161 4121 701 1162 4122 733 1162 4123 727 1162 4124 701 12 4125 727 12 4126 753 12 4127 753 12 4128 727 12 4129 752 12 4130 752 1163 4131 727 1163 4132 728 1163 4133 752 12 4134 728 12 4135 751 12 4136 751 1164 4137 728 1164 4138 688 1164 4139 733 12 4140 701 12 4141 685 12 4142 733 1165 4143 685 1165 4144 756 1165 4145 712 12 4146 702 12 4147 693 12 4148 693 1166 4149 702 1166 4150 703 1166 4151 693 1167 4152 703 1167 4153 704 1167 4154 692 12 4155 704 12 4156 701 12 4157 701 1168 4158 704 1168 4159 705 1168 4160 700 1169 4161 706 1169 4162 707 1169 4163 708 12 4164 713 12 4165 707 12 4166 707 1170 4167 713 1170 4168 738 1170 4169 713 1171 4170 708 1171 4171 737 1171 4172 737 12 4173 708 12 4174 709 12 4175 737 12 4176 709 12 4177 710 12 4178 737 1172 4179 710 1172 4180 736 1172 4181 736 1173 4182 710 1173 4183 711 1173 4184 736 1174 4185 711 1174 4186 712 1174 4187 736 12 4188 712 12 4189 682 12 4190 682 1175 4191 712 1175 4192 747 1175 4193 747 1176 4194 712 1176 4195 693 1176 4196 695 1177 4197 678 1177 4198 749 1177 4199 695 1178 4200 749 1178 4201 744 1178 4202 749 12 4203 678 12 4204 684 12 4205 749 12 4206 684 12 4207 748 12 4208 748 12 4209 684 12 4210 683 12 4211 748 12 4212 683 12 4213 747 12 4214 747 12 4215 683 12 4216 682 12 4217 736 12 4218 682 12 4219 735 12 4220 735 1179 4221 682 1179 4222 681 1179 4223 735 1180 4224 681 1180 4225 680 1180 4226 696 1181 4227 680 1181 4228 679 1181 4229 713 12 4230 737 12 4231 734 12 4232 713 12 4233 734 12 4234 719 12 4235 719 12 4236 734 12 4237 697 12 4238 719 1182 4239 697 1182 4240 718 1182 4241 713 1183 4242 714 1183 4243 738 1183 4244 738 12 4245 714 12 4246 743 12 4247 743 1184 4248 714 1184 4249 715 1184 4250 743 12 4251 715 12 4252 742 12 4253 698 1185 4254 716 1185 4255 717 1185 4256 689 1186 4257 721 1186 4258 722 1186 4259 689 1187 4260 722 1187 4261 750 1187 4262 750 1188 4263 722 1188 4264 723 1188 4265 750 12 4266 723 12 4267 755 12 4268 755 1189 4269 723 1189 4270 724 1189 4271 755 12 4272 724 12 4273 692 12 4274 692 1190 4275 724 1190 4276 725 1190 4277 725 1191 4278 726 1191 4279 691 1191 4280 688 12 4281 728 12 4282 729 12 4283 688 12 4284 729 12 4285 730 12 4286 730 12 4287 731 12 4288 687 12 4289 687 12 4290 731 12 4291 758 12 4292 758 1192 4293 731 1192 4294 757 1192 4295 757 12 4296 731 12 4297 732 12 4298 757 12 4299 732 12 4300 756 12 4301 756 1193 4302 732 1193 4303 733 1193 4304 734 1194 4305 735 1194 4306 697 1194 4307 707 1195 4308 738 1195 4309 700 1195 4310 700 1196 4311 738 1196 4312 739 1196 4313 739 12 4314 740 12 4315 699 12 4316 740 12 4317 741 12 4318 699 12 4319 744 1197 4320 745 1197 4321 694 1197 4322 694 1198 4323 745 1198 4324 746 1198 4325 750 12 4326 751 12 4327 689 12 4328 701 1199 4329 753 1199 4330 692 1199 4331 692 1200 4332 753 1200 4333 754 1200 4334 692 12 4335 754 12 4336 755 12 4337 686 1201 4338 759 1201 4339 760 1201 4340 685 1202 4341 761 1202 4342 756 1202 4343 735 103 4344 734 103 4345 762 103 4346 762 103 4347 734 103 4348 763 103 4349 764 1203 4350 593 1203 4351 762 1203 4352 762 1204 4353 593 1204 4354 592 1204 4355 762 1205 4356 592 1205 4357 736 1205 4358 736 100 4359 735 100 4360 762 100 4361 762 1206 4362 763 1206 4363 764 1206 4364 764 1207 4365 763 1207 4366 765 1207 4367 590 1208 4368 589 1208 4369 765 1208 4370 765 1209 4371 589 1209 4372 766 1209 4373 765 1210 4374 766 1210 4375 767 1210 4376 765 1211 4377 767 1211 4378 764 1211 4379 764 1212 4380 767 1212 4381 594 1212 4382 764 1213 4383 594 1213 4384 593 1213 4385 589 1214 4386 609 1214 4387 766 1214 4388 766 1215 4389 609 1215 4390 768 1215 4391 770 1216 4392 771 1216 4393 769 1216 4394 771 1217 4395 772 1217 4396 769 1217 4397 769 1218 4398 772 1218 4399 783 1218 4400 783 12 4401 772 12 4402 782 12 4403 782 1219 4404 772 1219 4405 773 1219 4406 782 12 4407 773 12 4408 774 12 4409 782 1220 4410 774 1220 4411 781 1220 4412 781 1221 4413 774 1221 4414 775 1221 4415 781 1222 4416 775 1222 4417 780 1222 4418 780 12 4419 775 12 4420 779 12 4421 779 12 4422 775 12 4423 776 12 4424 779 1223 4425 776 1223 4426 778 1223 4427 778 1224 4428 776 1224 4429 777 1224 4430 786 1225 4431 787 1225 4432 785 1225 4433 787 1226 4434 788 1226 4435 785 1226 4436 785 1227 4437 788 1227 4438 795 1227 4439 795 12 4440 788 12 4441 794 12 4442 794 1228 4443 788 1228 4444 767 1228 4445 794 1229 4446 767 1229 4447 766 1229 4448 794 1230 4449 766 1230 4450 793 1230 4451 793 1231 4452 766 1231 4453 768 1231 4454 793 1232 4455 768 1232 4456 792 1232 4457 792 1233 4458 768 1233 4459 791 1233 4460 791 1234 4461 768 1234 4462 789 1234 4463 791 1235 4464 789 1235 4465 790 1235 4466 797 1236 4467 798 1236 4468 769 1236 4469 769 1237 4470 798 1237 4471 770 1237 4472 769 1238 4473 784 1238 4474 797 1238 4475 799 1239 4476 800 1239 4477 801 1239 4478 799 1240 4479 801 1240 4480 806 1240 4481 806 1241 4482 801 1241 4483 802 1241 4484 806 12 4485 802 12 4486 805 12 4487 805 12 4488 802 12 4489 804 12 4490 804 12 4491 802 12 4492 803 12 4493 813 12 4494 807 12 4495 808 12 4496 813 1242 4497 808 1242 4498 812 1242 4499 812 12 4500 808 12 4501 811 12 4502 811 1243 4503 808 1243 4504 809 1243 4505 811 1244 4506 809 1244 4507 810 1244 4508 810 12 4509 809 12 4510 797 12 4511 797 12 4512 809 12 4513 798 12 4514 799 1245 4515 806 1245 4516 778 1245 4517 778 1246 4518 806 1246 4519 692 1246 4520 778 1247 4521 692 1247 4522 691 1247 4523 691 1248 4524 779 1248 4525 778 1248 4526 691 100 4527 690 100 4528 779 100 4529 779 100 4530 690 100 4531 780 100 4532 690 1249 4533 689 1249 4534 780 1249 4535 780 1249 4536 689 1249 4537 781 1249 4538 689 97 4539 688 97 4540 781 97 4541 781 97 4542 688 97 4543 782 97 4544 688 1250 4545 687 1250 4546 782 1250 4547 782 1250 4548 687 1250 4549 783 1250 4550 769 1251 4551 783 1251 4552 686 1251 4553 686 94 4554 783 94 4555 687 94 4556 686 103 4557 685 103 4558 784 103 4559 784 1252 4560 685 1252 4561 810 1252 4562 784 1253 4563 810 1253 4564 797 1253 4565 784 1254 4566 769 1254 4567 686 1254 4568 810 1255 4569 685 1256 4570 701 1257 4571 701 1257 4572 811 1258 4573 810 1255 4574 701 1259 4575 700 1259 4576 811 1259 4577 811 94 4578 700 94 4579 812 94 4580 813 1260 4581 812 1260 4582 791 1260 4583 791 1261 4584 812 1261 4585 700 1261 4586 791 1262 4587 700 1262 4588 699 1262 4589 807 1263 4590 813 1263 4591 791 1263 4592 791 1264 4593 790 1264 4594 807 1264 4595 814 1265 4596 815 1265 4597 608 1265 4598 608 1266 4599 815 1266 4600 790 1266 4601 608 1267 4602 790 1267 4603 789 1267 4604 815 1268 4605 816 1268 4606 790 1268 4607 790 1269 4608 816 1269 4609 808 1269 4610 790 1270 4611 808 1270 4612 807 1270 4613 607 1271 4614 814 1271 4615 608 1271 4616 609 1272 4617 608 1272 4618 768 1272 4619 768 1273 4620 608 1273 4621 789 1273 4622 605 1274 4623 604 1274 4624 771 1274 4625 771 1275 4626 604 1275 4627 772 1275 4628 604 1276 4629 603 1276 4630 772 1276 4631 772 1277 4632 603 1277 4633 773 1277 4634 603 1278 4635 602 1278 4636 773 1278 4637 773 1279 4638 602 1279 4639 774 1279 4640 602 1280 4641 601 1280 4642 774 1280 4643 774 1281 4644 601 1281 4645 775 1281 4646 601 1282 4647 600 1282 4648 775 1282 4649 775 1283 4650 600 1283 4651 776 1283 4652 596 1284 4653 595 1284 4654 787 1284 4655 787 1285 4656 595 1285 4657 788 1285 4658 599 1286 4659 817 1286 4660 600 1286 4661 817 1287 4662 818 1287 4663 600 1287 4664 600 1288 4665 818 1288 4666 777 1288 4667 600 1289 4668 777 1289 4669 776 1289 4670 818 1290 4671 819 1290 4672 777 1290 4673 777 1291 4674 819 1291 4675 801 1291 4676 777 1292 4677 801 1292 4678 800 1292 4679 778 1293 4680 777 1293 4681 799 1293 4682 799 1294 4683 777 1294 4684 800 1294 4685 820 1295 4686 801 1295 4687 819 1295 4688 827 1296 4689 817 1296 4690 826 1296 4691 826 1297 4692 817 1297 4693 598 1297 4694 826 1298 4695 598 1298 4696 822 1298 4697 822 1299 4698 598 1299 4699 821 1299 4700 826 94 4701 822 94 4702 825 94 4703 825 94 4704 822 94 4705 823 94 4706 825 1300 4707 823 1300 4708 801 1300 4709 801 1301 4710 823 1301 4711 802 1301 4712 802 1302 4713 823 1302 4714 824 1302 4715 801 1303 4716 820 1303 4717 825 1303 4718 598 1304 4719 817 1304 4720 599 1304 4721 597 1305 4722 828 1305 4723 598 1305 4724 598 1306 4725 828 1306 4726 821 1306 4727 821 1307 4728 828 1307 4729 829 1307 4730 822 1308 4731 821 1308 4732 830 1308 4733 830 1309 4734 821 1309 4735 829 1309 4736 831 103 4737 823 103 4738 830 103 4739 830 103 4740 823 103 4741 822 103 4742 830 1310 4743 829 1310 4744 831 1310 4745 831 1311 4746 829 1311 4747 832 1311 4748 818 1312 4749 833 1312 4750 819 1312 4751 819 1313 4752 833 1313 4753 834 1313 4754 831 12 4755 832 12 4756 824 12 4757 831 12 4758 824 12 4759 823 12 4760 832 1314 4761 802 1314 4762 824 1314 4763 829 1315 4764 828 1315 4765 596 1315 4766 829 1316 4767 596 1316 4768 786 1316 4769 786 1317 4770 596 1317 4771 787 1317 4772 803 1318 4773 802 1318 4774 786 1318 4775 786 1319 4776 802 1319 4777 832 1319 4778 786 1320 4779 832 1320 4780 829 1320 4781 596 1321 4782 828 1321 4783 597 1321 4784 595 1322 4785 594 1322 4786 788 1322 4787 788 1323 4788 594 1323 4789 767 1323 4790 804 1324 4791 803 1324 4792 785 1324 4793 785 1325 4794 803 1325 4795 786 1325 4796 785 1326 4797 796 1326 4798 804 1326 4799 804 1327 4800 796 1327 4801 805 1327 4802 805 1328 4803 796 1328 4804 693 1328 4805 693 97 4806 796 97 4807 694 97 4808 694 1329 4809 796 1329 4810 785 1329 4811 693 100 4812 692 100 4813 805 100 4814 805 100 4815 692 100 4816 806 100 4817 785 1330 4818 795 1330 4819 694 1330 4820 694 100 4821 795 100 4822 695 100 4823 696 101 4824 695 101 4825 794 101 4826 794 1331 4827 695 1331 4828 795 1331 4829 697 103 4830 696 103 4831 793 103 4832 793 103 4833 696 103 4834 794 103 4835 698 1332 4836 697 1332 4837 792 1332 4838 792 1333 4839 697 1333 4840 793 1333 4841 699 1334 4842 698 1334 4843 791 1334 4844 791 1335 4845 698 1335 4846 792 1335 4847 833 1336 4848 818 1336 4849 827 1336 4850 833 1308 4851 827 1308 4852 826 1308 4853 817 1337 4854 827 1337 4855 818 1337 4856 826 1338 4857 825 1338 4858 833 1338 4859 833 97 4860 825 97 4861 834 97 4862 825 12 4863 820 12 4864 834 12 4865 834 12 4866 820 12 4867 819 12 4868 605 1339 4869 835 1339 4870 606 1339 4871 837 1340 4872 835 1340 4873 605 1340 4874 837 1341 4875 605 1341 4876 770 1341 4877 770 1342 4878 605 1342 4879 771 1342 4880 798 1343 4881 809 1343 4882 770 1343 4883 770 1344 4884 809 1344 4885 836 1344 4886 770 1345 4887 836 1345 4888 837 1345 4889 838 1346 4890 835 1346 4891 837 1346 4892 835 1347 4893 814 1347 4894 606 1347 4895 606 1348 4896 814 1348 4897 607 1348 4898 845 1349 4899 814 1349 4900 844 1349 4901 844 1350 4902 814 1350 4903 835 1350 4904 844 1351 4905 835 1351 4906 839 1351 4907 839 1352 4908 835 1352 4909 838 1352 4910 844 100 4911 839 100 4912 843 100 4913 843 100 4914 839 100 4915 840 100 4916 843 1353 4917 840 1353 4918 808 1353 4919 808 1354 4920 840 1354 4921 809 1354 4922 809 1355 4923 840 1355 4924 841 1355 4925 808 1356 4926 842 1356 4927 843 1356 4928 814 1357 4929 845 1357 4930 815 1357 4931 846 1358 4932 815 1358 4933 845 1358 4934 846 1359 4935 845 1359 4936 844 1359 4937 815 1360 4938 846 1360 4939 816 1360 4940 816 1361 4941 846 1361 4942 847 1361 4943 848 1362 4944 837 1362 4945 849 1362 4946 849 1363 4947 837 1363 4948 836 1363 4949 843 12 4950 842 12 4951 847 12 4952 847 1364 4953 842 1364 4954 816 1364 4955 842 1365 4956 808 1365 4957 816 1365 4958 844 103 4959 843 103 4960 846 103 4961 846 103 4962 843 103 4963 847 103 4964 839 1366 4965 838 1366 4966 848 1366 4967 848 1367 4968 838 1367 4969 837 1367 4970 849 97 4971 840 97 4972 848 97 4973 848 1368 4974 840 1368 4975 839 1368 4976 849 1369 4977 836 1369 4978 841 1369 4979 849 12 4980 841 12 4981 840 12 4982 836 1370 4983 809 1370 4984 841 1370 4985 734 94 4986 737 94 4987 763 94 4988 763 1371 4989 737 1371 4990 591 1371 4991 763 1372 4992 591 1372 4993 590 1372 4994 590 1373 4995 765 1373 4996 763 1373 4997 592 1374 4998 591 1374 4999 736 1374 5000 736 1375 5001 591 1375 5002 737 1375 5003 712 1376 5004 850 1377 5005 702 1378 5006 702 1378 5007 850 1377 5008 851 1379 5009 702 1378 5010 851 1379 5011 703 1380 5012 703 1380 5013 851 1379 5014 852 1381 5015 703 1380 5016 852 1381 5017 704 1382 5018 704 1382 5019 852 1381 5020 853 1383 5021 704 1382 5022 853 1383 5023 705 1384 5024 705 1384 5025 853 1383 5026 854 1385 5027 705 1384 5028 854 1385 5029 855 1386 5030 705 1384 5031 855 1386 5032 706 1387 5033 706 1387 5034 855 1386 5035 707 1388 5036 707 1388 5037 855 1386 5038 856 1389 5039 707 1388 5040 856 1389 5041 708 1390 5042 708 1390 5043 856 1389 5044 857 1391 5045 708 1390 5046 857 1391 5047 709 1392 5048 709 1392 5049 857 1391 5050 858 1393 5051 709 1392 5052 858 1393 5053 710 1394 5054 710 1394 5055 858 1393 5056 859 1395 5057 710 1394 5058 859 1395 5059 711 1396 5060 711 1396 5061 859 1395 5062 860 1397 5063 711 1396 5064 860 1397 5065 712 1376 5066 712 1376 5067 860 1397 5068 850 1377 5069 850 12 5070 856 12 5071 851 12 5072 851 1398 5073 856 1398 5074 855 1398 5075 851 12 5076 855 12 5077 852 12 5078 852 12 5079 855 12 5080 854 12 5081 852 1399 5082 854 1399 5083 853 1399 5084 856 1400 5085 850 1400 5086 860 1400 5087 856 1401 5088 860 1401 5089 857 1401 5090 857 1402 5091 860 1402 5092 859 1402 5093 857 12 5094 859 12 5095 858 12 5096 719 1403 5097 617 1404 5098 713 1405 5099 713 1405 5100 617 1404 5101 714 1406 5102 714 1406 5103 617 1404 5104 623 1407 5105 714 1406 5106 623 1407 5107 622 1408 5108 714 1406 5109 622 1408 5110 715 1409 5111 715 1409 5112 622 1408 5113 716 1410 5114 716 1410 5115 622 1408 5116 621 1411 5117 716 1410 5118 621 1411 5119 620 1412 5120 716 1410 5121 620 1412 5122 717 1413 5123 717 1413 5124 620 1412 5125 718 1414 5126 718 1414 5127 620 1412 5128 619 1415 5129 718 1414 5130 619 1415 5131 618 1416 5132 718 1414 5133 618 1416 5134 719 1403 5135 719 1403 5136 618 1416 5137 617 1404 5138 726 1417 5139 624 1418 5140 720 1419 5141 720 1419 5142 624 1418 5143 721 1420 5144 721 1420 5145 624 1418 5146 629 1421 5147 721 1420 5148 629 1421 5149 722 1422 5150 722 1422 5151 629 1421 5152 628 1423 5153 722 1422 5154 628 1423 5155 723 1424 5156 723 1424 5157 628 1423 5158 627 1425 5159 723 1424 5160 627 1425 5161 724 1426 5162 724 1426 5163 627 1425 5164 626 1427 5165 724 1426 5166 626 1427 5167 725 1428 5168 725 1428 5169 626 1427 5170 625 1429 5171 725 1428 5172 625 1429 5173 726 1417 5174 726 1417 5175 625 1429 5176 624 1418 5177 733 1430 5178 630 1431 5179 727 1432 5180 727 1432 5181 630 1431 5182 728 1433 5183 728 1433 5184 630 1431 5185 635 1434 5186 728 1433 5187 635 1434 5188 729 1435 5189 729 1435 5190 635 1434 5191 634 1436 5192 729 1435 5193 634 1436 5194 730 1437 5195 730 1437 5196 634 1436 5197 633 1438 5198 730 1437 5199 633 1438 5200 731 1439 5201 731 1439 5202 633 1438 5203 732 1440 5204 732 1440 5205 633 1438 5206 632 1441 5207 732 1440 5208 632 1441 5209 631 1442 5210 732 1440 5211 631 1442 5212 733 1430 5213 733 1430 5214 631 1442 5215 630 1431 5216 743 1443 5217 866 1444 5218 738 1445 5219 738 1445 5220 866 1444 5221 861 1446 5222 738 1445 5223 861 1446 5224 739 1447 5225 739 1447 5226 861 1446 5227 862 1448 5228 739 1447 5229 862 1448 5230 740 1449 5231 740 1449 5232 862 1448 5233 863 1450 5234 740 1449 5235 863 1450 5236 741 1451 5237 741 1451 5238 863 1450 5239 864 1452 5240 741 1451 5241 864 1452 5242 742 1453 5243 742 1453 5244 864 1452 5245 865 1454 5246 742 1453 5247 865 1454 5248 743 1443 5249 743 1443 5250 865 1454 5251 866 1444 5252 866 12 5253 864 12 5254 861 12 5255 861 12 5256 864 12 5257 862 12 5258 862 1455 5259 864 1455 5260 863 1455 5261 864 1456 5262 866 1456 5263 865 1456 5264 867 12 5265 870 12 5266 872 12 5267 872 1457 5268 870 1457 5269 871 1457 5270 870 12 5271 867 12 5272 869 12 5273 869 1458 5274 867 1458 5275 868 1458 5276 873 12 5277 876 12 5278 878 12 5279 878 1459 5280 876 1459 5281 877 1459 5282 876 12 5283 873 12 5284 875 12 5285 875 1460 5286 873 1460 5287 874 1460 5288 879 12 5289 881 12 5290 884 12 5291 884 1461 5292 881 1461 5293 882 1461 5294 884 1462 5295 882 1462 5296 883 1462 5297 881 1463 5298 879 1463 5299 880 1463 5300 749 1464 5301 867 1465 5302 744 1466 5303 744 1466 5304 867 1465 5305 745 1467 5306 745 1467 5307 867 1465 5308 872 1468 5309 745 1467 5310 872 1468 5311 746 1469 5312 746 1469 5313 872 1468 5314 871 1470 5315 746 1469 5316 871 1470 5317 747 1471 5318 747 1471 5319 871 1470 5320 870 1472 5321 747 1471 5322 870 1472 5323 748 1473 5324 748 1473 5325 870 1472 5326 869 1474 5327 748 1473 5328 869 1474 5329 749 1464 5330 749 1464 5331 869 1474 5332 868 1475 5333 749 1464 5334 868 1475 5335 867 1465 5336 755 1476 5337 873 1477 5338 750 1478 5339 750 1478 5340 873 1477 5341 878 1479 5342 750 1478 5343 878 1479 5344 751 1480 5345 751 1480 5346 878 1479 5347 877 1481 5348 751 1480 5349 877 1481 5350 752 1482 5351 752 1482 5352 877 1481 5353 876 1483 5354 752 1482 5355 876 1483 5356 753 1484 5357 753 1484 5358 876 1483 5359 875 1485 5360 753 1484 5361 875 1485 5362 754 1486 5363 754 1486 5364 875 1485 5365 755 1476 5366 755 1476 5367 875 1485 5368 874 1487 5369 755 1476 5370 874 1487 5371 873 1477 5372 761 1488 5373 879 1489 5374 756 1490 5375 756 1490 5376 879 1489 5377 884 1491 5378 756 1490 5379 884 1491 5380 757 1492 5381 757 1492 5382 884 1491 5383 883 1493 5384 757 1492 5385 883 1493 5386 758 1494 5387 758 1494 5388 883 1493 5389 882 1495 5390 758 1494 5391 882 1495 5392 881 1496 5393 758 1494 5394 881 1496 5395 759 1497 5396 759 1497 5397 881 1496 5398 880 1498 5399 759 1497 5400 880 1498 5401 760 1499 5402 760 1499 5403 880 1498 5404 761 1488 5405 761 1488 5406 880 1498 5407 879 1489 5408 665 1500 5409 885 1501 5410 652 1502 5411 652 1502 5412 885 1501 5413 886 1503 5414 652 1502 5415 886 1503 5416 887 1504 5417 652 1502 5418 887 1504 5419 653 1505 5420 653 1505 5421 887 1504 5422 888 1506 5423 653 1505 5424 888 1506 5425 654 1507 5426 654 1507 5427 888 1506 5428 889 1508 5429 654 1507 5430 889 1508 5431 655 1509 5432 655 1509 5433 889 1508 5434 890 1510 5435 655 1509 5436 890 1510 5437 656 1511 5438 656 1511 5439 890 1510 5440 891 1512 5441 656 1511 5442 891 1512 5443 657 1513 5444 657 1513 5445 891 1512 5446 658 1514 5447 658 1514 5448 891 1512 5449 892 1515 5450 658 1514 5451 892 1515 5452 893 1516 5453 658 1514 5454 893 1516 5455 659 1517 5456 659 1517 5457 893 1516 5458 894 1518 5459 659 1517 5460 894 1518 5461 660 1519 5462 660 1519 5463 894 1518 5464 661 1520 5465 661 1520 5466 894 1518 5467 895 1521 5468 661 1520 5469 895 1521 5470 896 1522 5471 661 1520 5472 896 1522 5473 662 1523 5474 662 1523 5475 896 1522 5476 897 1524 5477 662 1523 5478 897 1524 5479 663 1525 5480 663 1525 5481 897 1524 5482 898 1526 5483 663 1525 5484 898 1526 5485 664 1527 5486 664 1527 5487 898 1526 5488 899 1528 5489 664 1527 5490 899 1528 5491 665 1500 5492 665 1500 5493 899 1528 5494 885 1501 5495 917 1529 5496 900 1529 5497 885 1529 5498 885 1530 5499 900 1530 5500 901 1530 5501 885 1531 5502 901 1531 5503 886 1531 5504 886 1532 5505 901 1532 5506 887 1532 5507 887 1533 5508 901 1533 5509 902 1533 5510 887 109 5511 902 109 5512 903 109 5513 887 109 5514 903 109 5515 888 109 5516 888 109 5517 903 109 5518 889 109 5519 889 1534 5520 903 1534 5521 904 1534 5522 889 1535 5523 904 1535 5524 905 1535 5525 889 109 5526 905 109 5527 890 109 5528 890 1536 5529 905 1536 5530 906 1536 5531 890 1537 5532 906 1537 5533 891 1537 5534 891 1538 5535 906 1538 5536 907 1538 5537 891 1539 5538 907 1539 5539 908 1539 5540 891 1540 5541 908 1540 5542 892 1540 5543 892 1541 5544 908 1541 5545 909 1541 5546 892 1542 5547 909 1542 5548 893 1542 5549 893 1543 5550 909 1543 5551 910 1543 5552 893 1544 5553 910 1544 5554 894 1544 5555 894 1545 5556 910 1545 5557 911 1545 5558 894 1546 5559 911 1546 5560 912 1546 5561 894 1547 5562 912 1547 5563 895 1547 5564 895 1548 5565 912 1548 5566 896 1548 5567 896 1549 5568 912 1549 5569 913 1549 5570 896 1550 5571 913 1550 5572 897 1550 5573 897 1551 5574 913 1551 5575 914 1551 5576 897 1552 5577 914 1552 5578 915 1552 5579 897 1553 5580 915 1553 5581 898 1553 5582 898 1554 5583 915 1554 5584 916 1554 5585 898 109 5586 916 109 5587 899 109 5588 899 1555 5589 916 1555 5590 917 1555 5591 899 1556 5592 917 1556 5593 885 1556 5594 900 1557 5595 636 1558 5596 651 1559 5597 900 1557 5598 651 1559 5599 901 1560 5600 901 1560 5601 651 1559 5602 902 1561 5603 902 1561 5604 651 1559 5605 650 1562 5606 902 1561 5607 650 1562 5608 903 1563 5609 903 1563 5610 650 1562 5611 649 1564 5612 903 1563 5613 649 1564 5614 904 1565 5615 904 1565 5616 649 1564 5617 648 1566 5618 904 1565 5619 648 1566 5620 905 1567 5621 905 1567 5622 648 1566 5623 647 1568 5624 905 1567 5625 647 1568 5626 906 1569 5627 906 1569 5628 647 1568 5629 646 1570 5630 906 1569 5631 646 1570 5632 907 1571 5633 907 1571 5634 646 1570 5635 645 1572 5636 907 1571 5637 645 1572 5638 908 1573 5639 908 1573 5640 645 1572 5641 644 1574 5642 908 1573 5643 644 1574 5644 909 1575 5645 909 1575 5646 644 1574 5647 643 1576 5648 909 1575 5649 643 1576 5650 910 1577 5651 910 1577 5652 643 1576 5653 597 1578 5654 910 1577 5655 597 1578 5656 911 1579 5657 911 1579 5658 597 1578 5659 598 1580 5660 911 1579 5661 598 1580 5662 642 1581 5663 911 1579 5664 642 1581 5665 912 1582 5666 912 1582 5667 642 1581 5668 641 1583 5669 912 1582 5670 641 1583 5671 913 1584 5672 913 1584 5673 641 1583 5674 640 1585 5675 913 1584 5676 640 1585 5677 914 1586 5678 914 1586 5679 640 1585 5680 639 1587 5681 914 1586 5682 639 1587 5683 915 1588 5684 915 1588 5685 639 1587 5686 638 1589 5687 915 1588 5688 638 1589 5689 916 1590 5690 916 1590 5691 638 1589 5692 607 1591 5693 916 1590 5694 607 1591 5695 637 1592 5696 916 1590 5697 637 1592 5698 917 1593 5699 917 1593 5700 637 1592 5701 636 1558 5702 917 1593 5703 636 1558 5704 900 1557 5705 677 1594 5706 928 1595 5707 666 1596 5708 666 1596 5709 928 1595 5710 918 1597 5711 666 1596 5712 918 1597 5713 667 1598 5714 667 1598 5715 918 1597 5716 919 1599 5717 667 1598 5718 919 1599 5719 668 1600 5720 669 1601 5721 668 1602 5722 920 1603 5723 669 1601 5724 920 1603 5725 670 1604 5726 670 1604 5727 921 1605 5728 671 1606 5729 671 1606 5730 921 1605 5731 922 1607 5732 671 1606 5733 922 1607 5734 672 1608 5735 672 1608 5736 922 1607 5737 923 1609 5738 672 1608 5739 923 1609 5740 673 1610 5741 673 1610 5742 924 1611 5743 674 1612 5744 674 1612 5745 924 1611 5746 925 1613 5747 674 1612 5748 925 1613 5749 675 1614 5750 675 1614 5751 925 1613 5752 926 1615 5753 675 1614 5754 926 1615 5755 676 1616 5756 676 1616 5757 927 1617 5758 677 1594 5759 677 1594 5760 927 1617 5761 928 1595 5762 928 1618 5763 935 1619 5764 918 1620 5765 918 1620 5766 935 1619 5767 936 1621 5768 918 1620 5769 936 1621 5770 919 1599 5771 919 1599 5772 936 1621 5773 937 1622 5774 919 1599 5775 937 1622 5776 938 1623 5777 919 1599 5778 938 1623 5779 668 1600 5780 668 1600 5781 938 1623 5782 920 1603 5783 920 1603 5784 938 1623 5785 939 1624 5786 920 1603 5787 939 1624 5788 670 1604 5789 670 1604 5790 939 1624 5791 940 1625 5792 670 1604 5793 940 1625 5794 921 1605 5795 921 1605 5796 940 1625 5797 941 1626 5798 921 1605 5799 941 1626 5800 922 1627 5801 922 1627 5802 941 1626 5803 942 1628 5804 922 1627 5805 942 1628 5806 923 1609 5807 923 1609 5808 942 1628 5809 929 1629 5810 923 1609 5811 929 1629 5812 673 1610 5813 673 1610 5814 929 1629 5815 924 1611 5816 924 1611 5817 929 1629 5818 930 1630 5819 924 1611 5820 930 1630 5821 925 1631 5822 925 1631 5823 930 1630 5824 931 1632 5825 925 1631 5826 931 1632 5827 926 1615 5828 926 1615 5829 931 1632 5830 932 1633 5831 926 1615 5832 932 1633 5833 676 1616 5834 676 1616 5835 932 1633 5836 933 1634 5837 676 1616 5838 933 1634 5839 927 1617 5840 927 1617 5841 933 1634 5842 934 1635 5843 927 1617 5844 934 1635 5845 928 1618 5846 928 1618 5847 934 1635 5848 935 1619 5849 942 1636 5850 948 1636 5851 929 1636 5852 929 1637 5853 948 1637 5854 949 1637 5855 948 1638 5856 942 1638 5857 947 1638 5858 947 1639 5859 942 1639 5860 941 1639 5861 947 1640 5862 941 1640 5863 946 1640 5864 946 1641 5865 941 1641 5866 940 1641 5867 946 1642 5868 940 1642 5869 939 1642 5870 946 1643 5871 939 1643 5872 945 1643 5873 945 1644 5874 939 1644 5875 938 1644 5876 945 1645 5877 938 1645 5878 944 1645 5879 944 1646 5880 938 1646 5881 937 1646 5882 944 1647 5883 937 1647 5884 936 1647 5885 944 1648 5886 936 1648 5887 943 1648 5888 943 1649 5889 936 1649 5890 953 1649 5891 953 1650 5892 936 1650 5893 935 1650 5894 953 1651 5895 935 1651 5896 934 1651 5897 953 1652 5898 934 1652 5899 952 1652 5900 952 1653 5901 934 1653 5902 933 1653 5903 952 1654 5904 933 1654 5905 932 1654 5906 952 1655 5907 932 1655 5908 951 1655 5909 951 1656 5910 932 1656 5911 931 1656 5912 951 1657 5913 931 1657 5914 950 1657 5915 950 1658 5916 931 1658 5917 930 1658 5918 950 1659 5919 930 1659 5920 949 1659 5921 949 1660 5922 930 1660 5923 929 1660 5924 953 1661 5925 966 1662 5926 943 1663 5927 943 1663 5928 966 1662 5929 954 1664 5930 943 1663 5931 954 1664 5932 944 1665 5933 944 1665 5934 954 1664 5935 955 1666 5936 944 1665 5937 955 1666 5938 945 1667 5939 945 1667 5940 955 1666 5941 956 1668 5942 945 1667 5943 956 1668 5944 946 1669 5945 946 1669 5946 956 1668 5947 957 1670 5948 946 1669 5949 957 1670 5950 947 1671 5951 947 1671 5952 957 1670 5953 958 1672 5954 947 1671 5955 958 1672 5956 948 1673 5957 948 1673 5958 958 1672 5959 959 1674 5960 948 1673 5961 959 1674 5962 960 1675 5963 948 1673 5964 960 1675 5965 949 1676 5966 949 1676 5967 960 1675 5968 961 1677 5969 949 1676 5970 961 1677 5971 950 1678 5972 950 1678 5973 961 1677 5974 962 1679 5975 950 1678 5976 962 1679 5977 951 1680 5978 951 1680 5979 962 1679 5980 963 1681 5981 951 1680 5982 963 1681 5983 952 1682 5984 952 1682 5985 963 1681 5986 964 1683 5987 952 1682 5988 964 1683 5989 965 1684 5990 952 1682 5991 965 1684 5992 953 1661 5993 953 1661 5994 965 1684 5995 966 1662 5996 966 1685 5997 972 1686 5998 954 1687 5999 954 1687 6000 972 1686 6001 973 1688 6002 954 1687 6003 973 1688 6004 955 1689 6005 955 1689 6006 973 1688 6007 974 1690 6008 955 1689 6009 974 1690 6010 956 1691 6011 956 1691 6012 974 1690 6013 975 1692 6014 956 1691 6015 975 1692 6016 957 1693 6017 957 1693 6018 975 1692 6019 976 1694 6020 957 1693 6021 976 1694 6022 958 1695 6023 958 1695 6024 976 1694 6025 977 1696 6026 958 1695 6027 977 1696 6028 959 1697 6029 959 1697 6030 977 1696 6031 960 1698 6032 960 1698 6033 977 1696 6034 967 1699 6035 960 1698 6036 967 1699 6037 961 1700 6038 961 1700 6039 967 1699 6040 968 1701 6041 961 1700 6042 968 1701 6043 962 1702 6044 962 1702 6045 968 1701 6046 969 1703 6047 962 1702 6048 969 1703 6049 963 1704 6050 963 1704 6051 969 1703 6052 970 1705 6053 963 1704 6054 970 1705 6055 964 1706 6056 964 1706 6057 970 1705 6058 965 1707 6059 965 1707 6060 970 1705 6061 971 1708 6062 965 1707 6063 971 1708 6064 966 1685 6065 966 1685 6066 971 1708 6067 972 1686 6068 967 1709 6069 981 1709 6070 982 1709 6071 981 1710 6072 967 1710 6073 977 1710 6074 981 1711 6075 977 1711 6076 980 1711 6077 980 1712 6078 977 1712 6079 976 1712 6080 980 1713 6081 976 1713 6082 975 1713 6083 980 1714 6084 975 1714 6085 974 1714 6086 980 1715 6087 974 1715 6088 979 1715 6089 979 1716 6090 974 1716 6091 973 1716 6092 979 1717 6093 973 1717 6094 978 1717 6095 978 1718 6096 973 1718 6097 972 1718 6098 978 1719 6099 972 1719 6100 983 1719 6101 983 1720 6102 972 1720 6103 971 1720 6104 983 1721 6105 971 1721 6106 970 1721 6107 983 1722 6108 970 1722 6109 969 1722 6110 983 1723 6111 969 1723 6112 982 1723 6113 982 1724 6114 969 1724 6115 968 1724 6116 982 1725 6117 968 1725 6118 967 1725 6119 978 1726 6120 984 1727 6121 985 1728 6122 978 1726 6123 985 1728 6124 979 1729 6125 979 1729 6126 985 1728 6127 980 1730 6128 980 1730 6129 985 1728 6130 986 1731 6131 980 1730 6132 986 1731 6133 987 1732 6134 980 1730 6135 987 1732 6136 981 1733 6137 981 1733 6138 987 1732 6139 988 1734 6140 981 1733 6141 988 1734 6142 989 1735 6143 981 1733 6144 989 1735 6145 982 1736 6146 982 1736 6147 989 1735 6148 990 1737 6149 982 1736 6150 990 1737 6151 983 1738 6152 983 1738 6153 990 1737 6154 991 1739 6155 983 1738 6156 991 1739 6157 978 1726 6158 978 1726 6159 991 1739 6160 984 1727 6161 984 1740 6162 995 1741 6163 985 1742 6164 985 1742 6165 995 1741 6166 996 1743 6167 985 1742 6168 996 1743 6169 986 1744 6170 986 1744 6171 996 1743 6172 997 1745 6173 986 1744 6174 997 1745 6175 987 1746 6176 987 1746 6177 997 1745 6178 998 1747 6179 987 1746 6180 998 1747 6181 988 1748 6182 988 1748 6183 998 1747 6184 999 1749 6185 988 1748 6186 999 1749 6187 989 1750 6188 989 1750 6189 999 1749 6190 992 1751 6191 989 1750 6192 992 1751 6193 990 1752 6194 990 1752 6195 992 1751 6196 993 1753 6197 990 1752 6198 993 1753 6199 991 1754 6200 991 1754 6201 993 1753 6202 994 1755 6203 991 1754 6204 994 1755 6205 995 1741 6206 991 1754 6207 995 1741 6208 984 1740 6209 999 358 6210 996 358 6211 992 358 6212 992 359 6213 996 359 6214 995 359 6215 992 109 6216 995 109 6217 993 109 6218 993 360 6219 995 360 6220 994 360 6221 996 361 6222 999 361 6223 998 361 6224 996 362 6225 998 362 6226 997 362 6227 1001 1756 6228 1022 1756 6229 1000 1756 6230 1000 1757 6231 1022 1757 6232 1020 1757 6233 1020 1758 6234 1022 1758 6235 1023 1758 6236 1020 1759 6237 1023 1760 6238 1019 1761 6239 1019 1762 6240 1023 1762 6241 1018 1762 6242 1018 1763 6243 1023 1763 6244 1017 1763 6245 1017 1764 6246 1023 1764 6247 1024 1764 6248 1001 1765 6249 1021 1765 6250 1022 1765 6251 1021 1766 6252 1001 1766 6253 1051 1766 6254 1021 1767 6255 1051 1767 6256 1052 1767 6257 1051 1768 6258 1001 1768 6259 1002 1768 6260 1051 1769 6261 1002 1769 6262 1050 1769 6263 1050 1770 6264 1002 1770 6265 1003 1770 6266 1050 1771 6267 1003 1771 6268 1004 1771 6269 1050 1772 6270 1004 1772 6271 1030 1772 6272 1030 1773 6273 1004 1773 6274 1029 1773 6275 1029 1774 6276 1004 1774 6277 1028 1774 6278 1028 1775 6279 1004 1775 6280 1005 1775 6281 1028 1776 6282 1005 1776 6283 1033 1776 6284 1033 1777 6285 1005 1777 6286 1006 1777 6287 1033 1778 6288 1006 1778 6289 1032 1778 6290 1032 1779 6291 1050 1779 6292 1031 1779 6293 1031 1780 6294 1050 1780 6295 1030 1780 6296 1032 1781 6297 1006 1781 6298 1049 1781 6299 1049 1782 6300 1006 1782 6301 1007 1782 6302 1049 1783 6303 1007 1783 6304 1008 1783 6305 1049 1784 6306 1008 1784 6307 1037 1784 6308 1037 1785 6309 1008 1785 6310 1036 1785 6311 1036 1786 6312 1008 1786 6313 1068 1786 6314 1036 1787 6315 1068 1787 6316 1035 1787 6317 1035 1788 6318 1068 1788 6319 1009 1788 6320 1035 1789 6321 1009 1789 6322 1010 1789 6323 1035 1790 6324 1010 1790 6325 1034 1790 6326 1034 1791 6327 1010 1791 6328 1040 1791 6329 1040 1792 6330 1010 1792 6331 1057 1792 6332 1040 1793 6333 1057 1793 6334 1039 1793 6335 1039 1794 6336 1057 1794 6337 1048 1794 6338 1039 1795 6339 1048 1795 6340 1038 1795 6341 1038 1796 6342 1048 1796 6343 1037 1796 6344 1037 1797 6345 1048 1797 6346 1049 1797 6347 1010 1798 6348 1011 1798 6349 1057 1798 6350 1057 1799 6351 1011 1799 6352 1012 1799 6353 1057 1800 6354 1012 1800 6355 1056 1800 6356 1056 1801 6357 1012 1801 6358 1045 1801 6359 1045 1802 6360 1012 1802 6361 1044 1802 6362 1044 1803 6363 1012 1803 6364 1013 1803 6365 1044 1804 6366 1013 1804 6367 1043 1804 6368 1043 1805 6369 1013 1805 6370 1014 1805 6371 1043 1806 6372 1014 1806 6373 1042 1806 6374 1042 1807 6375 1014 1807 6376 1041 1807 6377 1041 1808 6378 1014 1808 6379 1047 1808 6380 1047 1809 6381 1014 1809 6382 1055 1809 6383 1047 1810 6384 1055 1810 6385 1046 1810 6386 1046 1811 6387 1055 1811 6388 1045 1811 6389 1045 1812 6390 1055 1812 6391 1056 1812 6392 1014 1813 6393 1015 1813 6394 1055 1813 6395 1055 1814 6396 1015 1814 6397 1054 1814 6398 1054 1815 6399 1015 1815 6400 1016 1815 6401 1054 1816 6402 1016 1816 6403 1053 1816 6404 1053 1817 6405 1016 1817 6406 1017 1817 6407 1017 1818 6408 1025 1818 6409 1053 1818 6410 1053 1819 6411 1025 1819 6412 1052 1819 6413 1025 1820 6414 1017 1820 6415 1024 1820 6416 1052 1821 6417 1025 1821 6418 1026 1821 6419 1052 1822 6420 1026 1822 6421 1027 1822 6422 1052 1823 6423 1027 1823 6424 1021 1823 6425 1001 1824 6426 1000 1825 6427 1058 1826 6428 1001 1824 6429 1058 1826 6430 1059 1827 6431 1001 1824 6432 1059 1827 6433 1002 1828 6434 1002 1828 6435 1059 1827 6436 1060 1829 6437 1002 1828 6438 1060 1829 6439 1003 1830 6440 1004 1831 6441 1003 1832 6442 1061 1833 6443 1004 1831 6444 1061 1833 6445 1062 1834 6446 1004 1831 6447 1062 1834 6448 1005 1835 6449 1005 1835 6450 1062 1834 6451 1063 1836 6452 1005 1835 6453 1063 1836 6454 1006 1837 6455 1006 1837 6456 1063 1836 6457 1064 1838 6458 1006 1837 6459 1064 1838 6460 1065 1839 6461 1006 1837 6462 1065 1839 6463 1007 1840 6464 1007 1840 6465 1065 1839 6466 1066 1841 6467 1007 1840 6468 1066 1841 6469 1008 1842 6470 1008 1842 6471 1066 1841 6472 1067 1843 6473 1008 1842 6474 1067 1843 6475 1068 1844 6476 1018 1845 6477 1017 1846 6478 1077 1847 6479 1077 1847 6480 1017 1846 6481 1076 1848 6482 1076 1848 6483 1017 1846 6484 1016 1849 6485 1076 1848 6486 1016 1849 6487 1075 1850 6488 1075 1850 6489 1016 1849 6490 1015 1851 6491 1075 1850 6492 1015 1851 6493 1074 1852 6494 1074 1852 6495 1015 1851 6496 1014 1853 6497 1073 1854 6498 1014 1853 6499 1013 1855 6500 1073 1854 6501 1013 1855 6502 1072 1856 6503 1072 1856 6504 1013 1855 6505 1012 1857 6506 1071 1858 6507 1012 1857 6508 1011 1859 6509 1071 1858 6510 1011 1859 6511 1070 1860 6512 1070 1860 6513 1011 1859 6514 1010 1861 6515 1070 1860 6516 1010 1861 6517 1069 1862 6518 1069 1862 6519 1010 1861 6520 1009 1863 6521 1020 1864 6522 1078 1864 6523 1079 1864 6524 1092 1865 6525 1068 1866 6526 1091 1867 6527 1091 1868 6528 1068 1869 6529 1067 1870 6530 1091 1868 6531 1067 1870 6532 1090 1871 6533 1090 1871 6534 1067 1870 6535 1066 1872 6536 1090 1871 6537 1066 1872 6538 1065 1873 6539 1090 1871 6540 1065 1873 6541 1089 1874 6542 1089 1874 6543 1065 1873 6544 1064 1875 6545 1089 1874 6546 1064 1875 6547 1088 1876 6548 1088 1876 6549 1064 1875 6550 1087 1877 6551 1087 1877 6552 1064 1875 6553 1063 1878 6554 1087 1877 6555 1063 1878 6556 1062 1879 6557 1087 1877 6558 1062 1879 6559 1086 1880 6560 1086 1880 6561 1062 1879 6562 1061 1881 6563 1086 1880 6564 1061 1881 6565 1085 1882 6566 1085 1882 6567 1061 1881 6568 1084 1883 6569 1084 1883 6570 1061 1881 6571 1003 1830 6572 1084 1883 6573 1003 1830 6574 1060 1829 6575 1084 1883 6576 1060 1829 6577 1083 1884 6578 1083 1884 6579 1060 1829 6580 1059 1885 6581 1083 1884 6582 1059 1885 6583 1082 1886 6584 1082 1886 6585 1059 1885 6586 1081 1887 6587 1081 1887 6588 1059 1885 6589 1058 1888 6590 1081 1887 6591 1058 1888 6592 1080 1889 6593 1080 1890 6594 1058 1891 6595 1000 1892 6596 1019 1893 6597 1093 1894 6598 1078 1895 6599 1019 1893 6600 1078 1895 6601 1020 1896 6602 1009 1897 6603 1094 1898 6604 1069 1899 6605 1069 1900 6606 1094 1901 6607 1095 1902 6608 1069 1900 6609 1095 1902 6610 1070 1903 6611 1070 1903 6612 1095 1902 6613 1096 1904 6614 1070 1903 6615 1096 1904 6616 1071 1858 6617 1071 1858 6618 1096 1904 6619 1097 1905 6620 1071 1858 6621 1097 1905 6622 1012 1857 6623 1012 1857 6624 1097 1905 6625 1098 1906 6626 1012 1857 6627 1098 1906 6628 1072 1856 6629 1072 1856 6630 1098 1906 6631 1099 1907 6632 1072 1856 6633 1099 1907 6634 1073 1854 6635 1073 1854 6636 1099 1907 6637 1100 1908 6638 1073 1854 6639 1100 1908 6640 1014 1853 6641 1014 1853 6642 1100 1908 6643 1101 1909 6644 1014 1853 6645 1101 1909 6646 1074 1852 6647 1074 1852 6648 1101 1909 6649 1102 1910 6650 1074 1852 6651 1102 1910 6652 1075 1911 6653 1075 1911 6654 1102 1910 6655 1103 1912 6656 1075 1911 6657 1103 1912 6658 1076 1913 6659 1076 1913 6660 1103 1912 6661 1077 1914 6662 1077 1914 6663 1103 1912 6664 1104 1915 6665 1077 1914 6666 1104 1915 6667 1018 1916 6668 1018 1917 6669 1104 1918 6670 1105 1919 6671 1094 1920 6672 1009 1921 6673 1092 1922 6674 1092 1923 6675 1009 1923 6676 1068 1923 6677 1078 1895 6678 1093 1894 6679 1079 1924 6680 1105 1919 6681 1104 1918 6682 1114 1925 6683 1114 1925 6684 1104 1918 6685 1103 1926 6686 1114 1925 6687 1103 1926 6688 1113 1927 6689 1113 1927 6690 1103 1926 6691 1102 1928 6692 1113 1927 6693 1102 1928 6694 1112 1929 6695 1112 1929 6696 1102 1928 6697 1101 1930 6698 1112 1929 6699 1101 1930 6700 1111 1931 6701 1111 1931 6702 1101 1930 6703 1100 1932 6704 1111 1931 6705 1100 1932 6706 1110 1933 6707 1110 1933 6708 1100 1932 6709 1099 1934 6710 1110 1933 6711 1099 1934 6712 1109 1935 6713 1109 1935 6714 1099 1934 6715 1098 1936 6716 1109 1935 6717 1098 1936 6718 1108 1937 6719 1108 1937 6720 1098 1936 6721 1097 1938 6722 1108 1937 6723 1097 1938 6724 1107 1939 6725 1107 1939 6726 1097 1938 6727 1096 1940 6728 1107 1939 6729 1096 1940 6730 1106 1941 6731 1106 1941 6732 1096 1940 6733 1095 1902 6734 1106 1941 6735 1095 1902 6736 1094 1901 6737 1080 1942 6738 1115 1943 6739 1081 1944 6740 1081 1944 6741 1115 1943 6742 1082 1945 6743 1082 1945 6744 1115 1943 6745 1116 1946 6746 1082 1945 6747 1116 1946 6748 1083 1947 6749 1083 1947 6750 1116 1946 6751 1117 1948 6752 1083 1947 6753 1117 1948 6754 1084 1883 6755 1084 1883 6756 1117 1948 6757 1085 1882 6758 1086 1880 6759 1085 1882 6760 1118 1949 6761 1086 1880 6762 1118 1949 6763 1087 1877 6764 1087 1877 6765 1118 1949 6766 1088 1876 6767 1089 1874 6768 1088 1876 6769 1119 1950 6770 1089 1874 6771 1119 1950 6772 1090 1951 6773 1090 1951 6774 1119 1950 6775 1120 1952 6776 1090 1951 6777 1120 1952 6778 1091 1953 6779 1091 1953 6780 1120 1952 6781 1092 1954 6782 1114 1955 6783 1137 1955 6784 1105 1955 6785 1105 1956 6786 1137 1956 6787 1093 1956 6788 1093 1957 6789 1137 1957 6790 1138 1957 6791 1093 1958 6792 1138 1959 6793 1079 1960 6794 1079 1961 6795 1138 1961 6796 1080 1961 6797 1080 1962 6798 1138 1962 6799 1139 1962 6800 1080 1963 6801 1139 1963 6802 1115 1963 6803 1114 1964 6804 1136 1964 6805 1137 1964 6806 1136 1965 6807 1114 1965 6808 1113 1965 6809 1136 1966 6810 1113 1966 6811 1128 1966 6812 1136 1967 6813 1128 1967 6814 1129 1967 6815 1128 1968 6816 1113 1968 6817 1112 1968 6818 1111 1969 6819 1154 1969 6820 1112 1969 6821 1112 1970 6822 1154 1970 6823 1127 1970 6824 1127 1971 6825 1154 1971 6826 1155 1971 6827 1154 1972 6828 1111 1972 6829 1160 1972 6830 1160 1973 6831 1111 1973 6832 1110 1973 6833 1160 1974 6834 1110 1974 6835 1159 1974 6836 1159 1975 6837 1110 1975 6838 1158 1975 6839 1158 1976 6840 1110 1976 6841 1109 1976 6842 1158 1977 6843 1109 1977 6844 1157 1977 6845 1157 1978 6846 1109 1978 6847 1125 1978 6848 1157 1979 6849 1125 1979 6850 1156 1979 6851 1156 1980 6852 1125 1980 6853 1126 1980 6854 1156 1981 6855 1126 1981 6856 1155 1981 6857 1155 1982 6858 1126 1982 6859 1127 1982 6860 1109 1983 6861 1108 1983 6862 1125 1983 6863 1125 1984 6864 1108 1984 6865 1124 1984 6866 1124 1985 6867 1108 1985 6868 1107 1985 6869 1106 1986 6870 1153 1986 6871 1107 1986 6872 1107 1987 6873 1153 1987 6874 1147 1987 6875 1153 1988 6876 1106 1988 6877 1152 1988 6878 1152 1989 6879 1106 1989 6880 1094 1989 6881 1152 1990 6882 1094 1991 6883 1092 1992 6884 1152 1993 6885 1092 1993 6886 1151 1993 6887 1151 1994 6888 1092 1994 6889 1120 1994 6890 1151 1995 6891 1120 1995 6892 1150 1995 6893 1150 1996 6894 1120 1996 6895 1149 1996 6896 1149 1997 6897 1120 1997 6898 1119 1997 6899 1149 1998 6900 1119 1998 6901 1122 1998 6902 1122 1999 6903 1119 1999 6904 1121 1999 6905 1121 2000 6906 1119 2000 6907 1088 2000 6908 1121 2001 6909 1088 2001 6910 1140 2001 6911 1140 2002 6912 1088 2002 6913 1118 2002 6914 1140 2003 6915 1118 2003 6916 1146 2003 6917 1146 2004 6918 1118 2004 6919 1145 2004 6920 1145 2005 6921 1118 2005 6922 1085 2005 6923 1145 2006 6924 1085 2006 6925 1144 2006 6926 1144 2007 6927 1085 2007 6928 1143 2007 6929 1143 2008 6930 1085 2008 6931 1117 2008 6932 1143 2009 6933 1117 2009 6934 1142 2009 6935 1142 2010 6936 1117 2010 6937 1132 2010 6938 1142 2011 6939 1132 2011 6940 1121 2011 6941 1142 2012 6942 1121 2012 6943 1141 2012 6944 1141 2013 6945 1121 2013 6946 1140 2013 6947 1132 2014 6948 1117 2014 6949 1131 2014 6950 1131 2015 6951 1117 2015 6952 1116 2015 6953 1131 2016 6954 1116 2016 6955 1133 2016 6956 1133 2017 6957 1116 2017 6958 1115 2017 6959 1133 2018 6960 1115 2018 6961 1139 2018 6962 1149 2019 6963 1122 2019 6964 1148 2019 6965 1148 2020 6966 1122 2020 6967 1123 2020 6968 1148 2021 6969 1123 2021 6970 1147 2021 6971 1147 2022 6972 1123 2022 6973 1124 2022 6974 1147 2023 6975 1124 2023 6976 1107 2023 6977 1127 2024 6978 1128 2024 6979 1112 2024 6980 1129 2025 6981 1135 2025 6982 1136 2025 6983 1130 2026 6984 1135 2026 6985 1129 2026 6986 1130 2027 6987 1134 2027 6988 1135 2027 6989 1131 2028 6990 1133 2028 6991 1130 2028 6992 1130 2029 6993 1133 2029 6994 1134 2029 6995 1161 2030 6996 1121 2031 6997 1132 2032 6998 1172 2033 6999 1132 2032 7000 1131 2034 7001 1172 2033 7002 1131 2034 7003 1171 2035 7004 1171 2035 7005 1131 2034 7006 1130 2036 7007 1171 2035 7008 1130 2036 7009 1170 2037 7010 1170 2037 7011 1130 2036 7012 1129 2038 7013 1170 2037 7014 1129 2038 7015 1169 2039 7016 1169 2039 7017 1129 2038 7018 1128 2040 7019 1169 2039 7020 1128 2040 7021 1168 2041 7022 1168 2041 7023 1128 2040 7024 1127 2042 7025 1168 2041 7026 1127 2042 7027 1167 2043 7028 1167 2043 7029 1127 2042 7030 1126 2044 7031 1167 2043 7032 1126 2044 7033 1166 2045 7034 1166 2045 7035 1126 2044 7036 1125 2046 7037 1166 2045 7038 1125 2046 7039 1165 2047 7040 1165 2047 7041 1125 2046 7042 1124 2048 7043 1165 2047 7044 1124 2048 7045 1164 2049 7046 1164 2049 7047 1124 2048 7048 1123 2050 7049 1164 2049 7050 1123 2050 7051 1163 2051 7052 1163 2051 7053 1123 2050 7054 1122 2052 7055 1163 2051 7056 1122 2052 7057 1162 2053 7058 1162 2053 7059 1122 2052 7060 1121 2031 7061 1162 2053 7062 1121 2031 7063 1161 2030 7064 1132 2032 7065 1177 2054 7066 1161 2030 7067 1161 2030 7068 1177 2054 7069 1178 2055 7070 1161 2030 7071 1178 2055 7072 1162 2056 7073 1162 2056 7074 1178 2055 7075 1179 2057 7076 1162 2056 7077 1179 2057 7078 1163 2058 7079 1163 2058 7080 1179 2057 7081 1180 2059 7082 1163 2058 7083 1180 2059 7084 1164 2060 7085 1164 2060 7086 1180 2059 7087 1181 2061 7088 1164 2060 7089 1181 2061 7090 1165 2062 7091 1165 2062 7092 1181 2061 7093 1166 2063 7094 1166 2063 7095 1181 2061 7096 1182 2064 7097 1166 2063 7098 1182 2064 7099 1167 2065 7100 1167 2065 7101 1182 2064 7102 1173 2066 7103 1167 2065 7104 1173 2066 7105 1168 2067 7106 1168 2067 7107 1173 2066 7108 1174 2068 7109 1168 2067 7110 1174 2068 7111 1169 2069 7112 1169 2069 7113 1174 2068 7114 1170 2070 7115 1170 2070 7116 1174 2068 7117 1175 2071 7118 1170 2070 7119 1175 2071 7120 1171 2072 7121 1171 2072 7122 1175 2071 7123 1176 2073 7124 1171 2072 7125 1176 2073 7126 1172 2033 7127 1172 2033 7128 1176 2073 7129 1177 2054 7130 1172 2033 7131 1177 2054 7132 1132 2032 7133 1182 2074 7134 1185 2074 7135 1173 2074 7136 1173 2075 7137 1185 2075 7138 1174 2075 7139 1174 2076 7140 1185 2076 7141 1186 2076 7142 1174 2077 7143 1186 2077 7144 1175 2077 7145 1175 2078 7146 1186 2078 7147 1187 2078 7148 1175 2079 7149 1187 2079 7150 1176 2079 7151 1176 2080 7152 1187 2080 7153 1188 2080 7154 1176 2081 7155 1188 2081 7156 1177 2081 7157 1177 2082 7158 1188 2082 7159 1189 2082 7160 1177 2083 7161 1189 2083 7162 1178 2083 7163 1178 2084 7164 1189 2084 7165 1179 2084 7166 1179 2085 7167 1189 2085 7168 1191 2085 7169 1179 2086 7170 1191 2086 7171 1180 2086 7172 1185 2087 7173 1182 2087 7174 1184 2087 7175 1184 2088 7176 1182 2088 7177 1181 2088 7178 1180 2089 7179 1183 2089 7180 1181 2089 7181 1183 2090 7182 1180 2090 7183 1191 2090 7184 1183 2091 7185 1184 2091 7186 1181 2091 7187 1189 2092 7188 1190 2092 7189 1191 2092 7190 1192 2093 7191 1211 2093 7192 1191 2093 7193 1191 2094 7194 1211 2094 7195 1183 2094 7196 1193 2095 7197 1211 2095 7198 1192 2095 7199 1193 2096 7200 1192 2096 7201 1203 2096 7202 1194 2097 7203 1211 2097 7204 1193 2097 7205 1195 2098 7206 1209 2098 7207 1194 2098 7208 1194 2099 7209 1209 2099 7210 1210 2099 7211 1194 2100 7212 1210 2100 7213 1211 2100 7214 1209 2101 7215 1195 2101 7216 1196 2101 7217 1209 2102 7218 1196 2102 7219 1208 2102 7220 1208 2103 7221 1196 2103 7222 1197 2103 7223 1208 2104 7224 1197 2104 7225 1198 2104 7226 1208 2105 7227 1198 2105 7228 1207 2105 7229 1207 2106 7230 1198 2106 7231 1199 2106 7232 1207 2107 7233 1199 2107 7234 1206 2107 7235 1206 2108 7236 1199 2108 7237 1200 2108 7238 1206 2109 7239 1200 2109 7240 1205 2109 7241 1205 2110 7242 1200 2110 7243 1201 2110 7244 1205 2111 7245 1201 2111 7246 1202 2111 7247 1205 2112 7248 1202 2112 7249 1204 2112 7250 1204 2113 7251 1202 2113 7252 1192 2113 7253 1192 2114 7254 1202 2114 7255 1203 2114 7256 1212 2115 7257 1193 2116 7258 1223 2117 7259 1223 2117 7260 1193 2116 7261 1203 2118 7262 1223 2117 7263 1203 2118 7264 1222 2119 7265 1222 2119 7266 1203 2118 7267 1202 2120 7268 1222 2119 7269 1202 2120 7270 1221 2121 7271 1221 2121 7272 1202 2120 7273 1201 2122 7274 1221 2121 7275 1201 2122 7276 1220 2123 7277 1220 2123 7278 1201 2122 7279 1200 2124 7280 1220 2123 7281 1200 2124 7282 1219 2125 7283 1219 2125 7284 1200 2124 7285 1199 2126 7286 1219 2125 7287 1199 2126 7288 1218 2127 7289 1218 2127 7290 1199 2126 7291 1198 2128 7292 1218 2127 7293 1198 2128 7294 1217 2129 7295 1217 2129 7296 1198 2128 7297 1216 2130 7298 1216 2130 7299 1198 2128 7300 1197 2131 7301 1216 2130 7302 1197 2131 7303 1215 2132 7304 1215 2132 7305 1197 2131 7306 1196 2133 7307 1215 2132 7308 1196 2133 7309 1214 2134 7310 1214 2134 7311 1196 2133 7312 1195 2135 7313 1214 2134 7314 1195 2135 7315 1213 2136 7316 1213 2136 7317 1195 2135 7318 1194 2137 7319 1213 2136 7320 1194 2137 7321 1212 2115 7322 1212 2115 7323 1194 2137 7324 1193 2116 7325 1212 2138 7326 1224 2139 7327 1225 2140 7328 1212 2138 7329 1225 2140 7330 1213 2141 7331 1213 2141 7332 1225 2140 7333 1226 2142 7334 1213 2141 7335 1226 2142 7336 1214 2143 7337 1214 2143 7338 1226 2142 7339 1227 2144 7340 1214 2143 7341 1227 2144 7342 1215 2145 7343 1215 2145 7344 1227 2144 7345 1228 2146 7346 1215 2145 7347 1228 2146 7348 1216 2147 7349 1216 2147 7350 1228 2146 7351 1229 2148 7352 1216 2147 7353 1229 2148 7354 1217 2149 7355 1217 2149 7356 1229 2148 7357 1230 2150 7358 1217 2149 7359 1230 2150 7360 1218 2151 7361 1218 2151 7362 1230 2150 7363 1231 2152 7364 1218 2151 7365 1231 2152 7366 1219 2153 7367 1219 2153 7368 1231 2152 7369 1232 2154 7370 1219 2153 7371 1232 2154 7372 1220 2155 7373 1220 2155 7374 1232 2154 7375 1233 2156 7376 1220 2155 7377 1233 2156 7378 1221 2157 7379 1221 2157 7380 1233 2156 7381 1234 2158 7382 1221 2157 7383 1234 2158 7384 1222 2159 7385 1222 2159 7386 1234 2158 7387 1235 2160 7388 1222 2159 7389 1235 2160 7390 1223 2161 7391 1223 2161 7392 1235 2160 7393 1224 2139 7394 1223 2161 7395 1224 2139 7396 1212 2138 7397 1224 2162 7398 1251 2162 7399 1236 2162 7400 1224 2163 7401 1236 2163 7402 1225 2163 7403 1225 2164 7404 1236 2164 7405 1237 2164 7406 1225 2165 7407 1237 2165 7408 1226 2165 7409 1226 2166 7410 1237 2166 7411 1238 2166 7412 1226 2167 7413 1238 2167 7414 1227 2167 7415 1227 2168 7416 1238 2168 7417 1239 2168 7418 1227 2169 7419 1239 2169 7420 1228 2169 7421 1228 2170 7422 1239 2170 7423 1240 2170 7424 1228 2171 7425 1240 2171 7426 1229 2171 7427 1229 2172 7428 1240 2172 7429 1241 2172 7430 1229 2173 7431 1241 2173 7432 1230 2173 7433 1230 2174 7434 1241 2174 7435 1242 2174 7436 1230 2175 7437 1242 2175 7438 1231 2175 7439 1231 2176 7440 1242 2176 7441 1243 2176 7442 1231 2177 7443 1243 2177 7444 1232 2177 7445 1232 2178 7446 1243 2178 7447 1244 2178 7448 1232 2179 7449 1244 2179 7450 1233 2179 7451 1233 2180 7452 1244 2180 7453 1245 2180 7454 1233 2181 7455 1245 2181 7456 1234 2181 7457 1234 2182 7458 1245 2182 7459 1246 2182 7460 1234 2183 7461 1246 2183 7462 1235 2183 7463 1235 2184 7464 1246 2184 7465 1247 2184 7466 1235 2185 7467 1247 2185 7468 1224 2185 7469 1224 2186 7470 1247 2186 7471 1251 2186 7472 1239 2187 7473 1268 2188 7474 1240 2189 7475 1251 2190 7476 1247 2191 7477 1250 2192 7478 1251 2190 7479 1250 2192 7480 1252 2193 7481 1251 2190 7482 1252 2193 7483 1248 2194 7484 1251 2190 7485 1248 2194 7486 1236 2195 7487 1236 2195 7488 1248 2194 7489 1276 2196 7490 1236 2195 7491 1276 2196 7492 1275 2197 7493 1236 2195 7494 1275 2197 7495 1237 2198 7496 1237 2198 7497 1275 2197 7498 1274 2199 7499 1237 2198 7500 1274 2199 7501 1273 2200 7502 1237 2198 7503 1273 2200 7504 1238 2201 7505 1238 2201 7506 1273 2200 7507 1272 2202 7508 1238 2201 7509 1272 2202 7510 1271 2203 7511 1238 2201 7512 1271 2203 7513 1239 2187 7514 1239 2187 7515 1271 2203 7516 1270 2204 7517 1239 2187 7518 1270 2204 7519 1269 2205 7520 1239 2187 7521 1269 2205 7522 1268 2188 7523 1240 2189 7524 1268 2188 7525 1267 2206 7526 1240 2189 7527 1267 2206 7528 1266 2207 7529 1240 2189 7530 1266 2207 7531 1241 2208 7532 1241 2208 7533 1266 2207 7534 1265 2209 7535 1241 2208 7536 1265 2209 7537 1264 2210 7538 1241 2208 7539 1264 2210 7540 1242 2211 7541 1242 2211 7542 1264 2210 7543 1249 2212 7544 1242 2211 7545 1249 2212 7546 1263 2213 7547 1242 2211 7548 1263 2213 7549 1243 2214 7550 1243 2214 7551 1263 2213 7552 1262 2215 7553 1243 2214 7554 1262 2215 7555 1261 2216 7556 1243 2214 7557 1261 2216 7558 1244 2217 7559 1244 2217 7560 1261 2216 7561 1260 2218 7562 1244 2217 7563 1260 2218 7564 1259 2219 7565 1244 2217 7566 1259 2219 7567 1245 2220 7568 1245 2220 7569 1259 2219 7570 1258 2221 7571 1245 2220 7572 1258 2221 7573 1257 2222 7574 1245 2220 7575 1257 2222 7576 1246 2223 7577 1246 2223 7578 1257 2222 7579 1256 2224 7580 1246 2223 7581 1256 2224 7582 1255 2225 7583 1246 2223 7584 1255 2225 7585 1247 2191 7586 1247 2191 7587 1255 2225 7588 1254 2226 7589 1247 2191 7590 1254 2226 7591 1253 2227 7592 1247 2191 7593 1253 2227 7594 1250 2192 7595 1268 2188 7596 1269 2205 7597 1267 2206 7598 1283 2228 7599 1252 2193 7600 1277 2229 7601 1277 2229 7602 1252 2193 7603 1250 2192 7604 1277 2229 7605 1250 2192 7606 1253 2227 7607 1277 2229 7608 1253 2227 7609 1305 2230 7610 1305 2230 7611 1253 2227 7612 1254 2226 7613 1305 2230 7614 1254 2226 7615 1255 2225 7616 1305 2230 7617 1255 2225 7618 1304 2231 7619 1304 2231 7620 1255 2225 7621 1256 2224 7622 1304 2231 7623 1256 2224 7624 1303 2232 7625 1303 2232 7626 1256 2224 7627 1257 2222 7628 1303 2232 7629 1257 2222 7630 1301 2233 7631 1301 2233 7632 1257 2222 7633 1258 2221 7634 1301 2233 7635 1258 2221 7636 1299 2234 7637 1299 2234 7638 1258 2221 7639 1259 2219 7640 1299 2234 7641 1259 2219 7642 1260 2218 7643 1299 2234 7644 1260 2218 7645 1297 2235 7646 1297 2235 7647 1260 2218 7648 1261 2216 7649 1297 2235 7650 1261 2216 7651 1262 2215 7652 1297 2235 7653 1262 2215 7654 1279 2236 7655 1279 2236 7656 1262 2215 7657 1263 2213 7658 1279 2236 7659 1263 2213 7660 1249 2212 7661 1279 2236 7662 1249 2212 7663 1295 2237 7664 1295 2237 7665 1249 2212 7666 1293 2238 7667 1293 2238 7668 1249 2212 7669 1264 2210 7670 1293 2238 7671 1264 2210 7672 1280 2239 7673 1280 2239 7674 1264 2210 7675 1265 2209 7676 1280 2239 7677 1265 2209 7678 1292 2240 7679 1292 2240 7680 1265 2209 7681 1266 2207 7682 1292 2240 7683 1266 2207 7684 1291 2241 7685 1291 2241 7686 1266 2207 7687 1267 2206 7688 1291 2241 7689 1267 2206 7690 1269 2205 7691 1291 2241 7692 1269 2205 7693 1278 2242 7694 1278 2242 7695 1269 2205 7696 1270 2204 7697 1278 2242 7698 1270 2204 7699 1290 2243 7700 1290 2243 7701 1270 2204 7702 1271 2203 7703 1290 2243 7704 1271 2203 7705 1272 2202 7706 1290 2243 7707 1272 2202 7708 1289 2244 7709 1289 2244 7710 1272 2202 7711 1273 2200 7712 1289 2244 7713 1273 2200 7714 1288 2245 7715 1288 2245 7716 1273 2200 7717 1274 2199 7718 1288 2245 7719 1274 2199 7720 1286 2246 7721 1286 2246 7722 1274 2199 7723 1275 2197 7724 1286 2246 7725 1275 2197 7726 1284 2247 7727 1284 2247 7728 1275 2197 7729 1276 2196 7730 1284 2247 7731 1276 2196 7732 1283 2228 7733 1283 2228 7734 1276 2196 7735 1248 2194 7736 1283 2228 7737 1248 2194 7738 1252 2193 7739 1057 2248 7740 1282 2249 7741 1048 2250 7742 1281 2251 7743 1048 2250 7744 1277 2229 7745 1281 2251 7746 1277 2229 7747 1305 2230 7748 1282 2249 7749 1057 2248 7750 1285 2252 7751 1285 2252 7752 1057 2248 7753 1056 2253 7754 1285 2252 7755 1056 2253 7756 1287 2254 7757 1287 2254 7758 1056 2253 7759 1055 2255 7760 1294 2256 7761 1052 2257 7762 1051 2258 7763 1294 2256 7764 1051 2258 7765 1296 2259 7766 1296 2259 7767 1051 2258 7768 1050 2260 7769 1296 2259 7770 1050 2260 7771 1298 2261 7772 1298 2261 7773 1050 2260 7774 1300 2262 7775 1300 2262 7776 1050 2260 7777 1032 2263 7778 1300 2262 7779 1032 2263 7780 1302 2264 7781 1302 2264 7782 1032 2263 7783 1049 2265 7784 1302 2264 7785 1049 2265 7786 1281 2251 7787 1281 2251 7788 1049 2265 7789 1048 2250 7790 1283 2228 7791 1277 2229 7792 1048 2250 7793 1283 2228 7794 1048 2250 7795 1282 2249 7796 1279 2236 7797 1295 2237 7798 1294 2256 7799 1294 2256 7800 1295 2237 7801 1052 2257 7802 1295 2237 7803 1293 2238 7804 1052 2257 7805 1293 2238 7806 1280 2239 7807 1052 2257 7808 1052 2257 7809 1280 2239 7810 1053 2266 7811 1280 2239 7812 1292 2240 7813 1053 2266 7814 1292 2240 7815 1291 2241 7816 1053 2266 7817 1053 2266 7818 1291 2241 7819 1054 2267 7820 1291 2241 7821 1278 2242 7822 1054 2267 7823 1054 2267 7824 1278 2242 7825 1055 2255 7826 1278 2242 7827 1290 2243 7828 1055 2255 7829 1055 2255 7830 1290 2243 7831 1287 2254 7832 1283 2228 7833 1282 2249 7834 1284 2247 7835 1284 2247 7836 1282 2249 7837 1286 2246 7838 1286 2246 7839 1282 2249 7840 1285 2252 7841 1286 2246 7842 1285 2252 7843 1288 2245 7844 1288 2245 7845 1285 2252 7846 1287 2254 7847 1288 2245 7848 1287 2254 7849 1289 2244 7850 1289 2244 7851 1287 2254 7852 1290 2243 7853 1294 2256 7854 1296 2259 7855 1279 2236 7856 1279 2236 7857 1296 2259 7858 1297 2235 7859 1296 2259 7860 1298 2261 7861 1297 2235 7862 1297 2235 7863 1298 2261 7864 1299 2234 7865 1298 2261 7866 1300 2262 7867 1299 2234 7868 1299 2234 7869 1300 2262 7870 1301 2233 7871 1300 2262 7872 1302 2264 7873 1301 2233 7874 1301 2233 7875 1302 2264 7876 1303 2232 7877 1303 2232 7878 1302 2264 7879 1304 2231 7880 1302 2264 7881 1281 2251 7882 1304 2231 7883 1304 2231 7884 1281 2251 7885 1305 2230 7886 1204 2268 7887 1190 2269 7888 1189 2270 7889 1204 2268 7890 1189 2270 7891 1205 2271 7892 1205 2271 7893 1189 2270 7894 1188 2272 7895 1205 2271 7896 1188 2272 7897 1206 2273 7898 1206 2273 7899 1188 2272 7900 1187 2274 7901 1206 2273 7902 1187 2274 7903 1207 2275 7904 1207 2275 7905 1187 2274 7906 1186 2276 7907 1207 2275 7908 1186 2276 7909 1208 2277 7910 1208 2277 7911 1186 2276 7912 1185 2278 7913 1208 2277 7914 1185 2278 7915 1209 2279 7916 1209 2279 7917 1185 2278 7918 1184 2280 7919 1209 2279 7920 1184 2280 7921 1210 2281 7922 1211 2282 7923 1210 2282 7924 1183 2282 7925 1183 2283 7926 1210 2283 7927 1184 2283 7928 1204 2284 7929 1192 2284 7930 1190 2284 7931 1190 2285 7932 1192 2285 7933 1191 2285 7934 1105 2286 7935 1093 2286 7936 1018 2286 7937 1018 2287 7938 1093 2287 7939 1019 2287 7940 1080 2288 7941 1000 2288 7942 1079 2288 7943 1079 2289 7944 1000 2289 7945 1020 2289 7946 1021 2290 7947 1133 2291 7948 1139 2292 7949 1021 2290 7950 1139 2292 7951 1022 2293 7952 1022 2293 7953 1139 2292 7954 1138 2294 7955 1022 2293 7956 1138 2294 7957 1023 2295 7958 1023 2295 7959 1138 2294 7960 1137 2296 7961 1023 2295 7962 1137 2296 7963 1024 2297 7964 1024 2297 7965 1137 2296 7966 1025 2298 7967 1025 2298 7968 1137 2296 7969 1136 2299 7970 1025 2298 7971 1136 2299 7972 1135 2300 7973 1025 2298 7974 1135 2300 7975 1026 2301 7976 1026 2301 7977 1135 2300 7978 1027 2302 7979 1027 2302 7980 1135 2300 7981 1134 2303 7982 1027 2302 7983 1134 2303 7984 1133 2291 7985 1027 2302 7986 1133 2291 7987 1021 2290 7988 1033 2304 7989 1140 2305 7990 1146 2306 7991 1033 2304 7992 1146 2306 7993 1028 2307 7994 1028 2307 7995 1146 2306 7996 1145 2308 7997 1028 2307 7998 1145 2308 7999 1029 2309 8000 1029 2309 8001 1145 2308 8002 1144 2310 8003 1029 2309 8004 1144 2310 8005 1030 2311 8006 1030 2311 8007 1144 2310 8008 1143 2312 8009 1030 2311 8010 1143 2312 8011 1031 2313 8012 1031 2313 8013 1143 2312 8014 1142 2314 8015 1031 2313 8016 1142 2314 8017 1032 2315 8018 1032 2315 8019 1142 2314 8020 1141 2316 8021 1032 2315 8022 1141 2316 8023 1140 2305 8024 1032 2315 8025 1140 2305 8026 1033 2304 8027 1040 2317 8028 1147 2318 8029 1034 2319 8030 1034 2319 8031 1147 2318 8032 1153 2320 8033 1034 2319 8034 1153 2320 8035 1152 2321 8036 1034 2319 8037 1152 2321 8038 1035 2322 8039 1035 2322 8040 1152 2321 8041 1036 2323 8042 1036 2323 8043 1152 2321 8044 1151 2324 8045 1036 2323 8046 1151 2324 8047 1150 2325 8048 1036 2323 8049 1150 2325 8050 1037 2326 8051 1037 2326 8052 1150 2325 8053 1149 2327 8054 1037 2326 8055 1149 2327 8056 1038 2328 8057 1038 2328 8058 1149 2327 8059 1148 2329 8060 1038 2328 8061 1148 2329 8062 1039 2330 8063 1039 2330 8064 1148 2329 8065 1147 2318 8066 1039 2330 8067 1147 2318 8068 1040 2317 8069 1047 2331 8070 1154 2332 8071 1041 2333 8072 1041 2333 8073 1154 2332 8074 1160 2334 8075 1041 2333 8076 1160 2334 8077 1042 2335 8078 1042 2335 8079 1160 2334 8080 1043 2336 8081 1043 2336 8082 1160 2334 8083 1159 2337 8084 1043 2336 8085 1159 2337 8086 1158 2338 8087 1043 2336 8088 1158 2338 8089 1044 2339 8090 1044 2339 8091 1158 2338 8092 1045 2340 8093 1045 2340 8094 1158 2338 8095 1157 2341 8096 1045 2340 8097 1157 2341 8098 1156 2342 8099 1045 2340 8100 1156 2342 8101 1046 2343 8102 1046 2343 8103 1156 2342 8104 1155 2344 8105 1046 2343 8106 1155 2344 8107 1047 2331 8108 1047 2331 8109 1155 2344 8110 1154 2332 8111</p>
        </triangles>
        <triangles material="Steel_-_Satin_009-material" count="1700">
          <input semantic="VERTEX" source="#edf_torsional_assembly_v17_001-mesh-vertices" offset="0"/>
          <input semantic="NORMAL" source="#edf_torsional_assembly_v17_001-mesh-normals" offset="1"/>
          <input semantic="TEXCOORD" source="#edf_torsional_assembly_v17_001-mesh-map-0" offset="2" set="0"/>
          <p>1306 2345 8112 1307 2345 8113 1309 2345 8114 1309 2346 8115 1307 2346 8116 1308 2346 8117 1310 2347 8118 1311 2347 8119 1308 2347 8120 1310 2348 8121 1308 2348 8122 1313 2348 8123 1313 2349 8124 1308 2349 8125 1312 2349 8126 1312 2350 8127 1308 2350 8128 1307 2350 8129 1310 2351 8130 1314 2351 8131 1311 2351 8132 1311 2352 8133 1314 2352 8134 1315 2352 8135 1311 97 8136 1315 97 8137 1308 97 8138 1308 97 8139 1315 97 8140 1309 97 8141 1315 94 8142 1314 94 8143 1309 94 8144 1309 2353 8145 1314 2353 8146 1316 2353 8147 1309 2354 8148 1316 2354 8149 1317 2354 8150 1317 94 8151 1306 94 8152 1309 94 8153 1317 2355 8154 1312 2355 8155 1306 2355 8156 1306 2356 8157 1312 2356 8158 1307 2356 8159 1312 2357 8160 1317 2357 8161 1313 2357 8162 1313 2358 8163 1317 2358 8164 1316 2358 8165 1314 2359 8166 1310 2359 8167 1316 2359 8168 1316 2360 8169 1310 2360 8170 1313 2360 8171 1318 2361 8172 1320 2361 8173 1321 2361 8174 1318 2362 8175 1321 2362 8176 1323 2362 8177 1323 2363 8178 1321 2363 8179 1322 2363 8180 1320 2364 8181 1318 2364 8182 1319 2364 8183 1318 2365 8184 1323 2366 8185 1324 2367 8186 1318 2365 8187 1324 2367 8188 1319 2368 8189 1319 2368 8190 1325 2369 8191 1320 2370 8192 1321 2371 8193 1320 2372 8194 1326 2373 8195 1321 2371 8196 1326 2373 8197 1327 2374 8198 1321 2371 8199 1327 2374 8200 1322 2375 8201 1322 2375 8202 1327 2374 8203 1328 2376 8204 1322 2375 8205 1328 2376 8206 1323 2377 8207 1329 2378 8208 1324 2367 8209 1335 2379 8210 1335 2379 8211 1324 2367 8212 1323 2377 8213 1335 2379 8214 1323 2377 8215 1334 2380 8216 1334 2380 8217 1323 2377 8218 1328 2376 8219 1334 2380 8220 1328 2376 8221 1327 2381 8222 1334 2380 8223 1327 2381 8224 1333 2382 8225 1333 2382 8226 1327 2381 8227 1326 2383 8228 1333 2382 8229 1326 2383 8230 1332 2384 8231 1332 2384 8232 1326 2383 8233 1320 2370 8234 1332 2384 8235 1320 2370 8236 1331 2385 8237 1331 2385 8238 1320 2370 8239 1325 2369 8240 1331 2385 8241 1325 2369 8242 1330 2386 8243 1330 2386 8244 1325 2369 8245 1319 2368 8246 1330 2386 8247 1319 2368 8248 1329 2378 8249 1329 2378 8250 1319 2368 8251 1324 2367 8252 1337 2387 8253 1329 2387 8254 1335 2387 8255 1337 2388 8256 1335 2388 8257 1334 2388 8258 1337 2389 8259 1334 2389 8260 1336 2389 8261 1336 2390 8262 1334 2390 8263 1343 2390 8264 1343 12 8265 1334 12 8266 1333 12 8267 1343 2391 8268 1333 2391 8269 1342 2391 8270 1342 12 8271 1333 12 8272 1332 12 8273 1342 12 8274 1332 12 8275 1341 12 8276 1341 2392 8277 1332 2392 8278 1331 2392 8279 1341 12 8280 1331 12 8281 1340 12 8282 1340 12 8283 1331 12 8284 1330 12 8285 1340 2393 8286 1330 2393 8287 1339 2393 8288 1339 12 8289 1330 12 8290 1338 12 8291 1338 12 8292 1330 12 8293 1329 12 8294 1338 12 8295 1329 12 8296 1337 12 8297 1351 2394 8298 1343 2395 8299 1350 2396 8300 1350 2396 8301 1343 2395 8302 1342 2397 8303 1350 2396 8304 1342 2397 8305 1349 2398 8306 1349 2398 8307 1342 2397 8308 1341 2399 8309 1349 2398 8310 1341 2399 8311 1348 2400 8312 1348 2400 8313 1341 2399 8314 1340 2401 8315 1348 2400 8316 1340 2401 8317 1347 2402 8318 1347 2402 8319 1340 2401 8320 1339 2403 8321 1347 2402 8322 1339 2403 8323 1346 2404 8324 1346 2404 8325 1339 2403 8326 1338 2405 8327 1346 2404 8328 1338 2405 8329 1345 2406 8330 1345 2406 8331 1338 2405 8332 1337 2407 8333 1345 2406 8334 1337 2407 8335 1344 2408 8336 1344 2408 8337 1337 2407 8338 1336 2409 8339 1344 2408 8340 1336 2409 8341 1351 2394 8342 1351 2394 8343 1336 2409 8344 1343 2395 8345 1352 2410 8346 1350 2410 8347 1349 2410 8348 1350 2411 8349 1352 2411 8350 1353 2411 8351 1350 2412 8352 1353 2412 8353 1351 2412 8354 1351 2413 8355 1353 2413 8356 1354 2413 8357 1351 2414 8358 1354 2414 8359 1344 2414 8360 1344 2415 8361 1354 2415 8362 1355 2415 8363 1344 2416 8364 1355 2416 8365 1345 2416 8366 1345 2417 8367 1355 2417 8368 1346 2417 8369 1346 2418 8370 1355 2418 8371 1356 2418 8372 1346 2419 8373 1356 2419 8374 1347 2419 8375 1347 2420 8376 1356 2420 8377 1357 2420 8378 1347 2421 8379 1357 2421 8380 1358 2421 8381 1347 2422 8382 1358 2422 8383 1348 2422 8384 1348 2423 8385 1358 2423 8386 1349 2423 8387 1349 2424 8388 1358 2424 8389 1352 2424 8390 1352 2425 8391 1364 2426 8392 1385 2427 8393 1352 2425 8394 1385 2427 8395 1353 2428 8396 1353 2428 8397 1380 2429 8398 1354 2430 8399 1354 2430 8400 1376 2431 8401 1355 2432 8402 1355 2432 8403 1376 2431 8404 1360 2433 8405 1355 2432 8406 1360 2433 8407 1356 2434 8408 1356 2434 8409 1372 2435 8410 1370 2436 8411 1356 2434 8412 1370 2436 8413 1357 2437 8414 1358 2438 8415 1357 2437 8416 1365 2439 8417 1358 2438 8418 1365 2439 8419 1352 2425 8420 1352 2425 8421 1365 2439 8422 1362 2440 8423 1352 2425 8424 1362 2440 8425 1364 2426 8426 1356 2434 8427 1360 2433 8428 1374 2441 8429 1356 2434 8430 1374 2441 8431 1372 2435 8432 1370 2436 8433 1372 2435 8434 1371 2442 8435 1370 2436 8436 1371 2442 8437 1357 2437 8438 1357 2437 8439 1371 2442 8440 1368 2443 8441 1357 2437 8442 1368 2443 8443 1365 2439 8444 1365 2439 8445 1368 2443 8446 1367 2444 8447 1362 2440 8448 1365 2439 8449 1363 2445 8450 1385 2427 8451 1364 2426 8452 1386 2446 8453 1385 2427 8454 1386 2446 8455 1353 2428 8456 1353 2428 8457 1386 2446 8458 1383 2447 8459 1353 2428 8460 1383 2447 8461 1380 2429 8462 1380 2429 8463 1383 2447 8464 1382 2448 8465 1354 2430 8466 1380 2429 8467 1379 2449 8468 1354 2430 8469 1379 2449 8470 1376 2431 8471 1376 2431 8472 1379 2449 8473 1377 2450 8474 1376 2431 8475 1377 2450 8476 1360 2433 8477 1360 2433 8478 1377 2450 8479 1375 2451 8480 1362 2440 8481 1363 2445 8482 1364 2426 8483 1360 2433 8484 1361 2452 8485 1374 2441 8486 1372 2435 8487 1374 2441 8488 1373 2453 8489 1372 2435 8490 1373 2453 8491 1371 2442 8492 1368 2443 8493 1371 2442 8494 1369 2454 8495 1365 2439 8496 1367 2444 8497 1366 2455 8498 1365 2439 8499 1366 2455 8500 1363 2445 8501 1364 2426 8502 1363 2445 8503 1359 2456 8504 1364 2426 8505 1359 2456 8506 1386 2446 8507 1383 2447 8508 1386 2446 8509 1384 2457 8510 1380 2429 8511 1382 2448 8512 1381 2458 8513 1380 2429 8514 1381 2458 8515 1379 2449 8516 1377 2450 8517 1379 2449 8518 1378 2459 8519 1360 2433 8520 1375 2451 8521 1361 2452 8522 1374 2441 8523 1361 2452 8524 1373 2453 8525 1371 2442 8526 1373 2453 8527 1369 2454 8528 1368 2443 8529 1369 2454 8530 1367 2444 8531 1367 2444 8532 1369 2454 8533 1366 2455 8534 1363 2445 8535 1366 2455 8536 1359 2456 8537 1386 2446 8538 1359 2456 8539 1384 2457 8540 1383 2447 8541 1384 2457 8542 1382 2448 8543 1382 2448 8544 1384 2457 8545 1381 2458 8546 1379 2449 8547 1381 2458 8548 1378 2459 8549 1377 2450 8550 1378 2459 8551 1375 2451 8552 1375 2451 8553 1378 2459 8554 1361 2452 8555 1387 2460 8556 1359 2456 8557 1366 2455 8558 1398 2461 8559 1387 2460 8560 1402 2462 8561 1398 2461 8562 1402 2462 8563 1397 2463 8564 1359 2456 8565 1387 2460 8566 1388 2464 8567 1359 2456 8568 1388 2464 8569 1399 2465 8570 1359 2456 8571 1399 2465 8572 1384 2457 8573 1384 2457 8574 1399 2465 8575 1390 2466 8576 1389 2467 8577 1390 2466 8578 1399 2465 8579 1389 2467 8580 1399 2465 8581 1388 2464 8582 1384 2457 8583 1390 2466 8584 1381 2458 8585 1390 2466 8586 1391 2468 8587 1381 2458 8588 1381 2458 8589 1391 2468 8590 1400 2469 8591 1381 2458 8592 1400 2469 8593 1378 2459 8594 1378 2459 8595 1400 2469 8596 1393 2470 8597 1392 2471 8598 1393 2470 8599 1400 2469 8600 1392 2471 8601 1400 2469 8602 1391 2468 8603 1378 2459 8604 1393 2470 8605 1361 2452 8606 1393 2470 8607 1394 2472 8608 1361 2452 8609 1361 2452 8610 1394 2472 8611 1401 2473 8612 1361 2452 8613 1401 2473 8614 1373 2453 8615 1373 2453 8616 1401 2473 8617 1396 2474 8618 1395 2475 8619 1396 2474 8620 1401 2473 8621 1395 2475 8622 1401 2473 8623 1394 2472 8624 1373 2453 8625 1396 2474 8626 1369 2454 8627 1396 2474 8628 1397 2463 8629 1369 2454 8630 1387 2460 8631 1366 2455 8632 1402 2462 8633 1402 2462 8634 1366 2455 8635 1369 2454 8636 1402 2462 8637 1369 2454 8638 1397 2463 8639 1404 2476 8640 1388 2477 8641 1387 2478 8642 1387 2478 8643 1403 2479 8644 1404 2476 8645 1403 2480 8646 1387 2480 8647 1405 2480 8648 1405 2481 8649 1387 2481 8650 1398 2481 8651 1403 2482 8652 1405 2482 8653 1404 2482 8654 1404 2483 8655 1405 2483 8656 1414 2483 8657 1405 2484 8658 1408 2484 8659 1414 2484 8660 1414 2485 8661 1408 2485 8662 1411 2485 8663 1414 2486 8664 1411 2486 8665 1412 2486 8666 1408 2487 8667 1405 2487 8668 1406 2487 8669 1406 2488 8670 1407 2488 8671 1408 2488 8672 1411 2489 8673 1408 2489 8674 1409 2489 8675 1411 2490 8676 1409 2490 8677 1410 2490 8678 1412 2491 8679 1413 2491 8680 1414 2491 8681 1389 2492 8682 1388 2492 8683 1414 2492 8684 1414 2493 8685 1388 2493 8686 1404 2493 8687 1413 2494 8688 1390 2494 8689 1414 2494 8690 1414 2495 8691 1390 2495 8692 1389 2495 8693 1412 2496 8694 1391 2497 8695 1390 2498 8696 1390 2498 8697 1413 2499 8698 1412 2496 8699 1392 2500 8700 1391 2500 8701 1411 2500 8702 1411 2501 8703 1391 2501 8704 1412 2501 8705 1410 2502 8706 1393 2502 8707 1411 2502 8708 1411 2503 8709 1393 2503 8710 1392 2503 8711 1409 2504 8712 1394 2505 8713 1393 2506 8714 1393 2506 8715 1410 2507 8716 1409 2504 8717 1395 2508 8718 1394 2508 8719 1408 2508 8720 1408 2509 8721 1394 2509 8722 1409 2509 8723 1407 2510 8724 1396 2510 8725 1408 2510 8726 1408 2511 8727 1396 2511 8728 1395 2511 8729 1406 2512 8730 1397 2513 8731 1396 2514 8732 1396 2514 8733 1407 2515 8734 1406 2512 8735 1398 2516 8736 1397 2516 8737 1405 2516 8738 1405 2517 8739 1397 2517 8740 1406 2517 8741 1423 2518 8742 1415 2519 8743 1429 2520 8744 1429 2520 8745 1415 2519 8746 1416 2521 8747 1429 2520 8748 1416 2521 8749 1417 2522 8750 1429 2520 8751 1417 2522 8752 1428 2523 8753 1428 2523 8754 1417 2522 8755 1418 2524 8756 1428 2523 8757 1418 2524 8758 1427 2525 8759 1427 2525 8760 1418 2524 8761 1419 2526 8762 1427 2525 8763 1419 2526 8764 1426 2527 8765 1426 2527 8766 1419 2526 8767 1420 2528 8768 1426 2527 8769 1420 2528 8770 1421 2529 8771 1426 2527 8772 1421 2529 8773 1425 2530 8774 1425 2530 8775 1421 2529 8776 1424 2531 8777 1424 2531 8778 1421 2529 8779 1422 2532 8780 1424 2531 8781 1422 2532 8782 1423 2518 8783 1423 2518 8784 1422 2532 8785 1415 2519 8786 1447 2533 8787 1430 2533 8788 1423 2533 8789 1423 109 8790 1430 109 8791 1431 109 8792 1423 109 8793 1431 109 8794 1424 109 8795 1424 2534 8796 1431 2534 8797 1432 2534 8798 1424 2535 8799 1432 2535 8800 1433 2535 8801 1424 109 8802 1433 109 8803 1425 109 8804 1425 2536 8805 1433 2536 8806 1434 2536 8807 1425 2537 8808 1434 2537 8809 1435 2537 8810 1425 109 8811 1435 109 8812 1426 109 8813 1426 109 8814 1435 109 8815 1436 109 8816 1426 109 8817 1436 109 8818 1437 109 8819 1426 2538 8820 1437 2538 8821 1427 2538 8822 1427 109 8823 1437 109 8824 1438 109 8825 1427 2539 8826 1438 2539 8827 1439 2539 8828 1427 2540 8829 1439 2540 8830 1440 2540 8831 1427 2541 8832 1440 2541 8833 1428 2541 8834 1428 2542 8835 1440 2542 8836 1441 2542 8837 1428 2543 8838 1441 2543 8839 1442 2543 8840 1428 2544 8841 1442 2544 8842 1443 2544 8843 1428 2545 8844 1443 2545 8845 1444 2545 8846 1428 2546 8847 1444 2546 8848 1429 2546 8849 1429 109 8850 1444 109 8851 1445 109 8852 1429 2547 8853 1445 2547 8854 1446 2547 8855 1429 109 8856 1446 109 8857 1423 109 8858 1423 2548 8859 1446 2548 8860 1447 2548 8861 1448 2549 8862 1450 2549 8863 1451 2549 8864 1448 2550 8865 1451 2550 8866 1453 2550 8867 1453 2551 8868 1451 2551 8869 1452 2551 8870 1450 2552 8871 1448 2552 8872 1449 2552 8873 1448 2553 8874 1453 2554 8875 1454 2555 8876 1448 2553 8877 1454 2555 8878 1449 2556 8879 1449 2556 8880 1455 2557 8881 1450 2558 8882 1451 2559 8883 1450 2560 8884 1456 2561 8885 1451 2559 8886 1456 2561 8887 1457 2562 8888 1451 2559 8889 1457 2562 8890 1452 2563 8891 1452 2563 8892 1457 2562 8893 1458 2564 8894 1452 2563 8895 1458 2564 8896 1453 2565 8897 1459 2566 8898 1454 2555 8899 1465 2567 8900 1465 2567 8901 1454 2555 8902 1453 2565 8903 1465 2567 8904 1453 2565 8905 1464 2568 8906 1464 2568 8907 1453 2565 8908 1458 2564 8909 1464 2568 8910 1458 2564 8911 1457 2569 8912 1464 2568 8913 1457 2569 8914 1463 2570 8915 1463 2570 8916 1457 2569 8917 1456 2571 8918 1463 2570 8919 1456 2571 8920 1462 2572 8921 1462 2572 8922 1456 2571 8923 1450 2558 8924 1462 2572 8925 1450 2558 8926 1461 2573 8927 1461 2573 8928 1450 2558 8929 1455 2557 8930 1461 2573 8931 1455 2557 8932 1460 2574 8933 1460 2574 8934 1455 2557 8935 1449 2556 8936 1460 2574 8937 1449 2556 8938 1459 2566 8939 1459 2566 8940 1449 2556 8941 1454 2555 8942 1467 2575 8943 1459 2575 8944 1465 2575 8945 1467 12 8946 1465 12 8947 1464 12 8948 1467 2576 8949 1464 2576 8950 1466 2576 8951 1466 2577 8952 1464 2577 8953 1473 2577 8954 1473 2578 8955 1464 2578 8956 1463 2578 8957 1473 2579 8958 1463 2579 8959 1472 2579 8960 1472 2580 8961 1463 2580 8962 1462 2580 8963 1472 12 8964 1462 12 8965 1471 12 8966 1471 12 8967 1462 12 8968 1461 12 8969 1471 12 8970 1461 12 8971 1470 12 8972 1470 2581 8973 1461 2581 8974 1460 2581 8975 1470 2582 8976 1460 2582 8977 1469 2582 8978 1469 2583 8979 1460 2583 8980 1468 2583 8981 1468 2584 8982 1460 2584 8983 1459 2584 8984 1468 2585 8985 1459 2585 8986 1467 2585 8987 1481 2586 8988 1473 2587 8989 1480 2588 8990 1480 2588 8991 1473 2587 8992 1472 2589 8993 1480 2588 8994 1472 2589 8995 1479 2590 8996 1479 2590 8997 1472 2589 8998 1471 2591 8999 1479 2590 9000 1471 2591 9001 1478 2592 9002 1478 2592 9003 1471 2591 9004 1470 2593 9005 1478 2592 9006 1470 2593 9007 1477 2594 9008 1477 2594 9009 1470 2593 9010 1469 2595 9011 1477 2594 9012 1469 2595 9013 1476 2596 9014 1476 2596 9015 1469 2595 9016 1468 2597 9017 1476 2596 9018 1468 2597 9019 1475 2598 9020 1475 2598 9021 1468 2597 9022 1467 2599 9023 1475 2598 9024 1467 2599 9025 1474 2600 9026 1474 2600 9027 1467 2599 9028 1466 2601 9029 1474 2600 9030 1466 2601 9031 1481 2586 9032 1481 2586 9033 1466 2601 9034 1473 2587 9035 1482 2602 9036 1480 2602 9037 1488 2602 9038 1488 2603 9039 1480 2603 9040 1479 2603 9041 1480 2604 9042 1482 2604 9043 1483 2604 9044 1480 2605 9045 1483 2605 9046 1481 2605 9047 1481 2606 9048 1483 2606 9049 1484 2606 9050 1481 2607 9051 1484 2607 9052 1474 2607 9053 1474 2608 9054 1484 2608 9055 1485 2608 9056 1474 2609 9057 1485 2609 9058 1475 2609 9059 1475 2610 9060 1485 2610 9061 1476 2610 9062 1476 2611 9063 1485 2611 9064 1486 2611 9065 1476 2612 9066 1486 2612 9067 1477 2612 9068 1477 2613 9069 1486 2613 9070 1487 2613 9071 1477 2614 9072 1487 2614 9073 1488 2614 9074 1477 2615 9075 1488 2615 9076 1478 2615 9077 1478 2616 9078 1488 2616 9079 1479 2616 9080 1488 2617 9081 1493 2618 9082 1482 2619 9083 1483 2620 9084 1509 2621 9085 1484 2622 9086 1484 2622 9087 1505 2623 9088 1485 2624 9089 1485 2624 9090 1505 2623 9091 1490 2625 9092 1485 2624 9093 1490 2625 9094 1486 2626 9095 1486 2626 9096 1501 2627 9097 1499 2628 9098 1486 2626 9099 1499 2628 9100 1487 2629 9101 1488 2617 9102 1487 2629 9103 1494 2630 9104 1486 2626 9105 1490 2625 9106 1503 2631 9107 1486 2626 9108 1503 2631 9109 1501 2627 9110 1499 2628 9111 1501 2627 9112 1500 2632 9113 1499 2628 9114 1500 2632 9115 1487 2629 9116 1487 2629 9117 1500 2632 9118 1497 2633 9119 1487 2629 9120 1497 2633 9121 1494 2630 9122 1494 2630 9123 1497 2633 9124 1496 2634 9125 1488 2617 9126 1494 2630 9127 1492 2635 9128 1488 2617 9129 1492 2635 9130 1493 2618 9131 1482 2619 9132 1493 2618 9133 1514 2636 9134 1482 2619 9135 1514 2636 9136 1483 2620 9137 1483 2620 9138 1514 2636 9139 1512 2637 9140 1483 2620 9141 1512 2637 9142 1509 2621 9143 1509 2621 9144 1512 2637 9145 1511 2638 9146 1484 2622 9147 1509 2621 9148 1508 2639 9149 1484 2622 9150 1508 2639 9151 1505 2623 9152 1505 2623 9153 1508 2639 9154 1506 2640 9155 1505 2623 9156 1506 2640 9157 1490 2625 9158 1490 2625 9159 1506 2640 9160 1504 2641 9161 1490 2625 9162 1491 2642 9163 1503 2631 9164 1501 2627 9165 1503 2631 9166 1502 2643 9167 1501 2627 9168 1502 2643 9169 1500 2632 9170 1497 2633 9171 1500 2632 9172 1498 2644 9173 1494 2630 9174 1496 2634 9175 1495 2645 9176 1494 2630 9177 1495 2645 9178 1492 2635 9179 1493 2618 9180 1492 2635 9181 1489 2646 9182 1493 2618 9183 1489 2646 9184 1514 2636 9185 1512 2637 9186 1514 2636 9187 1513 2647 9188 1509 2621 9189 1511 2638 9190 1510 2648 9191 1509 2621 9192 1510 2648 9193 1508 2639 9194 1506 2640 9195 1508 2639 9196 1507 2649 9197 1490 2625 9198 1504 2641 9199 1491 2642 9200 1503 2631 9201 1491 2642 9202 1502 2643 9203 1500 2632 9204 1502 2643 9205 1498 2644 9206 1497 2633 9207 1498 2644 9208 1496 2634 9209 1496 2634 9210 1498 2644 9211 1495 2645 9212 1492 2635 9213 1495 2645 9214 1489 2646 9215 1514 2636 9216 1489 2646 9217 1513 2647 9218 1512 2637 9219 1513 2647 9220 1511 2638 9221 1511 2638 9222 1513 2647 9223 1510 2648 9224 1508 2639 9225 1510 2648 9226 1507 2649 9227 1506 2640 9228 1507 2649 9229 1504 2641 9230 1504 2641 9231 1507 2649 9232 1491 2642 9233 1515 2650 9234 1489 2646 9235 1495 2645 9236 1526 2651 9237 1515 2650 9238 1530 2652 9239 1526 2651 9240 1530 2652 9241 1525 2653 9242 1489 2646 9243 1515 2650 9244 1516 2654 9245 1489 2646 9246 1516 2654 9247 1527 2655 9248 1489 2646 9249 1527 2655 9250 1513 2647 9251 1513 2647 9252 1527 2655 9253 1518 2656 9254 1517 2657 9255 1518 2656 9256 1527 2655 9257 1517 2657 9258 1527 2655 9259 1516 2654 9260 1513 2647 9261 1518 2656 9262 1510 2648 9263 1518 2656 9264 1519 2658 9265 1510 2648 9266 1510 2648 9267 1519 2658 9268 1528 2659 9269 1510 2648 9270 1528 2659 9271 1507 2649 9272 1507 2649 9273 1528 2659 9274 1521 2660 9275 1520 2661 9276 1521 2660 9277 1528 2659 9278 1520 2661 9279 1528 2659 9280 1519 2658 9281 1507 2649 9282 1521 2660 9283 1491 2642 9284 1521 2660 9285 1522 2662 9286 1491 2642 9287 1491 2642 9288 1522 2662 9289 1529 2663 9290 1491 2642 9291 1529 2663 9292 1502 2643 9293 1502 2643 9294 1529 2663 9295 1524 2664 9296 1523 2665 9297 1524 2664 9298 1529 2663 9299 1523 2665 9300 1529 2663 9301 1522 2662 9302 1502 2643 9303 1524 2664 9304 1498 2644 9305 1524 2664 9306 1525 2653 9307 1498 2644 9308 1515 2650 9309 1495 2645 9310 1530 2652 9311 1530 2652 9312 1495 2645 9313 1498 2644 9314 1530 2652 9315 1498 2644 9316 1525 2653 9317 1532 2666 9318 1516 2667 9319 1515 2668 9320 1515 2668 9321 1531 2669 9322 1532 2666 9323 1531 2670 9324 1515 2670 9325 1533 2670 9326 1533 2671 9327 1515 2671 9328 1526 2671 9329 1531 2672 9330 1533 2672 9331 1532 2672 9332 1532 2673 9333 1533 2673 9334 1542 2673 9335 1533 2674 9336 1536 2674 9337 1542 2674 9338 1542 2675 9339 1536 2675 9340 1539 2675 9341 1542 2676 9342 1539 2676 9343 1540 2676 9344 1536 2677 9345 1533 2677 9346 1534 2677 9347 1534 2678 9348 1535 2678 9349 1536 2678 9350 1539 2679 9351 1536 2679 9352 1537 2679 9353 1539 2680 9354 1537 2680 9355 1538 2680 9356 1540 2681 9357 1541 2681 9358 1542 2681 9359 1517 2682 9360 1516 2682 9361 1542 2682 9362 1542 2683 9363 1516 2683 9364 1532 2683 9365 1541 2684 9366 1518 2684 9367 1542 2684 9368 1542 2685 9369 1518 2685 9370 1517 2685 9371 1540 2686 9372 1519 2687 9373 1518 2688 9374 1518 2688 9375 1541 2689 9376 1540 2686 9377 1520 2690 9378 1519 2690 9379 1539 2690 9380 1539 2691 9381 1519 2691 9382 1540 2691 9383 1538 2692 9384 1521 2692 9385 1539 2692 9386 1539 2693 9387 1521 2693 9388 1520 2693 9389 1537 2694 9390 1522 2695 9391 1521 2696 9392 1521 2696 9393 1538 2697 9394 1537 2694 9395 1523 2698 9396 1522 2698 9397 1536 2698 9398 1536 2699 9399 1522 2699 9400 1537 2699 9401 1535 2700 9402 1524 2700 9403 1536 2700 9404 1536 2701 9405 1524 2701 9406 1523 2701 9407 1534 2702 9408 1525 2703 9409 1524 2704 9410 1524 2704 9411 1535 2705 9412 1534 2702 9413 1526 2706 9414 1525 2706 9415 1533 2706 9416 1533 2707 9417 1525 2707 9418 1534 2707 9419 1544 2708 9420 1555 2709 9421 1543 2710 9422 1550 2711 9423 1543 2710 9424 1555 2709 9425 1555 2709 9426 1544 2708 9427 1554 2712 9428 1554 2712 9429 1544 2708 9430 1545 2713 9431 1554 2712 9432 1545 2713 9433 1546 2714 9434 1554 2712 9435 1546 2714 9436 1553 2715 9437 1553 2715 9438 1546 2714 9439 1552 2716 9440 1552 2716 9441 1546 2714 9442 1547 2717 9443 1552 2716 9444 1547 2717 9445 1548 2718 9446 1552 2716 9447 1548 2718 9448 1551 2719 9449 1551 2719 9450 1548 2718 9451 1550 2711 9452 1550 2711 9453 1548 2718 9454 1549 2720 9455 1550 2711 9456 1549 2720 9457 1543 2710 9458 1573 2721 9459 1556 2721 9460 1550 2721 9461 1550 2722 9462 1556 2722 9463 1557 2722 9464 1550 2723 9465 1557 2723 9466 1558 2723 9467 1550 109 9468 1558 109 9469 1559 109 9470 1550 2724 9471 1559 2724 9472 1551 2724 9473 1551 2725 9474 1559 2725 9475 1560 2725 9476 1551 2726 9477 1560 2726 9478 1561 2726 9479 1551 2727 9480 1561 2727 9481 1552 2727 9482 1552 2728 9483 1561 2728 9484 1562 2728 9485 1552 2729 9486 1562 2729 9487 1563 2729 9488 1552 109 9489 1563 109 9490 1564 109 9491 1552 2730 9492 1564 2730 9493 1553 2730 9494 1553 2731 9495 1564 2731 9496 1565 2731 9497 1553 2732 9498 1565 2732 9499 1566 2732 9500 1553 109 9501 1566 109 9502 1554 109 9503 1554 2733 9504 1566 2733 9505 1567 2733 9506 1554 2734 9507 1567 2734 9508 1568 2734 9509 1554 2735 9510 1568 2735 9511 1569 2735 9512 1554 2736 9513 1569 2736 9514 1555 2736 9515 1555 109 9516 1569 109 9517 1570 109 9518 1555 2737 9519 1570 2737 9520 1571 2737 9521 1555 2738 9522 1571 2738 9523 1572 2738 9524 1555 2739 9525 1572 2739 9526 1573 2739 9527 1555 2740 9528 1573 2740 9529 1550 2740 9530 1574 2741 9531 1576 2741 9532 1577 2741 9533 1574 2742 9534 1577 2742 9535 1578 2742 9536 1576 2743 9537 1574 2743 9538 1575 2743 9539 1574 2744 9540 1579 2745 9541 1575 2746 9542 1575 2746 9543 1579 2745 9544 1580 2747 9545 1575 2746 9546 1580 2747 9547 1581 2748 9548 1575 2746 9549 1581 2748 9550 1576 2749 9551 1577 2750 9552 1576 2751 9553 1582 2752 9554 1577 2750 9555 1582 2752 9556 1583 2753 9557 1577 2750 9558 1583 2753 9559 1578 2754 9560 1578 2754 9561 1583 2753 9562 1584 2755 9563 1578 2754 9564 1584 2755 9565 1574 2744 9566 1585 2756 9567 1579 2745 9568 1591 2757 9569 1591 2757 9570 1579 2745 9571 1574 2744 9572 1591 2757 9573 1574 2744 9574 1590 2758 9575 1590 2758 9576 1574 2744 9577 1584 2755 9578 1590 2758 9579 1584 2755 9580 1583 2759 9581 1590 2758 9582 1583 2759 9583 1589 2760 9584 1589 2760 9585 1583 2759 9586 1582 2761 9587 1589 2760 9588 1582 2761 9589 1588 2762 9590 1588 2762 9591 1582 2761 9592 1576 2749 9593 1588 2762 9594 1576 2749 9595 1587 2763 9596 1587 2763 9597 1576 2749 9598 1581 2748 9599 1587 2763 9600 1581 2748 9601 1586 2764 9602 1586 2764 9603 1581 2748 9604 1580 2765 9605 1586 2764 9606 1580 2765 9607 1585 2756 9608 1585 2756 9609 1580 2765 9610 1579 2745 9611 1594 2766 9612 1585 2766 9613 1591 2766 9614 1594 2767 9615 1591 2767 9616 1593 2767 9617 1593 2768 9618 1591 2768 9619 1590 2768 9620 1593 2769 9621 1590 2769 9622 1592 2769 9623 1592 12 9624 1590 12 9625 1599 12 9626 1599 12 9627 1590 12 9628 1589 12 9629 1599 2770 9630 1589 2770 9631 1598 2770 9632 1598 12 9633 1589 12 9634 1588 12 9635 1598 2771 9636 1588 2771 9637 1597 2771 9638 1597 12 9639 1588 12 9640 1587 12 9641 1597 2772 9642 1587 2772 9643 1596 2772 9644 1596 12 9645 1587 12 9646 1586 12 9647 1596 2773 9648 1586 2773 9649 1595 2773 9650 1595 2774 9651 1586 2774 9652 1594 2774 9653 1594 12 9654 1586 12 9655 1585 12 9656 1600 2775 9657 1592 2776 9658 1607 2777 9659 1607 2777 9660 1592 2776 9661 1599 2778 9662 1607 2777 9663 1599 2778 9664 1606 2779 9665 1606 2779 9666 1599 2778 9667 1598 2780 9668 1606 2779 9669 1598 2780 9670 1605 2781 9671 1605 2781 9672 1598 2780 9673 1597 2782 9674 1605 2781 9675 1597 2782 9676 1604 2783 9677 1604 2783 9678 1597 2782 9679 1596 2784 9680 1604 2783 9681 1596 2784 9682 1603 2785 9683 1603 2785 9684 1596 2784 9685 1595 2786 9686 1603 2785 9687 1595 2786 9688 1602 2787 9689 1602 2787 9690 1595 2786 9691 1594 2788 9692 1602 2787 9693 1594 2788 9694 1601 2789 9695 1601 2789 9696 1594 2788 9697 1593 2790 9698 1601 2789 9699 1593 2790 9700 1600 2775 9701 1600 2775 9702 1593 2790 9703 1592 2776 9704 1608 2791 9705 1606 2791 9706 1605 2791 9707 1606 2792 9708 1608 2792 9709 1609 2792 9710 1606 2793 9711 1609 2793 9712 1607 2793 9713 1607 2794 9714 1609 2794 9715 1600 2794 9716 1600 2795 9717 1609 2795 9718 1610 2795 9719 1600 2796 9720 1610 2796 9721 1601 2796 9722 1601 2797 9723 1610 2797 9724 1611 2797 9725 1601 2798 9726 1611 2798 9727 1602 2798 9728 1602 2799 9729 1611 2799 9730 1612 2799 9731 1602 2800 9732 1612 2800 9733 1603 2800 9734 1603 2801 9735 1612 2801 9736 1613 2801 9737 1603 2802 9738 1613 2802 9739 1604 2802 9740 1604 2803 9741 1613 2803 9742 1614 2803 9743 1604 2804 9744 1614 2804 9745 1605 2804 9746 1605 2805 9747 1614 2805 9748 1608 2805 9749 1608 2806 9750 1621 2807 9751 1640 2808 9752 1608 2806 9753 1640 2808 9754 1609 2809 9755 1610 2810 9756 1609 2809 9757 1635 2811 9758 1611 2812 9759 1618 2813 9760 1612 2814 9761 1612 2814 9762 1629 2815 9763 1627 2816 9764 1612 2814 9765 1627 2816 9766 1613 2817 9767 1613 2817 9768 1622 2818 9769 1614 2819 9770 1608 2806 9771 1614 2819 9772 1621 2807 9773 1609 2809 9774 1637 2820 9775 1635 2811 9776 1612 2814 9777 1618 2813 9778 1631 2821 9779 1612 2814 9780 1631 2821 9781 1629 2815 9782 1627 2816 9783 1629 2815 9784 1628 2822 9785 1627 2816 9786 1628 2822 9787 1613 2817 9788 1613 2817 9789 1628 2822 9790 1625 2823 9791 1613 2817 9792 1625 2823 9793 1622 2818 9794 1622 2818 9795 1625 2823 9796 1624 2824 9797 1614 2819 9798 1622 2818 9799 1620 2825 9800 1640 2808 9801 1621 2807 9802 1641 2826 9803 1640 2808 9804 1641 2826 9805 1609 2809 9806 1609 2809 9807 1641 2826 9808 1638 2827 9809 1609 2809 9810 1638 2827 9811 1637 2820 9812 1610 2810 9813 1635 2811 9814 1634 2828 9815 1610 2810 9816 1634 2828 9817 1611 2812 9818 1611 2812 9819 1634 2828 9820 1633 2829 9821 1611 2812 9822 1633 2829 9823 1618 2813 9824 1618 2813 9825 1633 2829 9826 1632 2830 9827 1614 2819 9828 1620 2825 9829 1621 2807 9830 1635 2811 9831 1637 2820 9832 1634 2828 9833 1618 2813 9834 1619 2831 9835 1631 2821 9836 1629 2815 9837 1631 2821 9838 1630 2832 9839 1629 2815 9840 1630 2832 9841 1628 2822 9842 1625 2823 9843 1628 2822 9844 1626 2833 9845 1622 2818 9846 1624 2824 9847 1623 2834 9848 1622 2818 9849 1623 2834 9850 1620 2825 9851 1621 2807 9852 1620 2825 9853 1615 2835 9854 1621 2807 9855 1615 2835 9856 1641 2826 9857 1638 2827 9858 1641 2826 9859 1639 2836 9860 1637 2820 9861 1636 2837 9862 1634 2828 9863 1618 2813 9864 1632 2830 9865 1619 2831 9866 1631 2821 9867 1619 2831 9868 1630 2832 9869 1628 2822 9870 1630 2832 9871 1626 2833 9872 1625 2823 9873 1626 2833 9874 1624 2824 9875 1624 2824 9876 1626 2833 9877 1623 2834 9878 1620 2825 9879 1623 2834 9880 1615 2835 9881 1641 2826 9882 1615 2835 9883 1639 2836 9884 1638 2827 9885 1639 2836 9886 1637 2820 9887 1637 2820 9888 1639 2836 9889 1636 2837 9890 1634 2828 9891 1636 2837 9892 1616 2838 9893 1634 2828 9894 1616 2838 9895 1633 2829 9896 1633 2829 9897 1616 2838 9898 1617 2839 9899 1633 2829 9900 1617 2839 9901 1632 2830 9902 1632 2830 9903 1617 2839 9904 1619 2831 9905 1642 2840 9906 1615 2835 9907 1623 2834 9908 1653 2841 9909 1642 2840 9910 1656 2842 9911 1653 2841 9912 1656 2842 9913 1652 2843 9914 1615 2835 9915 1642 2840 9916 1643 2844 9917 1615 2835 9918 1643 2844 9919 1654 2845 9920 1615 2835 9921 1654 2845 9922 1639 2836 9923 1639 2836 9924 1654 2845 9925 1645 2846 9926 1644 2847 9927 1645 2846 9928 1654 2845 9929 1644 2847 9930 1654 2845 9931 1643 2844 9932 1639 2836 9933 1645 2846 9934 1636 2837 9935 1645 2846 9936 1646 2848 9937 1636 2837 9938 1636 2837 9939 1646 2848 9940 1616 2838 9941 1617 2839 9942 1616 2838 9943 1648 2849 9944 1647 2850 9945 1648 2849 9946 1616 2838 9947 1647 2850 9948 1616 2838 9949 1646 2848 9950 1617 2839 9951 1648 2849 9952 1619 2831 9953 1648 2849 9954 1649 2851 9955 1619 2831 9956 1619 2831 9957 1649 2851 9958 1655 2852 9959 1619 2831 9960 1655 2852 9961 1630 2832 9962 1630 2832 9963 1655 2852 9964 1651 2853 9965 1650 2854 9966 1651 2853 9967 1655 2852 9968 1650 2854 9969 1655 2852 9970 1649 2851 9971 1630 2832 9972 1651 2853 9973 1626 2833 9974 1651 2853 9975 1652 2843 9976 1626 2833 9977 1642 2840 9978 1623 2834 9979 1656 2842 9980 1656 2842 9981 1623 2834 9982 1626 2833 9983 1656 2842 9984 1626 2833 9985 1652 2843 9986 1658 2855 9987 1643 2856 9988 1642 2857 9989 1642 2857 9990 1657 2858 9991 1658 2855 9992 1657 2859 9993 1642 2859 9994 1659 2859 9995 1659 2860 9996 1642 2860 9997 1653 2860 9998 1657 2861 9999 1659 2861 10000 1658 2861 10001 1658 2862 10002 1659 2862 10003 1668 2862 10004 1659 2863 10005 1662 2863 10006 1668 2863 10007 1668 2864 10008 1662 2864 10009 1665 2864 10010 1668 2865 10011 1665 2865 10012 1666 2865 10013 1662 2866 10014 1659 2866 10015 1660 2866 10016 1660 2867 10017 1661 2867 10018 1662 2867 10019 1665 2868 10020 1662 2868 10021 1663 2868 10022 1665 2869 10023 1663 2869 10024 1664 2869 10025 1666 2870 10026 1667 2870 10027 1668 2870 10028 1644 2871 10029 1643 2871 10030 1668 2871 10031 1668 2872 10032 1643 2872 10033 1658 2872 10034 1667 2873 10035 1645 2873 10036 1668 2873 10037 1668 2874 10038 1645 2874 10039 1644 2874 10040 1666 2875 10041 1646 2876 10042 1645 2877 10043 1645 2877 10044 1667 2878 10045 1666 2875 10046 1647 2879 10047 1646 2879 10048 1665 2879 10049 1665 2880 10050 1646 2880 10051 1666 2880 10052 1664 2881 10053 1648 2881 10054 1665 2881 10055 1665 2882 10056 1648 2882 10057 1647 2882 10058 1663 2883 10059 1649 2884 10060 1648 2885 10061 1648 2885 10062 1664 2886 10063 1663 2883 10064 1650 2887 10065 1649 2887 10066 1662 2887 10067 1662 2888 10068 1649 2888 10069 1663 2888 10070 1661 2889 10071 1651 2889 10072 1662 2889 10073 1662 2890 10074 1651 2890 10075 1650 2890 10076 1660 2891 10077 1652 2892 10078 1651 2893 10079 1651 2893 10080 1661 2894 10081 1660 2891 10082 1653 2895 10083 1652 2895 10084 1659 2895 10085 1659 2896 10086 1652 2896 10087 1660 2896 10088 1682 2897 10089 1669 2898 10090 1670 2899 10091 1682 2897 10092 1670 2899 10093 1681 2900 10094 1681 2900 10095 1670 2899 10096 1671 2901 10097 1681 2900 10098 1671 2901 10099 1680 2902 10100 1680 2902 10101 1671 2901 10102 1672 2903 10103 1680 2902 10104 1672 2903 10105 1679 2904 10106 1679 2904 10107 1672 2903 10108 1673 2905 10109 1679 2904 10110 1673 2905 10111 1678 2906 10112 1678 2906 10113 1673 2905 10114 1677 2907 10115 1677 2907 10116 1673 2905 10117 1674 2908 10118 1677 2907 10119 1674 2908 10120 1675 2909 10121 1677 2907 10122 1675 2909 10123 1676 2910 10124 1676 2910 10125 1675 2909 10126 1682 2897 10127 1682 2897 10128 1675 2909 10129 1669 2898 10130 1699 2911 10131 1683 2911 10132 1682 2911 10133 1682 2912 10134 1683 2912 10135 1684 2912 10136 1682 2913 10137 1684 2913 10138 1676 2913 10139 1676 109 10140 1684 109 10141 1685 109 10142 1676 109 10143 1685 109 10144 1677 109 10145 1677 109 10146 1685 109 10147 1686 109 10148 1677 109 10149 1686 109 10150 1687 109 10151 1677 109 10152 1687 109 10153 1678 109 10154 1678 2914 10155 1687 2914 10156 1688 2914 10157 1678 2915 10158 1688 2915 10159 1689 2915 10160 1678 109 10161 1689 109 10162 1679 109 10163 1679 109 10164 1689 109 10165 1690 109 10166 1679 2916 10167 1690 2916 10168 1691 2916 10169 1679 109 10170 1691 109 10171 1692 109 10172 1679 109 10173 1692 109 10174 1680 109 10175 1680 2917 10176 1692 2917 10177 1693 2917 10178 1680 2918 10179 1693 2918 10180 1694 2918 10181 1680 109 10182 1694 109 10183 1681 109 10184 1681 2919 10185 1694 2919 10186 1695 2919 10187 1681 2920 10188 1695 2920 10189 1696 2920 10190 1681 2921 10191 1696 2921 10192 1697 2921 10193 1681 109 10194 1697 109 10195 1682 109 10196 1682 2922 10197 1697 2922 10198 1698 2922 10199 1682 2923 10200 1698 2923 10201 1699 2923 10202 1700 2924 10203 1702 2924 10204 1703 2924 10205 1700 2925 10206 1703 2925 10207 1705 2925 10208 1705 2926 10209 1703 2926 10210 1704 2926 10211 1702 2927 10212 1700 2927 10213 1701 2927 10214 1700 2928 10215 1705 2929 10216 1706 2930 10217 1700 2928 10218 1706 2930 10219 1701 2931 10220 1701 2931 10221 1706 2930 10222 1707 2932 10223 1701 2931 10224 1707 2932 10225 1708 2933 10226 1701 2931 10227 1708 2933 10228 1702 2934 10229 1703 2935 10230 1702 2936 10231 1709 2937 10232 1703 2935 10233 1709 2937 10234 1710 2938 10235 1703 2935 10236 1710 2938 10237 1704 2939 10238 1704 2939 10239 1710 2938 10240 1711 2940 10241 1704 2939 10242 1711 2940 10243 1705 2941 10244 1712 2942 10245 1706 2943 10246 1705 2941 10247 1712 2942 10248 1705 2941 10249 1717 2944 10250 1717 2944 10251 1705 2941 10252 1711 2940 10253 1717 2944 10254 1711 2940 10255 1710 2945 10256 1717 2944 10257 1710 2945 10258 1716 2946 10259 1716 2946 10260 1710 2945 10261 1709 2947 10262 1716 2946 10263 1709 2947 10264 1715 2948 10265 1715 2948 10266 1709 2947 10267 1702 2934 10268 1715 2948 10269 1702 2934 10270 1714 2949 10271 1714 2949 10272 1702 2934 10273 1708 2933 10274 1714 2949 10275 1708 2933 10276 1713 2950 10277 1713 2950 10278 1708 2933 10279 1707 2951 10280 1713 2950 10281 1707 2951 10282 1706 2943 10283 1713 2950 10284 1706 2943 10285 1712 2942 10286 1720 12 10287 1712 12 10288 1719 12 10289 1719 2952 10290 1712 2952 10291 1717 2952 10292 1719 12 10293 1717 12 10294 1718 12 10295 1718 12 10296 1717 12 10297 1725 12 10298 1725 2953 10299 1717 2953 10300 1716 2953 10301 1725 2954 10302 1716 2954 10303 1724 2954 10304 1724 2955 10305 1716 2955 10306 1715 2955 10307 1724 2956 10308 1715 2956 10309 1723 2956 10310 1723 12 10311 1715 12 10312 1714 12 10313 1723 12 10314 1714 12 10315 1722 12 10316 1722 12 10317 1714 12 10318 1713 12 10319 1722 2957 10320 1713 2957 10321 1721 2957 10322 1721 12 10323 1713 12 10324 1712 12 10325 1721 2958 10326 1712 2958 10327 1720 2958 10328 1726 2959 10329 1718 2960 10330 1733 2961 10331 1733 2961 10332 1718 2960 10333 1725 2962 10334 1733 2961 10335 1725 2962 10336 1732 2963 10337 1732 2963 10338 1725 2962 10339 1724 2964 10340 1732 2963 10341 1724 2964 10342 1731 2965 10343 1731 2965 10344 1724 2964 10345 1723 2966 10346 1731 2965 10347 1723 2966 10348 1730 2967 10349 1730 2967 10350 1723 2966 10351 1722 2968 10352 1730 2967 10353 1722 2968 10354 1729 2969 10355 1729 2969 10356 1722 2968 10357 1721 2970 10358 1729 2969 10359 1721 2970 10360 1728 2971 10361 1728 2971 10362 1721 2970 10363 1720 2972 10364 1728 2971 10365 1720 2972 10366 1727 2973 10367 1727 2973 10368 1720 2972 10369 1719 2974 10370 1727 2973 10371 1719 2974 10372 1726 2959 10373 1726 2959 10374 1719 2974 10375 1718 2960 10376 1734 2975 10377 1732 2975 10378 1740 2975 10379 1740 2976 10380 1732 2976 10381 1731 2976 10382 1732 2977 10383 1734 2977 10384 1735 2977 10385 1732 2978 10386 1735 2978 10387 1733 2978 10388 1733 2979 10389 1735 2979 10390 1726 2979 10391 1726 2980 10392 1735 2980 10393 1736 2980 10394 1726 2981 10395 1736 2981 10396 1727 2981 10397 1727 2982 10398 1736 2982 10399 1737 2982 10400 1727 2983 10401 1737 2983 10402 1728 2983 10403 1728 2984 10404 1737 2984 10405 1729 2984 10406 1729 2985 10407 1737 2985 10408 1738 2985 10409 1729 2986 10410 1738 2986 10411 1730 2986 10412 1730 2987 10413 1738 2987 10414 1739 2987 10415 1730 2988 10416 1739 2988 10417 1740 2988 10418 1730 2989 10419 1740 2989 10420 1731 2989 10421 1740 2990 10422 1745 2991 10423 1734 2992 10424 1735 2993 10425 1761 2994 10426 1736 2995 10427 1736 2995 10428 1757 2996 10429 1737 2997 10430 1737 2997 10431 1757 2996 10432 1742 2998 10433 1737 2997 10434 1742 2998 10435 1738 2999 10436 1738 2999 10437 1753 3000 10438 1751 3001 10439 1738 2999 10440 1751 3001 10441 1739 3002 10442 1740 2990 10443 1739 3002 10444 1746 3003 10445 1738 2999 10446 1742 2998 10447 1755 3004 10448 1738 2999 10449 1755 3004 10450 1753 3000 10451 1751 3001 10452 1753 3000 10453 1752 3005 10454 1751 3001 10455 1752 3005 10456 1739 3002 10457 1739 3002 10458 1752 3005 10459 1749 3006 10460 1739 3002 10461 1749 3006 10462 1746 3003 10463 1746 3003 10464 1749 3006 10465 1748 3007 10466 1740 2990 10467 1746 3003 10468 1744 3008 10469 1740 2990 10470 1744 3008 10471 1745 2991 10472 1734 2992 10473 1745 2991 10474 1766 3009 10475 1734 2992 10476 1766 3009 10477 1735 2993 10478 1735 2993 10479 1766 3009 10480 1764 3010 10481 1735 2993 10482 1764 3010 10483 1761 2994 10484 1761 2994 10485 1764 3010 10486 1763 3011 10487 1736 2995 10488 1761 2994 10489 1760 3012 10490 1736 2995 10491 1760 3012 10492 1757 2996 10493 1757 2996 10494 1760 3012 10495 1758 3013 10496 1757 2996 10497 1758 3013 10498 1742 2998 10499 1742 2998 10500 1758 3013 10501 1756 3014 10502 1742 2998 10503 1743 3015 10504 1755 3004 10505 1753 3000 10506 1755 3004 10507 1754 3016 10508 1753 3000 10509 1754 3016 10510 1752 3005 10511 1749 3006 10512 1752 3005 10513 1750 3017 10514 1746 3003 10515 1748 3007 10516 1747 3018 10517 1746 3003 10518 1747 3018 10519 1744 3008 10520 1745 2991 10521 1744 3008 10522 1741 3019 10523 1745 2991 10524 1741 3019 10525 1766 3009 10526 1764 3010 10527 1766 3009 10528 1765 3020 10529 1761 2994 10530 1763 3011 10531 1762 3021 10532 1761 2994 10533 1762 3021 10534 1760 3012 10535 1758 3013 10536 1760 3012 10537 1759 3022 10538 1742 2998 10539 1756 3014 10540 1743 3015 10541 1755 3004 10542 1743 3015 10543 1754 3016 10544 1752 3005 10545 1754 3016 10546 1750 3017 10547 1749 3006 10548 1750 3017 10549 1748 3007 10550 1748 3007 10551 1750 3017 10552 1747 3018 10553 1744 3008 10554 1747 3018 10555 1741 3019 10556 1766 3009 10557 1741 3019 10558 1765 3020 10559 1764 3010 10560 1765 3020 10561 1763 3011 10562 1763 3011 10563 1765 3020 10564 1762 3021 10565 1760 3012 10566 1762 3021 10567 1759 3022 10568 1758 3013 10569 1759 3022 10570 1756 3014 10571 1756 3014 10572 1759 3022 10573 1743 3015 10574 1767 3023 10575 1741 3019 10576 1747 3018 10577 1778 3024 10578 1767 3023 10579 1782 3025 10580 1778 3024 10581 1782 3025 10582 1777 3026 10583 1741 3019 10584 1767 3023 10585 1768 3027 10586 1741 3019 10587 1768 3027 10588 1779 3028 10589 1741 3019 10590 1779 3028 10591 1765 3020 10592 1765 3020 10593 1779 3028 10594 1770 3029 10595 1769 3030 10596 1770 3029 10597 1779 3028 10598 1769 3030 10599 1779 3028 10600 1768 3027 10601 1765 3020 10602 1770 3029 10603 1762 3021 10604 1770 3029 10605 1771 3031 10606 1762 3021 10607 1762 3021 10608 1771 3031 10609 1780 3032 10610 1762 3021 10611 1780 3032 10612 1759 3022 10613 1759 3022 10614 1780 3032 10615 1773 3033 10616 1772 3034 10617 1773 3033 10618 1780 3032 10619 1772 3034 10620 1780 3032 10621 1771 3031 10622 1759 3022 10623 1773 3033 10624 1743 3015 10625 1773 3033 10626 1774 3035 10627 1743 3015 10628 1743 3015 10629 1774 3035 10630 1781 3036 10631 1743 3015 10632 1781 3036 10633 1754 3016 10634 1754 3016 10635 1781 3036 10636 1776 3037 10637 1775 3038 10638 1776 3037 10639 1781 3036 10640 1775 3038 10641 1781 3036 10642 1774 3035 10643 1754 3016 10644 1776 3037 10645 1750 3017 10646 1776 3037 10647 1777 3026 10648 1750 3017 10649 1767 3023 10650 1747 3018 10651 1782 3025 10652 1782 3025 10653 1747 3018 10654 1750 3017 10655 1782 3025 10656 1750 3017 10657 1777 3026 10658 1784 3039 10659 1768 3040 10660 1767 3041 10661 1767 3041 10662 1783 3042 10663 1784 3039 10664 1783 3043 10665 1767 3043 10666 1785 3043 10667 1785 3044 10668 1767 3044 10669 1778 3044 10670 1783 3045 10671 1785 3045 10672 1784 3045 10673 1784 3046 10674 1785 3046 10675 1794 3046 10676 1785 3047 10677 1788 3047 10678 1794 3047 10679 1794 3048 10680 1788 3048 10681 1791 3048 10682 1794 3049 10683 1791 3049 10684 1792 3049 10685 1788 3050 10686 1785 3050 10687 1786 3050 10688 1786 3051 10689 1787 3051 10690 1788 3051 10691 1791 3052 10692 1788 3052 10693 1789 3052 10694 1791 3053 10695 1789 3053 10696 1790 3053 10697 1792 3054 10698 1793 3054 10699 1794 3054 10700 1769 3055 10701 1768 3055 10702 1794 3055 10703 1794 3056 10704 1768 3056 10705 1784 3056 10706 1793 3057 10707 1770 3057 10708 1794 3057 10709 1794 3058 10710 1770 3058 10711 1769 3058 10712 1792 3059 10713 1771 3060 10714 1770 3061 10715 1770 3061 10716 1793 3062 10717 1792 3059 10718 1772 3063 10719 1771 3063 10720 1791 3063 10721 1791 3064 10722 1771 3064 10723 1792 3064 10724 1790 3065 10725 1773 3065 10726 1791 3065 10727 1791 3066 10728 1773 3066 10729 1772 3066 10730 1789 3067 10731 1774 3068 10732 1773 3069 10733 1773 3069 10734 1790 3070 10735 1789 3067 10736 1775 3071 10737 1774 3071 10738 1788 3071 10739 1788 3072 10740 1774 3072 10741 1789 3072 10742 1787 3073 10743 1776 3073 10744 1788 3073 10745 1788 3074 10746 1776 3074 10747 1775 3074 10748 1786 3075 10749 1777 3076 10750 1776 3077 10751 1776 3077 10752 1787 3078 10753 1786 3075 10754 1778 3079 10755 1777 3079 10756 1785 3079 10757 1785 3080 10758 1777 3080 10759 1786 3080 10760 1797 3081 10761 1808 3082 10762 1796 3083 10763 1796 3083 10764 1809 3084 10765 1795 3085 10766 1803 3086 10767 1795 3085 10768 1809 3084 10769 1809 3084 10770 1796 3083 10771 1808 3082 10772 1808 3082 10773 1797 3081 10774 1807 3087 10775 1807 3087 10776 1797 3081 10777 1798 3088 10778 1807 3087 10779 1798 3088 10780 1799 3089 10781 1807 3087 10782 1799 3089 10783 1806 3090 10784 1806 3090 10785 1799 3089 10786 1800 3091 10787 1806 3090 10788 1800 3091 10789 1805 3092 10790 1805 3092 10791 1800 3091 10792 1801 3093 10793 1805 3092 10794 1801 3093 10795 1804 3094 10796 1804 3094 10797 1801 3093 10798 1802 3095 10799 1804 3094 10800 1802 3095 10801 1803 3086 10802 1803 3086 10803 1802 3095 10804 1795 3085 10805 1826 3096 10806 1810 3096 10807 1803 3096 10808 1803 3097 10809 1810 3097 10810 1811 3097 10811 1803 3098 10812 1811 3098 10813 1804 3098 10814 1804 3099 10815 1811 3099 10816 1812 3099 10817 1804 3100 10818 1812 3100 10819 1813 3100 10820 1804 109 10821 1813 109 10822 1805 109 10823 1805 3101 10824 1813 3101 10825 1814 3101 10826 1805 3102 10827 1814 3102 10828 1815 3102 10829 1805 109 10830 1815 109 10831 1806 109 10832 1806 3103 10833 1816 3103 10834 1817 3103 10835 1806 3104 10836 1817 3104 10837 1807 3104 10838 1807 109 10839 1817 109 10840 1818 109 10841 1807 3105 10842 1818 3105 10843 1819 3105 10844 1807 3106 10845 1819 3106 10846 1820 3106 10847 1807 3107 10848 1820 3107 10849 1821 3107 10850 1807 3108 10851 1821 3108 10852 1808 3108 10853 1808 109 10854 1821 109 10855 1822 109 10856 1808 3109 10857 1822 3109 10858 1823 3109 10859 1808 3110 10860 1823 3110 10861 1809 3110 10862 1809 3111 10863 1823 3111 10864 1824 3111 10865 1809 3112 10866 1824 3112 10867 1825 3112 10868 1809 3113 10869 1825 3113 10870 1803 3113 10871 1803 3114 10872 1825 3114 10873 1826 3114 10874 1827 3115 10875 1829 3115 10876 1832 3115 10877 1832 3116 10878 1829 3116 10879 1830 3116 10880 1832 3117 10881 1830 3117 10882 1831 3117 10883 1829 3118 10884 1827 3118 10885 1828 3118 10886 1832 3119 10887 1840 3120 10888 1833 3121 10889 1832 3119 10890 1833 3121 10891 1827 3122 10892 1827 3122 10893 1833 3121 10894 1834 3123 10895 1827 3122 10896 1834 3123 10897 1828 3124 10898 1828 3124 10899 1834 3123 10900 1835 3125 10901 1828 3124 10902 1835 3125 10903 1836 3126 10904 1828 3124 10905 1836 3126 10906 1829 3127 10907 1829 3127 10908 1836 3126 10909 1830 3128 10910 1830 3128 10911 1836 3126 10912 1837 3129 10913 1830 3128 10914 1837 3129 10915 1831 3130 10916 1831 3130 10917 1837 3129 10918 1838 3131 10919 1831 3130 10920 1838 3131 10921 1839 3132 10922 1831 3130 10923 1839 3132 10924 1832 3119 10925 1832 3119 10926 1839 3132 10927 1840 3120 10928 1840 3133 10929 1845 3134 10930 1833 3135 10931 1833 3135 10932 1845 3134 10933 1846 3136 10934 1833 3135 10935 1846 3136 10936 1834 3137 10937 1834 3137 10938 1846 3136 10939 1847 3138 10940 1834 3137 10941 1847 3138 10942 1835 3139 10943 1835 3139 10944 1847 3138 10945 1836 3140 10946 1836 3140 10947 1847 3138 10948 1848 3141 10949 1836 3140 10950 1848 3141 10951 1841 3142 10952 1836 3140 10953 1841 3142 10954 1837 3143 10955 1837 3143 10956 1841 3142 10957 1842 3144 10958 1837 3143 10959 1842 3144 10960 1838 3145 10961 1838 3145 10962 1842 3144 10963 1843 3146 10964 1838 3145 10965 1843 3146 10966 1839 3147 10967 1839 3147 10968 1843 3146 10969 1844 3148 10970 1839 3147 10971 1844 3148 10972 1840 3133 10973 1840 3133 10974 1844 3148 10975 1845 3134 10976 1841 3149 10977 1849 3149 10978 1842 3149 10979 1842 3150 10980 1849 3150 10981 1850 3150 10982 1842 3151 10983 1850 3151 10984 1843 3151 10985 1843 3152 10986 1850 3152 10987 1851 3152 10988 1843 3153 10989 1851 3153 10990 1844 3153 10991 1844 3154 10992 1851 3154 10993 1852 3154 10994 1844 3155 10995 1852 3155 10996 1845 3155 10997 1845 3156 10998 1852 3156 10999 1853 3156 11000 1845 3157 11001 1853 3157 11002 1846 3157 11003 1846 3158 11004 1853 3158 11005 1854 3158 11006 1846 3159 11007 1854 3159 11008 1847 3159 11009 1847 3160 11010 1854 3160 11011 1855 3160 11012 1847 3161 11013 1855 3161 11014 1856 3161 11015 1847 3162 11016 1856 3162 11017 1848 3162 11018 1848 3163 11019 1856 3163 11020 1849 3163 11021 1848 3164 11022 1849 3164 11023 1841 3164 11024 1900 3165 11025 1868 3166 11026 1867 3167 11027 1867 3167 11028 1866 3168 11029 1901 3169 11030 1869 3170 11031 1849 3171 11032 1856 3172 11033 1874 3173 11034 1856 3172 11035 1855 3174 11036 1874 3173 11037 1855 3174 11038 1877 3175 11039 1877 3175 11040 1855 3174 11041 1879 3176 11042 1879 3176 11043 1855 3174 11044 1854 3177 11045 1892 3178 11046 1889 3179 11047 1891 3180 11048 1883 3181 11049 1862 3182 11050 1884 3183 11051 1884 3183 11052 1862 3182 11053 1864 3184 11054 1879 3176 11055 1854 3177 11056 1883 3181 11057 1864 3184 11058 1863 3185 11059 1859 3186 11060 1859 3186 11061 1863 3185 11062 1887 3187 11063 1862 3182 11064 1863 3185 11065 1864 3184 11066 1863 3185 11067 1886 3188 11068 1887 3187 11069 1883 3181 11070 1854 3177 11071 1862 3182 11072 1887 3187 11073 1886 3188 11074 1858 3189 11075 1858 3189 11076 1889 3179 11077 1892 3178 11078 1854 3177 11079 1853 3190 11080 1862 3182 11081 1862 3182 11082 1853 3190 11083 1863 3185 11084 1863 3185 11085 1853 3190 11086 1886 3188 11087 1886 3188 11088 1888 3191 11089 1858 3189 11090 1858 3189 11091 1888 3191 11092 1889 3179 11093 1853 3190 11094 1852 3192 11095 1886 3188 11096 1886 3188 11097 1852 3192 11098 1888 3191 11099 1888 3191 11100 1891 3180 11101 1889 3179 11102 1852 3192 11103 1890 3193 11104 1888 3191 11105 1888 3191 11106 1890 3193 11107 1891 3180 11108 1852 3192 11109 1851 3194 11110 1890 3193 11111 1894 3195 11112 1851 3194 11113 1850 3196 11114 1898 3197 11115 1850 3196 11116 1849 3171 11117 1864 3184 11118 1859 3186 11119 1885 3198 11120 1864 3184 11121 1885 3198 11122 1884 3183 11123 1884 3183 11124 1881 3199 11125 1883 3181 11126 1883 3181 11127 1881 3199 11128 1879 3176 11129 1885 3198 11130 1882 3200 11131 1884 3183 11132 1884 3183 11133 1882 3200 11134 1881 3199 11135 1881 3199 11136 1880 3201 11137 1879 3176 11138 1879 3176 11139 1880 3201 11140 1877 3175 11141 1882 3200 11142 1880 3201 11143 1881 3199 11144 1880 3201 11145 1878 3202 11146 1877 3175 11147 1877 3175 11148 1878 3202 11149 1874 3173 11150 1878 3202 11151 1876 3203 11152 1874 3173 11153 1882 3200 11154 1860 3204 11155 1880 3201 11156 1880 3201 11157 1860 3204 11158 1878 3202 11159 1874 3173 11160 1872 3205 11161 1856 3172 11162 1865 3206 11163 1849 3171 11164 1869 3170 11165 1868 3166 11166 1849 3171 11167 1865 3206 11168 1870 3207 11169 1869 3170 11170 1856 3172 11171 1870 3207 11172 1856 3172 11173 1872 3205 11174 1865 3206 11175 1869 3170 11176 1870 3207 11177 1871 3208 11178 1870 3207 11179 1872 3205 11180 1876 3203 11181 1872 3205 11182 1874 3173 11183 1867 3167 11184 1868 3166 11185 1866 3168 11186 1866 3168 11187 1868 3166 11188 1865 3206 11189 1866 3168 11190 1865 3206 11191 1871 3208 11192 1871 3208 11193 1865 3206 11194 1870 3207 11195 1873 3209 11196 1871 3208 11197 1872 3205 11198 1873 3209 11199 1872 3205 11200 1876 3203 11201 1875 3210 11202 1873 3209 11203 1876 3203 11204 1861 3211 11205 1866 3168 11206 1871 3208 11207 1861 3211 11208 1871 3208 11209 1873 3209 11210 1875 3210 11211 1876 3203 11212 1860 3204 11213 1860 3204 11214 1876 3203 11215 1878 3202 11216 1897 3212 11217 1894 3195 11218 1850 3196 11219 1897 3212 11220 1850 3196 11221 1898 3197 11222 1868 3166 11223 1898 3197 11224 1849 3171 11225 1891 3180 11226 1890 3193 11227 1893 3213 11228 1893 3213 11229 1890 3193 11230 1851 3194 11231 1893 3213 11232 1851 3194 11233 1894 3195 11234 1893 3213 11235 1894 3195 11236 1896 3214 11237 1896 3214 11238 1894 3195 11239 1897 3212 11240 1900 3165 11241 1898 3197 11242 1868 3166 11243 1899 3215 11244 1897 3212 11245 1898 3197 11246 1899 3215 11247 1898 3197 11248 1900 3165 11249 1892 3178 11250 1891 3180 11251 1893 3213 11252 1892 3178 11253 1893 3213 11254 1895 3216 11255 1895 3216 11256 1893 3213 11257 1896 3214 11258 1901 3169 11259 1899 3215 11260 1900 3165 11261 1901 3169 11262 1900 3165 11263 1867 3167 11264 1895 3216 11265 1896 3214 11266 1857 3217 11267 1857 3217 11268 1896 3214 11269 1897 3212 11270 1857 3217 11271 1897 3212 11272 1899 3215 11273 1918 3218 11274 1861 3211 11275 1873 3209 11276 1905 3219 11277 1906 3220 11278 1920 3221 11279 1905 3219 11280 1920 3221 11281 1904 3222 11282 1904 3222 11283 1920 3221 11284 1903 3223 11285 1895 3216 11286 1906 3220 11287 1907 3224 11288 1892 3178 11289 1919 3225 11290 1858 3189 11291 1919 3225 11292 1908 3226 11293 1909 3227 11294 1907 3224 11295 1908 3226 11296 1919 3225 11297 1909 3227 11298 1921 3228 11299 1919 3225 11300 1913 3229 11301 1917 3230 11302 1912 3231 11303 1912 3231 11304 1917 3230 11305 1911 3232 11306 1911 3232 11307 1917 3230 11308 1910 3233 11309 1860 3204 11310 1913 3229 11311 1914 3234 11312 1914 3234 11313 1875 3210 11314 1860 3204 11315 1873 3209 11316 1914 3234 11317 1918 3218 11318 1914 3234 11319 1915 3235 11320 1918 3218 11321 1915 3235 11322 1916 3236 11323 1918 3218 11324 1866 3168 11325 1902 3237 11326 1903 3223 11327 1902 3237 11328 1866 3168 11329 1861 3211 11330 1902 3237 11331 1861 3211 11332 1918 3218 11333 1902 3237 11334 1918 3218 11335 1916 3236 11336 1873 3209 11337 1875 3210 11338 1914 3234 11339 1913 3229 11340 1860 3204 11341 1882 3200 11342 1913 3229 11343 1882 3200 11344 1917 3230 11345 1882 3200 11346 1885 3198 11347 1917 3230 11348 1917 3230 11349 1885 3198 11350 1910 3233 11351 1910 3233 11352 1885 3198 11353 1859 3186 11354 1910 3233 11355 1859 3186 11356 1921 3228 11357 1921 3228 11358 1859 3186 11359 1887 3187 11360 1921 3228 11361 1887 3187 11362 1919 3225 11363 1887 3187 11364 1858 3189 11365 1919 3225 11366 1919 3225 11367 1892 3178 11368 1907 3224 11369 1907 3224 11370 1892 3178 11371 1895 3216 11372 1895 3216 11373 1857 3217 11374 1906 3220 11375 1906 3220 11376 1857 3217 11377 1920 3221 11378 1920 3221 11379 1857 3217 11380 1899 3215 11381 1899 3215 11382 1901 3169 11383 1920 3221 11384 1920 3221 11385 1901 3169 11386 1903 3223 11387 1903 3223 11388 1901 3169 11389 1866 3168 11390 1923 3238 11391 1903 3223 11392 1902 3237 11393 1902 3237 11394 1922 3239 11395 1923 3238 11396 1902 3240 11397 1916 3240 11398 1922 3240 11399 1922 3241 11400 1916 3241 11401 1924 3241 11402 1922 3242 11403 1924 3242 11404 1923 3242 11405 1923 3243 11406 1924 3243 11407 1937 3243 11408 1937 3244 11409 1924 3244 11410 1925 3244 11411 1925 3245 11412 1928 3245 11413 1937 3245 11414 1937 3246 11415 1928 3246 11416 1932 3246 11417 1937 3247 11418 1932 3247 11419 1936 3247 11420 1936 3248 11421 1932 3248 11422 1933 3248 11423 1936 3249 11424 1933 3249 11425 1934 3249 11426 1928 3250 11427 1925 3250 11428 1926 3250 11429 1926 3251 11430 1927 3251 11431 1928 3251 11432 1928 3252 11433 1929 3252 11434 1932 3252 11435 1932 3253 11436 1929 3253 11437 1930 3253 11438 1932 3254 11439 1930 3254 11440 1931 3254 11441 1934 3255 11442 1935 3255 11443 1936 3255 11444 1904 3256 11445 1903 3256 11446 1937 3256 11447 1937 3257 11448 1903 3257 11449 1923 3257 11450 1936 3258 11451 1905 3259 11452 1937 3260 11453 1937 3260 11454 1905 3259 11455 1904 3261 11456 1935 3262 11457 1906 3262 11458 1936 3262 11459 1936 3263 11460 1906 3263 11461 1905 3263 11462 1906 3220 11463 1935 3264 11464 1907 3224 11465 1907 3224 11466 1935 3264 11467 1934 3265 11468 1908 3266 11469 1907 3266 11470 1933 3266 11471 1933 3267 11472 1907 3267 11473 1934 3267 11474 1932 3268 11475 1909 3269 11476 1908 3270 11477 1932 3268 11478 1908 3270 11479 1933 3271 11480 1931 3272 11481 1921 3272 11482 1932 3272 11483 1932 3273 11484 1921 3273 11485 1909 3273 11486 1930 3274 11487 1910 3233 11488 1921 3228 11489 1921 3228 11490 1931 3275 11491 1930 3274 11492 1911 3276 11493 1910 3276 11494 1929 3276 11495 1929 3277 11496 1910 3277 11497 1930 3277 11498 1928 3278 11499 1912 3279 11500 1911 3280 11501 1928 3278 11502 1911 3280 11503 1929 3281 11504 1913 3282 11505 1912 3282 11506 1927 3282 11507 1927 3283 11508 1912 3283 11509 1928 3283 11510 1926 3284 11511 1914 3234 11512 1913 3229 11513 1913 3229 11514 1927 3285 11515 1926 3284 11516 1915 3286 11517 1914 3286 11518 1925 3286 11519 1925 3287 11520 1914 3287 11521 1926 3287 11522 1924 3288 11523 1916 3289 11524 1925 3290 11525 1925 3290 11526 1916 3289 11527 1915 3291 11528 1938 3292 11529 1947 3293 11530 1946 3294 11531 1946 3294 11532 1948 3295 11533 1945 3296 11534 1945 3296 11535 1949 3297 11536 1944 3298 11537 1943 3299 11538 1944 3298 11539 1950 3300 11540 1943 3299 11541 1951 3301 11542 1942 3302 11543 1942 3302 11544 1951 3301 11545 1941 3303 11546 1941 3303 11547 1953 3304 11548 1940 3305 11549 1940 3305 11550 1953 3304 11551 1939 3306 11552 1939 3306 11553 1954 3307 11554 1938 3292 11555 1947 3293 11556 1938 3292 11557 1954 3307 11558 1954 3307 11559 1939 3306 11560 1953 3304 11561 1953 3304 11562 1941 3303 11563 1952 3308 11564 1952 3308 11565 1941 3303 11566 1951 3301 11567 1951 3301 11568 1943 3299 11569 1950 3300 11570 1950 3300 11571 1944 3298 11572 1949 3297 11573 1949 3297 11574 1945 3296 11575 1948 3295 11576 1948 3295 11577 1946 3294 11578 1947 3293 11579 1955 109 11580 1956 109 11581 1958 109 11582 1958 109 11583 1956 109 11584 1957 109 11585 1959 103 11586 1960 103 11587 1961 103 11588 1961 3309 11589 1960 3309 11590 1955 3309 11591 1955 103 11592 1960 103 11593 1956 103 11594 1963 3310 11595 1960 3310 11596 1962 3310 11597 1962 3311 11598 1960 3311 11599 1959 3311 11600 1957 97 11601 1963 97 11602 1958 97 11603 1958 3312 11604 1963 3312 11605 1962 3312 11606 1958 3313 11607 1962 3313 11608 1968 3313 11609 1968 97 11610 1962 97 11611 1964 97 11612 1968 97 11613 1964 97 11614 1967 97 11615 1967 3314 11616 1964 3314 11617 1966 3314 11618 1966 97 11619 1964 97 11620 1965 97 11621 1970 94 11622 1971 94 11623 1969 94 11624 1969 94 11625 1971 94 11626 1972 94 11627 1972 3315 11628 1971 3315 11629 1961 3315 11630 1972 3316 11631 1961 3316 11632 1968 3316 11633 1968 94 11634 1961 94 11635 1958 94 11636 1958 94 11637 1961 94 11638 1955 94 11639 1969 109 11640 1973 109 11641 1970 109 11642 1970 109 11643 1973 109 11644 1974 109 11645 1976 97 11646 1971 97 11647 1975 97 11648 1975 97 11649 1971 97 11650 1970 97 11651 1975 97 11652 1970 97 11653 1974 97 11654 1975 3310 11655 1977 3310 11656 1976 3310 11657 1976 3311 11658 1977 3311 11659 1978 3311 11660 1977 3317 11661 1975 3317 11662 1973 3317 11663 1973 3318 11664 1975 3318 11665 1974 3318 11666 1979 103 11667 1980 103 11668 1982 103 11669 1982 3319 11670 1980 3319 11671 1981 3319 11672 1981 103 11673 1980 103 11674 1972 103 11675 1972 103 11676 1980 103 11677 1978 103 11678 1972 3320 11679 1978 3320 11680 1969 3320 11681 1969 3321 11682 1978 3321 11683 1977 3321 11684 1969 103 11685 1977 103 11686 1973 103 11687 1983 94 11688 1984 94 11689 1979 94 11690 1979 94 11691 1984 94 11692 1980 94 11693 1980 3322 11694 1984 3322 11695 1986 3322 11696 1986 94 11697 1984 94 11698 1985 94 11699 1988 109 11700 1982 109 11701 1987 109 11702 1987 109 11703 1982 109 11704 1966 109 11705 1987 3323 11706 1966 3323 11707 1965 3323 11708 1983 109 11709 1979 109 11710 1988 109 11711 1988 3324 11712 1979 3324 11713 1982 3324 11714 1965 109 11715 1989 109 11716 1987 109 11717 1988 94 11718 1987 94 11719 1991 94 11720 1991 94 11721 1987 94 11722 1990 94 11723 1992 97 11724 1993 97 11725 1991 97 11726 1991 97 11727 1993 97 11728 1988 97 11729 1988 97 11730 1993 97 11731 1983 97 11732 1983 97 11733 1993 97 11734 1984 97 11735 1993 100 11736 1992 100 11737 1994 100 11738 1994 100 11739 1992 100 11740 1995 100 11741 1985 109 11742 1984 109 11743 1994 109 11744 1994 109 11745 1984 109 11746 1993 109 11747 1995 97 11748 1986 97 11749 1994 97 11750 1994 97 11751 1986 97 11752 1985 97 11753 1996 109 11754 1997 109 11755 1990 109 11756 1990 3325 11757 1997 3325 11758 2010 3325 11759 1990 109 11760 2010 109 11761 2007 109 11762 1997 109 11763 1998 109 11764 2010 109 11765 2010 3326 11766 1998 3326 11767 2009 3326 11768 2009 109 11769 1998 109 11770 1959 109 11771 2009 109 11772 1959 109 11773 2008 109 11774 2008 109 11775 1959 109 11776 2005 109 11777 2008 109 11778 2005 109 11779 2006 109 11780 1998 109 11781 1964 109 11782 1959 109 11783 1959 109 11784 1964 109 11785 1962 109 11786 1961 109 11787 1971 109 11788 1959 109 11789 1959 3327 11790 1971 3327 11791 2005 3327 11792 2005 109 11793 1971 109 11794 2004 109 11795 2004 3328 11796 1971 3328 11797 1976 3328 11798 2004 109 11799 1976 109 11800 2001 109 11801 2001 109 11802 1976 109 11803 2000 109 11804 2000 109 11805 1976 109 11806 1986 109 11807 2000 3329 11808 1986 3329 11809 1999 3329 11810 1999 109 11811 1986 109 11812 1995 109 11813 1999 109 11814 1995 109 11815 1991 109 11816 1991 109 11817 1995 109 11818 1992 109 11819 1978 109 11820 1980 109 11821 1976 109 11822 1976 109 11823 1980 109 11824 1986 109 11825 1990 109 11826 2006 109 11827 1991 109 11828 1991 109 11829 2006 109 11830 2003 109 11831 1991 109 11832 2003 109 11833 2002 109 11834 2002 109 11835 2003 109 11836 2004 109 11837 2002 109 11838 2004 109 11839 2001 109 11840 2002 109 11841 1999 109 11842 1991 109 11843 1990 109 11844 2007 109 11845 2006 109 11846 2006 109 11847 2007 109 11848 2008 109 11849 1996 100 11850 2011 100 11851 1997 100 11852 1997 100 11853 2011 100 11854 2012 100 11855 1996 103 11856 1990 103 11857 2011 103 11858 2011 103 11859 1990 103 11860 1987 103 11861 2011 103 11862 1987 103 11863 1989 103 11864 1989 103 11865 2013 103 11866 2011 103 11867 2011 109 11868 2013 109 11869 2012 109 11870 2012 109 11871 2013 109 11872 2014 109 11873 2012 103 11874 2014 103 11875 1997 103 11876 1997 103 11877 2014 103 11878 1998 103 11879 2014 94 11880 2013 94 11881 1998 94 11882 1998 3330 11883 2013 3330 11884 1964 3330 11885 1964 94 11886 2013 94 11887 1965 94 11888 1965 94 11889 2013 94 11890 1989 94 11891 2000 103 11892 1999 103 11893 2016 103 11894 2016 103 11895 1999 103 11896 2015 103 11897 2001 94 11898 2000 94 11899 2017 94 11900 2017 94 11901 2000 94 11902 2016 94 11903 2002 97 11904 2001 97 11905 2018 97 11906 2018 97 11907 2001 97 11908 2017 97 11909 1999 100 11910 2002 100 11911 2015 100 11912 2015 100 11913 2002 100 11914 2018 100 11915 2018 109 11916 2017 109 11917 2015 109 11918 2015 109 11919 2017 109 11920 2016 109 11921 2004 103 11922 2003 103 11923 2020 103 11924 2020 103 11925 2003 103 11926 2019 103 11927 2005 94 11928 2004 94 11929 2021 94 11930 2021 94 11931 2004 94 11932 2020 94 11933 2006 97 11934 2005 97 11935 2022 97 11936 2022 97 11937 2005 97 11938 2021 97 11939 2003 100 11940 2006 100 11941 2019 100 11942 2019 100 11943 2006 100 11944 2022 100 11945 2022 109 11946 2021 109 11947 2019 109 11948 2019 109 11949 2021 109 11950 2020 109 11951 2008 103 11952 2007 103 11953 2024 103 11954 2024 103 11955 2007 103 11956 2023 103 11957 2009 94 11958 2008 94 11959 2025 94 11960 2025 94 11961 2008 94 11962 2024 94 11963 2010 97 11964 2009 97 11965 2026 97 11966 2026 97 11967 2009 97 11968 2025 97 11969 2007 100 11970 2010 100 11971 2023 100 11972 2023 100 11973 2010 100 11974 2026 100 11975 2026 109 11976 2025 109 11977 2023 109 11978 2023 109 11979 2025 109 11980 2024 109 11981 1967 100 11982 1966 100 11983 1981 100 11984 1981 100 11985 1966 100 11986 1982 100 11987 1968 12 11988 2031 12 11989 1972 12 11990 1972 12 11991 2031 12 11992 2030 12 11993 1972 12 11994 2030 12 11995 2027 12 11996 1967 12 11997 2038 12 11998 1968 12 11999 1968 12 12000 2038 12 12001 2035 12 12002 1968 12 12003 2035 12 12004 2034 12 12005 2034 12 12006 2035 12 12007 2036 12 12008 2034 12 12009 2036 12 12010 2033 12 12011 2033 12 12012 2036 12 12013 1967 12 12014 2033 12 12015 1967 12 12016 2032 12 12017 2032 12 12018 1967 12 12019 1981 12 12020 2032 12 12021 1981 12 12022 2029 12 12023 2029 12 12024 1981 12 12025 2028 12 12026 2028 3331 12027 1981 3331 12028 2027 3331 12029 2027 12 12030 1981 12 12031 1972 12 12032 2029 12 12033 2030 12 12034 2032 12 12035 2032 12 12036 2030 12 12037 2031 12 12038 2034 12 12039 2031 12 12040 1968 12 12041 2036 12 12042 2037 12 12043 1967 12 12044 1967 3332 12045 2037 3332 12046 2038 3332 12047 2028 103 12048 2027 103 12049 2040 103 12050 2040 103 12051 2027 103 12052 2039 103 12053 2029 100 12054 2028 100 12055 2041 100 12056 2041 100 12057 2028 100 12058 2040 100 12059 2029 97 12060 2041 97 12061 2030 97 12062 2030 97 12063 2041 97 12064 2042 97 12065 2027 94 12066 2030 94 12067 2039 94 12068 2039 94 12069 2030 94 12070 2042 94 12071 2042 12 12072 2041 12 12073 2039 12 12074 2039 12 12075 2041 12 12076 2040 12 12077 2032 103 12078 2031 103 12079 2044 103 12080 2044 103 12081 2031 103 12082 2043 103 12083 2033 100 12084 2032 100 12085 2045 100 12086 2045 100 12087 2032 100 12088 2044 100 12089 2033 97 12090 2045 97 12091 2034 97 12092 2034 97 12093 2045 97 12094 2046 97 12095 2031 94 12096 2034 94 12097 2043 94 12098 2043 94 12099 2034 94 12100 2046 94 12101 2046 12 12102 2045 12 12103 2043 12 12104 2043 12 12105 2045 12 12106 2044 12 12107 2036 103 12108 2035 103 12109 2048 103 12110 2048 103 12111 2035 103 12112 2047 103 12113 2037 100 12114 2036 100 12115 2049 100 12116 2049 100 12117 2036 100 12118 2048 100 12119 2037 97 12120 2049 97 12121 2038 97 12122 2038 97 12123 2049 97 12124 2050 97 12125 2035 94 12126 2038 94 12127 2047 94 12128 2047 94 12129 2038 94 12130 2050 94 12131 2050 12 12132 2049 12 12133 2047 12 12134 2047 12 12135 2049 12 12136 2048 12 12137 1960 3333 12138 1963 3333 12139 1956 3333 12140 1956 3334 12141 1963 3334 12142 1957 3334 12143 2601 3335 12144 2608 3336 12145 2607 3337 12146 2607 3337 12147 2608 3336 12148 2609 3338 12149 2607 3337 12150 2609 3338 12151 2606 3339 12152 2606 3339 12153 2609 3338 12154 2610 3340 12155 2606 3339 12156 2610 3340 12157 2605 3341 12158 2605 3341 12159 2610 3340 12160 2611 3342 12161 2605 3341 12162 2611 3342 12163 2604 3343 12164 2604 3343 12165 2611 3342 12166 2612 3344 12167 2604 3343 12168 2612 3344 12169 2603 3345 12170 2603 3345 12171 2612 3344 12172 2613 3346 12173 2603 3345 12174 2613 3346 12175 2602 3347 12176 2602 3347 12177 2613 3346 12178 2614 3348 12179 2602 3347 12180 2614 3348 12181 2601 3335 12182 2601 3335 12183 2614 3348 12184 2608 3336 12185 2615 3349 12186 2622 3350 12187 2621 3351 12188 2621 3351 12189 2622 3350 12190 2623 3352 12191 2621 3351 12192 2623 3352 12193 2620 3353 12194 2620 3353 12195 2623 3352 12196 2624 3354 12197 2620 3353 12198 2624 3354 12199 2619 3355 12200 2619 3355 12201 2624 3354 12202 2625 3356 12203 2619 3355 12204 2625 3356 12205 2618 3357 12206 2618 3357 12207 2625 3356 12208 2626 3358 12209 2618 3357 12210 2626 3358 12211 2617 3359 12212 2617 3359 12213 2626 3358 12214 2627 3360 12215 2617 3359 12216 2627 3360 12217 2616 3361 12218 2616 3361 12219 2627 3360 12220 2628 3362 12221 2616 3361 12222 2628 3362 12223 2615 3349 12224 2615 3349 12225 2628 3362 12226 2622 3350 12227 2629 3363 12228 2642 3364 12229 2635 3365 12230 2635 3365 12231 2642 3364 12232 2636 3366 12233 2635 3365 12234 2636 3366 12235 2634 3367 12236 2634 3367 12237 2636 3366 12238 2637 3368 12239 2634 3367 12240 2637 3368 12241 2633 3369 12242 2633 3369 12243 2637 3368 12244 2638 3370 12245 2633 3369 12246 2638 3370 12247 2639 3371 12248 2633 3369 12249 2639 3371 12250 2632 3372 12251 2632 3372 12252 2639 3371 12253 2640 3373 12254 2632 3372 12255 2640 3373 12256 2631 3374 12257 2631 3374 12258 2640 3373 12259 2630 3375 12260 2630 3375 12261 2640 3373 12262 2641 3376 12263 2630 3375 12264 2641 3376 12265 2629 3363 12266 2629 3363 12267 2641 3376 12268 2642 3364 12269 2643 3377 12270 2656 3378 12271 2649 3379 12272 2649 3379 12273 2656 3378 12274 2650 3380 12275 2649 3379 12276 2650 3380 12277 2648 3381 12278 2648 3381 12279 2650 3380 12280 2651 3382 12281 2648 3381 12282 2651 3382 12283 2647 3383 12284 2647 3383 12285 2651 3382 12286 2652 3384 12287 2647 3383 12288 2652 3384 12289 2653 3385 12290 2647 3383 12291 2653 3385 12292 2646 3386 12293 2646 3386 12294 2653 3385 12295 2654 3387 12296 2646 3386 12297 2654 3387 12298 2645 3388 12299 2645 3388 12300 2654 3387 12301 2644 3389 12302 2644 3389 12303 2654 3387 12304 2655 3390 12305 2644 3389 12306 2655 3390 12307 2643 3377 12308 2643 3377 12309 2655 3390 12310 2656 3378 12311 2657 3391 12312 2673 3392 12313 2664 3393 12314 2664 3393 12315 2673 3392 12316 2665 3394 12317 2664 3393 12318 2665 3394 12319 2666 3395 12320 2664 3393 12321 2666 3395 12322 2663 3396 12323 2663 3396 12324 2666 3395 12325 2667 3397 12326 2663 3396 12327 2667 3397 12328 2662 3398 12329 2662 3398 12330 2667 3397 12331 2668 3399 12332 2662 3398 12333 2668 3399 12334 2669 3400 12335 2662 3398 12336 2669 3400 12337 2661 3401 12338 2661 3401 12339 2669 3400 12340 2670 3402 12341 2661 3401 12342 2670 3402 12343 2660 3403 12344 2660 3403 12345 2670 3402 12346 2659 3404 12347 2659 3404 12348 2670 3402 12349 2671 3405 12350 2659 3404 12351 2671 3405 12352 2658 3406 12353 2658 3406 12354 2671 3405 12355 2672 3407 12356 2658 3406 12357 2672 3407 12358 2657 3391 12359 2657 3391 12360 2672 3407 12361 2673 3392 12362 2674 3408 12363 2690 3409 12364 2681 3410 12365 2681 3410 12366 2690 3409 12367 2682 3411 12368 2681 3410 12369 2682 3411 12370 2683 3412 12371 2681 3410 12372 2683 3412 12373 2680 3413 12374 2680 3413 12375 2683 3412 12376 2684 3414 12377 2680 3413 12378 2684 3414 12379 2679 3415 12380 2679 3415 12381 2684 3414 12382 2685 3416 12383 2679 3415 12384 2685 3416 12385 2686 3417 12386 2679 3415 12387 2686 3417 12388 2678 3418 12389 2678 3418 12390 2686 3417 12391 2687 3419 12392 2678 3418 12393 2687 3419 12394 2677 3420 12395 2677 3420 12396 2687 3419 12397 2676 3421 12398 2676 3421 12399 2687 3419 12400 2688 3422 12401 2676 3421 12402 2688 3422 12403 2675 3423 12404 2675 3423 12405 2688 3422 12406 2689 3424 12407 2675 3423 12408 2689 3424 12409 2674 3408 12410 2674 3408 12411 2689 3424 12412 2690 3409 12413 2691 3425 12414 2708 3426 12415 2699 3427 12416 2699 3427 12417 2708 3426 12418 2700 3428 12419 2699 3427 12420 2700 3428 12421 2698 3429 12422 2698 3429 12423 2700 3428 12424 2701 3430 12425 2698 3429 12426 2701 3430 12427 2697 3431 12428 2697 3431 12429 2701 3430 12430 2702 3432 12431 2697 3431 12432 2702 3432 12433 2696 3433 12434 2696 3433 12435 2702 3432 12436 2703 3434 12437 2696 3433 12438 2703 3434 12439 2695 3435 12440 2695 3435 12441 2703 3434 12442 2704 3436 12443 2695 3435 12444 2704 3436 12445 2694 3437 12446 2694 3437 12447 2704 3436 12448 2705 3438 12449 2694 3437 12450 2705 3438 12451 2693 3439 12452 2693 3439 12453 2705 3438 12454 2706 3440 12455 2693 3439 12456 2706 3440 12457 2692 3441 12458 2692 3441 12459 2706 3440 12460 2707 3442 12461 2692 3441 12462 2707 3442 12463 2691 3425 12464 2691 3425 12465 2707 3442 12466 2708 3426 12467 2709 3443 12468 2726 3444 12469 2717 3445 12470 2717 3445 12471 2726 3444 12472 2718 3446 12473 2717 3445 12474 2718 3446 12475 2716 3447 12476 2716 3447 12477 2718 3446 12478 2719 3448 12479 2716 3447 12480 2719 3448 12481 2715 3449 12482 2715 3449 12483 2719 3448 12484 2720 3450 12485 2715 3449 12486 2720 3450 12487 2714 3451 12488 2714 3451 12489 2720 3450 12490 2721 3452 12491 2714 3451 12492 2721 3452 12493 2713 3453 12494 2713 3453 12495 2721 3452 12496 2722 3454 12497 2713 3453 12498 2722 3454 12499 2712 3455 12500 2712 3455 12501 2722 3454 12502 2723 3456 12503 2712 3455 12504 2723 3456 12505 2711 3457 12506 2711 3457 12507 2723 3456 12508 2724 3458 12509 2711 3457 12510 2724 3458 12511 2710 3459 12512 2710 3459 12513 2724 3458 12514 2725 3460 12515 2710 3459 12516 2725 3460 12517 2709 3443 12518 2709 3443 12519 2725 3460 12520 2726 3444 12521 2727 3461 12522 2728 3461 12523 2730 3461 12524 2730 3461 12525 2728 3461 12526 2729 3461 12527 2728 3462 12528 2731 3462 12529 2729 3462 12530 2729 3463 12531 2731 3463 12532 2732 3463 12533 2731 3464 12534 2733 3464 12535 2732 3464 12536 2732 3465 12537 2733 3465 12538 2734 3465 12539 2733 3466 12540 2735 3466 12541 2734 3466 12542 2734 3467 12543 2735 3467 12544 2736 3467 12545 2735 3468 12546 2737 3468 12547 2736 3468 12548 2736 3469 12549 2737 3469 12550 2738 3469 12551 2737 3470 12552 2739 3470 12553 2738 3470 12554 2738 3471 12555 2739 3471 12556 2740 3471 12557 2741 3472 12558 2727 3472 12559 2742 3472 12560 2742 3473 12561 2727 3473 12562 2730 3473 12563 2621 94 12564 2680 94 12565 2615 94 12566 2615 3474 12567 2680 3474 12568 2679 3474 12569 2615 94 12570 2679 94 12571 2616 94 12572 2616 3475 12573 2679 3475 12574 2678 3475 12575 2616 94 12576 2678 94 12577 2617 94 12578 2617 3476 12579 2678 3476 12580 2677 3476 12581 2617 3477 12582 2677 3477 12583 2742 3477 12584 2742 3478 12585 2677 3478 12586 2676 3478 12587 2680 94 12588 2621 94 12589 2681 94 12590 2681 94 12591 2621 94 12592 2738 94 12593 2738 3479 12594 2621 3479 12595 2620 3479 12596 2738 3480 12597 2620 3480 12598 2619 3480 12599 2738 3481 12600 2619 3481 12601 2618 3481 12602 2738 94 12603 2618 94 12604 2730 94 12605 2730 3482 12606 2618 3482 12607 2617 3482 12608 2730 3483 12609 2617 3483 12610 2742 3483 12611 2643 3484 12612 2649 3484 12613 2736 3484 12614 2736 3485 12615 2649 3485 12616 2648 3485 12617 2736 94 12618 2648 94 12619 2734 94 12620 2734 3486 12621 2648 3486 12622 2717 3486 12623 2734 3487 12624 2717 3487 12625 2716 3487 12626 2717 3488 12627 2648 3488 12628 2709 3488 12629 2709 3489 12630 2648 3489 12631 2647 3489 12632 2709 94 12633 2647 94 12634 2710 94 12635 2710 94 12636 2647 94 12637 2711 94 12638 2711 3490 12639 2647 3490 12640 2646 3490 12641 2711 94 12642 2646 94 12643 2712 94 12644 2712 94 12645 2646 94 12646 2732 94 12647 2732 3491 12648 2646 3491 12649 2729 3491 12650 2729 3492 12651 2646 3492 12652 2645 3492 12653 2645 94 12654 2644 94 12655 2729 94 12656 2729 94 12657 2644 94 12658 2643 94 12659 2729 94 12660 2643 94 12661 2736 94 12662 2674 94 12663 2681 94 12664 2740 94 12665 2740 3493 12666 2681 3493 12667 2738 3493 12668 2742 3494 12669 2676 3494 12670 2675 3494 12671 2742 3495 12672 2675 3495 12673 2674 3495 12674 2742 94 12675 2674 94 12676 2740 94 12677 2734 3496 12678 2716 3496 12679 2715 3496 12680 2734 94 12681 2715 94 12682 2714 94 12683 2734 3497 12684 2714 3497 12685 2732 3497 12686 2732 3498 12687 2714 3498 12688 2713 3498 12689 2732 3499 12690 2713 3499 12691 2712 3499 12692 2738 94 12693 2730 94 12694 2736 94 12695 2736 94 12696 2730 94 12697 2729 94 12698 2608 3500 12699 2667 3500 12700 2666 3500 12701 2608 3501 12702 2666 3501 12703 2609 3501 12704 2609 3502 12705 2666 3502 12706 2737 3502 12707 2609 100 12708 2737 100 12709 2610 100 12710 2610 3503 12711 2737 3503 12712 2611 3503 12713 2611 3504 12714 2737 3504 12715 2612 3504 12716 2612 100 12717 2737 100 12718 2727 100 12719 2612 100 12720 2727 100 12721 2613 100 12722 2613 100 12723 2727 100 12724 2741 100 12725 2613 3505 12726 2741 3505 12727 2670 3505 12728 2670 100 12729 2741 100 12730 2671 100 12731 2671 100 12732 2741 100 12733 2672 100 12734 2672 100 12735 2741 100 12736 2673 100 12737 2673 100 12738 2741 100 12739 2739 100 12740 2673 100 12741 2739 100 12742 2665 100 12743 2665 100 12744 2739 100 12745 2666 100 12746 2666 100 12747 2739 100 12748 2737 100 12749 2667 100 12750 2608 100 12751 2668 100 12752 2668 3506 12753 2608 3506 12754 2614 3506 12755 2668 3507 12756 2614 3507 12757 2669 3507 12758 2669 3508 12759 2614 3508 12760 2613 3508 12761 2669 100 12762 2613 100 12763 2670 100 12764 2735 3509 12765 2636 3509 12766 2642 3509 12767 2735 3510 12768 2642 3510 12769 2728 3510 12770 2735 100 12771 2728 100 12772 2727 100 12773 2642 3511 12774 2641 3511 12775 2728 3511 12776 2728 3512 12777 2641 3512 12778 2640 3512 12779 2728 100 12780 2640 100 12781 2731 100 12782 2731 3513 12783 2640 3513 12784 2705 3513 12785 2705 3514 12786 2640 3514 12787 2706 3514 12788 2706 3515 12789 2640 3515 12790 2639 3515 12791 2706 100 12792 2639 100 12793 2707 100 12794 2707 3516 12795 2639 3516 12796 2638 3516 12797 2707 3517 12798 2638 3517 12799 2708 3517 12800 2708 3518 12801 2638 3518 12802 2637 3518 12803 2708 3519 12804 2637 3519 12805 2700 3519 12806 2700 100 12807 2637 100 12808 2733 100 12809 2700 3520 12810 2733 3520 12811 2701 3520 12812 2701 3521 12813 2733 3521 12814 2702 3521 12815 2702 3522 12816 2733 3522 12817 2703 3522 12818 2703 100 12819 2733 100 12820 2731 100 12821 2703 3523 12822 2731 3523 12823 2704 3523 12824 2704 100 12825 2731 100 12826 2705 100 12827 2733 100 12828 2637 100 12829 2735 100 12830 2735 100 12831 2637 100 12832 2636 100 12833 2737 100 12834 2735 100 12835 2727 100 12836 2743 3524 12837 2744 3524 12838 2746 3524 12839 2746 3525 12840 2744 3525 12841 2745 3525 12842 2747 3526 12843 2743 3526 12844 2748 3526 12845 2748 3527 12846 2743 3527 12847 2746 3527 12848 2749 3528 12849 2747 3528 12850 2750 3528 12851 2750 3529 12852 2747 3529 12853 2748 3529 12854 2751 3530 12855 2749 3530 12856 2752 3530 12857 2752 3531 12858 2749 3531 12859 2750 3531 12860 2753 3532 12861 2751 3532 12862 2754 3532 12863 2754 3533 12864 2751 3533 12865 2752 3533 12866 2755 3534 12867 2753 3534 12868 2756 3534 12869 2756 3535 12870 2753 3535 12871 2754 3535 12872 2742 3536 12873 2757 3536 12874 2741 3536 12875 2741 12 12876 2757 12 12877 2755 12 12878 2741 12 12879 2755 12 12880 2739 12 12881 2739 12 12882 2755 12 12883 2740 12 12884 2740 12 12885 2755 12 12886 2756 12 12887 2740 12 12888 2756 12 12889 2758 12 12890 2757 3537 12891 2742 3537 12892 2758 3537 12893 2758 12 12894 2742 12 12895 2740 12 12896 2744 3470 12897 2757 3470 12898 2745 3470 12899 2745 3538 12900 2757 3538 12901 2758 3538 12902 2622 3539 12903 2684 3539 12904 2683 3539 12905 2622 100 12906 2683 100 12907 2623 100 12908 2623 3540 12909 2683 3540 12910 2754 3540 12911 2623 3541 12912 2754 3541 12913 2624 3541 12914 2624 3542 12915 2754 3542 12916 2625 3542 12917 2625 3543 12918 2754 3543 12919 2626 3543 12920 2626 3544 12921 2754 3544 12922 2745 3544 12923 2626 3545 12924 2745 3545 12925 2627 3545 12926 2627 3546 12927 2745 3546 12928 2758 3546 12929 2627 3547 12930 2758 3547 12931 2687 3547 12932 2687 3548 12933 2758 3548 12934 2688 3548 12935 2688 3549 12936 2758 3549 12937 2689 3549 12938 2689 3550 12939 2758 3550 12940 2690 3550 12941 2690 3551 12942 2758 3551 12943 2756 3551 12944 2690 3552 12945 2756 3552 12946 2682 3552 12947 2682 3553 12948 2756 3553 12949 2683 3553 12950 2683 3554 12951 2756 3554 12952 2754 3554 12953 2684 100 12954 2622 100 12955 2685 100 12956 2685 100 12957 2622 100 12958 2628 100 12959 2685 3555 12960 2628 3555 12961 2686 3555 12962 2686 3556 12963 2628 3556 12964 2627 3556 12965 2686 100 12966 2627 100 12967 2687 100 12968 2752 3557 12969 2650 3557 12970 2656 3557 12971 2752 3558 12972 2656 3558 12973 2746 3558 12974 2752 3559 12975 2746 3559 12976 2745 3559 12977 2656 3560 12978 2655 3560 12979 2746 3560 12980 2746 3561 12981 2655 3561 12982 2654 3561 12983 2746 3562 12984 2654 3562 12985 2748 3562 12986 2748 3563 12987 2654 3563 12988 2723 3563 12989 2723 100 12990 2654 100 12991 2724 100 12992 2724 3564 12993 2654 3564 12994 2653 3564 12995 2724 100 12996 2653 100 12997 2725 100 12998 2725 3565 12999 2653 3565 13000 2652 3565 13001 2725 3566 13002 2652 3566 13003 2726 3566 13004 2726 3567 13005 2652 3567 13006 2651 3567 13007 2726 100 13008 2651 100 13009 2718 100 13010 2718 3568 13011 2651 3568 13012 2752 3568 13013 2718 3569 13014 2752 3569 13015 2750 3569 13016 2651 3570 13017 2650 3570 13018 2752 3570 13019 2748 3571 13020 2723 3571 13021 2722 3571 13022 2748 3572 13023 2722 3572 13024 2721 3572 13025 2748 3573 13026 2721 3573 13027 2750 3573 13028 2750 3574 13029 2721 3574 13030 2720 3574 13031 2750 3575 13032 2720 3575 13033 2719 3575 13034 2750 3576 13035 2719 3576 13036 2718 3576 13037 2754 3577 13038 2752 3577 13039 2745 3577 13040 2607 94 13041 2663 94 13042 2601 94 13043 2601 94 13044 2663 94 13045 2662 94 13046 2601 3578 13047 2662 3578 13048 2602 3578 13049 2602 3579 13050 2662 3579 13051 2661 3579 13052 2602 94 13053 2661 94 13054 2603 94 13055 2603 3580 13056 2661 3580 13057 2660 3580 13058 2603 3581 13059 2660 3581 13060 2757 3581 13061 2757 3582 13062 2660 3582 13063 2659 3582 13064 2663 94 13065 2607 94 13066 2664 94 13067 2664 94 13068 2607 94 13069 2753 94 13070 2753 3583 13071 2607 3583 13072 2606 3583 13073 2753 3584 13074 2606 3584 13075 2605 3584 13076 2753 3585 13077 2605 3585 13078 2604 3585 13079 2753 3586 13080 2604 3586 13081 2744 3586 13082 2744 3587 13083 2604 3587 13084 2603 3587 13085 2744 3588 13086 2603 3588 13087 2757 3588 13088 2629 94 13089 2635 94 13090 2751 94 13091 2751 3589 13092 2635 3589 13093 2634 3589 13094 2751 94 13095 2634 94 13096 2699 94 13097 2699 3590 13098 2634 3590 13099 2691 3590 13100 2691 3591 13101 2634 3591 13102 2633 3591 13103 2691 94 13104 2633 94 13105 2692 94 13106 2692 94 13107 2633 94 13108 2693 94 13109 2693 3592 13110 2633 3592 13111 2632 3592 13112 2693 94 13113 2632 94 13114 2694 94 13115 2694 94 13116 2632 94 13117 2747 94 13118 2747 3593 13119 2632 3593 13120 2743 3593 13121 2743 3594 13122 2632 3594 13123 2631 3594 13124 2631 3595 13125 2630 3595 13126 2743 3595 13127 2743 94 13128 2630 94 13129 2629 94 13130 2743 3596 13131 2629 3596 13132 2751 3596 13133 2657 94 13134 2664 94 13135 2755 94 13136 2755 94 13137 2664 94 13138 2753 94 13139 2757 3597 13140 2659 3597 13141 2658 3597 13142 2757 3598 13143 2658 3598 13144 2657 3598 13145 2757 94 13146 2657 94 13147 2755 94 13148 2751 3599 13149 2699 3599 13150 2749 3599 13151 2749 3600 13152 2699 3600 13153 2698 3600 13154 2749 94 13155 2698 94 13156 2697 94 13157 2697 94 13158 2696 94 13159 2749 94 13160 2749 94 13161 2696 94 13162 2747 94 13163 2747 94 13164 2696 94 13165 2695 94 13166 2747 3601 13167 2695 3601 13168 2694 3601 13169 2753 3602 13170 2744 3602 13171 2751 3602 13172 2751 3603 13173 2744 3603 13174 2743 3603 13175 2759 94 13176 2760 94 13177 2762 94 13178 2762 94 13179 2760 94 13180 2761 94 13181 2763 109 13182 2759 109 13183 2764 109 13184 2764 109 13185 2759 109 13186 2762 109 13187 2765 100 13188 2763 100 13189 2766 100 13190 2766 100 13191 2763 100 13192 2764 100 13193 2760 12 13194 2765 12 13195 2761 12 13196 2761 12 13197 2765 12 13198 2766 12 13199 2761 103 13200 2766 103 13201 2762 103 13202 2762 103 13203 2766 103 13204 2764 103 13205 2765 97 13206 2760 97 13207 2763 97 13208 2763 97 13209 2760 97 13210 2759 97 13211</p>
        </triangles>
        <triangles material="Default_003-material" count="188">
          <input semantic="VERTEX" source="#edf_torsional_assembly_v17_001-mesh-vertices" offset="0"/>
          <input semantic="NORMAL" source="#edf_torsional_assembly_v17_001-mesh-normals" offset="1"/>
          <input semantic="TEXCOORD" source="#edf_torsional_assembly_v17_001-mesh-map-0" offset="2" set="0"/>
          <p>2051 109 13212 2052 109 13213 2054 109 13214 2054 109 13215 2052 109 13216 2053 109 13217 2055 97 13218 2056 97 13219 2057 97 13220 2057 3604 13221 2056 3604 13222 2051 3604 13223 2051 97 13224 2056 97 13225 2052 97 13226 2059 3605 13227 2056 3605 13228 2058 3605 13229 2058 3606 13230 2056 3606 13231 2055 3606 13232 2053 103 13233 2059 103 13234 2054 103 13235 2054 3607 13236 2059 3607 13237 2058 3607 13238 2054 3608 13239 2058 3608 13240 2064 3608 13241 2064 103 13242 2058 103 13243 2060 103 13244 2064 103 13245 2060 103 13246 2063 103 13247 2063 3609 13248 2060 3609 13249 2062 3609 13250 2062 103 13251 2060 103 13252 2061 103 13253 2066 100 13254 2067 100 13255 2065 100 13256 2065 100 13257 2067 100 13258 2068 100 13259 2068 3610 13260 2067 3610 13261 2057 3610 13262 2068 3611 13263 2057 3611 13264 2064 3611 13265 2064 100 13266 2057 100 13267 2054 100 13268 2054 100 13269 2057 100 13270 2051 100 13271 2065 109 13272 2069 109 13273 2066 109 13274 2066 109 13275 2069 109 13276 2070 109 13277 2072 103 13278 2067 103 13279 2071 103 13280 2071 103 13281 2067 103 13282 2066 103 13283 2071 103 13284 2066 103 13285 2070 103 13286 2071 3605 13287 2073 3605 13288 2072 3605 13289 2072 3606 13290 2073 3606 13291 2074 3606 13292 2073 3612 13293 2071 3612 13294 2069 3612 13295 2069 3613 13296 2071 3613 13297 2070 3613 13298 2075 97 13299 2076 97 13300 2078 97 13301 2078 3614 13302 2076 3614 13303 2077 3614 13304 2077 97 13305 2076 97 13306 2068 97 13307 2068 97 13308 2076 97 13309 2074 97 13310 2068 97 13311 2074 97 13312 2065 97 13313 2065 3615 13314 2074 3615 13315 2073 3615 13316 2065 97 13317 2073 97 13318 2069 97 13319 2079 100 13320 2080 100 13321 2075 100 13322 2075 100 13323 2080 100 13324 2076 100 13325 2076 100 13326 2080 100 13327 2082 100 13328 2082 100 13329 2080 100 13330 2081 100 13331 2084 109 13332 2078 109 13333 2083 109 13334 2083 109 13335 2078 109 13336 2062 109 13337 2083 109 13338 2062 109 13339 2061 109 13340 2079 109 13341 2075 109 13342 2084 109 13343 2084 109 13344 2075 109 13345 2078 109 13346 2061 109 13347 2085 109 13348 2083 109 13349 2084 100 13350 2083 100 13351 2087 100 13352 2087 100 13353 2083 100 13354 2086 100 13355 2088 103 13356 2089 103 13357 2087 103 13358 2087 3616 13359 2089 3616 13360 2084 3616 13361 2084 103 13362 2089 103 13363 2079 103 13364 2079 103 13365 2089 103 13366 2080 103 13367 2089 94 13368 2088 94 13369 2090 94 13370 2090 94 13371 2088 94 13372 2091 94 13373 2081 109 13374 2080 109 13375 2090 109 13376 2090 109 13377 2080 109 13378 2089 109 13379 2091 103 13380 2082 103 13381 2090 103 13382 2090 103 13383 2082 103 13384 2081 103 13385 2092 109 13386 2093 109 13387 2086 109 13388 2086 109 13389 2093 109 13390 2106 109 13391 2086 109 13392 2106 109 13393 2103 109 13394 2093 3617 13395 2094 3617 13396 2106 3617 13397 2106 3618 13398 2094 3618 13399 2105 3618 13400 2105 109 13401 2094 109 13402 2055 109 13403 2105 109 13404 2055 109 13405 2104 109 13406 2104 109 13407 2055 109 13408 2101 109 13409 2104 109 13410 2101 109 13411 2102 109 13412 2094 109 13413 2060 109 13414 2055 109 13415 2055 109 13416 2060 109 13417 2058 109 13418 2057 109 13419 2067 109 13420 2055 109 13421 2055 3619 13422 2067 3619 13423 2101 3619 13424 2101 109 13425 2067 109 13426 2100 109 13427 2100 109 13428 2067 109 13429 2072 109 13430 2100 109 13431 2072 109 13432 2097 109 13433 2097 109 13434 2072 109 13435 2096 109 13436 2096 109 13437 2072 109 13438 2082 109 13439 2096 3620 13440 2082 3620 13441 2095 3620 13442 2095 3621 13443 2082 3621 13444 2091 3621 13445 2095 109 13446 2091 109 13447 2087 109 13448 2087 109 13449 2091 109 13450 2088 109 13451 2074 109 13452 2076 109 13453 2072 109 13454 2072 109 13455 2076 109 13456 2082 109 13457 2086 109 13458 2102 109 13459 2087 109 13460 2087 109 13461 2102 109 13462 2099 109 13463 2087 109 13464 2099 109 13465 2098 109 13466 2098 109 13467 2099 109 13468 2100 109 13469 2098 109 13470 2100 109 13471 2097 109 13472 2098 109 13473 2095 109 13474 2087 109 13475 2086 109 13476 2103 109 13477 2102 109 13478 2102 109 13479 2103 109 13480 2104 109 13481 2092 94 13482 2107 94 13483 2093 94 13484 2093 94 13485 2107 94 13486 2108 94 13487 2092 97 13488 2086 97 13489 2107 97 13490 2107 97 13491 2086 97 13492 2083 97 13493 2107 97 13494 2083 97 13495 2085 97 13496 2085 97 13497 2109 97 13498 2107 97 13499 2107 109 13500 2109 109 13501 2108 109 13502 2108 109 13503 2109 109 13504 2110 109 13505 2108 97 13506 2110 97 13507 2093 97 13508 2093 97 13509 2110 97 13510 2094 97 13511 2110 100 13512 2109 100 13513 2094 100 13514 2094 3622 13515 2109 3622 13516 2060 3622 13517 2060 100 13518 2109 100 13519 2061 100 13520 2061 100 13521 2109 100 13522 2085 100 13523 2096 97 13524 2095 97 13525 2112 97 13526 2112 97 13527 2095 97 13528 2111 97 13529 2097 100 13530 2096 100 13531 2113 100 13532 2113 100 13533 2096 100 13534 2112 100 13535 2098 103 13536 2097 103 13537 2114 103 13538 2114 103 13539 2097 103 13540 2113 103 13541 2095 94 13542 2098 94 13543 2111 94 13544 2111 94 13545 2098 94 13546 2114 94 13547 2114 109 13548 2113 109 13549 2111 109 13550 2111 109 13551 2113 109 13552 2112 109 13553 2100 97 13554 2099 97 13555 2116 97 13556 2116 97 13557 2099 97 13558 2115 97 13559 2101 100 13560 2100 100 13561 2117 100 13562 2117 100 13563 2100 100 13564 2116 100 13565 2102 103 13566 2101 103 13567 2118 103 13568 2118 103 13569 2101 103 13570 2117 103 13571 2099 94 13572 2102 94 13573 2115 94 13574 2115 94 13575 2102 94 13576 2118 94 13577 2118 109 13578 2117 109 13579 2115 109 13580 2115 109 13581 2117 109 13582 2116 109 13583 2104 97 13584 2103 97 13585 2120 97 13586 2120 97 13587 2103 97 13588 2119 97 13589 2105 100 13590 2104 100 13591 2121 100 13592 2121 100 13593 2104 100 13594 2120 100 13595 2106 103 13596 2105 103 13597 2122 103 13598 2122 103 13599 2105 103 13600 2121 103 13601 2103 94 13602 2106 94 13603 2119 94 13604 2119 94 13605 2106 94 13606 2122 94 13607 2122 109 13608 2121 109 13609 2119 109 13610 2119 109 13611 2121 109 13612 2120 109 13613 2063 94 13614 2062 94 13615 2077 94 13616 2077 94 13617 2062 94 13618 2078 94 13619 2064 12 13620 2127 12 13621 2068 12 13622 2068 12 13623 2127 12 13624 2126 12 13625 2068 12 13626 2126 12 13627 2123 12 13628 2063 12 13629 2134 12 13630 2064 12 13631 2064 12 13632 2134 12 13633 2131 12 13634 2064 12 13635 2131 12 13636 2130 12 13637 2130 12 13638 2131 12 13639 2132 12 13640 2130 12 13641 2132 12 13642 2129 12 13643 2129 12 13644 2132 12 13645 2063 12 13646 2129 12 13647 2063 12 13648 2128 12 13649 2128 12 13650 2063 12 13651 2077 12 13652 2128 12 13653 2077 12 13654 2125 12 13655 2125 12 13656 2077 12 13657 2124 12 13658 2124 12 13659 2077 12 13660 2123 12 13661 2123 12 13662 2077 12 13663 2068 12 13664 2125 12 13665 2126 12 13666 2128 12 13667 2128 12 13668 2126 12 13669 2127 12 13670 2130 12 13671 2127 12 13672 2064 12 13673 2132 12 13674 2133 12 13675 2063 12 13676 2063 12 13677 2133 12 13678 2134 12 13679 2124 97 13680 2123 97 13681 2136 97 13682 2136 97 13683 2123 97 13684 2135 97 13685 2125 94 13686 2124 94 13687 2137 94 13688 2137 94 13689 2124 94 13690 2136 94 13691 2125 103 13692 2137 103 13693 2126 103 13694 2126 103 13695 2137 103 13696 2138 103 13697 2123 100 13698 2126 100 13699 2135 100 13700 2135 100 13701 2126 100 13702 2138 100 13703 2138 12 13704 2137 12 13705 2135 12 13706 2135 12 13707 2137 12 13708 2136 12 13709 2128 97 13710 2127 97 13711 2140 97 13712 2140 97 13713 2127 97 13714 2139 97 13715 2129 94 13716 2128 94 13717 2141 94 13718 2141 94 13719 2128 94 13720 2140 94 13721 2129 103 13722 2141 103 13723 2130 103 13724 2130 103 13725 2141 103 13726 2142 103 13727 2127 100 13728 2130 100 13729 2139 100 13730 2139 100 13731 2130 100 13732 2142 100 13733 2142 12 13734 2141 12 13735 2139 12 13736 2139 12 13737 2141 12 13738 2140 12 13739 2132 97 13740 2131 97 13741 2144 97 13742 2144 97 13743 2131 97 13744 2143 97 13745 2133 94 13746 2132 94 13747 2145 94 13748 2145 94 13749 2132 94 13750 2144 94 13751 2133 103 13752 2145 103 13753 2134 103 13754 2134 103 13755 2145 103 13756 2146 103 13757 2131 100 13758 2134 100 13759 2143 100 13760 2143 100 13761 2134 100 13762 2146 100 13763 2146 12 13764 2145 12 13765 2143 12 13766 2143 12 13767 2145 12 13768 2144 12 13769 2056 3623 13770 2059 3623 13771 2052 3623 13772 2052 3624 13773 2059 3624 13774 2053 3624 13775</p>
        </triangles>
        <triangles material="ABS__White__009-material" count="988">
          <input semantic="VERTEX" source="#edf_torsional_assembly_v17_001-mesh-vertices" offset="0"/>
          <input semantic="NORMAL" source="#edf_torsional_assembly_v17_001-mesh-normals" offset="1"/>
          <input semantic="TEXCOORD" source="#edf_torsional_assembly_v17_001-mesh-map-0" offset="2" set="0"/>
          <p>2147 3625 13776 2154 3626 13777 2155 3627 13778 2147 3625 13779 2155 3627 13780 2153 3628 13781 2153 3628 13782 2155 3627 13783 2156 3629 13784 2153 3628 13785 2156 3629 13786 2152 3630 13787 2152 3630 13788 2156 3629 13789 2157 3631 13790 2152 3630 13791 2157 3631 13792 2151 3632 13793 2151 3632 13794 2157 3631 13795 2158 3633 13796 2151 3632 13797 2158 3633 13798 2150 3634 13799 2150 3634 13800 2158 3633 13801 2149 3635 13802 2149 3635 13803 2158 3633 13804 2159 3636 13805 2149 3635 13806 2159 3636 13807 2148 3637 13808 2148 3637 13809 2159 3636 13810 2160 3638 13811 2148 3637 13812 2160 3638 13813 2154 3626 13814 2148 3637 13815 2154 3626 13816 2147 3625 13817 2161 3639 13818 2168 3640 13819 2169 3641 13820 2161 3639 13821 2169 3641 13822 2167 3642 13823 2167 3642 13824 2169 3641 13825 2170 3643 13826 2167 3642 13827 2170 3643 13828 2166 3644 13829 2166 3644 13830 2170 3643 13831 2171 3631 13832 2166 3644 13833 2171 3631 13834 2165 3645 13835 2165 3645 13836 2171 3631 13837 2172 3646 13838 2165 3645 13839 2172 3646 13840 2164 3647 13841 2164 3647 13842 2172 3646 13843 2163 3648 13844 2163 3648 13845 2172 3646 13846 2173 3649 13847 2163 3648 13848 2173 3649 13849 2162 3650 13850 2162 3650 13851 2173 3649 13852 2174 3651 13853 2162 3650 13854 2174 3651 13855 2168 3640 13856 2162 3650 13857 2168 3640 13858 2161 3639 13859 2176 3652 13860 2182 3653 13861 2175 3654 13862 2175 3654 13863 2182 3653 13864 2181 3655 13865 2181 3655 13866 2182 3653 13867 2183 3656 13868 2181 3655 13869 2183 3656 13870 2180 3657 13871 2180 3657 13872 2183 3656 13873 2184 3658 13874 2180 3657 13875 2184 3658 13876 2179 3659 13877 2179 3659 13878 2184 3658 13879 2185 3660 13880 2179 3659 13881 2185 3660 13882 2178 3661 13883 2178 3661 13884 2185 3660 13885 2186 3662 13886 2178 3661 13887 2186 3662 13888 2187 3663 13889 2178 3661 13890 2187 3663 13891 2177 3664 13892 2177 3664 13893 2187 3663 13894 2188 3665 13895 2177 3664 13896 2188 3665 13897 2176 3652 13898 2176 3652 13899 2188 3665 13900 2182 3653 13901 2190 3666 13902 2196 3667 13903 2189 3668 13904 2189 3668 13905 2196 3667 13906 2195 3669 13907 2195 3669 13908 2196 3667 13909 2197 3670 13910 2195 3669 13911 2197 3670 13912 2194 3671 13913 2194 3671 13914 2197 3670 13915 2198 3672 13916 2194 3671 13917 2198 3672 13918 2193 3673 13919 2193 3673 13920 2198 3672 13921 2199 3674 13922 2193 3673 13923 2199 3674 13924 2192 3675 13925 2192 3675 13926 2199 3674 13927 2200 3676 13928 2192 3675 13929 2200 3676 13930 2201 3677 13931 2192 3675 13932 2201 3677 13933 2191 3678 13934 2191 3678 13935 2201 3677 13936 2202 3679 13937 2191 3678 13938 2202 3679 13939 2190 3666 13940 2190 3666 13941 2202 3679 13942 2196 3667 13943 2204 12 13944 2211 12 13945 2203 12 13946 2203 12 13947 2211 12 13948 2212 12 13949 2203 12 13950 2212 12 13951 2206 12 13952 2206 12 13953 2212 12 13954 2213 12 13955 2206 12 13956 2213 12 13957 2214 12 13958 2211 12 13959 2204 12 13960 2209 12 13961 2209 12 13962 2204 12 13963 2205 12 13964 2209 3680 13965 2205 3680 13966 2208 3680 13967 2208 12 13968 2205 12 13969 2214 12 13970 2208 12 13971 2214 12 13972 2207 12 13973 2205 12 13974 2206 12 13975 2214 12 13976 2209 12 13977 2210 12 13978 2211 12 13979 2208 94 13980 2207 94 13981 2219 94 13982 2219 94 13983 2207 94 13984 2215 94 13985 2219 3681 13986 2215 3681 13987 2218 3681 13988 2218 3682 13989 2215 3682 13990 2216 3682 13991 2218 94 13992 2216 94 13993 2217 94 13994 2207 103 13995 2214 103 13996 2215 103 13997 2215 103 13998 2214 103 13999 2220 103 14000 2161 94 14001 2194 94 14002 2162 94 14003 2162 3683 14004 2194 3683 14005 2193 3683 14006 2162 94 14007 2193 94 14008 2163 94 14009 2163 3684 14010 2193 3684 14011 2192 3684 14012 2194 94 14013 2161 94 14014 2220 94 14015 2220 3685 14016 2161 3685 14017 2167 3685 14018 2220 3686 14019 2167 3686 14020 2222 3686 14021 2222 3687 14022 2167 3687 14023 2166 3687 14024 2222 94 14025 2166 94 14026 2221 94 14027 2221 3688 14028 2166 3688 14029 2165 3688 14030 2221 94 14031 2165 94 14032 2213 94 14033 2213 3689 14034 2165 3689 14035 2164 3689 14036 2164 94 14037 2163 94 14038 2213 94 14039 2213 3690 14040 2163 3690 14041 2192 3690 14042 2190 94 14043 2189 94 14044 2220 94 14045 2189 94 14046 2195 94 14047 2220 94 14048 2220 3691 14049 2195 3691 14050 2194 3691 14051 2213 3692 14052 2192 3692 14053 2191 3692 14054 2213 3693 14055 2191 3693 14056 2214 3693 14057 2191 3694 14058 2190 3694 14059 2214 3694 14060 2214 94 14061 2190 94 14062 2220 94 14063 2212 103 14064 2223 103 14065 2213 103 14066 2213 103 14067 2223 103 14068 2221 103 14069 2197 100 14070 2168 100 14071 2198 100 14072 2198 3695 14073 2168 3695 14074 2174 3695 14075 2198 100 14076 2174 100 14077 2199 100 14078 2199 3696 14079 2174 3696 14080 2173 3696 14081 2199 100 14082 2173 100 14083 2200 100 14084 2200 3697 14085 2173 3697 14086 2172 3697 14087 2200 100 14088 2172 100 14089 2201 100 14090 2201 100 14091 2172 100 14092 2206 100 14093 2201 3698 14094 2206 3698 14095 2202 3698 14096 2202 3699 14097 2206 3699 14098 2205 3699 14099 2202 100 14100 2205 100 14101 2196 100 14102 2196 100 14103 2205 100 14104 2197 100 14105 2197 3700 14106 2205 3700 14107 2224 3700 14108 2197 3701 14109 2224 3701 14110 2169 3701 14111 2169 100 14112 2224 100 14113 2170 100 14114 2170 100 14115 2224 100 14116 2171 100 14117 2171 100 14118 2224 100 14119 2225 100 14120 2171 3702 14121 2225 3702 14122 2172 3702 14123 2172 100 14124 2225 100 14125 2206 100 14126 2197 3703 14127 2169 3703 14128 2168 3703 14129 2204 3704 14130 2226 3704 14131 2205 3704 14132 2205 3471 14133 2226 3471 14134 2224 3471 14135 2154 3705 14136 2183 3705 14137 2227 3705 14138 2154 3706 14139 2227 3706 14140 2155 3706 14141 2155 3707 14142 2227 3707 14143 2228 3707 14144 2155 3708 14145 2228 3708 14146 2156 3708 14147 2156 3709 14148 2228 3709 14149 2157 3709 14150 2157 3710 14151 2228 3710 14152 2223 3710 14153 2157 3711 14154 2223 3711 14155 2158 3711 14156 2158 3712 14157 2223 3712 14158 2212 3712 14159 2158 3713 14160 2212 3713 14161 2186 3713 14162 2158 3714 14163 2186 3714 14164 2159 3714 14165 2159 3715 14166 2186 3715 14167 2185 3715 14168 2183 3716 14169 2154 3716 14170 2184 3716 14171 2184 3717 14172 2154 3717 14173 2160 3717 14174 2184 100 14175 2160 100 14176 2185 100 14177 2185 100 14178 2160 100 14179 2159 100 14180 2227 3718 14181 2182 3718 14182 2188 3718 14183 2227 3719 14184 2188 3719 14185 2211 3719 14186 2211 3720 14187 2188 3720 14188 2187 3720 14189 2211 3721 14190 2187 3721 14191 2212 3721 14192 2187 3722 14193 2186 3722 14194 2212 3722 14195 2227 3723 14196 2183 3723 14197 2182 3723 14198 2211 103 14199 2210 103 14200 2227 103 14201 2227 103 14202 2210 103 14203 2229 103 14204 2220 3724 14205 2222 3724 14206 2227 3724 14207 2227 3725 14208 2222 3725 14209 2228 3725 14210 2180 94 14211 2147 94 14212 2181 94 14213 2181 3726 14214 2147 3726 14215 2153 3726 14216 2181 3727 14217 2153 3727 14218 2226 3727 14219 2226 3728 14220 2153 3728 14221 2152 3728 14222 2226 3729 14223 2152 3729 14224 2230 3729 14225 2230 3730 14226 2152 3730 14227 2151 3730 14228 2230 3731 14229 2151 3731 14230 2150 3731 14231 2230 3732 14232 2150 3732 14233 2203 3732 14234 2203 3733 14235 2150 3733 14236 2178 3733 14237 2203 3734 14238 2178 3734 14239 2177 3734 14240 2178 3735 14241 2150 3735 14242 2149 3735 14243 2178 94 14244 2149 94 14245 2179 94 14246 2179 94 14247 2149 94 14248 2148 94 14249 2179 94 14250 2148 94 14251 2180 94 14252 2180 3736 14253 2148 3736 14254 2147 3736 14255 2176 3737 14256 2175 3737 14257 2204 3737 14258 2175 3738 14259 2181 3738 14260 2204 3738 14261 2204 3739 14262 2181 3739 14263 2226 3739 14264 2177 3740 14265 2176 3740 14266 2203 3740 14267 2203 3741 14268 2176 3741 14269 2204 3741 14270 2206 3742 14271 2225 3742 14272 2203 3742 14273 2203 3743 14274 2225 3743 14275 2230 3743 14276 2224 109 14277 2221 109 14278 2225 109 14279 2225 109 14280 2221 109 14281 2223 109 14282 2225 3744 14283 2223 3744 14284 2230 3744 14285 2230 109 14286 2223 109 14287 2226 109 14288 2226 109 14289 2223 109 14290 2228 109 14291 2226 109 14292 2228 109 14293 2224 109 14294 2224 109 14295 2228 109 14296 2222 109 14297 2224 109 14298 2222 109 14299 2221 109 14300 2231 109 14301 2239 109 14302 2229 109 14303 2229 109 14304 2239 109 14305 2240 109 14306 2229 109 14307 2240 109 14308 2227 109 14309 2227 3745 14310 2240 3745 14311 2241 3745 14312 2216 3746 14313 2236 3746 14314 2231 3746 14315 2231 3747 14316 2236 3747 14317 2237 3747 14318 2215 109 14319 2232 109 14320 2216 109 14321 2216 3748 14322 2232 3748 14323 2233 3748 14324 2232 109 14325 2215 109 14326 2244 109 14327 2244 3749 14328 2215 3749 14329 2220 3749 14330 2244 109 14331 2220 109 14332 2243 109 14333 2243 109 14334 2220 109 14335 2242 109 14336 2242 109 14337 2220 109 14338 2227 109 14339 2242 109 14340 2227 109 14341 2241 109 14342 2233 3750 14343 2234 3750 14344 2216 3750 14345 2216 3751 14346 2234 3751 14347 2235 3751 14348 2216 3752 14349 2235 3752 14350 2236 3752 14351 2231 109 14352 2237 109 14353 2238 109 14354 2238 109 14355 2239 109 14356 2231 109 14357 2249 97 14358 2209 97 14359 2248 97 14360 2248 97 14361 2209 97 14362 2208 97 14363 2248 97 14364 2208 97 14365 2245 97 14366 2245 97 14367 2208 97 14368 2219 97 14369 2246 97 14370 2247 97 14371 2245 97 14372 2245 97 14373 2247 97 14374 2248 97 14375 2219 3753 14376 2218 3753 14377 2245 3753 14378 2245 3753 14379 2218 3753 14380 2250 3753 14381 2209 100 14382 2249 100 14383 2210 100 14384 2210 100 14385 2249 100 14386 2229 100 14387 2229 3754 14388 2249 3754 14389 2251 3754 14390 2229 3755 14391 2251 3755 14392 2231 3755 14393 2231 100 14394 2251 100 14395 2252 100 14396 2232 3756 14397 2253 3757 14398 2233 3758 14399 2233 3758 14400 2253 3757 14401 2254 3759 14402 2233 3758 14403 2254 3759 14404 2234 3760 14405 2234 3760 14406 2254 3759 14407 2255 3761 14408 2234 3760 14409 2255 3761 14410 2235 3762 14411 2235 3762 14412 2255 3761 14413 2256 3763 14414 2235 3762 14415 2256 3763 14416 2236 3764 14417 2236 3764 14418 2256 3763 14419 2257 3765 14420 2236 3764 14421 2257 3765 14422 2237 3766 14423 2237 3766 14424 2257 3765 14425 2258 3767 14426 2237 3766 14427 2258 3767 14428 2238 3768 14429 2238 3768 14430 2258 3767 14431 2259 3769 14432 2238 3768 14433 2259 3769 14434 2260 3770 14435 2238 3768 14436 2260 3770 14437 2239 3771 14438 2239 3771 14439 2260 3770 14440 2261 3772 14441 2239 3771 14442 2261 3772 14443 2240 3773 14444 2240 3773 14445 2261 3772 14446 2262 3774 14447 2240 3773 14448 2262 3774 14449 2241 3775 14450 2241 3775 14451 2262 3774 14452 2242 3776 14453 2242 3776 14454 2262 3774 14455 2263 3777 14456 2242 3776 14457 2263 3777 14458 2243 3778 14459 2243 3778 14460 2263 3777 14461 2264 3779 14462 2243 3778 14463 2264 3779 14464 2244 3780 14465 2244 3780 14466 2264 3779 14467 2265 3781 14468 2244 3780 14469 2265 3781 14470 2232 3756 14471 2232 3756 14472 2265 3781 14473 2253 3757 14474 2248 3753 14475 2266 3753 14476 2249 3753 14477 2249 3782 14478 2266 3782 14479 2251 3782 14480 2248 94 14481 2247 94 14482 2266 94 14483 2246 100 14484 2245 100 14485 2250 100 14486 2252 97 14487 2217 97 14488 2231 97 14489 2231 97 14490 2217 97 14491 2216 97 14492 2246 3783 14493 2263 3783 14494 2247 3783 14495 2247 3784 14496 2263 3784 14497 2262 3784 14498 2250 12 14499 2265 12 14500 2246 12 14501 2246 3785 14502 2265 3785 14503 2264 3785 14504 2218 12 14505 2217 12 14506 2250 12 14507 2250 12 14508 2217 12 14509 2255 12 14510 2250 3786 14511 2255 3786 14512 2254 3786 14513 2252 3787 14514 2257 3787 14515 2217 3787 14516 2217 12 14517 2257 12 14518 2256 12 14519 2251 12 14520 2266 12 14521 2252 12 14522 2252 3788 14523 2266 3788 14524 2259 3788 14525 2252 3789 14526 2259 3789 14527 2258 3789 14528 2247 12 14529 2261 12 14530 2266 12 14531 2266 3790 14532 2261 3790 14533 2260 3790 14534 2254 12 14535 2253 12 14536 2250 12 14537 2250 12 14538 2253 12 14539 2265 12 14540 2246 12 14541 2264 12 14542 2263 12 14543 2247 12 14544 2262 12 14545 2261 12 14546 2266 3791 14547 2260 3791 14548 2259 3791 14549 2252 12 14550 2258 12 14551 2257 12 14552 2256 12 14553 2255 12 14554 2217 12 14555 2267 3792 14556 2268 3792 14557 2270 3792 14558 2270 3793 14559 2268 3793 14560 2269 3793 14561 2271 100 14562 2270 100 14563 2269 100 14564 2272 3794 14565 2273 3794 14566 2275 3794 14567 2275 3795 14568 2273 3795 14569 2274 3795 14570 2276 94 14571 2275 94 14572 2274 94 14573 2268 109 14574 2277 109 14575 2269 109 14576 2269 109 14577 2277 109 14578 2278 109 14579 2269 3796 14580 2278 3796 14581 2275 3796 14582 2275 109 14583 2278 109 14584 2272 109 14585 2276 109 14586 2271 109 14587 2275 109 14588 2275 109 14589 2271 109 14590 2269 109 14591 2279 3797 14592 2287 3798 14593 2286 3799 14594 2286 3799 14595 2287 3798 14596 2288 3800 14597 2286 3799 14598 2288 3800 14599 2289 3801 14600 2286 3799 14601 2289 3801 14602 2285 3802 14603 2285 3802 14604 2289 3801 14605 2290 3803 14606 2285 3802 14607 2290 3803 14608 2284 3804 14609 2284 3804 14610 2290 3803 14611 2291 3805 14612 2284 3804 14613 2291 3805 14614 2283 3806 14615 2283 3806 14616 2291 3805 14617 2292 3807 14618 2283 3806 14619 2292 3807 14620 2282 3808 14621 2282 3808 14622 2292 3807 14623 2293 3809 14624 2282 3808 14625 2293 3809 14626 2281 3810 14627 2281 3810 14628 2293 3809 14629 2294 3811 14630 2281 3810 14631 2294 3811 14632 2280 3812 14633 2280 3812 14634 2294 3811 14635 2295 3813 14636 2280 3812 14637 2295 3813 14638 2279 3797 14639 2279 3797 14640 2295 3813 14641 2287 3798 14642 2296 3814 14643 2304 3815 14644 2303 3816 14645 2303 3816 14646 2304 3815 14647 2305 3817 14648 2303 3816 14649 2305 3817 14650 2302 3818 14651 2302 3818 14652 2305 3817 14653 2306 3819 14654 2302 3818 14655 2306 3819 14656 2301 3820 14657 2301 3820 14658 2306 3819 14659 2307 3821 14660 2301 3820 14661 2307 3821 14662 2300 3822 14663 2300 3822 14664 2307 3821 14665 2308 3823 14666 2300 3822 14667 2308 3823 14668 2299 3824 14669 2299 3824 14670 2308 3823 14671 2309 3825 14672 2299 3824 14673 2309 3825 14674 2298 3826 14675 2298 3826 14676 2309 3825 14677 2310 3827 14678 2298 3826 14679 2310 3827 14680 2297 3828 14681 2297 3828 14682 2310 3827 14683 2311 3829 14684 2297 3828 14685 2311 3829 14686 2296 3814 14687 2296 3814 14688 2311 3829 14689 2304 3815 14690 2312 3830 14691 2320 3831 14692 2319 3832 14693 2319 3832 14694 2320 3831 14695 2321 3833 14696 2319 3832 14697 2321 3833 14698 2318 3834 14699 2318 3834 14700 2321 3833 14701 2322 3835 14702 2318 3834 14703 2322 3835 14704 2317 3836 14705 2317 3836 14706 2322 3835 14707 2323 3837 14708 2317 3836 14709 2323 3837 14710 2316 3838 14711 2316 3838 14712 2323 3837 14713 2324 3839 14714 2316 3838 14715 2324 3839 14716 2315 3840 14717 2315 3840 14718 2324 3839 14719 2314 3841 14720 2314 3841 14721 2324 3839 14722 2325 3842 14723 2314 3841 14724 2325 3842 14725 2326 3843 14726 2314 3841 14727 2326 3843 14728 2313 3844 14729 2313 3844 14730 2326 3843 14731 2312 3830 14732 2312 3830 14733 2326 3843 14734 2320 3831 14735 2327 3845 14736 2335 3846 14737 2334 3847 14738 2334 3847 14739 2335 3846 14740 2336 3848 14741 2334 3847 14742 2336 3848 14743 2337 3849 14744 2334 3847 14745 2337 3849 14746 2333 3850 14747 2333 3850 14748 2337 3849 14749 2332 3851 14750 2332 3851 14751 2337 3849 14752 2338 3852 14753 2332 3851 14754 2338 3852 14755 2331 3853 14756 2331 3853 14757 2338 3852 14758 2339 3854 14759 2331 3853 14760 2339 3854 14761 2330 3855 14762 2330 3855 14763 2339 3854 14764 2340 3856 14765 2330 3855 14766 2340 3856 14767 2329 3857 14768 2329 3857 14769 2340 3856 14770 2341 3858 14771 2329 3857 14772 2341 3858 14773 2328 3859 14774 2328 3859 14775 2341 3858 14776 2327 3845 14777 2327 3845 14778 2341 3858 14779 2335 3846 14780 2343 3860 14781 2344 3860 14782 2342 3860 14783 2342 3861 14784 2344 3861 14785 2345 3861 14786 2344 97 14787 2343 97 14788 2347 97 14789 2347 97 14790 2343 97 14791 2346 97 14792 2351 3862 14793 2348 3862 14794 2277 3862 14795 2277 103 14796 2348 103 14797 2349 103 14798 2277 103 14799 2349 103 14800 2278 103 14801 2278 103 14802 2349 103 14803 2350 103 14804 2278 103 14805 2350 103 14806 2353 103 14807 2353 103 14808 2350 103 14809 2351 103 14810 2353 103 14811 2351 103 14812 2352 103 14813 2352 103 14814 2351 103 14815 2277 103 14816 2271 103 14817 2276 103 14818 2270 103 14819 2270 103 14820 2276 103 14821 2274 103 14822 2270 103 14823 2274 103 14824 2357 103 14825 2357 103 14826 2274 103 14827 2356 103 14828 2356 103 14829 2274 103 14830 2273 103 14831 2356 103 14832 2273 103 14833 2355 103 14834 2355 103 14835 2273 103 14836 2354 103 14837 2270 103 14838 2357 103 14839 2267 103 14840 2267 103 14841 2357 103 14842 2358 103 14843 2267 103 14844 2358 103 14845 2359 103 14846 2272 3863 14847 2279 3863 14848 2286 3863 14849 2272 3864 14850 2286 3864 14851 2273 3864 14852 2273 100 14853 2286 100 14854 2354 100 14855 2354 3865 14856 2286 3865 14857 2285 3865 14858 2354 3866 14859 2285 3866 14860 2284 3866 14861 2354 3867 14862 2284 3867 14863 2283 3867 14864 2283 100 14865 2282 100 14866 2354 100 14867 2354 100 14868 2282 100 14869 2346 100 14870 2354 100 14871 2346 100 14872 2343 100 14873 2346 100 14874 2282 100 14875 2353 100 14876 2353 100 14877 2282 100 14878 2316 100 14879 2316 3868 14880 2282 3868 14881 2317 3868 14882 2317 3869 14883 2282 3869 14884 2281 3869 14885 2317 100 14886 2281 100 14887 2318 100 14888 2318 3870 14889 2281 3870 14890 2280 3870 14891 2318 100 14892 2280 100 14893 2319 100 14894 2319 3871 14895 2280 3871 14896 2272 3871 14897 2272 3872 14898 2280 3872 14899 2279 3872 14900 2312 100 14901 2272 100 14902 2278 100 14903 2312 100 14904 2278 100 14905 2313 100 14906 2313 3873 14907 2278 3873 14908 2314 3873 14909 2314 100 14910 2278 100 14911 2353 100 14912 2314 100 14913 2353 100 14914 2315 100 14915 2315 100 14916 2353 100 14917 2316 100 14918 2272 3874 14919 2312 3874 14920 2319 3874 14921 2343 100 14922 2342 100 14923 2354 100 14924 2268 3875 14925 2296 3875 14926 2303 3875 14927 2303 94 14928 2302 94 14929 2268 94 14930 2268 94 14931 2302 94 14932 2328 94 14933 2328 94 14934 2302 94 14935 2329 94 14936 2329 3876 14937 2302 3876 14938 2301 3876 14939 2329 3877 14940 2301 3877 14941 2330 3877 14942 2330 3878 14943 2301 3878 14944 2300 3878 14945 2300 3879 14946 2352 3879 14947 2330 3879 14948 2300 3880 14949 2359 3880 14950 2347 3880 14951 2300 94 14952 2347 94 14953 2352 94 14954 2300 94 14955 2299 94 14956 2359 94 14957 2359 3881 14958 2299 3881 14959 2298 3881 14960 2298 94 14961 2297 94 14962 2359 94 14963 2359 94 14964 2297 94 14965 2267 94 14966 2267 3882 14967 2297 3882 14968 2296 3882 14969 2267 94 14970 2296 94 14971 2268 94 14972 2327 94 14973 2277 94 14974 2268 94 14975 2327 94 14976 2268 94 14977 2328 94 14978 2327 94 14979 2334 94 14980 2277 94 14981 2277 3883 14982 2334 3883 14983 2333 3883 14984 2277 94 14985 2333 94 14986 2352 94 14987 2352 3884 14988 2333 3884 14989 2332 3884 14990 2352 3885 14991 2332 3885 14992 2331 3885 14993 2352 3886 14994 2331 3886 14995 2330 3886 14996 2345 3887 14997 2344 3887 14998 2359 3887 14999 2359 94 15000 2344 94 15001 2347 94 15002 2356 109 15003 2391 109 15004 2357 109 15005 2357 3888 15006 2391 3888 15007 2382 3888 15008 2360 109 15009 2388 109 15010 2356 109 15011 2356 3889 15012 2388 3889 15013 2389 3889 15014 2361 3890 15015 2387 3890 15016 2360 3890 15017 2362 3891 15018 2366 3891 15019 2361 3891 15020 2361 3892 15021 2366 3892 15022 2386 3892 15023 2363 3893 15024 2398 3893 15025 2362 3893 15026 2364 109 15027 2397 109 15028 2363 109 15029 2365 3894 15030 2395 3894 15031 2364 3894 15032 2364 3895 15033 2395 3895 15034 2396 3895 15035 2366 3896 15036 2362 3896 15037 2365 3896 15038 2365 3897 15039 2362 3897 15040 2399 3897 15041 2365 3898 15042 2399 3898 15043 2393 3898 15044 2367 3899 15045 2381 3899 15046 2366 3899 15047 2366 3900 15048 2381 3900 15049 2392 3900 15050 2366 3901 15051 2392 3901 15052 2385 3901 15053 2368 3902 15054 2374 3902 15055 2367 3902 15056 2369 3903 15057 2371 3903 15058 2368 3903 15059 2368 3904 15060 2371 3904 15061 2372 3904 15062 2357 109 15063 2377 109 15064 2369 109 15065 2369 3905 15066 2377 3905 15067 2376 3905 15068 2376 109 15069 2370 109 15070 2369 109 15071 2369 3906 15072 2370 3906 15073 2371 3906 15074 2368 3907 15075 2372 3907 15076 2373 3907 15077 2368 3908 15078 2373 3908 15079 2374 3908 15080 2374 3909 15081 2375 3909 15082 2367 3909 15083 2376 3910 15084 2378 3910 15085 2375 3910 15086 2375 3911 15087 2378 3911 15088 2367 3911 15089 2367 3912 15090 2378 3912 15091 2379 3912 15092 2378 3913 15093 2376 3913 15094 2377 3913 15095 2384 109 15096 2377 109 15097 2357 109 15098 2379 3914 15099 2380 3914 15100 2367 3914 15101 2367 3915 15102 2380 3915 15103 2381 3915 15104 2392 3916 15105 2381 3916 15106 2382 3916 15107 2392 109 15108 2382 109 15109 2391 109 15110 2382 109 15111 2383 109 15112 2357 109 15113 2357 3917 15114 2383 3917 15115 2384 3917 15116 2366 3918 15117 2385 3918 15118 2386 3918 15119 2386 3919 15120 2387 3919 15121 2361 3919 15122 2360 3920 15123 2387 3920 15124 2388 3920 15125 2356 3921 15126 2389 3921 15127 2390 3921 15128 2356 3922 15129 2390 3922 15130 2391 3922 15131 2393 3923 15132 2394 3923 15133 2365 3923 15134 2365 3924 15135 2394 3924 15136 2395 3924 15137 2396 109 15138 2397 109 15139 2364 109 15140 2363 3925 15141 2397 3925 15142 2398 3925 15143 2398 3926 15144 2399 3926 15145 2362 3926 15146 2400 12 15147 2401 12 15148 2348 12 15149 2348 12 15150 2401 12 15151 2349 12 15152 2305 3927 15153 2304 3927 15154 2400 3927 15155 2304 3928 15156 2311 3928 15157 2400 3928 15158 2400 3929 15159 2311 3929 15160 2310 3929 15161 2400 100 15162 2310 100 15163 2402 100 15164 2402 100 15165 2310 100 15166 2309 100 15167 2402 3930 15168 2309 3930 15169 2308 3930 15170 2402 100 15171 2308 100 15172 2307 100 15173 2402 100 15174 2307 100 15175 2339 100 15176 2339 3931 15177 2307 3931 15178 2340 3931 15179 2340 3932 15180 2307 3932 15181 2306 3932 15182 2340 100 15183 2306 100 15184 2341 100 15185 2341 3933 15186 2306 3933 15187 2305 3933 15188 2348 3934 15189 2335 3934 15190 2400 3934 15191 2400 100 15192 2335 100 15193 2305 100 15194 2335 100 15195 2341 100 15196 2305 100 15197 2402 3935 15198 2339 3935 15199 2351 3935 15200 2351 3936 15201 2339 3936 15202 2338 3936 15203 2351 3937 15204 2338 3937 15205 2337 3937 15206 2351 100 15207 2337 100 15208 2348 100 15209 2348 3938 15210 2337 3938 15211 2336 3938 15212 2348 3939 15213 2336 3939 15214 2335 3939 15215 2403 109 15216 2402 109 15217 2350 109 15218 2350 109 15219 2402 109 15220 2351 109 15221 2288 3940 15222 2287 3940 15223 2401 3940 15224 2401 3941 15225 2287 3941 15226 2320 3941 15227 2320 3942 15228 2287 3942 15229 2295 3942 15230 2320 94 15231 2295 94 15232 2321 94 15233 2321 3943 15234 2295 3943 15235 2294 3943 15236 2321 94 15237 2294 94 15238 2322 94 15239 2322 3944 15240 2294 3944 15241 2293 3944 15242 2322 94 15243 2293 94 15244 2323 94 15245 2323 94 15246 2293 94 15247 2292 94 15248 2292 3945 15249 2403 3945 15250 2323 3945 15251 2292 3946 15252 2291 3946 15253 2403 3946 15254 2403 3947 15255 2291 3947 15256 2290 3947 15257 2403 3948 15258 2290 3948 15259 2401 3948 15260 2401 3949 15261 2290 3949 15262 2289 3949 15263 2289 3950 15264 2288 3950 15265 2401 3950 15266 2349 3951 15267 2320 3951 15268 2326 3951 15269 2326 3952 15270 2325 3952 15271 2349 3952 15272 2349 3953 15273 2325 3953 15274 2350 3953 15275 2325 3954 15276 2324 3954 15277 2350 3954 15278 2350 3955 15279 2324 3955 15280 2323 3955 15281 2350 3956 15282 2323 3956 15283 2403 3956 15284 2401 3957 15285 2320 3957 15286 2349 3957 15287 2401 103 15288 2400 103 15289 2403 103 15290 2403 103 15291 2400 103 15292 2402 103 15293 2356 100 15294 2355 100 15295 2360 100 15296 2360 100 15297 2355 100 15298 2404 100 15299 2359 12 15300 2358 12 15301 2345 12 15302 2345 12 15303 2358 12 15304 2405 12 15305 2345 3958 15306 2405 3958 15307 2404 3958 15308 2345 3959 15309 2404 3959 15310 2342 3959 15311 2342 12 15312 2404 12 15313 2355 12 15314 2342 12 15315 2355 12 15316 2354 12 15317 2347 12 15318 2346 12 15319 2352 12 15320 2352 12 15321 2346 12 15322 2353 12 15323 2360 3960 15324 2404 3960 15325 2409 3960 15326 2409 97 15327 2404 97 15328 2405 97 15329 2409 97 15330 2405 97 15331 2408 97 15332 2408 97 15333 2405 97 15334 2406 97 15335 2408 97 15336 2406 97 15337 2407 97 15338 2409 3961 15339 2410 3961 15340 2360 3961 15341 2360 97 15342 2410 97 15343 2361 97 15344 2361 97 15345 2410 97 15346 2411 97 15347 2406 3962 15348 2412 3962 15349 2407 3962 15350 2407 3963 15351 2412 3963 15352 2413 3963 15353 2405 94 15354 2358 94 15355 2406 94 15356 2406 94 15357 2358 94 15358 2357 94 15359 2406 94 15360 2357 94 15361 2412 94 15362 2412 3964 15363 2357 3964 15364 2369 3964 15365 2412 94 15366 2369 94 15367 2414 94 15368 2412 3965 15369 2421 3965 15370 2413 3965 15371 2414 3966 15372 2420 3966 15373 2412 3966 15374 2412 3967 15375 2420 3967 15376 2421 3967 15377 2415 3968 15378 2424 3968 15379 2414 3968 15380 2414 3969 15381 2424 3969 15382 2425 3969 15383 2416 3970 15384 2430 3970 15385 2415 3970 15386 2415 3971 15387 2430 3971 15388 2431 3971 15389 2417 3972 15390 2429 3972 15391 2416 3972 15392 2416 3973 15393 2429 3973 15394 2430 3973 15395 2411 12 15396 2413 12 15397 2417 12 15398 2417 3974 15399 2413 3974 15400 2422 3974 15401 2410 3975 15402 2449 3975 15403 2411 3975 15404 2418 3976 15405 2447 3976 15406 2410 3976 15407 2410 3977 15408 2447 3977 15409 2448 3977 15410 2419 3978 15411 2445 3978 15412 2418 3978 15413 2413 3979 15414 2442 3979 15415 2419 3979 15416 2419 3980 15417 2442 3980 15418 2435 3980 15419 2426 3981 15420 2420 3981 15421 2414 3981 15422 2413 3982 15423 2421 3982 15424 2422 3982 15425 2422 3983 15426 2423 3983 15427 2417 3983 15428 2417 3984 15429 2423 3984 15430 2427 3984 15431 2427 3985 15432 2423 3985 15433 2434 3985 15434 2434 3986 15435 2423 3986 15436 2424 3986 15437 2434 3987 15438 2424 3987 15439 2433 3987 15440 2433 3988 15441 2424 3988 15442 2415 3988 15443 2414 3989 15444 2425 3989 15445 2426 3989 15446 2427 3990 15447 2428 3990 15448 2417 3990 15449 2417 3991 15450 2428 3991 15451 2429 3991 15452 2415 3992 15453 2431 3992 15454 2432 3992 15455 2415 3993 15456 2432 3993 15457 2433 3993 15458 2419 3994 15459 2435 3994 15460 2436 3994 15461 2436 3995 15462 2437 3995 15463 2419 3995 15464 2437 3996 15465 2444 3996 15466 2445 3996 15467 2437 3997 15468 2445 3997 15469 2419 3997 15470 2444 3998 15471 2437 3998 15472 2438 3998 15473 2444 3999 15474 2438 3999 15475 2443 3999 15476 2443 12 15477 2438 12 15478 2450 12 15479 2450 4000 15480 2438 4000 15481 2439 4000 15482 2450 4001 15483 2439 4001 15484 2411 4001 15485 2411 4002 15486 2439 4002 15487 2440 4002 15488 2411 4003 15489 2440 4003 15490 2413 4003 15491 2413 4004 15492 2440 4004 15493 2441 4004 15494 2413 4005 15495 2441 4005 15496 2442 4005 15497 2418 4006 15498 2445 4006 15499 2446 4006 15500 2446 4007 15501 2447 4007 15502 2418 4007 15503 2410 4008 15504 2448 4008 15505 2449 4008 15506 2411 4009 15507 2449 4009 15508 2450 4009 15509 2369 4010 15510 2368 4010 15511 2414 4010 15512 2414 4011 15513 2368 4011 15514 2365 4011 15515 2414 97 15516 2365 97 15517 2415 97 15518 2415 4012 15519 2365 4012 15520 2364 4012 15521 2410 94 15522 2409 94 15523 2418 94 15524 2418 94 15525 2409 94 15526 2451 94 15527 2409 109 15528 2408 109 15529 2451 109 15530 2451 109 15531 2408 109 15532 2452 109 15533 2413 4013 15534 2419 4013 15535 2407 4013 15536 2407 100 15537 2419 100 15538 2452 100 15539 2407 100 15540 2452 100 15541 2408 100 15542 2419 97 15543 2418 97 15544 2452 97 15545 2452 97 15546 2418 97 15547 2451 97 15548 2415 100 15549 2364 100 15550 2416 100 15551 2416 100 15552 2364 100 15553 2363 100 15554 2365 4014 15555 2368 4014 15556 2366 4014 15557 2366 4015 15558 2368 4015 15559 2367 4015 15560 2363 103 15561 2362 103 15562 2416 103 15563 2416 103 15564 2362 103 15565 2417 103 15566 2362 100 15567 2361 100 15568 2417 100 15569 2417 100 15570 2361 100 15571 2411 100 15572 2442 4016 15573 2377 4017 15574 2435 4018 15575 2435 4018 15576 2377 4017 15577 2384 4019 15578 2435 4018 15579 2384 4019 15580 2436 4020 15581 2436 4020 15582 2384 4019 15583 2383 4021 15584 2436 4020 15585 2383 4021 15586 2437 4022 15587 2437 4022 15588 2383 4021 15589 2382 4023 15590 2437 4022 15591 2382 4023 15592 2438 4024 15593 2438 4024 15594 2382 4023 15595 2381 4025 15596 2438 4024 15597 2381 4025 15598 2380 4026 15599 2438 4024 15600 2380 4026 15601 2439 4027 15602 2439 4027 15603 2380 4026 15604 2379 4028 15605 2439 4027 15606 2379 4028 15607 2440 4029 15608 2440 4029 15609 2379 4028 15610 2441 4030 15611 2441 4030 15612 2379 4028 15613 2378 4031 15614 2441 4030 15615 2378 4031 15616 2377 4017 15617 2441 4030 15618 2377 4017 15619 2442 4016 15620 2450 4032 15621 2385 4033 15622 2443 4034 15623 2443 4034 15624 2385 4033 15625 2392 4035 15626 2443 4034 15627 2392 4035 15628 2444 4036 15629 2444 4036 15630 2392 4035 15631 2391 4037 15632 2444 4036 15633 2391 4037 15634 2445 4038 15635 2445 4038 15636 2391 4037 15637 2390 4039 15638 2445 4038 15639 2390 4039 15640 2446 4040 15641 2446 4040 15642 2390 4039 15643 2389 4041 15644 2446 4040 15645 2389 4041 15646 2447 4042 15647 2447 4042 15648 2389 4041 15649 2388 4043 15650 2447 4042 15651 2388 4043 15652 2387 4044 15653 2447 4042 15654 2387 4044 15655 2448 4045 15656 2448 4045 15657 2387 4044 15658 2449 4046 15659 2449 4046 15660 2387 4044 15661 2386 4047 15662 2449 4046 15663 2386 4047 15664 2450 4032 15665 2450 4032 15666 2386 4047 15667 2385 4033 15668 2434 4048 15669 2393 4049 15670 2427 4050 15671 2427 4050 15672 2393 4049 15673 2399 4051 15674 2427 4050 15675 2399 4051 15676 2428 4052 15677 2428 4052 15678 2399 4051 15679 2398 4053 15680 2428 4052 15681 2398 4053 15682 2429 4054 15683 2429 4054 15684 2398 4053 15685 2397 4055 15686 2429 4054 15687 2397 4055 15688 2430 4056 15689 2430 4056 15690 2397 4055 15691 2431 4057 15692 2431 4057 15693 2397 4055 15694 2396 4058 15695 2431 4057 15696 2396 4058 15697 2432 4059 15698 2432 4059 15699 2396 4058 15700 2395 4060 15701 2432 4059 15702 2395 4060 15703 2433 4061 15704 2433 4061 15705 2395 4060 15706 2394 4062 15707 2433 4061 15708 2394 4062 15709 2393 4049 15710 2433 4061 15711 2393 4049 15712 2434 4048 15713 2426 4063 15714 2370 4064 15715 2420 4065 15716 2420 4065 15717 2370 4064 15718 2376 4066 15719 2420 4065 15720 2376 4066 15721 2421 4067 15722 2421 4067 15723 2376 4066 15724 2375 4068 15725 2421 4067 15726 2375 4068 15727 2422 4069 15728 2422 4069 15729 2375 4068 15730 2374 4070 15731 2422 4069 15732 2374 4070 15733 2423 4071 15734 2423 4071 15735 2374 4070 15736 2373 4072 15737 2423 4071 15738 2373 4072 15739 2424 4073 15740 2424 4073 15741 2373 4072 15742 2372 4074 15743 2424 4073 15744 2372 4074 15745 2425 4075 15746 2425 4075 15747 2372 4074 15748 2371 4076 15749 2425 4075 15750 2371 4076 15751 2370 4064 15752 2425 4075 15753 2370 4064 15754 2426 4063 15755 2454 4077 15756 2489 4077 15757 2453 4077 15758 2453 4078 15759 2489 4078 15760 2491 4078 15761 2455 4079 15762 2454 4079 15763 2461 4079 15764 2461 4080 15765 2454 4080 15766 2485 4080 15767 2461 94 15768 2485 94 15769 2460 94 15770 2460 4081 15771 2485 4081 15772 2459 4081 15773 2459 94 15774 2485 94 15775 2486 94 15776 2459 4082 15777 2486 4082 15778 2476 4082 15779 2476 94 15780 2486 94 15781 2475 94 15782 2475 4083 15783 2486 4083 15784 2474 4083 15785 2474 94 15786 2486 94 15787 2473 94 15788 2473 94 15789 2486 94 15790 2487 94 15791 2473 4084 15792 2487 4084 15793 2467 4084 15794 2473 94 15795 2467 94 15796 2468 94 15797 2473 94 15798 2468 94 15799 2472 94 15800 2472 94 15801 2468 94 15802 2482 94 15803 2482 4085 15804 2468 4085 15805 2469 4085 15806 2454 4086 15807 2455 4086 15808 2456 4086 15809 2454 94 15810 2456 94 15811 2484 94 15812 2484 4087 15813 2456 4087 15814 2457 4087 15815 2484 4088 15816 2457 4088 15817 2483 4088 15818 2483 94 15819 2457 94 15820 2471 94 15821 2457 94 15822 2458 94 15823 2471 94 15824 2471 4089 15825 2458 4089 15826 2477 4089 15827 2477 4090 15828 2458 4090 15829 2459 4090 15830 2462 94 15831 2480 94 15832 2470 94 15833 2480 4091 15834 2462 4091 15835 2489 4091 15836 2489 94 15837 2462 94 15838 2463 94 15839 2489 94 15840 2463 94 15841 2488 94 15842 2488 94 15843 2463 94 15844 2464 94 15845 2464 94 15846 2465 94 15847 2488 94 15848 2488 94 15849 2465 94 15850 2487 94 15851 2487 4092 15852 2465 4092 15853 2466 4092 15854 2487 94 15855 2466 94 15856 2467 94 15857 2482 94 15858 2469 94 15859 2481 94 15860 2481 4093 15861 2469 4093 15862 2470 4093 15863 2481 94 15864 2470 94 15865 2480 94 15866 2483 4094 15867 2471 4094 15868 2472 4094 15869 2483 4095 15870 2472 4095 15871 2482 4095 15872 2476 94 15873 2477 94 15874 2459 94 15875 2484 94 15876 2478 94 15877 2454 94 15878 2478 94 15879 2479 94 15880 2454 94 15881 2454 4096 15882 2479 4096 15883 2489 4096 15884 2489 4097 15885 2479 4097 15886 2480 4097 15887 2489 4098 15888 2488 4099 15889 2490 4100 15890 2489 4098 15891 2490 4100 15892 2491 4101 15893 2500 100 15894 2453 100 15895 2518 100 15896 2500 100 15897 2518 100 15898 2499 100 15899 2499 4102 15900 2518 4102 15901 2519 4102 15902 2499 4103 15903 2519 4103 15904 2520 4103 15905 2499 100 15906 2520 100 15907 2517 100 15908 2517 4104 15909 2520 4104 15910 2516 4104 15911 2516 100 15912 2520 100 15913 2521 100 15914 2516 100 15915 2521 100 15916 2504 100 15917 2491 4105 15918 2524 4105 15919 2453 4105 15920 2491 4106 15921 2490 4106 15922 2509 4106 15923 2492 4107 15924 2507 4107 15925 2490 4107 15926 2490 4108 15927 2507 4108 15928 2508 4108 15929 2493 100 15930 2514 100 15931 2492 100 15932 2492 4109 15933 2514 4109 15934 2515 4109 15935 2494 100 15936 2497 100 15937 2493 100 15938 2493 100 15939 2497 100 15940 2512 100 15941 2453 100 15942 2501 100 15943 2494 100 15944 2494 4110 15945 2501 4110 15946 2495 4110 15947 2494 4111 15948 2495 4111 15949 2496 4111 15950 2494 100 15951 2496 100 15952 2497 100 15953 2512 100 15954 2497 100 15955 2511 100 15956 2511 4112 15957 2497 4112 15958 2498 4112 15959 2511 100 15960 2498 100 15961 2517 100 15962 2517 4113 15963 2498 4113 15964 2499 4113 15965 2500 100 15966 2501 100 15967 2453 100 15968 2502 100 15969 2523 100 15970 2510 100 15971 2523 100 15972 2502 100 15973 2522 100 15974 2522 4114 15975 2502 4114 15976 2503 4114 15977 2522 100 15978 2503 100 15979 2521 100 15980 2521 100 15981 2503 100 15982 2504 100 15983 2516 100 15984 2504 100 15985 2515 100 15986 2515 100 15987 2504 100 15988 2505 100 15989 2515 100 15990 2505 100 15991 2492 100 15992 2492 4115 15993 2505 4115 15994 2506 4115 15995 2492 4116 15996 2506 4116 15997 2507 4116 15998 2490 4117 15999 2508 4117 16000 2509 4117 16001 2509 100 16002 2510 100 16003 2491 100 16004 2491 4118 16005 2510 4118 16006 2523 4118 16007 2493 4119 16008 2512 4119 16009 2513 4119 16010 2513 100 16011 2514 100 16012 2493 100 16013 2524 100 16014 2518 100 16015 2453 100 16016 2491 100 16017 2523 100 16018 2524 100 16019 2492 4120 16020 2490 4120 16021 2527 4120 16022 2527 4121 16023 2490 4121 16024 2488 4121 16025 2527 4122 16026 2488 4122 16027 2526 4122 16028 2526 4123 16029 2488 4123 16030 2487 4123 16031 2526 4124 16032 2487 4124 16033 2525 4124 16034 2527 4125 16035 2528 4125 16036 2492 4125 16037 2524 4126 16038 2529 4127 16039 2518 4128 16040 2518 4128 16041 2529 4127 16042 2530 4129 16043 2518 4128 16044 2530 4129 16045 2519 4130 16046 2519 4130 16047 2530 4129 16048 2520 4131 16049 2520 4131 16050 2530 4129 16051 2531 4132 16052 2520 4131 16053 2531 4132 16054 2521 4133 16055 2521 4133 16056 2531 4132 16057 2532 4134 16058 2521 4133 16059 2532 4134 16060 2522 4135 16061 2522 4135 16062 2532 4134 16063 2533 4136 16064 2522 4135 16065 2533 4136 16066 2523 4137 16067 2523 4137 16068 2533 4136 16069 2534 4138 16070 2523 4137 16071 2534 4138 16072 2524 4126 16073 2524 4126 16074 2534 4138 16075 2535 4139 16076 2524 4126 16077 2535 4139 16078 2529 4127 16079 2537 4140 16080 2478 4141 16081 2536 4142 16082 2536 4142 16083 2478 4141 16084 2484 4143 16085 2536 4142 16086 2484 4143 16087 2542 4144 16088 2542 4144 16089 2484 4143 16090 2541 4145 16091 2541 4145 16092 2484 4143 16093 2483 4146 16094 2541 4145 16095 2483 4146 16096 2540 4147 16097 2540 4147 16098 2483 4146 16099 2482 4148 16100 2540 4147 16101 2482 4148 16102 2539 4149 16103 2539 4149 16104 2482 4148 16105 2481 4150 16106 2539 4149 16107 2481 4150 16108 2538 4151 16109 2538 4151 16110 2481 4150 16111 2480 4152 16112 2538 4151 16113 2480 4152 16114 2537 4140 16115 2537 4140 16116 2480 4152 16117 2479 4153 16118 2537 4140 16119 2479 4153 16120 2478 4141 16121 2517 4154 16122 2549 4155 16123 2511 4156 16124 2511 4156 16125 2549 4155 16126 2543 4157 16127 2511 4156 16128 2543 4157 16129 2512 4158 16130 2512 4158 16131 2543 4157 16132 2544 4159 16133 2512 4158 16134 2544 4159 16135 2513 4160 16136 2513 4160 16137 2544 4159 16138 2545 4161 16139 2513 4160 16140 2545 4161 16141 2546 4162 16142 2513 4160 16143 2546 4162 16144 2514 4163 16145 2514 4163 16146 2546 4162 16147 2547 4164 16148 2514 4163 16149 2547 4164 16150 2515 4165 16151 2515 4165 16152 2547 4164 16153 2516 4166 16154 2516 4166 16155 2547 4164 16156 2548 4167 16157 2516 4166 16158 2548 4167 16159 2517 4154 16160 2517 4154 16161 2548 4167 16162 2549 4155 16163 2550 4168 16164 2471 4169 16165 2556 4170 16166 2556 4170 16167 2471 4169 16168 2477 4171 16169 2556 4170 16170 2477 4171 16171 2555 4172 16172 2555 4172 16173 2477 4171 16174 2476 4173 16175 2555 4172 16176 2476 4173 16177 2554 4174 16178 2554 4174 16179 2476 4173 16180 2475 4175 16181 2554 4174 16182 2475 4175 16183 2474 4176 16184 2554 4174 16185 2474 4176 16186 2553 4177 16187 2553 4177 16188 2474 4176 16189 2473 4178 16190 2553 4177 16191 2473 4178 16192 2552 4179 16193 2552 4179 16194 2473 4178 16195 2551 4180 16196 2551 4180 16197 2473 4178 16198 2472 4181 16199 2551 4180 16200 2472 4181 16201 2550 4168 16202 2550 4168 16203 2472 4181 16204 2471 4169 16205 2510 4182 16206 2565 4183 16207 2557 4184 16208 2510 4182 16209 2557 4184 16210 2502 4185 16211 2502 4185 16212 2557 4184 16213 2503 4186 16214 2503 4186 16215 2557 4184 16216 2558 4187 16217 2503 4186 16218 2558 4187 16219 2504 4188 16220 2504 4188 16221 2558 4187 16222 2559 4189 16223 2504 4188 16224 2559 4189 16225 2505 4190 16226 2505 4190 16227 2559 4189 16228 2560 4191 16229 2505 4190 16230 2560 4191 16231 2506 4192 16232 2506 4192 16233 2560 4191 16234 2561 4193 16235 2506 4192 16236 2561 4193 16237 2507 4194 16238 2507 4194 16239 2561 4193 16240 2562 4195 16241 2507 4194 16242 2562 4195 16243 2508 4196 16244 2508 4196 16245 2562 4195 16246 2563 4197 16247 2508 4196 16248 2563 4197 16249 2509 4198 16250 2509 4198 16251 2563 4197 16252 2564 4199 16253 2509 4198 16254 2564 4199 16255 2510 4182 16256 2510 4182 16257 2564 4199 16258 2565 4183 16259 2566 4200 16260 2462 4201 16261 2470 4202 16262 2566 4200 16263 2470 4202 16264 2574 4203 16265 2574 4203 16266 2470 4202 16267 2573 4204 16268 2573 4204 16269 2470 4202 16270 2469 4205 16271 2573 4204 16272 2469 4205 16273 2572 4206 16274 2572 4206 16275 2469 4205 16276 2468 4207 16277 2572 4206 16278 2468 4207 16279 2571 4208 16280 2571 4208 16281 2468 4207 16282 2467 4209 16283 2571 4208 16284 2467 4209 16285 2570 4210 16286 2570 4210 16287 2467 4209 16288 2466 4211 16289 2570 4210 16290 2466 4211 16291 2569 4212 16292 2569 4212 16293 2466 4211 16294 2465 4213 16295 2569 4212 16296 2465 4213 16297 2568 4214 16298 2568 4214 16299 2465 4213 16300 2464 4215 16301 2568 4214 16302 2464 4215 16303 2567 4216 16304 2567 4216 16305 2464 4215 16306 2463 4217 16307 2567 4216 16308 2463 4217 16309 2566 4200 16310 2566 4200 16311 2463 4217 16312 2462 4201 16313 2501 4218 16314 2581 4219 16315 2575 4220 16316 2501 4218 16317 2575 4220 16318 2495 4221 16319 2495 4221 16320 2575 4220 16321 2576 4222 16322 2495 4221 16323 2576 4222 16324 2496 4223 16325 2496 4223 16326 2576 4222 16327 2497 4224 16328 2497 4224 16329 2576 4222 16330 2577 4225 16331 2497 4224 16332 2577 4225 16333 2498 4226 16334 2498 4226 16335 2577 4225 16336 2578 4227 16337 2498 4226 16338 2578 4227 16339 2499 4228 16340 2499 4228 16341 2578 4227 16342 2579 4229 16343 2499 4228 16344 2579 4229 16345 2500 4230 16346 2500 4230 16347 2579 4229 16348 2580 4231 16349 2500 4230 16350 2580 4231 16351 2501 4218 16352 2501 4218 16353 2580 4231 16354 2581 4219 16355 2582 4232 16356 2455 4233 16357 2461 4234 16358 2582 4232 16359 2461 4234 16360 2588 4235 16361 2588 4235 16362 2461 4234 16363 2460 4236 16364 2588 4235 16365 2460 4236 16366 2587 4237 16367 2587 4237 16368 2460 4236 16369 2586 4238 16370 2586 4238 16371 2460 4236 16372 2459 4239 16373 2586 4238 16374 2459 4239 16375 2585 4240 16376 2585 4240 16377 2459 4239 16378 2458 4241 16379 2585 4240 16380 2458 4241 16381 2584 4242 16382 2584 4242 16383 2458 4241 16384 2457 4243 16385 2584 4242 16386 2457 4243 16387 2583 4244 16388 2583 4244 16389 2457 4243 16390 2456 4245 16391 2583 4244 16392 2456 4245 16393 2582 4232 16394 2582 4232 16395 2456 4245 16396 2455 4233 16397 2537 100 16398 2536 100 16399 2590 100 16400 2536 4246 16401 2542 4246 16402 2590 4246 16403 2590 100 16404 2542 100 16405 2589 100 16406 2589 100 16407 2542 100 16408 2541 100 16409 2541 100 16410 2540 100 16411 2589 100 16412 2589 4247 16413 2540 4247 16414 2571 4247 16415 2571 4248 16416 2540 4248 16417 2572 4248 16418 2572 4249 16419 2540 4249 16420 2539 4249 16421 2572 100 16422 2539 100 16423 2573 100 16424 2573 4250 16425 2539 4250 16426 2538 4250 16427 2573 4251 16428 2538 4251 16429 2574 4251 16430 2574 100 16431 2538 100 16432 2566 100 16433 2566 4252 16434 2538 4252 16435 2537 4252 16436 2566 4253 16437 2537 4253 16438 2590 4253 16439 2589 4254 16440 2571 4254 16441 2525 4254 16442 2571 100 16443 2570 100 16444 2525 100 16445 2570 100 16446 2569 100 16447 2525 100 16448 2525 4255 16449 2569 4255 16450 2526 4255 16451 2526 100 16452 2569 100 16453 2568 100 16454 2526 100 16455 2568 100 16456 2567 100 16457 2526 4256 16458 2567 4256 16459 2566 4256 16460 2526 100 16461 2566 100 16462 2590 100 16463 2594 4257 16464 2591 4257 16465 2493 4257 16466 2493 97 16467 2591 97 16468 2592 97 16469 2493 97 16470 2592 97 16471 2486 97 16472 2486 4258 16473 2592 4258 16474 2593 4258 16475 2486 4259 16476 2593 4259 16477 2487 4259 16478 2487 97 16479 2593 97 16480 2525 97 16481 2525 97 16482 2593 97 16483 2594 97 16484 2525 97 16485 2594 97 16486 2528 97 16487 2528 97 16488 2594 97 16489 2492 97 16490 2492 4260 16491 2594 4260 16492 2493 4260 16493 2526 4261 16494 2590 4261 16495 2527 4261 16496 2527 4262 16497 2590 4262 16498 2595 4262 16499 2530 4263 16500 2529 4263 16501 2595 4263 16502 2529 4264 16503 2535 4264 16504 2595 4264 16505 2595 4265 16506 2535 4265 16507 2565 4265 16508 2565 4266 16509 2535 4266 16510 2534 4266 16511 2565 4267 16512 2534 4267 16513 2557 4267 16514 2557 94 16515 2534 94 16516 2558 94 16517 2558 4268 16518 2534 4268 16519 2533 4268 16520 2558 94 16521 2533 94 16522 2559 94 16523 2559 4269 16524 2533 4269 16525 2532 4269 16526 2532 4270 16527 2560 4270 16528 2559 4270 16529 2560 4271 16530 2532 4271 16531 2596 4271 16532 2596 4272 16533 2532 4272 16534 2531 4272 16535 2531 4273 16536 2530 4273 16537 2596 4273 16538 2596 4274 16539 2530 4274 16540 2595 4274 16541 2595 4275 16542 2565 4275 16543 2527 4275 16544 2527 4276 16545 2565 4276 16546 2564 4276 16547 2527 4277 16548 2564 4277 16549 2563 4277 16550 2563 4278 16551 2562 4278 16552 2527 4278 16553 2527 4279 16554 2562 4279 16555 2528 4279 16556 2528 4280 16557 2562 4280 16558 2561 4280 16559 2528 4281 16560 2561 4281 16561 2560 4281 16562 2528 4282 16563 2560 4282 16564 2596 4282 16565 2528 4283 16566 2596 4283 16567 2525 4283 16568 2525 4284 16569 2596 4284 16570 2589 4284 16571 2596 4285 16572 2595 4285 16573 2589 4285 16574 2589 4286 16575 2595 4286 16576 2590 4286 16577 2550 100 16578 2556 100 16579 2585 100 16580 2585 100 16581 2556 100 16582 2586 100 16583 2586 4287 16584 2556 4287 16585 2555 4287 16586 2586 100 16587 2555 100 16588 2587 100 16589 2587 100 16590 2555 100 16591 2592 100 16592 2587 100 16593 2592 100 16594 2597 100 16595 2592 4288 16596 2555 4288 16597 2554 4288 16598 2554 100 16599 2553 100 16600 2592 100 16601 2592 100 16602 2553 100 16603 2593 100 16604 2553 100 16605 2552 100 16606 2593 100 16607 2593 4289 16608 2552 4289 16609 2551 4289 16610 2593 100 16611 2551 100 16612 2583 100 16613 2583 4290 16614 2551 4290 16615 2584 4290 16616 2584 4291 16617 2551 4291 16618 2550 4291 16619 2584 100 16620 2550 100 16621 2585 100 16622 2588 100 16623 2597 100 16624 2582 100 16625 2582 100 16626 2597 100 16627 2598 100 16628 2582 100 16629 2598 100 16630 2583 100 16631 2583 100 16632 2598 100 16633 2593 100 16634 2588 100 16635 2587 100 16636 2597 100 16637 2594 109 16638 2593 109 16639 2599 109 16640 2599 109 16641 2593 109 16642 2598 109 16643 2578 4292 16644 2543 4292 16645 2549 4292 16646 2578 4293 16647 2549 4293 16648 2579 4293 16649 2579 4294 16650 2549 4294 16651 2548 4294 16652 2579 94 16653 2548 94 16654 2580 94 16655 2580 94 16656 2548 94 16657 2594 94 16658 2580 4295 16659 2594 4295 16660 2599 4295 16661 2594 4296 16662 2548 4296 16663 2547 4296 16664 2547 4297 16665 2546 4297 16666 2594 4297 16667 2594 4298 16668 2546 4298 16669 2591 4298 16670 2546 4299 16671 2545 4299 16672 2591 4299 16673 2591 4300 16674 2545 4300 16675 2544 4300 16676 2591 94 16677 2544 94 16678 2576 94 16679 2576 4301 16680 2544 4301 16681 2577 4301 16682 2577 4302 16683 2544 4302 16684 2543 4302 16685 2577 4303 16686 2543 4303 16687 2578 4303 16688 2581 4304 16689 2599 4304 16690 2575 4304 16691 2575 4305 16692 2599 4305 16693 2600 4305 16694 2575 4306 16695 2600 4306 16696 2576 4306 16697 2576 4307 16698 2600 4307 16699 2591 4307 16700 2599 4308 16701 2581 4308 16702 2580 4308 16703 2592 12 16704 2591 12 16705 2597 12 16706 2597 12 16707 2591 12 16708 2600 12 16709 2493 109 16710 2486 109 16711 2494 109 16712 2494 109 16713 2486 109 16714 2485 109 16715 2485 4309 16716 2454 4309 16717 2598 4309 16718 2598 4310 16719 2454 4310 16720 2453 4310 16721 2598 4311 16722 2453 4311 16723 2599 4311 16724 2599 4312 16725 2453 4312 16726 2494 4312 16727 2599 4313 16728 2494 4313 16729 2600 4313 16730 2600 103 16731 2494 103 16732 2485 103 16733 2600 103 16734 2485 103 16735 2597 103 16736 2597 103 16737 2485 103 16738 2598 103 16739</p>
        </triangles>
      </mesh>
    </geometry>
  </library_geometries>
  <library_visual_scenes>
    <visual_scene id="Scene" name="Scene">
      <node id="edf_torsional_assembly_v17" name="edf_torsional_assembly v17" type="NODE">
        <matrix sid="transform">-4.37114e-10 4.37114e-10 0.01 -0.014281 0.01 0 4.37114e-10 -0.00631 0 0.01 -4.37114e-10 0.00769 0 0 0 1</matrix>
        <instance_geometry url="#edf_torsional_assembly_v17_001-mesh" name="edf_torsional_assembly v17">
          <bind_material>
            <technique_common>
              <instance_material symbol="Plastic_-_Glossy__Black__009-material" target="#Plastic_-_Glossy__Black__009-material">
                <bind_vertex_input semantic="edf_torsional_assembly_v17-mesh-map-0" input_semantic="TEXCOORD" input_set="0"/>
              </instance_material>
              <instance_material symbol="Steel_-_Satin_009-material" target="#Steel_-_Satin_009-material">
                <bind_vertex_input semantic="edf_torsional_assembly_v17-mesh-map-0" input_semantic="TEXCOORD" input_set="0"/>
              </instance_material>
              <instance_material symbol="Default_003-material" target="#Default_003-material">
                <bind_vertex_input semantic="edf_torsional_assembly_v17-mesh-map-0" input_semantic="TEXCOORD" input_set="0"/>
              </instance_material>
              <instance_material symbol="ABS__White__009-material" target="#ABS__White__009-material">
                <bind_vertex_input semantic="edf_torsional_assembly_v17-mesh-map-0" input_semantic="TEXCOORD" input_set="0"/>
              </instance_material>
            </technique_common>
          </bind_material>
        </instance_geometry>
      </node>
    </visual_scene>
  </library_visual_scenes>
  <scene>
    <instance_visual_scene url="#Scene"/>
  </scene>
</COLLADA>