<?xml version="1.0" encoding="utf-8"?>
<COLLADA xmlns="http://www.collada.org/2005/11/COLLADASchema" version="1.4.1" xmlns:xsi="http://www.w3.org/2001/XMLSchema-instance">
  <asset>
    <contributor>
      <author>Blender User</author>
      <authoring_tool>Blender 4.1.1 commit date:2024-04-15, commit time:15:11, hash:e1743a0317bc</authoring_tool>
    </contributor>
    <created>2024-09-29T05:15:40</created>
    <modified>2024-09-29T05:15:40</modified>
    <unit name="meter" meter="1"/>
    <up_axis>Z_UP</up_axis>
  </asset>
  <library_effects>
    <effect id="Plastic_-_Matte__Black__010-effect">
      <profile_COMMON>
        <technique sid="common">
          <lambert>
            <emission>
              <color sid="emission">0 0 0 1</color>
            </emission>
            <diffuse>
              <color sid="diffuse">0.098039 0.098039 0.098039 1</color>
            </diffuse>
            <index_of_refraction>
              <float sid="ior">1.5</float>
            </index_of_refraction>
          </lambert>
        </technique>
      </profile_COMMON>
    </effect>
    <effect id="Default_021-effect">
      <profile_COMMON>
        <technique sid="common">
          <lambert>
            <emission>
              <color sid="emission">0 0 0 1</color>
            </emission>
            <diffuse>
              <color sid="diffuse">0.74902 0.74902 0.74902 1</color>
            </diffuse>
            <index_of_refraction>
              <float sid="ior">1.5</float>
            </index_of_refraction>
          </lambert>
        </technique>
      </profile_COMMON>
    </effect>
    <effect id="Steel_-_Satin_035-effect">
      <profile_COMMON>
        <technique sid="common">
          <lambert>
            <emission>
              <color sid="emission">0 0 0 1</color>
            </emission>
            <diffuse>
              <color sid="diffuse">0.627451 0.627451 0.627451 1</color>
            </diffuse>
            <index_of_refraction>
              <float sid="ior">1.5</float>
            </index_of_refraction>
          </lambert>
        </technique>
      </profile_COMMON>
    </effect>
  </library_effects>
  <library_images/>
  <library_materials>
    <material id="Plastic_-_Matte__Black__010-material" name="Plastic_-_Matte_(Black).010">
      <instance_effect url="#Plastic_-_Matte__Black__010-effect"/>
    </material>
    <material id="Default_021-material" name="Default.021">
      <instance_effect url="#Default_021-effect"/>
    </material>
    <material id="Steel_-_Satin_035-material" name="Steel_-_Satin.035">
      <instance_effect url="#Steel_-_Satin_035-effect"/>
    </material>
  </library_materials>
  <library_geometries>
    <geometry id="edf_torsional_housing_006-mesh" name="edf_torsional_housing.006">
      <mesh>
        <source id="edf_torsional_housing_006-mesh-positions">
          <float_array id="edf_torsional_housing_006-mesh-positions-array" count="1704">0.5799657 18.2588 23.49722 1.1064 15.3866 23.54679 2.988205 12.92977 23.53931 7.203125 11.94726 23.54348 10.91373 14.16103 23.54614 12.0439 18.3281 23.56598 9.983486 22.12485 23.54786 6.787001 23.73586 23.38292 2.526402 22.4369 23.38254 -4.733669 22.19604 23.35976 1.736773 28.6828 23.35921 10.88288 28.68244 23.35528 17.34468 22.20857 23.35527 17.33063 13.07699 23.35471 10.87882 6.63624 23.35371 1.740836 6.635847 23.35788 -4.716279 13.10182 23.35779 -5.411568 16.74033 23.74733 -19.03265 16.8782 23.60929 -19.03153 18.46232 23.67904 -5.426748 18.33509 23.45165 -5.397443 16.65637 33.89298 -19.02032 16.65635 26.82948 -1.330731 8.720287 23.74733 -10.95288 -0.9077565 23.93101 -12.08701 0.2069675 23.4613 -2.535069 9.910898 23.48381 -1.261358 8.670952 33.55828 -10.85884 -0.9419767 27.11721 7.225928 5.934636 23.74735 7.087962 -7.686359 23.60921 5.467349 -7.681295 23.70346 5.534424 5.926621 23.4778 7.309885 5.949012 33.4373 7.309886 -7.673893 26.33754 15.24656 10.01522 23.74742 24.79553 0.3048104 23.62665 23.63013 -0.8553789 23.70346 14.05541 8.814223 23.47775 15.29535 10.08512 33.60733 24.9282 0.4522764 26.49936 18.03565 18.5181 23.70413 31.65529 18.39669 23.60538 31.64839 16.8138 23.70349 18.03892 16.88095 23.47773 18.01726 18.65637 33.97817 31.66488 18.69503 27.22193 13.95038 26.59237 23.74732 23.56335 36.2294 23.94864 24.70678 35.10578 23.4613 15.15195 25.40182 23.47773 13.81566 26.58774 34.47234 23.50996 36.27137 27.25757 5.393846 29.37774 23.74731 5.376813 42.98979 23.94863 6.97988 43.00445 23.46131 7.085306 29.38529 23.47771 5.30987 29.36354 34.47783 5.312747 43.07606 27.31818 -12.26316 34.90987 23.94861 -2.675051 25.22716 34.2909 -12.35136 34.8843 27.22985 -1.434476 26.50009 23.48362 -2.626158 25.29695 23.74732 -11.13998 36.05385 23.46136 -5.011939 21.81955 34.92105 -5.172503 14.99501 34.77398 -3.161363 10.74965 34.70174 0.403234 7.548563 34.64115 5.167538 5.917238 34.33691 11.05321 6.683235 34.37503 15.78015 10.74702 34.70174 18.08265 16.10479 34.80794 9.166805 7.046161 34.88533 5.398141 23.16868 23.89238 1.771436 20.91501 23.88985 0.7914896 18.54669 34.88054 2.45913 13.38451 34.88054 7.599121 12.21732 34.88054 11.0675 14.72202 34.88054 11.80989 17.65637 34.88054 10.16063 21.92826 34.88054 3.836799 22.84878 34.88054 -5.397483 18.65637 33.97817 -2.675589 10.08511 33.60618 5.309887 5.949013 33.43759 13.88113 8.670922 33.55036 18.01719 16.65638 33.89628 15.29523 25.22751 34.28125 7.309891 29.36359 34.47799 -1.197989 26.59004 34.48838 3.160884 29.07906 34.88704 9.276779 29.1473 34.8896 16.86801 23.1022 34.88682 -10.93339 36.36661 27.23139 -12.30842 0.4522795 26.49936 5.309886 -7.673894 26.33746 23.51396 -0.9619314 26.47178 31.64014 16.65637 26.82847 24.96285 34.88078 27.21267 7.32992 43.18883 27.27935 -19.02645 18.70642 27.14819 -19.04728 19.77582 0.9806984 -16.47344 28.97847 0.9805342 -12.42399 34.73456 0.980543 -8.966902 37.88611 0.980543 -2.988715 41.35057 0.9805264 3.970883 42.89823 0.980543 8.648889 42.89823 0.980543 18.23192 40.40021 0.9805393 25.04376 34.73456 0.980543 29.09321 28.97849 0.9805342 31.64306 20.0648 0.9805745 30.91115 11.06756 0.9804936 26.57507 2.204722 0.9804482 20.22715 -3.689924 0.9804523 10.80794 -7.453444 0.9804593 1.811831 -7.453444 0.9804593 -7.371268 -3.816432 0.9805176 -13.81572 2.008772 0.9802374 -18.16969 10.72693 0.9805359 -1.178338 41.98008 27.28053 -17.30224 27.09346 27.28046 -18.67999 12.89901 27.28243 -15.25486 4.011152 27.28363 -5.781818 -4.710034 27.28052 2.742383 -7.587292 27.28064 11.62002 -7.198781 27.28156 20.36816 -3.721205 27.28351 27.87461 4.011115 27.28363 31.29693 12.8893 27.28247 29.922 27.09348 27.28046 17.99409 40.26655 27.28053 -21.34622 15.23674 25.28054 -20.86896 21.98653 25.28054 -18.69526 29.79338 25.28054 -13.0362 37.61364 25.28054 -5.454297 42.67262 25.28054 4.318149 45.37995 25.28054 13.92032 44.38922 25.28054 19.96274 41.29464 25.28054 28.12484 35.15629 25.28054 33.26643 24.43195 25.28054 33.60562 17.30841 25.28054 33.04272 10.0459 25.28054 28.82761 1.361702 25.28054 21.8965 -5.357134 25.28054 13.08545 -9.300175 25.28054 5.417268 -9.639099 25.28054 -1.300582 -9.076465 25.28054 -7.771942 -5.998127 25.28054 -13.64736 -1.689738 25.28054 -19.06056 6.302758 25.28054 -19.7784 10.45643 25.28054 -15.86485 2.081454 25.28054 -4.737627 -7.087309 25.28054 14.27014 -8.245977 25.28054 22.86399 -3.797278 25.28054 28.15335 1.786173 25.28054 31.52429 7.730072 25.28054 31.829 26.77076 25.28054 26.99924 35.15633 25.28054 12.31795 43.97943 25.28054 5.527475 44.743 25.28054 -8.254495 40.50754 25.28054 -15.35512 33.93289 25.28054 -19.6928 25.28252 25.28054 -21.41884 15.23039 27.28054 -19.91422 27.20119 27.28054 -13.64738 37.00246 27.28054 -5.827081 42.66154 27.28054 3.457104 45.30462 27.28054 15.29334 44.14103 27.28054 27.33215 36.10098 27.28054 33.73799 23.11878 27.28054 33.26643 10.88079 27.28054 29.32337 2.069728 27.28054 22.60452 -4.86137 27.28054 11.77229 -9.771737 27.28054 -0.4656928 -9.300173 27.28054 -11.19006 -4.158553 27.28054 -18.69527 5.519397 27.28054 -20.64475 20.08233 2.980543 -19.8509 10.43643 2.980543 -15.35511 1.379859 2.980543 -7.103291 -6.303906 2.980543 -3.940192 -7.428149 2.980543 6.146247 -9.643312 2.980543 15.09491 -7.977991 2.980543 23.54201 -3.256576 2.980543 28.15335 1.786173 2.980543 31.82901 8.541991 2.980543 33.60562 18.00434 2.980543 31.52429 27.58268 2.980543 30.20857 31.23076 2.980543 22.864 39.11002 2.980543 14.27014 43.55872 2.980543 4.661125 44.70409 2.980543 2.875985 45.18891 2.980543 -8.97825 40.0298 2.980543 -15.86486 33.23129 2.980543 -17.83766 30.90312 2.980543 -21.41884 15.23039 2.980543 -20.50592 24.8416 2.980543 -13.64738 37.00246 2.980543 -5.827081 42.66154 2.980543 15.29334 44.14103 2.980543 25.65602 37.6136 2.980543 33.04272 25.26683 2.980543 33.26643 10.88079 2.980543 29.32337 2.069728 2.980543 22.60452 -4.86137 2.980543 13.92034 -9.076468 2.980543 -0.4656927 -9.300173 2.980543 -13.03618 -2.300918 2.980543 -18.69527 5.519396 2.980543 -21.65007 18.27299 0.980543 -19.06056 6.302757 0.980543 -12.13475 -3.365861 0.980543 -1.300582 -9.076465 0.980543 10.5578 -9.985883 0.980543 21.89649 -5.357134 0.980543 28.82761 1.361702 0.980543 33.04272 10.0459 0.980543 33.95214 21.9043 0.980543 28.12484 35.15629 0.980543 16.4522 43.71924 0.980543 4.318149 45.37995 0.980543 -5.043723 43.02682 0.980543 -13.0362 37.61364 0.980543 -18.69526 29.79338 0.980543 7.531375 52.1627 21.68005 5.780096 52.94542 21.78198 5.088164 51.14992 21.68577 6.838877 50.36681 21.78291 7.503992 52.15242 19.29595 6.853971 50.325 19.4352 5.115509 51.1608 19.29542 5.766128 52.98779 19.4352 7.734327 51.94069 9.302411 5.626963 52.82833 9.158991 5.141651 50.96843 9.251148 6.559213 50.40109 9.131291 7.125803 50.57279 6.81257 4.981118 51.10541 6.884223 6.050428 52.96924 6.770349 7.489477 52.2187 6.87322 5.475604 55.65528 19.42016 1.447871 55.65637 16.59605 1.925937 55.65637 11.35139 5.475604 55.65528 9.140931 9.221189 55.65751 9.869636 11.68804 55.65637 14.55962 9.04321 55.65729 18.75713 -1.190457 55.65642 12.94379 0.2351219 55.65653 19.10158 5.930057 55.65512 21.85051 10.49153 55.6567 20.6508 13.50335 55.6564 16.69567 13.50335 55.6564 11.86542 10.43282 55.65661 7.854996 6.929231 55.65637 6.80616 4.468745 55.65637 7.010041 1.234136 55.65632 8.63891 11.23219 44.47362 16.32072 7.343068 44.9062 19.40786 4.336863 44.83485 19.03761 1.856648 44.54888 17.03045 1.387596 44.47362 12.24035 4.336863 44.83485 9.523477 7.343061 44.9062 9.15323 10.76312 44.54888 11.53063 -1.326082 46.66807 15.74924 2.846288 47.48652 21.16702 6.895919 47.66574 21.78394 10.35855 47.39924 20.71503 13.65025 46.7411 16.60614 12.71217 46.9908 9.862294 7.704564 47.64324 6.842986 4.193006 47.58429 7.035902 0.3867715 47.08449 9.430343 36.15951 20.65637 3.280543 34.59471 27.82989 3.280543 30.12637 36.04674 3.280543 22.96219 42.71892 3.280543 12.91948 46.96944 3.285419 4.115568 47.66974 3.281276 -7.037911 44.86223 3.279616 -16.96181 36.73145 3.280543 -22.03999 27.85329 3.280543 -23.53974 20.65637 3.280543 -23.53974 20.65637 25.28054 -21.97494 27.82989 25.28054 -17.50661 36.04673 25.28054 -10.34242 42.71892 25.28054 -3.320718 46.06855 25.28054 2.728819 47.56062 25.2829 11.1902 47.25675 25.28054 20.01425 44.63725 25.28108 29.58158 36.73146 25.28054 34.65977 27.85328 25.28054 36.15951 20.65637 25.28054 -34.60777 20.65552 3.280544 -34.6012 20.6559 25.28054 -31.09247 20.65637 9.316834 -30.72616 20.65637 7.609793 -28.63368 20.65637 7.13672 -27.72392 20.65637 9.146857 -29.29953 20.65637 10.60278 -30.72616 20.65637 18.6098 -29.06468 20.65637 18.07349 -27.76947 20.65637 19.24423 -28.406 20.65637 21.29292 -30.94334 20.65637 20.8055 47.22098 20.65581 3.280544 47.19998 20.65637 25.28054 40.38925 20.65637 9.316864 41.02577 20.65637 7.268171 43.22148 20.65637 7.485345 43.75778 20.65637 9.146836 42.1822 20.65637 10.60278 40.38925 20.65637 20.31686 40.75553 20.65637 18.60981 42.84801 20.65637 18.13671 43.75779 20.65637 20.14683 42.1822 20.65637 21.60278 47.30989 17.65637 3.280544 33.55989 17.65637 3.280543 32.60845 25.14318 3.280543 28.46178 33.68635 3.280543 21.64332 40.29598 3.280543 13.05825 44.15108 3.280157 4.04198 44.89492 3.280944 -3.010163 43.263 3.280543 -11.83515 38.33705 3.280543 -18.64841 28.82554 3.280543 -21.1415 17.67455 3.280543 -34.69011 17.65637 3.280544 47.33081 17.65684 25.28054 -34.69011 17.65637 25.28054 33.55989 17.65637 25.28054 32.82852 24.32185 25.28054 28.94949 32.98983 25.28054 22.33984 39.80827 25.28054 15.62994 43.263 25.28054 8.577793 44.89492 25.28014 -0.4384725 44.15108 25.28092 -10.9058 39.11687 25.28054 -18.28905 29.59617 25.28054 -21.26518 17.68149 25.28054 40.38925 17.65637 19.24422 41.02577 17.65637 21.29292 43.22148 17.65637 21.07575 43.69457 17.65637 18.98327 41.68445 17.65637 18.07349 40.3437 17.65637 9.146866 41.51443 17.65637 10.44203 43.22148 17.65637 10.07575 43.69457 17.65637 7.983267 41.25345 17.65637 7.13672 -31.13802 17.65637 20.14683 -29.56243 17.65637 21.60278 -27.60873 17.65637 19.91199 -28.89468 17.65637 18.11904 -30.60172 17.65637 18.48535 -31.13802 17.65637 9.146834 -29.56243 17.65637 10.60278 -27.76947 17.65637 9.316854 -28.406 17.65637 7.268169 -30.60172 17.65637 7.485345 11.66482 -15.55536 5.780543 12.80426 -17.90466 5.780543 10.97096 -19.06186 5.780543 9.489377 -18.10377 5.780543 9.578311 -16.34165 5.780543 11.4082 -15.4866 22.78054 9.489381 -16.49568 22.78054 9.578305 -18.2578 22.78054 11.14881 -19.06186 22.78054 12.87302 -17.64804 22.78054 3.130391 -16.49568 5.780543 3.041466 -18.2578 5.780543 1.470959 -19.06186 5.780543 -0.01062285 -18.10377 5.780543 0.0783109 -16.34165 5.780543 1.648814 -15.53761 5.780543 3.041461 -16.34165 22.78054 1.470958 -15.53761 22.78054 -0.01061862 -16.49568 22.78054 0.07830488 -18.2578 22.78054 1.648815 -19.06186 22.78054 3.130395 -18.10377 22.78054 -3.190114 -22.29973 22.78054 15.80989 -22.29973 22.78054 15.63065 -11.10559 22.78069 3.894634 -12.30419 22.78046 -3.190114 -10.79973 22.78054 15.80989 -22.29973 5.780543 15.80989 -10.79973 5.780543 -3.010879 -11.10558 5.780391 -3.190114 -22.29973 5.780543 8.725133 -12.30419 5.780621 -23.53974 14.65637 3.280543 -21.97494 7.482856 3.280543 -17.50661 -0.7339746 3.280543 -8.226943 -8.924044 3.280258 1.429575 -11.94401 3.280543 8.758722 -12.37069 3.280587 20.38275 -9.085309 3.28028 29.58159 -1.418703 3.280543 34.65977 7.459468 3.280543 36.15951 14.65637 3.280543 36.15951 14.65637 25.28054 34.59471 7.482867 25.28054 30.12638 -0.7339867 25.28054 20.84677 -8.924006 25.28082 11.1902 -11.94401 25.28054 3.861052 -12.37069 25.2805 -5.582032 -9.957854 25.2807 -13.54876 -4.950368 25.28054 -19.75491 2.621184 25.28054 -23.85376 14.62925 25.28054 47.22754 14.65722 3.280544 47.22098 14.65684 25.28054 43.69457 14.65637 7.983267 41.68445 14.65637 7.073496 40.38925 14.65637 8.244222 41.02577 14.65637 10.29292 43.22148 14.65637 10.07575 43.69457 14.65637 18.98327 41.68445 14.65637 18.07349 40.38925 14.65637 19.24422 41.02577 14.65637 21.29292 43.22147 14.65637 21.07575 -34.60121 14.65693 3.280544 -34.58021 14.65637 25.28054 -27.76947 14.65637 9.316854 -28.406 14.65637 7.268169 -30.60172 14.65637 7.485345 -31.13802 14.65637 9.146834 -29.56243 14.65637 10.60278 -27.60873 14.65637 19.91199 -28.89468 14.65637 18.11904 -30.60172 14.65637 18.48535 -31.13802 14.65637 20.14683 -29.56243 14.65637 21.60278 -34.69011 17.65637 3.280544 -20.94011 17.65637 3.280543 -20.20875 10.9909 3.280543 -15.15065 0.4407232 3.280543 -3.667634 -7.983091 3.280543 8.269208 -9.616828 3.280543 19.53742 -6.467586 3.280543 28.4618 1.626424 3.280543 32.60845 10.16957 3.280543 33.55989 17.65637 3.280543 47.30989 17.65637 3.280544 -34.71104 17.6559 25.28054 47.30989 17.65637 25.28054 -21.26517 17.63125 25.28054 -18.28905 5.716566 25.28054 -12.72188 -1.976715 25.28054 -2.527615 -8.398025 25.28054 9.116271 -9.54272 25.28054 20.58807 -5.860993 25.28054 28.94951 2.322947 25.28054 32.82852 10.99089 25.28054 33.55989 17.65637 25.28054 -27.60873 17.65637 19.64908 -29.29952 17.65637 21.60278 -31.09247 17.65637 20.31683 -30.72616 17.65637 18.6098 -29.06468 17.65637 18.07349 -27.72392 17.65637 9.146857 -29.29953 17.65637 10.60278 -31.09247 17.65637 9.316834 -30.72616 17.65637 7.609793 -28.63368 17.65637 7.13672 43.75779 17.65637 20.14683 42.58705 17.65637 21.44203 40.53836 17.65637 20.80551 41.02577 17.65637 18.26817 43.22148 17.65637 18.48535 43.75778 17.65637 9.146836 42.1822 17.65637 10.60278 40.38925 17.65637 9.316864 41.02577 17.65637 7.268171 43.22148 17.65637 7.485345 11.41723 -22.29973 14.118 12.85476 -22.29973 15.05994 12.68508 -22.29973 13.50697 11.41723 -25.29973 14.44308 12.85476 -25.29973 13.50114 12.68508 -25.29973 15.05411 6.39206 -22.29973 21.22796 7.021594 -22.29973 19.79821 5.618092 -22.29973 19.69345 5.722794 -25.29973 19.58875 7.202544 -25.29973 20.118 6.00432 -25.29973 21.13488 5.907342 -22.29973 9.14212 7.167409 -22.29973 8.218686 6.00432 -22.29973 7.426209 5.455552 -25.29973 7.974977 7.171463 -25.29973 7.877998 6.248028 -25.29973 9.138067 -0.5444479 -22.29973 14.58611 1.171462 -22.29973 14.68309 0.2480289 -22.29973 13.42302 -0.5516901 -25.29973 14.68309 0.371743 -25.29973 13.42302 1.16422 -25.29973 14.58611 3.284981 -16.92957 2.780543 2.365591 -18.96094 2.780543 0.2509926 -18.48286 2.780543 0.03152263 -16.26393 2.780543 2.101869 -15.62067 2.780543 3.088249 -16.26393 5.780543 1.017903 -15.62067 5.780543 -0.1652092 -16.92957 5.780543 0.3767561 -18.60862 5.780543 2.595675 -18.8281 5.780543 3.088249 -16.26393 25.78054 1.017903 -15.62067 25.78054 -0.1652091 -16.92957 25.78054 0.7541809 -18.96094 25.78054 2.868779 -18.48286 25.78054 3.284981 -16.92957 22.78054 2.743016 -18.60862 22.78054 0.5240967 -18.8281 22.78054 0.03152275 -16.26393 22.78054 2.101869 -15.62067 22.78054 12.78498 -16.92958 2.780543 11.86559 -18.96094 2.780543 9.750991 -18.48285 2.780543 9.531526 -16.26393 2.780543 11.60187 -15.62067 2.780543 12.58825 -16.26394 5.780543 10.51791 -15.62067 5.780543 9.334795 -16.92956 5.780543 9.876755 -18.60862 5.780543 12.09567 -18.82811 5.780543 12.58825 -16.26394 25.78054 10.51791 -15.62067 25.78054 9.334795 -16.92956 25.78054 9.876756 -18.60862 25.78054 12.09567 -18.8281 25.78054 12.78498 -16.92958 22.78054 11.86558 -18.96094 22.78054 9.750992 -18.48286 22.78054 9.531526 -16.26393 22.78054 11.60187 -15.62067 22.78054 -3.190114 -12.54363 25.78054 -3.190114 -25.29973 25.78054 15.80989 -25.29973 25.78054 15.80989 -12.54363 25.78054 -3.190114 -12.54363 22.78054 15.80989 -12.54363 22.78054 -3.190114 -22.29973 22.78054 15.80989 -22.29973 22.78054 -3.190114 -22.29973 5.780543 15.80989 -22.29973 5.780543 -3.190114 -12.54363 5.780543 15.80989 -12.54363 5.780543 -3.190114 -12.54363 2.780543 15.80989 -12.54363 2.780543 -3.190114 -25.29973 2.780543 15.80989 -25.29973 2.780543</float_array>
          <technique_common>
            <accessor source="#edf_torsional_housing_006-mesh-positions-array" count="568" stride="3">
              <param name="X" type="float"/>
              <param name="Y" type="float"/>
              <param name="Z" type="float"/>
            </accessor>
          </technique_common>
        </source>
        <source id="edf_torsional_housing_006-mesh-normals">
          <float_array id="edf_torsional_housing_006-mesh-normals-array" count="3291">0.03657156 -0.01054042 -0.9992755 0.00782597 0.01899373 -0.999789 0.007266342 -0.02509707 -0.9996587 0.02402651 0.02144551 -0.9994813 0.02301627 -0.02373695 -0.9994533 -0.006397306 0.03007924 -0.9995271 0.007366359 0.02735376 -0.9995987 0.03197556 0.002041816 -0.9994866 -0.02559739 0.01799905 -0.9995104 -0.0145747 0.02562958 -0.9995654 0.0215699 0.02545881 -0.9994432 -0.03070437 -0.005256652 -0.9995147 -0.02774292 0.01228445 -0.9995396 -0.006614148 0.03355109 -0.9994152 -0.02091705 -0.02569848 -0.999451 -0.02593487 -0.01884585 -0.999486 -0.02637779 0.0202161 -0.9994477 0.005530834 -0.03011178 -0.9995312 0.03437882 -0.03404784 -0.9988288 -0.02883589 0.01829135 -0.9994168 0.02008479 0.01571261 -0.9996749 0.001181602 -0.003585875 -0.9999929 -0.0337044 -0.007994174 -0.9994 0.0022403 0.02705174 -0.9996316 0.00411117 -0.02935099 -0.9995608 -0.8690304 -0.1648518 -0.466487 -0.01372021 0.02801257 -0.9995135 0.05067312 -0.2164871 -0.9749696 -0.01390403 0.04344081 -0.9989593 -0.009401381 -0.9975938 -0.06869113 0.00429511 -0.9999565 -0.008280754 -0.4719535 -0.6926713 -0.5454049 0.1924508 -0.2066441 -0.9593023 0.1870002 -0.2026292 -0.9612349 0.1636844 0.03815257 -0.9857748 0.7169142 -0.6965729 -0.02863973 0.7072159 -0.706946 -0.008555591 0.1681011 -0.8417108 -0.5130937 -0.04207432 -0.01354277 -0.9990227 0.1924873 0.0626617 -0.9792969 -0.05755114 -0.01383811 -0.9982467 0.9966688 -0.009273409 -0.08102715 0.9999522 0.004518866 -0.008670568 0.7168564 -0.5101052 -0.4752995 -0.01251626 -0.03195297 -0.9994111 0.09307068 0.1801905 -0.9792188 -0.02273643 -0.0425356 -0.9988363 0.7108943 0.6999296 -0.06876021 0.7039315 0.7102169 -0.00851798 -0.07323879 0.1743751 -0.9819519 0.852037 0.1214272 -0.509204 0.01456773 -0.04674988 -0.9988004 0.01396065 -0.06140249 -0.9980155 0.00828731 0.9965788 -0.08223211 -0.00950253 0.9998641 -0.01347315 0.4863361 0.7005977 -0.5221495 -0.1971039 0.2128012 -0.9570087 -0.191522 0.2084155 -0.959105 -0.1646241 -0.03374087 -0.9857791 -0.7076313 0.7062881 -0.02037495 -0.7098927 0.7042572 -0.008613586 -0.1569384 0.8230063 -0.5459222 -0.2898004 0.01101136 -0.9570238 -0.2827001 0.01196801 -0.9591337 -0.09246653 -0.1408309 -0.9857062 -0.9999688 -0.001135468 -0.007827043 -0.999778 -0.009587168 -0.01876336 -0.7062662 -0.7075223 -0.02449995 -0.7034645 -0.7106858 -0.00796616 -0.2081656 -0.1913148 -0.9592006 0.03828269 -0.1639168 -0.9857311 -0.6860775 0.4579842 -0.5652858 -0.2128086 -0.1970501 -0.9570181 -0.3460398 -0.927112 0.1439436 -0.07802903 -0.8311343 0.5505698 0.09514939 -0.5628385 0.8210722 0.251129 -0.4529017 0.8554614 0.8194805 -0.5594447 0.1243917 -0.1229874 -0.5167788 -0.847239 -0.1848937 -0.4013087 -0.8970874 0.233927 -0.8471194 -0.4771447 0.3492881 -0.5061273 -0.7885639 0.831382 -0.5540915 -0.04226726 0.9929491 -0.1178388 -0.01289623 0.6676501 0.7431404 -0.04456269 0.919026 0.3939764 -0.01318931 0.9867001 -0.1533396 -0.05394411 0.3934744 -0.9182865 -0.04390907 0.1355934 -0.9907188 0.009523332 -0.6252804 -0.7793782 -0.03992456 -0.6077536 -0.7941142 -0.004275679 -0.9933974 -0.1146699 -0.003545224 -0.9985191 -0.04903632 -0.02356261 -0.83191 0.5545886 -0.01890784 -0.795654 0.6057304 -0.005064368 -0.1995791 0.9794001 -0.03071844 -0.145478 0.9892083 -0.01741451 0.5310915 0.8472647 -0.009196221 -0.8522083 0.5230672 0.01190501 -0.9883927 0.1519213 1.4527e-4 -0.803052 0.5959025 0.002770721 -0.8539948 0.5202103 -0.008616209 -0.6543932 0.5223479 0.5467379 -0.3366259 0.3560325 0.8717361 -0.614706 0.7869927 -0.05271691 -0.5832225 0.8121892 -0.01415705 -0.3870478 0.9220264 0.007838726 -0.8943843 0.01415407 0.4470757 -0.9309041 -0.05351638 0.3613222 -0.9637337 0.2645553 0.03504133 -0.9910893 0.1173025 -0.0631051 -0.996008 0.08918786 -0.003685534 -0.9856863 -0.1562754 0.06325131 -0.9940495 -0.1089233 0.001194357 -0.9196878 -0.3919167 -0.02399438 -0.9239412 -0.3824835 0.006265878 -0.8280938 -0.5540636 0.08528941 -0.7876842 -0.6128373 -0.06312042 -0.7253372 -0.6396401 0.2544535 -0.5994893 -0.7280946 0.3324016 -0.543176 -0.8381344 0.04990512 -0.5935705 -0.8047813 0.001136898 -0.3847375 -0.9229782 0.00940448 -0.1199109 -0.9907327 -0.06379687 0.1500344 -0.951731 0.2677645 0.1140879 -0.9367606 0.3308526 0.2484866 -0.9685456 0.01319116 0.1314837 -0.991312 0.003561913 0.5124012 -0.8563917 0.06354808 0.3751654 -0.9269508 0.003656029 0.6154348 -0.7858325 -0.06088888 0.6079765 -0.793916 0.007870197 0.5290018 -0.6666648 0.5250859 0.7270826 -0.6359089 0.2587871 0.914925 -0.3962137 -0.07698732 0.9808676 -0.1825185 0.06772029 0.9908506 -0.1130157 -0.07377392 0.9637655 0.06330698 0.2591301 0.6088659 -0.003243267 0.7932666 0.9503293 0.06745034 0.3038498 0.9833304 0.07857125 0.1639757 0.920745 0.3862556 0.05509561 0.9199332 0.3828985 -0.08433073 0.783304 0.618259 -0.06473642 0.7814626 0.623934 0.004758894 0.7378409 0.5746156 0.3541296 0.6092599 0.4735516 0.6360436 0.3680027 0.3623133 0.8563312 0.6120345 0.7906733 0.01579642 0.3974619 0.9176034 0.005287706 0.3173222 0.9461181 0.06455421 0.1130585 0.9911373 -0.06974744 0.08489 0.996383 0.003836631 0.04644781 0.79034 0.6109055 -0.04578179 0.8950531 0.4436033 0.08334922 0.9400664 0.330648 -0.175873 0.9843026 0.01473701 -0.1064493 0.9943172 0.00133866 -0.4393215 0.8972668 -0.04369294 -0.32898 0.334095 0.8832626 -0.3601624 0.3148472 0.878154 0.6983121 0.7091771 -0.09709799 0.7162246 0.6975511 -0.02109295 0.6854808 0.7146307 0.1393519 -0.399225 -0.01647526 0.9167051 -0.7083759 0.6975319 -0.1079484 -0.6987713 0.7150067 -0.02200633 -0.9997354 0.004553914 -0.02254861 -0.9977288 0.03113186 -0.05973267 -0.6847648 0.7191677 0.1178777 -0.7378001 0.6715648 0.06820434 -0.7087734 -0.7031453 -0.0568065 -0.7150821 -0.6986843 -0.02231276 -0.00409305 -0.9987247 -0.05032253 -0.0111925 -0.9997047 -0.02157169 0.7095699 -0.6988188 -0.09034878 0.6987707 -0.7150432 -0.02080428 -0.01314359 0.4619833 0.8867912 -0.00435543 0.4659897 0.8847795 0.9997622 0.007714629 -0.02039623 0.9948955 -0.04773408 -0.08890724 -0.005102097 -0.02142566 0.9997575 -0.01498252 -0.004840075 0.9998762 -0.0194931 -0.0262413 0.9994657 -0.01505917 -0.03568416 0.9992496 0.004989385 -0.003531813 0.9999814 -0.006552696 0.09551995 0.995406 -0.0852462 -0.01028841 0.9963068 -4.07169e-4 -0.001088023 0.9999994 -1.85807e-4 -0.001278281 0.9999992 0.09751349 0.01068949 0.9951768 -0.01875662 0.1018474 0.9946232 0.001006424 -0.01109743 0.999938 0.01279503 0.004939734 0.999906 0.01089203 -0.002755582 0.9999369 0.01556915 -0.02650147 0.9995275 0.0318036 -0.007251143 0.9994679 -5.48592e-4 7.60123e-4 0.9999996 -0.02829027 -0.007650196 0.9995705 -0.00861895 -0.03795295 0.9992424 0.008155226 0.9974997 -0.07019895 0.01898187 0.9993529 -0.03055429 0.9690535 -0.005335927 0.2467933 -0.3717491 -0.1317874 0.9189314 0.01785838 -0.4697222 0.8826338 -0.01688259 -0.4577623 0.8889144 -0.9911651 0.02074831 0.1310022 0.3499093 -0.1732171 0.9206299 0.3569446 0.3112872 0.8807331 0.3347536 0.3411446 0.8783852 0.8329803 -0.5532455 -0.007955312 0.7882906 -0.6123657 -0.06005167 0.5071538 -0.8618516 0.002621114 0.7299383 -0.6834527 -0.009086072 0.6171612 -0.7831913 -0.07565402 0.5154135 -0.8567599 -0.01765292 0.9786629 0.12414 -0.1637328 0.9987927 0.0491085 -0.001266419 0.9765993 0.2150311 0.003921926 0.9992564 0.03808885 0.005999207 0.996091 -0.08812832 0.00602132 0.9996513 0.02483987 0.008959591 0.986458 -0.1638305 -0.007762968 0.8611568 0.5082958 -0.00666362 0.7943145 0.6047904 -0.05738687 0.718708 0.6953059 -0.002938687 0.6408454 0.7675496 -0.01359403 -0.01388645 0.9994044 -0.03159385 0.1764589 0.984129 -0.018772 -0.03769093 0.9866348 -0.1585283 -0.2345125 0.9719401 -0.01833772 -0.340417 0.9398683 -0.02763807 -0.4970155 0.8677052 0.007949173 0.02686625 0.9996222 -0.005813777 0.1844317 0.9816102 -0.0492587 -0.02876722 0.9995784 -0.003951191 -0.09238952 0.9957091 0.005254983 -0.03396427 0.9994219 0.001515328 -0.6386435 0.7655747 -0.07765311 -0.8589445 0.5116577 -0.02051317 -0.8786271 0.4765322 -0.03052061 -0.666235 0.7457287 -0.004438161 -0.6823906 0.730972 -0.004799902 -0.5331228 0.8460318 0.003228187 -0.7452618 0.6667491 0.005522966 -0.7233319 0.6905001 -7.8597e-4 -0.7350362 0.6780142 -0.004316091 -0.9991751 0.03866374 0.01242065 -0.9837672 -0.1792464 -0.008535206 -0.9950512 -0.09918171 0.006021499 -0.9728991 0.2299372 0.02441972 -0.9985057 0.05009144 -0.02185082 -0.9644097 0.2643212 0.006948649 -0.4398167 -0.8968325 -0.04746615 -0.6154041 -0.7880985 0.01336759 -0.4316655 -0.9020169 -0.00552082 -0.2189961 -0.9753631 0.02660125 -0.087251 -0.9935948 -0.0718106 0.1638559 -0.9864699 0.005321502 -0.6852002 -0.7283533 -0.001546502 -0.7339594 -0.6742005 -0.08220183 -0.8354541 -0.5492238 -0.01923185 -0.6641266 -0.747499 -0.01346027 0.9270874 -0.3747846 -0.006748318 0.9021701 -0.4313792 0.001157104 0.3697307 -0.9291197 -0.005995452 0.3339226 -0.9425928 -0.003817617 0.1076915 -0.9941821 0.002171874 0.06260436 -0.998037 0.001677334 -0.1928369 -0.9811924 0.008680999 -0.9009132 -0.4339987 7.80632e-4 -0.9266803 -0.3757818 -0.007184684 0.4624004 0.8866579 -0.004872322 0.5278124 0.849346 0.005063056 0.6343579 0.7730171 -0.005894303 0.9613688 0.2751711 0.007137775 0 0 -1 1.39508e-6 0 -1 1.13236e-5 0 -1 -1.40123e-6 0 -1 4.01601e-7 0 -1 -7.75656e-7 0 -1 2.11365e-6 0 -1 -3.23064e-6 0 -1 3.92293e-6 0 -1 4.55919e-6 0 -1 3.30469e-6 0 -1 -2.4828e-7 0 -1 -6.67543e-7 0 -1 -9.90607e-6 0 -1 -0.9456354 0.3063782 -0.1091148 -0.9869475 0.1360605 0.08615177 -0.9961884 -0.08640027 -0.01199138 -0.9952965 -0.08976805 -0.0364232 -0.9243708 -0.3813223 0.01149427 -0.8675161 0.4904858 0.08270144 -0.7383154 0.6744555 5.2238e-4 -0.675473 0.737363 0.005675017 -0.4360003 0.8976883 -0.06371599 -0.4026076 0.9125125 -0.07230639 -0.1336619 0.9908681 -0.01775109 -0.0383777 0.9990742 0.01944261 0.361007 0.9285961 -0.08592683 0.214765 0.9763122 -0.02627909 0.5468467 0.8350849 0.05993503 0.7125497 0.7010555 -0.02818006 0.8182722 0.5726708 0.04978805 0.9828317 0.1618979 -0.0884931 0.9477477 0.3187046 -0.01420539 0.9994239 -0.03314447 0.007311046 0.9797811 -0.1996862 -0.01242947 0.9566106 -0.2913455 0.003773927 0.8431775 -0.5375777 -0.007870554 0.7935406 -0.6084664 0.007871866 0.6007127 -0.7994567 -0.003641128 0.5251672 -0.8506804 0.02328944 0.1523079 -0.9834013 -0.09861165 0.3003517 -0.9534293 -0.02759641 -0.03516638 -0.999242 0.0167036 -0.21209 -0.977239 -0.004660367 -0.3068678 -0.9514808 0.02272701 -0.6008816 -0.7888 -0.1293671 -0.454907 -0.8896048 0.04078316 -0.758782 -0.6417259 0.1115247 -0.8867424 -0.4622523 0.003303825 -6.74276e-5 -6.82663e-4 0.9999998 -1.36493e-4 -9.84292e-5 1 -4.28447e-6 -5.52642e-6 1 -0.006676316 -0.01496529 0.9998658 -0.007807075 -0.04041439 0.9991526 -0.02493715 -0.007178783 0.9996632 -4.18244e-5 -2.0297e-5 1 -0.009286522 -0.008895337 0.9999173 -0.05830991 0.01410335 0.998199 9.4081e-4 -3.63016e-5 0.9999997 7.99291e-4 -1.77155e-4 0.9999998 0.001331925 -5.96283e-4 0.999999 9.17592e-4 -9.05742e-4 0.9999992 8.88902e-4 -8.62606e-4 0.9999992 6.25212e-4 -0.001380503 0.9999989 -6.49082e-5 -3.98969e-4 1 -8.60354e-5 -4.00209e-4 1 -2.03677e-6 -5.29676e-5 1 -1.98487e-5 -1.93885e-5 1 4.70459e-6 8.40896e-6 1 0.005120038 0.05018389 0.9987269 0.08479899 0.04181629 0.9955203 -0.001357376 -0.001054584 0.9999986 -0.001009941 -2.54046e-4 0.9999995 -9.04721e-4 -2.54258e-4 0.9999997 0.019993 0.02429705 0.9995049 0.06752383 -0.008487343 0.9976816 -6.16007e-4 -0.01564294 0.9998775 2.89344e-4 0.006312847 0.99998 0.01912313 -0.01222652 0.9997425 0.01459223 -0.0149998 0.9997811 0.01367503 -0.01889955 0.999728 -0.001021444 -0.006978631 0.9999752 8.19755e-7 -2.85404e-6 1 -0.007582962 0.01057201 0.9999154 0.01747673 0.03142821 0.9993533 -0.9904093 0.136746 -0.01974737 -0.996644 0.08112579 -0.01093095 -0.9636763 -0.2670606 -0.002601444 -0.9648982 -0.2626026 0.003372311 -0.8192784 -0.573386 0.00338751 -0.8020828 -0.5971822 -0.006052017 -0.5344678 -0.8451865 0.002032697 -0.515461 -0.8569041 -0.003920435 -0.2921434 -0.9563645 0.004389703 -0.2778549 -0.960623 -4.80898e-4 -0.04499232 -0.9989795 0.003966093 -0.0153982 -0.9998703 -0.00474286 0.3111537 -0.9503487 0.004553854 0.3397118 -0.9405207 -0.004083693 0.6013286 -0.7989906 0.004259526 0.6224935 -0.782621 -0.002543032 0.8047991 -0.5935434 0.002203643 0.8131895 -0.5819948 -0.002203643 0.9334893 -0.3585985 0.002189576 0.9421173 -0.3352585 -0.004109442 0.9998872 -0.01440006 0.004278361 0.9998872 0.01440018 -0.004278361 0.9380795 0.3463897 0.004579067 0.9535416 0.3000445 0.02704858 0.7730667 0.6342605 0.00902456 0.8671631 0.49662 0.03737616 0.6075844 0.7940712 -0.01709192 0.5030986 0.864206 0.00631982 0.287675 0.957634 -0.01342934 0.2167219 0.9762333 5.55213e-4 -0.03262519 0.9994664 -0.001587152 0.126852 0.989142 0.07420808 -0.448407 0.8901796 -0.08069354 -0.008621454 0.9923425 0.1232162 -0.6122422 0.7893207 -0.04617774 -0.5605226 0.8281247 -0.004914045 -0.7993875 0.6007973 0.004730939 -0.7545194 0.6552968 0.03586977 -0.9251673 0.3793472 -0.01269924 -0.8694595 0.4913125 0.05150222 -0.9552366 0.2495989 -0.1588189 -0.9915013 0.05086392 0.1197422 -0.9822723 -0.1579251 -0.101 -0.9216522 -0.3879892 -0.004656612 -0.895871 0.4386737 0.07057416 -0.8526926 0.516389 0.07910627 -0.7366841 0.6761634 -0.009976148 -0.6758266 0.7370187 0.007870376 -0.4631586 0.8862325 -0.008720278 -0.3855414 0.9226781 0.004802644 -0.1491255 0.9888182 4.5832e-4 -0.0128287 0.9976561 0.06721407 0.2685605 0.9628313 -0.02883076 0.4142295 0.9098896 0.02269512 0.6247472 0.7677937 -0.1420707 0.7904107 0.5982612 0.1316605 0.8918095 0.450096 -0.04571217 0.9258261 0.3469597 -0.1498832 0.9786162 0.1122736 0.1723513 0.992789 -0.02849942 0.1164377 0.9794224 -0.2012204 -0.01556199 0.9566989 -0.2910566 0.003642976 0.8431777 -0.5375775 -0.00787127 0.7935407 -0.6084665 0.00787121 0.608465 -0.7935417 -0.007871508 0.5355916 -0.844473 -0.002672255 0.3309048 -0.9382389 -0.1010444 0.1061282 -0.9766761 0.1866568 -0.03479665 -0.9949947 0.09367436 -0.2026359 -0.9791167 -0.01641035 -0.2964969 -0.955022 -0.004751384 -0.4699377 -0.8796052 -0.07384705 -0.6355 -0.7680445 0.07904243 -0.7422791 -0.6697279 0.02205508 -0.8808485 -0.4728555 -0.02266323 0 0 1 3.47002e-7 0 1 -3.50913e-7 0 1 3.82635e-7 0 1 -4.03831e-7 0 1 4.15312e-7 0 1 -8.90336e-7 0 1 -4.15687e-7 0 1 -4.73235e-7 0 1 3.0384e-7 0 1 1.75825e-6 0 1 4.67324e-5 2.2493e-5 -1 -3.88018e-6 -8.37312e-7 -1 -5.116e-5 8.68615e-6 -1 -1.40929e-4 -1.00944e-4 -1 -1.10167e-5 -6.03211e-5 -1 -6.49432e-6 -1.23247e-5 -1 -1.52192e-5 -2.23997e-5 -1 -3.45583e-6 -4.49826e-5 -1 0 -3.30687e-5 -1 1.30072e-5 -3.43513e-5 -1 1.57478e-5 -3.86252e-5 -1 2.58223e-5 -2.85327e-5 -1 3.03628e-5 -3.13329e-5 -1 3.71469e-5 -1.30835e-5 -1 1.8944e-5 -9.13904e-6 -1 2.6419e-5 6.84168e-6 -1 -1.44577e-5 1.11324e-6 -1 -8.22625e-6 -6.85662e-6 -1 5.06329e-6 2.2189e-6 -1 -1.96202e-7 1.39794e-6 -1 0 -5.60087e-7 -1 1.39995e-6 1.83541e-6 -1 -1.21995e-7 1.05396e-6 -1 2.45052e-6 -3.45093e-7 -1 -1.91632e-6 7.58387e-6 -1 -4.97967e-6 3.80627e-6 -1 0 0 -1 0 0 -1 1.69596e-6 3.5571e-7 -1 -3.16095e-6 2.27051e-6 -1 -9.56043e-6 -1.51766e-5 -1 7.00848e-5 -1.79743e-5 -1 -0.9259768 -0.3775532 -0.004547476 -0.9226403 -0.3854427 0.01299446 -0.3800655 0.9249369 0.006488263 -0.3804628 0.924493 -0.02368402 0.9258831 0.3777865 -0.004236698 0.922757 0.3851619 0.01304012 0.3800205 -0.9249564 0.006329476 0.3827458 -0.9235489 -0.02373045 -0.9582947 -0.2662001 -0.1039653 -0.8758096 -0.4812445 0.03689718 -0.5360751 0.8400803 0.08299857 -0.2032958 0.9787686 -0.02613449 0.9206387 0.3774453 0.09979689 0.2255439 -0.9740653 0.01807713 0.4542349 -0.8882436 -0.06851303 0.8807469 0.4722285 -0.0358535 -5.33768e-4 0.9999999 1.66673e-4 -2.20568e-4 0.9999999 4.79434e-4 2.37452e-4 1 1.93894e-5 2.35802e-4 1 4.74137e-5 6.55219e-5 1 -3.31722e-5 1.66903e-5 1 1.71357e-6 5.81343e-6 1 -1.99623e-5 2.54478e-4 1 -8.20542e-5 1.95158e-4 0.9999999 4.15776e-4 4.06832e-5 0.9999999 4.95715e-4 -6.12229e-4 0.9999998 8.40418e-5 5.5715e-5 1 -4.15852e-4 3.66536e-4 1 -2.32091e-4 1.94945e-4 1 1.40913e-4 -1.26084e-5 1 0 1.40753e-4 1 -1.28793e-4 2.55123e-4 1 1.16126e-4 -0.2276158 -0.01250642 0.9736708 -0.2353729 0.01998889 0.9716996 -0.6031444 -0.0428285 0.7964814 0.1869156 -0.01897877 0.9821926 0.06389653 0.02439844 0.9976583 0.21765 0.001775205 0.9760253 0.419279 0.01447653 0.907742 -0.02600437 -0.005120754 0.9996487 -0.2017562 -0.0100091 -0.9793847 -0.5608482 -0.03914111 -0.8269931 -0.2617544 0.02427047 -0.9648293 -0.06419092 -0.02134346 -0.9977095 0.1892523 7.19046e-4 -0.9819283 0.3988836 -0.002929568 -0.916997 0.2159515 -0.02428543 -0.9761021 0.0577414 0.03007537 -0.9978785 -0.9215932 0.04880023 -0.3850773 -0.9983488 -0.0416367 -0.03957468 -0.8626085 0.03757715 0.5044747 0.8481798 -0.02970814 0.5288748 0.9381293 0.02349853 0.3454871 0.9059551 -0.02771896 -0.4224655 0.8768629 0.01424604 -0.4805295 0.16369 -0.01348668 -0.9864197 0.102462 0.003456175 -0.994731 0.5559071 0.01076251 -0.8311747 0.2302969 -0.02987974 -0.9726616 0.8424549 -0.04036307 -0.5372527 0.9526624 0.01203131 -0.3037922 0.9640833 -0.02279376 0.26462 0.9466485 0.00221467 0.3222604 0.5675138 0.008888065 0.823316 0.5745772 -0.01142638 0.8183706 0.1705936 -0.01883548 0.9851614 0.07797104 -0.0187397 0.9967796 0.05378657 0.01213115 0.9984788 -0.04521846 -0.008797168 -0.9989384 -0.2719837 0.001375198 -0.9623009 -0.1275913 0.001352131 -0.991826 -0.306404 -0.01795774 -0.9517322 0.04782694 0.00302416 -0.9988511 -0.1672919 4.23743e-4 0.9859073 -0.4999994 -0.03059899 0.8654851 -0.08619207 0.03376042 0.9957064 -0.0306493 -0.03535258 0.9989048 -0.6830081 0.009226679 -0.7303525 -0.8025208 -0.03450316 -0.5956257 -0.9873998 0.02609705 -0.1560789 -0.9818869 -0.04096555 0.1849867 -0.781285 0.03617358 0.6231255 -0.2490574 0.9684574 -0.007794916 -0.4570438 0.8892884 -0.01665246 -0.3299094 0.9439561 0.01032602 -0.1131052 0.9935747 -0.004060149 -0.1071242 0.9938289 -0.02878481 0.01947206 0.9994738 0.02594411 0.1685374 0.9855822 0.01493126 0.1399217 0.9901506 -0.004870295 0.2645429 0.9643718 -0.002059936 0.4717698 0.8816832 0.008253395 0.2396669 0.9707129 -0.01662743 0.1884185 0.9820582 0.007771134 0.07567703 0.9969457 -0.01929837 -0.0829432 0.9965047 -0.009943842 -0.06493741 0.9970541 0.04082113 -0.2277599 0.9735715 -0.01685106 0.9923516 0.1234439 -3.91642e-6 0.9914166 0.1307181 -0.002440273 0.9356464 0.3529356 0.001549184 0.9371457 0.3489243 -0.003142058 0.7909282 0.6119007 -0.00322175 0.7671191 0.6414399 0.009129285 0.5500469 0.8350491 -0.01189005 -0.5673223 0.8234457 0.009104669 -0.7660998 0.6426475 -0.009782195 -0.7909282 0.6119005 0.00322169 -0.9356463 0.352936 -0.001549243 -0.9371457 0.3489243 0.003142178 -0.9914165 0.1307185 0.002463757 -0.9923515 0.123445 3.91642e-6 -7.66866e-5 1 -1.01534e-4 -2.11933e-4 1 -1.73716e-5 -1.76437e-4 1 -3.86723e-5 -4.24182e-5 1 5.18901e-5 -1.7408e-5 1 9.05939e-5 0 1 0 0 1 3.05067e-7 0 1 -4.57482e-7 -3.68541e-5 1 -1.62459e-4 0 1 2.02885e-7 0 1 3.04241e-7 -1.26269e-4 1 1.42969e-6 5.08674e-5 1 -6.15761e-5 1.20974e-5 1 -1.22359e-4 0 1 -3.04987e-7 0 1 3.75793e-7 0 1 -5.32083e-7 1.19341e-4 1 -2.54758e-5 0 1 2.70734e-7 1.05039e-4 1 -3.42886e-5 0 -1.57808e-7 -1 0 0 -1 0 0 -1 0 0 -1 5.77761e-5 -1.84507e-4 -1 1.34511e-4 -2.40869e-4 -1 1.20604e-4 -2.75628e-4 -1 1.19495e-4 1.16607e-4 -1 4.79023e-4 1.07072e-4 -0.9999999 6.69249e-5 0.001870274 -0.9999983 3.11283e-4 0.001882314 -0.9999982 3.6142e-5 -1.96788e-5 -1 -1.45832e-7 0 -1 0 0 -1 0 0 -1 0 0 -1 0 -1.57698e-7 -1 0.9995242 0.03083401 -7.86912e-4 0.9984422 0.05578684 9.51657e-4 0.9991015 0.04237467 7.88576e-4 0.9998472 0.01745682 -9.50675e-4 -0.999561 0.02962696 2.97939e-4 -0.9996182 0.02763181 2.57067e-5 -0.999851 0.01726442 2.71634e-4 -0.9998843 0.01522195 5.86722e-7 -0.1470837 -0.9891101 0.005258202 -0.2558407 -0.9666137 0.0142731 -0.1654248 -0.9861965 0.007156729 -0.3480739 -0.9374312 -0.008206188 -0.5624653 -0.8267912 0.007018744 -0.595665 -0.8032225 -0.004122197 -0.8100221 -0.5863817 0.004576563 -0.8280615 -0.5606187 -0.004576623 -0.9585117 -0.2850235 0.004121959 -0.9655998 -0.2600216 -0.002459466 -0.9993407 -0.03606277 0.004217326 -0.9997561 -0.02208584 0 -0.06209599 -0.9980108 0.01089215 0.07735055 -0.9969385 0.0114302 0.06419581 -0.9977551 -0.01907384 0.1685873 -0.9856768 -0.004456341 0.362377 -0.9319877 0.009057819 0.2675647 -0.9634032 -0.0162357 0.6289095 -0.7774167 -0.009817898 0.1507234 -0.9885666 -0.004332542 0.0777412 -0.9968356 -0.01658779 -0.07682573 -0.9969872 -0.01069808 -0.03212839 -0.9994655 0.006045341 0.6673052 -0.7447622 0.00575304 0.8998837 -0.4360781 -0.006728708 0.9130956 -0.4077232 0.004273056 0.9719924 -0.2349879 -0.003419816 0.9758915 -0.2181854 0.005555093 0 -1 5.7556e-7 9.22528e-5 -1 2.13982e-5 0 -1 0 0 -1 3.57172e-7 3.40724e-5 -1 6.39103e-5 1.00641e-5 -1 1.01726e-4 0 -1 0 0 -1 0 9.27288e-5 -1 2.01761e-5 0 -1 -5.24702e-7 0.001341462 -0.999997 -0.002113938 0.003045141 -0.9999953 3.32587e-4 0.002137362 -0.9999975 -6.63921e-4 0.00187093 -0.9999949 0.002608299 0.002001881 -0.9999954 0.002313137 0 -1 1.21159e-6 0.004011034 -0.999992 -6.07003e-5 0 -1 2.86032e-7 0 -1 -1.33056e-7 0 -1 2.91752e-7 0 -1 -1.36896e-7 2.91035e-6 0 1 -6.9211e-7 0 1 -3.98234e-5 6.22532e-6 1 -5.57726e-5 1.17022e-4 1 -3.21484e-4 -2.8179e-4 1 1.46216e-4 -7.15947e-4 0.9999998 2.6327e-4 -4.60232e-4 1 -8.35029e-5 -7.6733e-5 1 -8.46893e-5 -1.21719e-4 1 -7.63952e-5 -1.48634e-4 1 -5.92472e-5 -1.40534e-4 1 -1.05086e-6 0 1 1.23992e-6 0 1 0 0 1 0.9376279 -0.07002294 -0.3405155 0.5598449 0.07798969 -0.8249191 0.9598261 0.06921571 0.271925 0.7154042 -0.06921714 0.6952739 0.1739179 0.07002073 0.9822676 -0.4344813 -0.07799088 0.8972979 -0.8972976 0.07799047 0.4344819 -0.9743216 -0.08592659 -0.2081201 -0.6673979 0.08592873 -0.7397273 -0.07237833 -0.07799029 -0.9943234 0.811197 -0.09285575 -0.5773537 0.9736821 0.04797357 -0.2228044 0.767369 -0.04461884 0.6396515 0.669421 0.020087 0.7426118 -0.2084225 -0.02008706 0.9778326 -0.3447281 0.04461944 0.9376416 -0.9546352 -0.04797273 0.2938883 -0.9911943 0.09285789 -0.09439986 -0.5303876 -0.08062595 -0.8439126 0.03737246 0.08062887 -0.9960434 0.9341831 -0.02661001 -0.3558006 0.9677881 0.02323031 -0.2506924 0.7127776 -0.02323138 0.7010053 0.6311206 0.02660894 0.7752282 -0.4368178 -0.02975875 0.8990577 -0.5602046 0.02975773 0.8278196 -0.9789915 -0.03008902 -0.2016687 -0.9486619 0.03008908 -0.3148576 -0.07123225 -0.02975809 -0.9970158 0.0712428 0.02975863 -0.997015 0.9515593 -0.04856109 -0.3036063 0.986926 0.026609 -0.1589627 0.5602067 -0.02975851 0.8278183 0.4048327 0.06077635 0.9123688 -0.6112532 -0.03850108 0.7904981 -0.8715671 0.0874533 0.4824134 -0.9659468 -0.06513166 -0.2504094 -0.6998323 0.06513273 -0.7113316 -0.05723798 -0.07457268 -0.9955716 0.3309672 0.03775048 -0.9428869 -0.9611239 0.2759466 0.009720504 -0.9895094 0.1439965 -0.01168 -0.3700546 -0.9289367 0.01167988 -0.2415891 -0.9703301 -0.009720921 0.808561 -0.5883638 0.007577121 0.8688738 -0.4950001 -0.005755543 0.8901212 0.455695 0.005133688 0.8397089 0.5430126 -0.005133569 0.005759775 0.9999669 0.005755484 -0.105251 0.9944168 -0.007576942 -0.8901181 -0.4557012 0.005133628 -0.8397044 -0.5430196 -0.005133569 -0.05041325 -0.9987154 0.005133569 0.05041331 -0.9987154 -0.005133569 0.8397043 -0.5430198 0.005133569 0.8901181 -0.4557013 -0.005133628 0.8901212 0.455695 0.005133688 0.8397084 0.5430133 -0.005133628 0.05041295 0.9987153 0.005133688 -0.05041307 0.9987154 -0.005133688 -0.8397083 0.5430134 0.005133569 -0.8901214 0.4556949 -0.005133628 -2.06147e-5 -1.43795e-5 1 -1.794e-5 -1.76094e-5 1 -5.57368e-6 1.09622e-5 1 5.83184e-7 1.92717e-5 1 -2.28582e-5 -1.39857e-5 1 -2.23311e-7 0 1 8.68603e-6 1.74781e-5 1 1.27498e-6 0 1 -3.74065e-6 0 1 8.3463e-7 0 1 1.2869e-5 6.98999e-6 1 -3.24522e-5 4.69356e-5 1 1 0 0 0.9998132 0.01600837 0.01082926 -0.9998133 0.01600831 -0.01082915 -1 0 0 -1.32684e-5 1.16109e-5 -1 0 0 -1 -4.41455e-7 0 -1 3.30689e-7 0 -1 0 1.47269e-7 -1 -1.68074e-7 0 -1 -4.37388e-7 1.90366e-5 -1 6.51161e-6 9.89169e-6 -1 -6.81566e-6 1.77215e-5 -1 1.80756e-5 -1.54307e-5 -1 1.13118e-5 -2.23115e-5 -1 2.55607e-5 -1.39555e-5 -1 3.6473e-7 0 -1 0 0 -1 0 1.47269e-7 -1 -0.05243492 -0.9982661 -0.0267502 -0.06200408 -0.997645 -0.02932816 -0.317135 -0.9477667 0.03411328 -0.4077813 -0.9125643 0.03067642 -0.5110708 -0.8589826 -0.03091597 -0.6627805 -0.7486998 0.01306813 -0.7833597 -0.6213742 -0.01554834 -0.8727701 -0.4878692 0.01600348 -0.9374809 -0.3479307 -0.008594989 -0.9535564 -0.3007753 0.01626777 -0.9910576 -0.1326711 -0.01425564 0.3253101 -0.9431067 0.0687254 0.09688806 -0.9826724 -0.1580122 0.5160157 -0.8562131 0.02503812 0.3287689 -0.941263 -0.07703989 0.4897785 -0.8714211 -0.02724498 0.06468421 -0.9976735 0.02153056 0.05243408 -0.9982662 0.02675008 -0.3252649 -0.9431206 -0.06874871 -0.09685456 -0.982652 0.1581593 0.7663991 -0.6423484 -0.004589319 0.7828801 -0.6221614 0.003748595 0.9356465 -0.3529354 -0.001549184 0.9371456 -0.3489244 0.003142297 0.9914166 -0.1307184 0.002463877 0.9923516 -0.123444 3.91642e-6 7.6859e-5 -1 -1.1195e-4 0 -1 3.35185e-7 2.17518e-4 -1 -1.72827e-5 4.24182e-5 -1 5.11982e-5 1.00672e-5 -1 1.01967e-4 2.25469e-7 -1 0 2.25469e-7 -1 0 1.56206e-7 -1 -3.04986e-7 6.1028e-5 -1 -1.34914e-4 1.32785e-4 -1 0 9.45934e-5 -1 2.20968e-5 -5.09536e-5 -1 -6.15762e-5 -1.20974e-5 -1 -1.21603e-4 -0.001796007 -0.9999976 -0.001258373 -1.56206e-7 -1 3.04988e-7 -0.00252825 -0.9999909 -0.003449738 -0.002723395 -0.9999914 -0.003147125 -1.19268e-4 -1 -2.54758e-5 2.77055e-7 -1 0 -1.05039e-4 -1 -3.42887e-5 0 -1 1.45876e-7 0 -1 4.5047e-7 -0.007382512 -0.9999728 1.12121e-4 0 -1 0 0 1.57808e-7 -1 0 0 -1 1.50153e-7 0 -1 -4.35633e-5 8.65868e-5 -1 -2.58664e-5 9.23109e-5 -1 -2.09348e-5 -1.96427e-5 -1 5.09671e-6 -1.50215e-5 -1 4.93209e-5 6.34879e-5 -1 4.86801e-5 6.6425e-5 -1 -1.1117e-5 2.22106e-5 -1 0 0 -1 0 0 -1 0 1.57698e-7 -1 -0.9995244 -0.03083217 -7.87262e-4 -0.9984424 -0.055785 9.51317e-4 -0.9991016 -0.04237276 7.88236e-4 -0.9998473 -0.01745498 -9.51027e-4 0.999561 -0.02962881 2.97769e-4 0.9996181 -0.02763378 2.56921e-5 0.9998509 -0.01726633 2.71479e-4 0.9998835 -0.0152719 5.84421e-7 0.9996475 0.02207285 0.01475411 0.9843403 0.1752789 -0.0187546 0.9623848 0.2714224 0.01206284 0.9062474 0.4223785 -0.01766639 0.7693808 0.6385385 0.01794099 0.6803649 0.73279 -0.0110687 0.3723184 0.9280232 0.01232457 0.322326 0.9466071 -0.00641185 -0.06922382 0.9975793 0.006605446 -0.1050554 0.9944445 -0.006605505 -0.4818059 0.8762546 0.00641185 -0.5179556 0.8553836 -0.00641191 -0.8010822 0.5985235 0.006091952 -0.8208048 0.5711863 -0.005083978 -0.9585117 0.2850233 0.004121959 -0.9655998 0.2600216 -0.002459526 -0.9993407 0.03606277 0.004217326 -0.9997571 0.02203792 0 -8.21753e-5 1 2.12684e-5 0 1 3.05453e-7 0.00183314 0.9999943 0.002823948 -4.45199e-5 1 6.27667e-5 0.001000046 0.9999989 0.001156568 0.003998458 0.999992 -4.37783e-5 0.002239167 0.9999957 0.001938402 -1.83757e-4 1 -4.0477e-5 0 1 2.3561e-7 0 1 -2.52475e-7 0 1 8.04223e-7 0 1 2.78293e-7 0 1 7.53861e-7 0 1 -6.41718e-7 0 1 -5.78209e-7 0 1 5.60575e-7 0 1 -1.2116e-6 0 1 2.45705e-7 0 1 0 0 1 4.46631e-7 0 1 -1.36896e-7 -4.5989e-7 0 1 -2.11071e-6 0 1 1.96216e-6 0 1 1.73436e-6 0 1 -4.84608e-5 8.87537e-5 1 -2.91725e-5 9.03343e-5 1 -2.30554e-5 -2.00126e-5 1 -4.953e-6 -4.92208e-6 1 -1.07748e-6 -1.31164e-5 1 3.17612e-5 4.13564e-5 1 2.09163e-5 6.52132e-5 1 1.07042e-6 0 1 -1.00752e-6 0 1 0 0 1 4.74306e-7 0 1 -0.9920065 0.03605782 -0.1209251 -0.9990053 -0.03486263 0.02780264 -0.3557997 0.02660912 0.9341834 -0.2506905 -0.02323079 0.9677885 0.6694211 0.020087 0.7426117 0.7426118 -0.02008658 0.6694208 0.9677886 0.02323031 -0.2506902 0.9341835 -0.02660834 -0.3557994 0.02780264 0.03486299 -0.9990053 -0.1209262 -0.03605639 -0.9920065 -0.6593194 0.08436739 -0.7471145 -0.975007 -0.05006968 -0.2164589 -0.8908084 0.07457298 0.4482181 -0.6203669 -0.06233054 0.7818312 0.1463303 0.06232661 0.9872705 0.5811842 -0.09744393 0.807917 0.9636043 0.04386222 0.2637097 0.8499127 -0.09462404 -0.5183578 0.5458753 0.07239073 -0.8347334 -0.2697021 -0.05431425 -0.9614108 -0.6673981 0.08592784 -0.7397271 -0.9659468 -0.06513166 -0.2504094 -0.8908076 0.07457375 0.4482195 -0.6203669 -0.06232917 0.7818313 0.1463335 0.06232893 0.9872698 0.5473543 -0.07457524 0.8335718 0.961737 0.06513309 0.2661195 0.9478462 -0.08592855 -0.3069264 0.5598449 0.07799094 -0.8249189 -0.07237881 -0.07799017 -0.9943234 -0.9486619 0.03008908 -0.3148576 -0.9789916 -0.03008908 -0.2016686 -0.5602046 0.02975785 0.8278196 -0.4368178 -0.02975869 0.8990576 0.6311208 0.026609 0.775228 0.7127776 -0.02323138 0.7010053 0.9677881 0.02323031 -0.2506924 0.934183 -0.02661001 -0.3558006 0.07124269 0.02975863 -0.997015 -0.07123261 -0.02975809 -0.9970158 0.9938059 -0.03977614 0.1037675 0.9938058 0.0397771 -0.1037688 -0.5307342 0.09790611 0.8418645 -0.4622194 -0.02786678 0.8863276 -0.5307358 -0.09790587 -0.8418635 -0.4622217 0.02786707 -0.8863266 -0.0314458 -0.1381188 -0.9899164 0.3594809 0.08880156 -0.9289175 0.8179699 -0.09065067 0.5680737 0.6530101 0.08304321 0.7527826 -0.8429336 -0.0781098 0.5323175 -0.9767434 0.1117992 0.1829569 0.4065076 -0.07865744 -0.9102552 0.9002612 0.1436843 0.4109557 0.4109561 -0.1436852 0.900261 -0.9102552 0.07865715 0.4065078 -0.999131 0.003368258 -0.04154676 -0.04154592 -0.003368735 -0.999131 0.9035868 -0.01602035 -0.4281054 0.8770938 0.04382431 -0.4783158 0.0333482 -0.009483098 0.9993989 -0.03334778 0.009483158 0.9993989 -0.8770939 -0.04382431 -0.4783157 -0.9035869 0.01602035 -0.4281055 -0.4366729 0.8991242 0.02987337 -0.5876945 0.8067764 -0.06105053 -0.9902589 -0.1338203 0.03846395 -0.8535034 -0.5136248 -0.08787256 -0.2661457 -0.961719 0.06529223 0.2661455 -0.961719 -0.06529301 0.8335567 -0.5473334 0.07489699 0.9821011 -0.1845183 -0.03782361 0.7386267 0.6723417 0.04885977 0.6311197 0.7752251 -0.02672457 -0.8335568 -0.547333 -0.07489728 -0.982101 -0.1845184 0.03782361 -0.7386267 0.6723417 -0.04886049 -0.6311197 0.7752249 0.02672386 0.436673 0.8991242 -0.02987426 0.5876946 0.8067764 0.06104987 0.9902589 -0.1338201 -0.03846371 0.8535035 -0.5136246 0.0878728 0.2661457 -0.961719 -0.06529229 -0.2661457 -0.961719 0.06529289 -0.4366703 0.8991256 0.02987414 -0.587692 0.8067781 -0.06105095 -0.9902596 -0.1338156 0.03846287 -0.8535048 -0.5136222 -0.08787399 -0.2661478 -0.9617184 0.06529223 0.2661438 -0.9617195 -0.06529331 0.8335561 -0.5473343 0.07489705 0.9821006 -0.1845206 -0.03782391 0.7386282 0.67234 0.0488606 0.6311212 0.7752238 -0.0267241 -0.8535044 -0.5136232 -0.08787339 -0.9902596 -0.1338152 0.03846341 -0.5876925 0.8067777 -0.06105083 -0.4366699 0.8991257 0.02987402 0.6311213 0.7752237 -0.02672427 0.7386278 0.6723405 0.04885989 0.9821006 -0.1845207 -0.03782391 0.8335563 -0.5473338 0.07489711 0.2661442 -0.9617194 -0.06529265 -0.2661474 -0.9617184 0.06529301 -1.2228e-7 0 1 -4.9678e-7 0 1 -7.90898e-7 0 1 8.33965e-7 0 1 -2.08244e-6 0 1 2.40833e-7 0 1 -1.56105e-6 0 1 6.33683e-7 0 1 7.53333e-7 0 -1 1.95132e-7 0 -1 1.35828e-6 0 -1 -2.51176e-7 0 -1 -1.31855e-7 0 -1 -1.0341e-6 0 -1 1.3769e-6 0 -1 1.65168e-7 1 0 1.84014e-7 1 1.91867e-6 0 1 -4.13811e-6 -1.8882e-7 1 0 -1.5308e-7 1 -2.58458e-7 0 1 -1.23996e-6 0 1 -3.78585e-7 -1.70506e-7 1 -2.57938e-7 -1.56073e-7 1 -3.1511e-6 0 1 3.90404e-6 2.05369e-7 1 1.91496e-6 1.40853e-7 1 2.63221e-7 0 1 -1.03246e-6 -4.80559e-7 1 3.09446e-7 -6.45437e-7 1 0 7.20933e-7 1 0 0 1 0 2.20621e-7 1 0 0 0 1 0 0 1 0 0 1 0 -1.37353e-7 1 0 0 1 0 0 1 -3.87787e-7 0 1 2.08491e-7 0 1 0 1.54966e-7 1 0 1.54966e-7 1 0 0 1 0 0 1 0 0 1 2.42737e-7 0 1 0 -1.37353e-7 1 0 0 -1 0 0 -1 0 0 -1 3.31187e-7 0 -1 1.30152e-7 0 -1 0 -1 7.1785e-7 0 -1 -4.02904e-7 0 -1 1.49152e-6 0 -1 -7.4576e-7 -1.4136e-7 -1 4.15152e-7 -1.67884e-7 -1 0 0 -1 1.56176e-6 1.29417e-7 -1 0 4.43898e-7 -1 0 6.45437e-7 -1 0 1.3831e-7 -1 3.93544e-7 0 -1 5.67799e-7 -1.89968e-7 -1 0 0 -1 -3.69579e-7 0 -1 1.03722e-6 1.24829e-7 -1 -1.22757e-6 0 -1 -6.30192e-7 0 -1 -1.56474e-6 -7.22912e-7 -1 0 -1 0 0 1 8.84568e-7 0 1 -2.99192e-7 0</float_array>
          <technique_common>
            <accessor source="#edf_torsional_housing_006-mesh-normals-array" count="1097" stride="3">
              <param name="X" type="float"/>
              <param name="Y" type="float"/>
              <param name="Z" type="float"/>
            </accessor>
          </technique_common>
        </source>
        <source id="edf_torsional_housing_006-mesh-map-0">
          <float_array id="edf_torsional_housing_006-mesh-map-0-array" count="7440">0.559483 -0.216745 1.076718 -0.4447274 0.5795803 0.1092348 0.5795803 0.1092348 1.076718 -0.4447274 1.175 0 0.5795803 0.1092348 1.175 0 1.077499 0.4428418 1.076718 -0.4447274 0.559483 -0.216745 0.3664644 -0.4623201 1.076718 -0.4447274 0.3664644 -0.4623201 0.83085 -0.83085 0.83085 -0.83085 0.3664644 -0.4623201 0.4461643 -1.076123 0.4461643 -1.076123 0.3664644 -0.4623201 -0.04586887 -0.5880603 0.4461643 -1.076123 -0.04586887 -0.5880603 0 -1.175 0 -1.175 -0.04586887 -0.5880603 -0.4461678 -1.076122 -0.4461678 -1.076122 -0.04586887 -0.5880603 -0.4330942 -0.4003636 -0.4461678 -1.076122 -0.4330942 -0.4003636 -0.83085 -0.83085 -0.83085 -0.83085 -0.4330942 -0.4003636 -1.075761 -0.4470388 -1.075761 -0.4470388 -0.4330942 -0.4003636 -0.589784 -1.93715e-7 -1.075761 -0.4470388 -0.589784 -1.93715e-7 -1.175 0 -1.175 0 -0.589784 -1.93715e-7 -1.076928 0.4442213 -1.076928 0.4442213 -0.589784 -1.93715e-7 -0.4330942 0.4003636 -1.076928 0.4442213 -0.4330942 0.4003636 -0.83085 0.83085 -0.83085 0.83085 -0.4330942 0.4003636 -0.4463046 1.076065 -0.4463046 1.076065 -0.4330942 0.4003636 -0.04586875 0.5880603 -0.4463046 1.076065 -0.04586875 0.5880603 0 1.175 0 1.175 -0.04586875 0.5880603 0.4463024 1.076066 0.4463024 1.076066 -0.04586875 0.5880603 0.3664665 0.4623186 0.4463024 1.076066 0.3664665 0.4623186 0.83085 0.83085 0.83085 0.83085 0.3664665 0.4623186 1.077499 0.4428418 1.077499 0.4428418 0.3664665 0.4623186 0.5795803 0.1092348 -0.7733374 0.0148881 -2.134621 0.005235612 -0.7741157 -0.1423783 -0.7741157 -0.1423783 -2.134621 0.005235612 -2.134625 -0.159133 1.73448 0.8052155 1.734543 1.05 0.372253 1.05 1.73448 0.8052155 0.372253 1.05 0.3721145 0.09901648 -0.7733374 0.01488715 -2.134126 0.03815072 -2.134831 -0.1373867 -0.7733374 0.01488715 -2.134831 -0.1373867 -0.7738628 -0.1513239 1.734543 0.840951 1.734543 1.05 0.3718388 0.1330183 0.3718388 0.1330183 1.734543 1.05 0.372253 1.05 -0.7733374 0.01488852 -2.13462 0.005221724 -0.7738797 -0.1507294 -0.7738797 -0.1507294 -2.13462 0.005221724 -2.134576 -0.1634665 1.734539 0.8543072 1.734543 1.05 0.372253 1.05 1.734539 0.8543072 0.372253 1.05 0.3721917 0.1444401 -0.7733371 0.01489454 -2.134586 0.007970631 -0.7738798 -0.150726 -0.7738798 -0.150726 -2.134586 0.007970631 -2.134575 -0.1634667 0.372253 1.05 1.734543 0.8381198 1.734543 1.05 0.372253 1.05 0.3722547 0.1273179 1.734543 0.8381198 -0.7738798 -0.1507245 -0.7733222 0.01154565 -2.134407 -0.01267766 -0.7738798 -0.1507245 -2.134407 -0.01267766 -2.134576 -0.1634693 1.734543 1.05 0.372253 1.05 1.734543 0.801134 1.734543 0.801134 0.372253 1.05 0.372253 0.09023797 -0.7733374 0.01488798 -2.13411 0.03995698 -2.134831 -0.1373866 -0.7733374 0.01488798 -2.134831 -0.1373866 -0.7738799 -0.1507246 0.372253 1.05 1.734542 0.7643247 1.734543 1.05 0.372253 1.05 0.3722774 0.0535537 1.734542 0.7643247 -0.7733374 0.01488691 -2.134097 0.03995567 -2.134831 -0.1373867 -0.7733374 0.01488691 -2.134831 -0.1373867 -0.7738798 -0.1507235 0.372253 1.05 0.3721486 0.0404306 1.734543 1.05 1.734543 1.05 0.3721486 0.0404306 1.742786 0.7600001 0.372253 1.05 1.734499 0.7672962 1.734543 1.05 0.372253 1.05 0.3716895 0.05991721 1.734499 0.7672962 1.209073 -0.01968383 -0.1518952 -0.005768001 -0.1524209 -0.1719664 1.209073 -0.01968383 -0.1524209 -0.1719664 1.208338 -0.1970343 0.9182679 -1.343299 0.8975 -1.81154 1.013925 -2.217174 1.013925 -2.217174 0.8975 -1.81154 0.9065598 -2.382939 1.013925 -2.217174 0.9065598 -2.382939 0.9604981 -2.985087 0.03535497 -0.8583536 -0.008550047 -0.5020937 -0.03535497 -0.9970461 0.03535497 -0.8583536 -0.03535497 -0.9970461 0.03535497 -1.288454 0.03535497 -1.288454 -0.03535497 -0.9970461 -0.03535491 -1.447928 0.03535497 -1.288454 -0.03535491 -1.447928 0.004713714 -1.745723 0 1.263741 1.1 1.511891 0 1.727876 0 1.727876 1.1 1.511891 1.1 1.727876 0 -1.640352 1.1 -1.727876 1.1 -1.384974 0 -1.640352 1.1 -1.384974 0 -1.107026 0 -1.107026 1.1 -1.384974 1.1 -0.9536959 0 -1.107026 1.1 -0.9536959 0 -0.4590727 0 -0.4590727 1.1 -0.9536959 1.1 -0.5229544 0 -0.4590727 1.1 -0.5229544 1.1 -0.09260451 0 -0.4590727 1.1 -0.09260451 0 0 0 0 1.1 -0.09260451 0 0.3035079 0 0.3035079 1.1 -0.09260451 1.1 0.3375444 0 0.3035079 1.1 0.3375444 0 0.7354788 0 0.7354788 1.1 0.3375444 1.1 0.7677258 0 0.7354788 1.1 0.7677258 0 1.263741 0 1.263741 1.1 0.7677258 1.1 1.198128 0 1.263741 1.1 1.198128 1.1 1.511891 -1.113147 -2.712131 -1.15 -3.233168 -1.103071 -2.840284 -1.103071 -2.840284 -1.15 -3.233168 0 -3.275255 -1.103071 -2.840284 0 -3.275255 -0.06020879 -2.86865 -0.06020879 -2.86865 0 -3.275255 -0.04176682 -2.661967 -1.113147 -2.712131 -0.04176682 -2.661967 -1.15 -2.307646 0 -3.275255 -1.15 -3.233168 -0.09023797 -3.59125 0 -3.275255 -0.09023797 -3.59125 -0.09908795 -3.791492 -1.15 -3.233168 -1.119457 -3.640154 -0.09023797 -3.59125 0 -3.275255 -0.09908795 -3.791492 -0.01058596 -3.831336 -0.01621949 3.418224 -0.09908795 3.59125 -1.10307 3.619616 -0.01621949 3.418224 -1.10307 3.619616 -1.15 3.231121 -1.15 3.231121 -1.10307 3.619616 -1.15 3.691371 -0.01621949 3.418224 -1.15 3.231121 -0.03509896 2.923906 -0.03509896 2.923906 -1.15 3.231121 -1.113138 2.824934 -0.03509896 2.923906 -1.113138 2.824934 -0.127317 2.86865 -0.03509896 2.923906 -0.127317 2.86865 -0.133233 2.668407 -0.03509896 2.923906 -0.133233 2.668407 -0.04787802 2.451838 -0.04787802 2.451838 -0.133233 2.668407 -1.103071 2.696773 -0.04787802 2.451838 -1.103071 2.696773 -1.15 2.307496 -1.15 2.307496 -1.103071 2.696773 -1.113138 2.824934 -0.04787802 2.451838 -1.15 2.307496 -0.05392742 1.959634 -0.05392742 1.959634 -1.15 2.307496 -1.113521 1.901693 -0.05392742 1.959634 -1.113521 1.901693 -0.144472 1.945807 -0.05392742 1.959634 -0.144472 1.945807 -0.144472 1.745565 -0.05392742 1.959634 -0.144472 1.745565 -0.04976314 1.365271 -0.04976314 1.365271 -0.144472 1.745565 -1.10307 1.77393 -0.04976314 1.365271 -1.10307 1.77393 -1.15 1.383871 -1.15 1.383871 -1.10307 1.77393 -1.113521 1.901693 -0.04976314 1.365271 -1.15 1.383871 -1.113523 0.9788478 -0.04976314 1.365271 -1.113523 0.9788478 -0.133233 1.022964 -0.04976314 1.365271 -0.133233 1.022964 -0.03490728 0.7617917 -0.03490728 0.7617917 -0.133233 1.022964 -0.127317 0.822722 -0.03490728 0.7617917 -0.127317 0.822722 -1.15 0.4627598 -0.03490728 0.7617917 -1.15 0.4627598 -0.01124286 0.1586174 -0.01124286 0.1586174 -1.15 0.4627598 -1.113524 0.05600357 -0.01124286 0.1586174 -1.113524 0.05600357 -0.09908795 0.100121 -0.127317 0.822722 -1.103065 0.8510832 -1.15 0.4627598 -1.15 0.4627598 -1.103065 0.8510832 -1.113523 0.9788478 -0.01124286 0.1586174 -0.09908795 0.100121 -0.09023797 -0.100121 -0.01124286 0.1586174 -0.09023797 -0.100121 0 -0.5593042 0 -0.5593042 -0.09023797 -0.100121 -1.15 -0.4597013 -0.09023797 -0.100121 -1.106915 -0.07159918 -1.15 -0.4597013 -1.15 -0.4597013 -1.106915 -0.07159918 -1.113524 0.05600357 -1.15 -0.4597013 -1.113524 -0.8668387 0 -0.5593042 -1.113524 -0.8668387 -0.06020879 -0.822722 0 -0.5593042 0 -0.5593042 -0.06020879 -0.822722 -0.04302763 -1.028714 -0.04302763 -1.028714 -1.10307 -0.9945988 -1.15 -1.383723 -1.15 -1.383723 -1.10307 -0.9945988 -1.113524 -0.8668387 -0.04302763 -1.028714 -1.15 -1.383723 0 -1.549059 0 -1.549059 -1.15 -1.383723 -1.113525 -1.789683 0 -1.549059 -1.113525 -1.789683 -0.04048496 -1.745565 -0.04048496 -1.745565 -0.04048496 -1.945807 0 -1.549059 0 -1.549059 -0.04048496 -1.945807 0 -2.161743 0 -2.161743 -0.04048496 -1.945807 -1.103071 -1.917441 0 -2.161743 -1.103071 -1.917441 -1.15 -2.307646 -1.15 -2.307646 -1.103071 -1.917441 -1.113525 -1.789683 0 -2.161743 -1.15 -2.307646 -0.04176682 -2.661967 1.051444 1.448899 -0.4848806 1.422626 1.037715 1.126593 -0.4913016 1.277892 1.037715 1.126593 -0.4848806 1.422626 0.116973 1.05 0.1169733 0.7643249 1.479263 1.05 1.479263 1.05 0.1169733 0.7643249 1.479215 0.05356609 0.879705 -1.775526 0.8919733 -1.466912 -0.6443886 -1.490672 0.879705 -1.775526 -0.6443886 -1.490672 -0.650509 -1.638398 0.116973 1.05 0.1169734 0.8381198 1.479263 1.05 1.479263 1.05 0.1169734 0.8381198 1.479214 0.1273427 0.116973 1.05 1.479336 0.1444339 1.479263 1.05 0.116973 1.05 0.116973 0.854309 1.479336 0.1444339 0.879341 -4.273847 -0.6504727 -4.410926 0.892027 -4.582416 0.892027 -4.582416 -0.6504727 -4.410926 -0.6443886 -4.558654 0.116973 1.05 0.1170053 0.8409342 1.479263 1.05 0.1170053 0.8409342 1.479352 0.1331867 1.479263 1.05 0.116973 1.05 0.1169906 0.8052389 1.479263 1.05 1.479263 1.05 0.1169906 0.8052389 1.479538 0.09894585 0.116973 1.05 0.1169867 0.7673119 1.479263 1.05 0.1169867 0.7673119 1.479391 0.06014269 1.479263 1.05 1.079836 2.607786 1.079839 2.936495 -0.4755316 2.700274 -0.4755316 2.700274 1.079839 2.936495 -0.4755316 2.844069 0.116973 1.05 1.47937 0.04042935 1.479263 1.05 1.47937 0.04042935 0.116973 1.05 0.1135169 0.7600001 -0.5330346 0.0852918 -1.074608 0.3972947 -1.130845 -0.203009 -0.5330346 0.0852918 -1.130845 -0.203009 -0.345783 -0.3901126 -0.345783 -0.3901126 -1.130845 -0.203009 -0.9210678 -0.6063337 -0.345783 -0.3901126 -0.9210678 -0.6063337 -0.4675518 -0.9626891 -0.2247862 0.4736639 -1.074608 0.3972947 -0.5330346 0.0852918 -1.074608 0.3972947 -0.2247862 0.4736639 -0.734499 0.917135 -0.734499 0.917135 -0.2247862 0.4736639 -0.3094095 1.122437 -0.3094095 1.122437 -0.2247862 0.4736639 0.2907404 1.127605 0.2907404 1.127605 -0.2247862 0.4736639 0.3515859 0.3889393 0.2907404 1.127605 0.3515859 0.3889393 0.734499 0.917135 0.734499 0.917135 0.3515859 0.3889393 1.035023 0.5334841 1.035023 0.5334841 0.3515859 0.3889393 1.143085 -0.110037 1.143085 -0.110037 0.3515859 0.3889393 0.55 0 1.143085 -0.110037 0.55 0 0.4598203 -0.2827826 1.143085 -0.110037 0.4598203 -0.2827826 0.9088717 -0.6222282 0.9088717 -0.6222282 0.4598203 -0.2827826 0.2741025 -1.010179 0.2741025 -1.010179 0.4598203 -0.2827826 0.1251826 -0.5250998 0.2741025 -1.010179 0.1251826 -0.5250998 -0.4675518 -0.9626891 -0.4675518 -0.9626891 0.1251826 -0.5250998 -0.345783 -0.3901126 0.116973 1.05 0.116973 0.801134 1.479263 1.05 1.479263 1.05 0.116973 0.801134 1.479263 0.09023797 0.9532014 -0.3140329 0.972178 0 -0.5732657 -0.1462314 -0.5732657 -0.1462314 0.972178 0 -0.564444 0 0.8550189 -3.224106 0.8550322 -2.917064 -0.6793781 -3.144791 -0.6793781 -3.144791 0.8550322 -2.917064 -0.679382 -2.99638 0.972178 -5.830242 0.9533541 -5.516187 -0.5733161 -5.684014 0.972178 -5.830242 -0.5733161 -5.684014 -0.564444 -5.830242 1.037228 4.478947 -0.4913356 4.327717 1.051471 4.156711 1.051471 4.156711 -0.4913356 4.327717 -0.4848803 4.182985 2.624929 6.073719 0 6.09007 2.303521 6.062787 2.303521 6.062787 0 6.09007 2.272261 5.92796 2.272261 5.92796 0 6.09007 0 5.621603 2.272261 5.92796 0 5.621603 2.627212 5.870559 2.584752 -7.863911 2.593112 -8.059384 2.63 -7.48713 2.584752 -7.863911 2.63 -7.48713 2.282202 -7.898433 2.282202 -7.898433 2.63 -7.48713 0 -7.963937 2.24 7.963937 0 7.752663 2.276569 7.898567 2.276569 7.898567 0 7.752663 2.593112 7.851103 2.593521 -5.842344 2.55188 -6.072979 2.63 -6.534347 2.63 -6.534347 2.55188 -6.072979 0 -6.288385 2.55188 -6.072979 2.272258 -6.017939 0 -6.288385 2.272258 -6.017939 2.301815 -5.883595 0 -6.288385 2.535691 -4.081995 2.63 -4.338294 2.535691 -3.881943 2.535691 -3.881943 2.63 -4.338294 2.63 -3.448464 2.535691 -3.881943 2.63 -3.448464 0 -3.532774 0 -3.532774 2.63 -3.448464 2.63 -2.508116 2.280103 -4.04941 0 -4.431163 2.535691 -4.081995 2.535691 -4.081995 0 -4.431163 2.63 -4.338294 2.280103 -4.04941 2.282193 -3.916473 0 -4.431163 0 -4.431163 2.282193 -3.916473 0 -3.532774 0 -3.532774 2.282193 -3.916473 2.535691 -3.881943 2.549049 -2.09101 2.63 -2.508116 2.55188 -1.890958 2.55188 -1.890958 2.63 -2.508116 2.63 -1.429595 2.55188 -1.890958 2.63 -1.429595 0 -1.651469 2.549049 -2.09101 2.280102 -2.058427 2.63 -2.508116 2.63 -2.508116 2.280102 -2.058427 0 -2.516951 2.63 -2.508116 0 -2.516951 0 -3.532774 0 -2.516951 2.280102 -2.058427 0 -1.651469 0 -1.651469 2.280102 -2.058427 2.284259 -1.92406 0 -1.651469 2.284259 -1.92406 2.55188 -1.890958 2.266751 0.05632179 2.593484 0.113954 0 0.2403126 2.593484 0.113954 2.584752 -0.100026 2.63 -0.4778158 2.63 -0.4778158 2.584752 -0.100026 2.280105 -0.06744313 2.280105 -0.06744313 0 0.2403126 0 -0.6631281 2.280105 -0.06744313 0 -0.6631281 2.63 -0.4778158 2.63 -0.4778158 0 -0.6631281 2.63 -1.429595 2.63 -1.429595 0 -0.6631281 0 -1.651469 0 0.2403126 2.280105 -0.06744313 2.266751 0.05632179 0 2.759011 2.627702 2.09101 2.63 2.772901 0 2.759011 2.63 2.772901 2.63 3.882126 0 2.759011 2.63 3.882126 0 3.747735 0 3.747735 2.63 3.882126 2.272258 3.936983 2.272258 1.945999 0 1.873868 2.624045 1.890495 0 1.873868 2.272258 1.945999 2.303523 2.080819 0 1.873868 2.303523 2.080819 0 2.759011 0 2.759011 2.303523 2.080819 2.627702 2.09101 2.593112 7.851103 0 7.752663 2.63 7.00011 2.63 7.00011 0 7.752663 0 6.794801 2.63 7.00011 0 6.794801 2.624929 6.073719 2.624929 6.073719 0 6.794801 0 6.09007 0 5.621603 0 4.930054 2.627212 5.870559 2.627212 5.870559 0 4.930054 2.63 4.738969 2.63 4.738969 0 4.930054 0 4.216202 2.63 4.738969 0 4.216202 2.63 4.081995 2.63 4.081995 0 4.216202 2.303522 4.071803 2.303522 4.071803 0 4.216202 2.272258 3.936983 2.272258 3.936983 0 4.216202 0 3.747735 0 1.873868 0 1.169139 2.624045 1.890495 2.624045 1.890495 0 1.169139 2.63 0.9638302 2.63 0.9638302 0 1.169139 0 0.2403126 2.63 0.9638302 0 0.2403126 2.593484 0.113954 2.63 -4.338294 0 -4.431163 2.63 -5.238237 2.63 -5.238237 0 -4.431163 0 -5.420214 2.63 -5.238237 0 -5.420214 2.593521 -5.842344 2.593521 -5.842344 0 -5.420214 2.301815 -5.883595 0 -5.420214 0 -6.288385 2.301815 -5.883595 0 -7.264666 2.63 -6.534347 0 -6.288385 2.63 -6.534347 0 -7.264666 2.63 -7.48713 2.63 -7.48713 0 -7.264666 0 -7.963937 2.580685 0.7572103 2.725107 0.4325956 2.482653 1.205371 2.580685 0.7572103 2.482653 1.205371 2.150066 1.615711 2.150066 1.615711 2.482653 1.205371 1.920673 1.981791 2.150066 1.615711 1.920673 1.981791 1.445246 2.268163 1.445246 2.268163 1.920673 1.981791 1.170028 2.512033 1.170028 2.512033 0.1974559 2.752725 0.07732975 2.688368 0.07732975 2.688368 0.1974559 2.752725 -0.7559424 2.654248 0.07732975 2.688368 -0.7559424 2.654248 -0.600807 2.632305 -0.600807 2.632305 -0.7559424 2.654248 -1.350515 2.374447 -1.350515 2.374447 -2.140119 1.717337 -2.053636 1.736629 -2.053636 1.736629 -2.140119 1.717337 -2.532893 0.9043001 -2.532893 0.9043001 -2.140119 1.717337 -2.676618 0.6724563 -2.532893 0.9043001 -2.676618 0.6724563 -2.712315 -0.03093034 -2.712315 -0.03093034 -2.654247 -0.7559464 -2.502421 -0.985492 -2.502421 -0.985492 -2.654247 -0.7559464 -2.235628 -1.618163 -2.502421 -0.985492 -2.235628 -1.618163 -2.184346 -1.58702 -2.184346 -1.58702 -2.235628 -1.618163 -1.642744 -2.129483 -1.642744 -2.129483 -2.235628 -1.618163 -1.547357 -2.285207 -1.642744 -2.129483 -1.547357 -2.285207 -0.7897481 -2.570914 -0.7897481 -2.570914 -1.547357 -2.285207 -0.6724558 -2.676618 -0.7897481 -2.570914 -0.6724558 -2.676618 0.09051668 -2.722787 0.09051668 -2.722787 0.7559459 -2.654247 1.096767 -2.455688 1.096767 -2.455688 0.7559459 -2.654247 1.413715 -2.371183 1.413715 -2.371183 1.981789 -1.920675 2.20104 -1.545552 2.20104 -1.545552 1.981789 -1.920675 2.519183 -1.127033 2.20104 -1.545552 2.519183 -1.127033 2.592221 -0.7154112 2.592221 -0.7154112 2.519183 -1.127033 2.748958 -0.2405065 2.592221 -0.7154112 2.748958 -0.2405065 2.725107 0.4325956 -0.1999999 7.73629 0 8.218755 -0.2 8.702216 -0.2 8.702216 0 8.218755 0 8.702216 -0.2 -8.460482 0 -8.460482 0 -7.53684 0 8.218755 -0.1999999 7.73629 0 7.450294 0 7.450294 -0.1999999 7.73629 -0.2 6.569931 0 7.450294 -0.2 6.569931 0 6.483387 0 6.483387 -0.2 6.569931 -0.2 5.60302 0 6.483387 -0.2 5.60302 0 5.516476 0 5.516476 -0.2 5.60302 -0.2 4.636111 0 5.516476 -0.2 4.636111 0 4.549568 0 4.549568 -0.2 4.636111 -0.1999999 3.446966 0 4.549568 -0.1999999 3.446966 0 3.582652 0 3.582652 -0.1999999 3.446966 0 2.900737 0 2.900737 -0.1999999 3.446966 -0.1999999 1.996592 0 2.900737 -0.1999999 1.996592 0 1.873433 0 1.873433 -0.1999999 1.996592 -0.1999999 0.546227 0 1.873433 -0.1999999 0.546227 0 0.6819123 0 0.6819123 -0.1999999 0.546227 0 0 0 0 -0.1999999 0.546227 -0.1999999 -0.6819134 0 0 -0.1999999 -0.6819134 0 -0.7684574 0 -0.7684574 -0.1999999 -0.6819134 -0.2 -1.648826 0 -0.7684574 -0.2 -1.648826 0 -1.73537 0 -1.73537 -0.2 -1.648826 -0.2 -2.615741 0 -1.73537 -0.2 -2.615741 0 -2.702284 0 -2.702284 -0.2 -2.615741 -0.2 -3.804879 0 -2.702284 -0.2 -3.804879 0 -3.669193 0 -3.669193 -0.2 -3.804879 0 -4.351106 0 -4.351106 -0.2 -3.804879 -0.2 -5.033019 0 -4.351106 -0.2 -5.033019 0 -5.119563 0 -5.119563 -0.2 -5.033019 -0.1999999 -6.224543 0 -5.119563 -0.1999999 -6.224543 0 -5.801474 0 -5.801474 -0.1999999 -6.224543 0 -6.569928 0 -6.569928 -0.1999999 -6.224543 -0.1999999 -7.450295 0 -6.569928 -0.1999999 -7.450295 0 -7.53684 0 -7.53684 -0.1999999 -7.450295 -0.2 -8.460482 0.09981882 2.536508 0.8785141 2.596303 -0.2835603 2.745191 0.8785141 2.596303 0.09981882 2.536508 1.159198 2.243347 0.8785141 2.596303 1.159198 2.243347 2.058971 1.809203 2.058971 1.809203 1.159198 2.243347 1.72041 1.861831 2.058971 1.809203 1.72041 1.861831 1.862119 1.720049 2.058971 1.809203 1.862119 1.720049 2.347824 0.9383024 2.058971 1.809203 2.347824 0.9383024 2.687722 0.5373342 2.687722 0.5373342 2.347824 0.9383024 2.518534 0.2231978 2.687722 0.5373342 2.518534 0.2231978 2.483641 -0.4737293 2.687722 0.5373342 2.483641 -0.4737293 2.676618 -0.6724573 2.676618 -0.6724573 2.483641 -0.4737293 2.127393 -1.345553 2.676618 -0.6724573 2.127393 -1.345553 2.285204 -1.547361 2.285204 -1.547361 2.127393 -1.345553 1.381508 -2.102154 2.285204 -1.547361 1.381508 -2.102154 1.61816 -2.23563 1.61816 -2.23563 1.381508 -2.102154 0.537334 -2.687722 0.537334 -2.687722 1.381508 -2.102154 0.5281712 -2.472636 0.537334 -2.687722 0.5281712 -2.472636 -0.3527631 -2.493347 0.537334 -2.687722 -0.3527631 -2.493347 -0.6724569 -2.676618 -0.6724569 -2.676618 -0.3527631 -2.493347 -1.20235 -2.224357 -0.6724569 -2.676618 -1.20235 -2.224357 -1.717339 -2.140116 -1.717339 -2.140116 -1.20235 -2.224357 -1.679112 -1.899159 -1.717339 -2.140116 -1.679112 -1.899159 -2.127395 -1.34555 -1.717339 -2.140116 -2.127395 -1.34555 -2.482654 -1.205369 -2.482654 -1.205369 -2.127395 -1.34555 -2.483837 -0.4727408 -2.482654 -1.205369 -2.483837 -0.4727408 -2.748958 -0.2405058 -2.748958 -0.2405058 -2.483837 -0.4727408 -2.518534 0.2231953 -2.748958 -0.2405058 -2.518534 0.2231953 -2.576949 0.9368836 -2.576949 0.9368836 -2.518534 0.2231953 -2.347825 0.9383004 -2.576949 0.9368836 -2.347825 0.9383004 -1.862292 1.719832 -2.576949 0.9368836 -1.862292 1.719832 -1.981791 1.920674 -1.981791 1.920674 -1.862292 1.719832 -1.718538 1.863276 -1.981791 1.920674 -1.718538 1.863276 -1.205368 2.482654 -1.205368 2.482654 -1.718538 1.863276 -0.7428696 2.41342 -1.205368 2.482654 -0.7428696 2.41342 -0.2835603 2.745191 -0.2835603 2.745191 -0.7428696 2.41342 -0.09996205 2.54127 -0.09996205 2.54127 0.09981882 2.536508 -0.2835603 2.745191 0 8.4823 -2.23 8.4823 -2.23 7.755242 0 8.4823 -2.23 7.755242 0 7.755242 0 7.755242 -2.23 7.755242 0 6.82926 0 6.82926 -2.23 7.755242 -2.23 6.742421 0 6.82926 -2.23 6.742421 0 6.058786 0 6.058786 -2.23 6.742421 -2.23 6.058786 0 6.058786 -2.23 6.058786 0 5.375151 0 5.375151 -2.23 6.058786 -2.23 5.288312 0 5.375151 -2.23 5.288312 0 4.405745 0 4.405745 -2.23 5.288312 -2.23 4.318907 0 4.405745 -2.23 4.318907 0 3.43634 0 3.43634 -2.23 4.318907 -2.23 3.349502 0 3.43634 -2.23 3.349502 0 2.466935 0 2.466935 -2.23 3.349502 -2.23 2.380096 0 2.466935 -2.23 2.380096 0 1.69646 0 1.69646 -2.23 2.380096 -2.23 1.69646 0 1.69646 -2.23 1.69646 0 1.012828 0 1.012828 -2.23 1.69646 -2.23 0.9259901 0 1.012828 -2.23 0.9259901 0 0.04341924 0 0.04341924 -2.23 0.9259901 -2.23 -0.04341918 0 0.04341924 -2.23 -0.04341918 0 -0.9259901 0 -0.9259901 -2.23 -0.04341918 -2.23 -1.012829 0 -0.9259901 -2.23 -1.012829 0 -1.895393 0 -1.895393 -2.23 -1.012829 -2.23 -1.69646 0 -1.895393 -2.23 -1.69646 -2.23 -2.466933 0 -1.895393 -2.23 -2.466933 0 -2.864797 0 -2.864797 -2.23 -2.466933 -2.23 -3.43634 0 -2.864797 -2.23 -3.43634 0 -3.635271 0 -3.635271 -2.23 -3.43634 0 -4.318906 0 -4.318906 -2.23 -3.43634 -2.23 -4.405745 0 -4.318906 -2.23 -4.405745 0 -5.08938 0 -5.08938 -2.23 -4.405745 -2.23 -5.08938 0 -5.08938 -2.23 -5.08938 0 -5.773016 0 -5.773016 -2.23 -5.08938 -2.23 -5.859854 0 -5.773016 -2.23 -5.859854 0 -6.742422 0 -6.742422 -2.23 -5.859854 -2.23 -6.829261 0 -6.742422 -2.23 -6.829261 0 -7.711822 0 -7.711822 -2.23 -6.829261 -2.23 -7.512894 0 -7.711822 -2.23 -7.512894 -2.23 -8.239949 0 -7.711822 -2.23 -8.239949 0 -8.4823 -0.2 7.977031 0 8.500783 -0.2 8.702216 -0.2 -8.460482 0 -8.460482 0 -7.536839 0 8.500783 -0.2 7.977031 0 7.450294 0 7.450294 -0.2 7.977031 -0.2 7.251843 0 7.450294 -0.2 7.251843 -0.2 6.569931 0 7.450294 -0.2 6.569931 0 6.483387 0 6.483387 -0.2 6.569931 -0.2 5.60302 0 6.483387 -0.2 5.60302 0 5.516476 0 5.516476 -0.2 5.60302 -0.2 4.636111 0 5.516476 -0.2 4.636111 0 4.549568 0 4.549568 -0.2 4.636111 -0.2 3.446966 0 4.549568 -0.2 3.446966 0 3.323805 0 3.323805 -0.2 3.446966 -0.1999999 2.218818 0 3.323805 -0.1999999 2.218818 0 1.873433 0 1.873433 -0.1999999 2.218818 -0.2 1.450369 0 1.873433 -0.2 1.450369 -0.1999999 0.7684562 0 1.873433 -0.1999999 0.7684562 0 0.4230668 0 0.4230668 -0.1999999 0.7684562 -0.2 0 0 0.4230668 -0.2 0 -0.1999999 -0.6819134 0 0.4230668 -0.1999999 -0.6819134 0 -0.7684574 0 -0.7684574 -0.1999999 -0.6819134 -0.2 -1.648826 0 -0.7684574 -0.2 -1.648826 0 -1.73537 0 -1.73537 -0.2 -1.648826 -0.2 -2.615741 0 -1.73537 -0.2 -2.615741 0 -2.702284 0 -2.702284 -0.2 -2.615741 -0.2 -3.58265 0 -2.702284 -0.2 -3.58265 0 -3.928039 0 -3.928039 -0.2 -3.58265 -0.2 -4.351106 0 -3.928039 -0.2 -4.351106 -0.2 -5.033019 0 -3.928039 -0.2 -5.033019 0 -5.119563 0 -5.119563 -0.2 -5.033019 -0.2 -5.801474 0 -5.119563 -0.2 -5.801474 0 -6.347701 0 -6.347701 -0.2 -5.801474 -0.1999999 -6.483384 0 -6.347701 -0.1999999 -6.483384 -0.1999999 -7.450295 0 -6.347701 -0.1999999 -7.450295 0 -7.536839 0 -7.536839 -0.1999999 -7.450295 -0.2 -8.460482 -2.678305 0.2410518 -2.665434 0.7141965 -2.748958 -0.2405058 -2.665434 0.7141965 -2.678305 0.2410518 -2.416562 1.325208 -2.416562 1.325208 -2.20104 1.545551 -1.981791 1.920674 -1.981791 1.920674 -2.20104 1.545551 -1.517622 2.220389 -1.981791 1.920674 -1.517622 2.220389 -1.205368 2.482654 -1.205368 2.482654 -1.517622 2.220389 -0.3388964 2.727375 -0.3388964 2.727375 -0.1639648 2.684477 0.8785141 2.596303 0.8785141 2.596303 -0.1639648 2.684477 0.7897482 2.570914 0.8785141 2.596303 0.7897482 2.570914 1.642745 2.129482 0.8785141 2.596303 1.642745 2.129482 1.920678 1.981787 1.920678 1.981787 1.642745 2.129482 2.407864 1.37655 2.407864 1.37655 2.50242 0.9854925 2.654247 0.7559453 2.654247 0.7559453 2.50242 0.9854925 2.712314 0.03093028 2.676618 -0.6724573 2.712314 0.03093028 2.532893 -0.9043 2.676618 -0.6724573 2.532893 -0.9043 2.285204 -1.547361 2.285204 -1.547361 2.532893 -0.9043 2.184346 -1.58702 2.285204 -1.547361 2.184346 -1.58702 1.710546 -2.075412 2.285204 -1.547361 1.710546 -2.075412 1.61816 -2.23563 1.61816 -2.23563 1.710546 -2.075412 0.8722256 -2.544116 1.61816 -2.23563 0.8722256 -2.544116 0.7559449 -2.654248 0.7559449 -2.654248 0.8722256 -2.544116 -0.02922785 -2.739146 -0.6724569 -2.676618 -0.02922785 -2.739146 -1.017024 -2.489773 -0.6724569 -2.676618 -1.017024 -2.489773 -1.363809 -2.419337 -1.920671 -1.981793 -1.363809 -2.419337 -2.150066 -1.615711 -1.920671 -1.981793 -2.150066 -1.615711 -2.482654 -1.205369 -2.482654 -1.205369 -2.150066 -1.615711 -2.592221 -0.7154109 -2.482654 -1.205369 -2.592221 -0.7154109 -2.748958 -0.2405058 -2.748958 -0.2405058 -2.592221 -0.7154109 -2.678305 0.2410518 2.428764 -0.6874828 2.740191 0.06010866 2.515534 0.2100743 2.740191 0.06010866 2.428764 -0.6874828 2.519182 -1.127033 2.519182 -1.127033 2.428764 -0.6874828 1.992729 -1.549784 2.519182 -1.127033 1.992729 -1.549784 1.809206 -2.058969 1.809206 -2.058969 1.992729 -1.549784 1.356698 -2.128841 1.809206 -2.058969 1.356698 -2.128841 0.7559459 -2.654247 0.7559459 -2.654247 1.356698 -2.128841 0.4449006 -2.484743 0.7559459 -2.654247 0.4449006 -2.484743 -0.4171999 -2.712065 -0.4171999 -2.712065 0.4449006 -2.484743 -0.4449009 -2.484743 -0.4171999 -2.712065 -0.4449009 -2.484743 -1.379428 -2.114767 -0.4171999 -2.712065 -1.379428 -2.114767 -1.547357 -2.285207 -1.547357 -2.285207 -1.379428 -2.114767 -2.007222 -1.530593 -1.547357 -2.285207 -2.007222 -1.530593 -2.235628 -1.618163 -2.235628 -1.618163 -2.007222 -1.530593 -2.438641 -0.6527689 -2.235628 -1.618163 -2.438641 -0.6527689 -2.654247 -0.7559465 -2.654247 -0.7559465 -2.438641 -0.6527689 -2.512858 0.2389471 -2.654247 -0.7559465 -2.512858 0.2389471 -2.712065 0.4172001 -2.712065 0.4172001 -2.512858 0.2389471 -2.260461 1.123314 -2.712065 0.4172001 -2.260461 1.123314 -2.140119 1.717337 -2.140119 1.717337 -2.260461 1.123314 -1.873388 1.707818 -2.140119 1.717337 -1.873388 1.707818 -1.162877 2.219841 -2.140119 1.717337 -1.162877 2.219841 -0.9947255 2.557317 -0.9947255 2.557317 -1.162877 2.219841 -0.2339 2.524186 -0.9947255 2.557317 -0.2339 2.524186 0.197456 2.752725 0.197456 2.752725 -0.2339 2.524186 0.2339 2.524186 0.197456 2.752725 0.2339 2.524186 0.9222248 2.349711 0.197456 2.752725 0.9222248 2.349711 1.127032 2.519183 1.127032 2.519183 0.9222248 2.349711 1.527679 2.022974 1.127032 2.519183 1.527679 2.022974 1.920673 1.981791 1.920673 1.981791 1.527679 2.022974 1.873388 1.707818 1.920673 1.981791 1.873388 1.707818 2.260462 1.123312 1.920673 1.981791 2.260462 1.123312 2.482653 1.205371 2.482653 1.205371 2.260462 1.123312 2.515534 0.2100743 2.482653 1.205371 2.515534 0.2100743 2.740191 0.06010866 0.358179 0.04986196 0.5970153 0.04858046 0.5903152 0.2446036 0.358179 0.04986196 0.5903152 0.2446036 0.3532966 0.2476022 0.35153 -0.441742 0.587235 -0.441689 0.3581774 -0.3428742 0.3581774 -0.3428742 0.587235 -0.441689 0.5970202 -0.3440598 0.5970153 0.04858046 0.358179 0.04986196 0.5903144 -0.1480625 0.5903144 -0.1480625 0.358179 0.04986196 0.3533012 -0.145199 0.5903144 -0.1480625 0.3533012 -0.145199 0.3581774 -0.3428742 0.5903144 -0.1480625 0.3581774 -0.3428742 0.5970202 -0.3440598 1.604451 0.07691466 1.842154 0.04295736 1.845585 0.2132955 1.604451 0.07691466 1.845585 0.2132955 1.613888 0.2700656 1.613888 0.2700656 1.845585 0.2132955 1.846627 0.3680986 1.842154 0.04295736 1.604451 0.07691466 1.848056 -0.1225895 1.848056 -0.1225895 1.604451 0.07691466 1.610058 -0.1632572 1.848056 -0.1225895 1.610058 -0.1632572 1.84235 -0.3320407 1.84235 -0.3320407 1.610058 -0.1632572 1.603515 -0.3498993 1.846627 0.3680986 1.610087 0.3679713 1.613888 0.2700656 0.6695484 -0.4989973 0.7134854 -0.7392804 1.012795 -0.4318896 1.012795 -0.4318896 0.7134854 -0.7392804 1.156001 -0.6184072 0.7134854 -0.7392804 0.6695484 -0.4989973 0.1858248 -0.4508628 0.1858248 -0.4508628 0.6695484 -0.4989973 0.3093351 -0.2093154 0.1858248 -0.4508628 0.3093351 -0.2093154 0.02170109 0.1300486 0.02170109 0.1300486 0.3093351 -0.2093154 0.3300159 0.2806134 0.02170109 0.1300486 0.3300159 0.2806134 0.2553402 0.5501344 0.2553402 0.5501344 0.3300159 0.2806134 0.6695483 0.4989973 0.2553402 0.5501344 0.6695483 0.4989973 0.565886 0.72705 0.565886 0.72705 0.6695483 0.4989973 0.811935 0.747438 0.811935 0.747438 0.6695483 0.4989973 1.028134 0.4216407 0.811935 0.747438 1.028134 0.4216407 1.149354 0.6227498 1.149354 0.6227498 1.028134 0.4216407 1.451359 0.235337 1.451359 0.235337 1.028134 0.4216407 1.237223 -0.0247882 1.451359 0.235337 1.237223 -0.0247882 1.451358 -0.2353377 1.451358 -0.2353377 1.237223 -0.0247882 1.012795 -0.4318896 1.451358 -0.2353377 1.012795 -0.4318896 1.156001 -0.6184072 0.5829662 0.1012931 1.278614 0.1023007 0.2 0.3003497 0.5829662 0.1012931 0.2 0.3003497 0.2 -0.0825572 0.5829662 0.1012931 0.2 -0.0825572 0.5012881 -0.05645418 0.5012881 -0.05645418 0.2 -0.0825572 0.6566354 -0.09909498 0.6566354 -0.09909498 0.2 -0.0825572 1.282152 -0.202479 0.6566354 -0.09909498 1.282152 -0.202479 1.278614 0.1023007 0.6566354 -0.09909498 1.278614 0.1023007 0.72025 0.02386665 0.72025 0.02386665 1.278614 0.1023007 0.5829662 0.1012931 0.5541268 1.507573 0.2 1.336137 1.278614 1.515619 0.5541268 1.507573 1.278614 1.515619 0.6985002 1.566839 0.72025 -1.594053 1.275 -1.61792 0.645821 -1.507549 0.645821 -1.507549 1.275 -1.61792 1.282152 -1.415442 0.645821 -1.507549 1.282152 -1.415442 0.1999999 -1.535363 0.645821 -1.507549 0.1999999 -1.535363 0.5014901 -1.566855 0.4797529 1.594038 0.2 1.61792 0.5541268 1.507573 0.5541268 1.507573 0.2 1.61792 0.2 1.336137 1.278614 1.515619 0.2 1.336137 1.31337 1.013024 1.31337 1.013024 0.2 1.336137 0.2 0.834397 1.31337 1.013024 0.2 0.834397 1.309787 0.5245694 1.309787 0.5245694 0.2 0.834397 0.2 0.3003497 0.2 0.3003497 1.278614 0.1023007 1.309787 0.5245694 0.2 -0.0825572 0.2 -0.5056093 1.282152 -0.202479 1.282152 -0.202479 0.2 -0.5056093 1.31337 -0.6048952 1.31337 -0.6048952 0.2 -0.5056093 0.2 -1.036595 1.31337 -0.6048952 0.2 -1.036595 1.309787 -1.093351 0.1999999 -1.535363 1.282152 -1.415442 0.2 -1.036595 0.2 -1.036595 1.282152 -1.415442 1.309787 -1.093351 -0.001595616 1.285455 0.347631 1.240102 0.347631 1.605818 -0.001595616 1.285455 0.347631 1.605818 -0.4577462 1.317196 -0.4577462 1.317196 0.347631 1.605818 -0.5138093 1.901716 -0.5138093 1.901716 0.347631 1.605818 0.347631 2.113343 -0.5138093 1.901716 0.347631 2.113343 -0.547631 2.356194 -0.5350866 -2.126429 0.347631 -2.480205 0.347631 -2.113342 -0.5350866 -2.126429 0.347631 -2.113342 0.347631 -1.613794 -0.5350866 -2.126429 0.347631 -1.613794 -0.4801239 -1.599314 -0.4801239 -1.599314 0.347631 -1.613794 -0.007935702 -1.287755 -0.4801239 -1.599314 -0.007935702 -1.287755 -0.4538004 -1.236424 -0.4538004 -1.236424 -0.007935702 -1.287755 -0.1524059 -1.217689 0.347631 1.240102 -0.001595616 1.285455 0.05966138 1.155799 0.347631 1.240102 0.05966138 1.155799 0.347631 0.992082 0.347631 0.992082 0.05966138 1.155799 -0.09156662 1.080514 0.347631 0.992082 -0.09156662 1.080514 -0.4605647 0.9650078 -0.4605647 0.9650078 -0.09156662 1.080514 -0.4577462 1.317196 -0.4577462 1.317196 -0.09156662 1.080514 -0.1425114 1.247266 -0.4577462 1.317196 -0.1425114 1.247266 -0.001595616 1.285455 -0.1524059 -1.217689 -0.09683626 -1.06845 -0.4538004 -1.236424 -0.4538004 -1.236424 -0.09683626 -1.06845 -0.4738934 -0.829576 -0.4738934 -0.829576 -0.09683626 -1.06845 0.347631 -1.140864 0.347631 -1.140864 -0.09683626 -1.06845 0.04762828 -1.138422 0.04762828 -1.138422 -0.007935702 -1.287755 0.347631 -1.140864 0.347631 0.6287531 -0.5082127 0.5144308 0.347631 0.132449 0.347631 0.132449 -0.5082127 0.5144308 -0.5379472 -0.1429773 -0.5082127 0.5144308 0.347631 0.6287531 -0.4605647 0.9650078 -0.4605647 0.9650078 0.347631 0.6287531 0.347631 0.992082 0.347631 -1.613794 0.347631 -1.140864 -0.007935702 -1.287755 -0.4738934 -0.829576 0.347631 -1.140864 0.347631 -0.505482 -0.4738934 -0.829576 0.347631 -0.505482 -0.5379472 -0.1429773 -0.5379472 -0.1429773 0.347631 -0.505482 0.347631 0.132449 -0.9630427 -5.128785 -2.2 -5.780658 0 -5.392306 -0.9630427 -5.128785 0 -5.392306 0 -4.769979 -0.9630427 -5.128785 0 -4.769979 -0.4455743 -4.740772 -0.4455743 -4.740772 0 -4.769979 -0.3557236 -4.353917 -0.3557236 -4.353917 0 -4.769979 0 -3.921677 -0.3557236 -4.353917 0 -3.921677 -0.4735752 -4.016523 -0.4735752 -4.016523 0 -3.921677 -0.8791983 -3.70758 -0.8791983 -3.70758 0 -3.921677 0 -3.003532 -0.8791983 -3.70758 0 -3.003532 -2.2 -3.746751 -0.8791983 -3.70758 -2.2 -3.746751 -1.510814 -3.815166 -1.510814 -3.815166 -2.2 -3.746751 -1.827876 -4.275227 -1.827876 -4.275227 -2.2 -3.746751 -2.2 -4.630721 -1.827876 -4.275227 -2.2 -4.630721 -1.816288 -4.621275 -1.816288 -4.621275 -2.2 -4.630721 -1.563533 -4.981987 -1.563533 -4.981987 -2.2 -4.630721 -2.2 -5.780658 -1.563533 -4.981987 -2.2 -5.780658 -0.9630427 -5.128785 0 0 -2.2 0 0 -0.7353163 0 -0.7353163 -2.2 0 -2.2 -0.7353172 0 -0.7353163 -2.2 -0.7353172 -2.2 -1.671937 0 -0.7353163 -2.2 -1.671937 0 -1.759536 0 -1.759536 -2.2 -1.671937 -2.2 -2.652351 0 -1.759536 -2.2 -2.652351 0 -3.003532 0 -3.003532 -2.2 -2.652351 -2.2 -3.746751 0 -5.392306 -2.2 -5.780658 0 -6.171422 0 -6.171422 -2.2 -5.780658 -2.2 -7.064239 0 -6.171422 -2.2 -7.064239 0 -7.151837 0 -7.151837 -2.2 -7.064239 -2.2 -8.088457 0 -7.151837 -2.2 -8.088457 0 -8.088457 0 -8.088457 -2.2 -8.088457 0 -8.823777 0 -8.823777 -2.2 -8.088457 -2.2 -8.823777 -1.104047 2.2 -0.5244213 1.790311 0 2.2 -1.104047 0 -0.7454577 1.599001 -1.104047 2.2 -1.104047 2.2 -0.7454577 1.599001 -0.7114572 1.75989 0 0 -0.5018551 0.420552 -1.104047 0 -1.104047 0 -0.5018551 0.420552 -0.7185707 0.4627326 0 2.2 -0.4282338 1.615999 0 0 0 0 -0.4282338 1.615999 -0.432789 0.6010015 0 0 -0.432789 0.6010015 -0.5018551 0.420552 -0.7114572 1.75989 -0.5244213 1.790311 -1.104047 2.2 -0.5244213 1.790311 -0.4282338 1.615999 0 2.2 -0.432789 0.6010015 -0.4282338 1.615999 -0.5750004 1.496136 -0.432789 0.6010015 -0.5750004 1.496136 -0.5551242 0.7108899 -0.5551242 0.7108899 -0.5750004 1.496136 -0.7114575 0.6598896 -0.7114575 0.6598896 -0.5750004 1.496136 -0.7454577 1.599001 -0.7114575 0.6598896 -0.7454577 1.599001 -0.7185707 0.4627326 -0.7185707 0.4627326 -0.7454577 1.599001 -1.104047 0 -1.104047 2.2 -0.6021923 1.779448 0 2.2 0 2.2 -0.6021923 1.779448 -0.4050345 1.772335 -1.104047 0 -0.6712585 1.598998 -1.104047 2.2 -1.104047 2.2 -0.6712585 1.598998 -0.6021923 1.779448 0 0 -0.5040716 0.3942613 -1.104047 0 -1.104047 0 -0.5040716 0.3942613 -0.6712585 0.498998 0 2.2 -0.3540342 1.616001 0 0 0 0 -0.3540342 1.616001 -0.3540341 0.5160011 -0.4050345 1.772335 -0.3540342 1.616001 0 2.2 -0.3540341 0.5160011 -0.3540342 1.616001 -0.4464528 0.6903 -0.4464528 0.6903 -0.3540342 1.616001 -0.5040716 1.494261 -0.4464528 0.6903 -0.5040716 1.494261 -0.6372603 0.6598885 -0.6372603 0.6598885 -0.5040716 1.494261 -0.6712585 1.598998 -0.6372603 0.6598885 -0.6712585 1.598998 -0.6712585 0.498998 -0.6712585 0.498998 -0.6712585 1.598998 -1.104047 0 -0.3540341 0.5160011 -0.5040716 0.3942613 0 0 3.103335 -2.679415 2.322819 -1.898555 2.899138 -2.899138 2.899138 -2.899138 2.322819 -1.898555 1.926902 -1.926824 1.926902 -1.926824 2.322819 -1.898555 2.705042 -1.273894 1.926902 -1.926824 2.705042 -1.273894 2.536378 -0.968407 2.536378 -0.968407 2.705042 -1.273894 2.975763 -0.2946281 2.536378 -0.968407 2.975763 -0.2946281 2.693625 0.1763296 2.693625 0.1763296 2.975763 -0.2946281 2.815162 0.9620023 2.693625 0.1763296 2.815162 0.9620023 2.469689 1.151635 2.469689 1.151635 2.815162 0.9620023 2.072154 1.753719 2.072154 1.753719 2.815162 0.9620023 2.262757 1.954654 2.072154 1.753719 2.262757 1.954654 1.598131 2.528033 2.072154 1.753719 1.598131 2.528033 1.386666 2.333993 1.386666 2.333993 1.598131 2.528033 0.5907272 2.931384 1.386666 2.333993 0.5907272 2.931384 0.5132589 2.666007 0.5132589 2.666007 0.5907272 2.931384 -0.3815673 2.965869 0.5132589 2.666007 -0.3815673 2.965869 -0.4295175 2.680773 -0.4295175 2.680773 -0.3815673 2.965869 -1.273894 2.705042 -0.4295175 2.680773 -1.273894 2.705042 -1.320498 2.372195 -1.320498 2.372195 -1.273894 2.705042 -1.898555 2.322819 -1.320498 2.372195 -1.898555 2.322819 -1.926866 1.926866 -1.926866 1.926866 -1.898555 2.322819 -2.899138 2.899138 -2.899138 2.899138 -1.898555 2.322819 -2.679367 3.103379 0 -9.960489 2.2 -9.960666 2.2 -9.660412 0 -9.960489 2.2 -9.660412 0 -9.660397 2.2 3.520236 0 3.520158 2.2 3.220132 2.2 3.220132 0 3.520158 0 3.220132 0.8350367 -6.853003 0 -7.100099 1.288759 -6.873898 1.288759 -6.873898 0 -7.100099 2.2 -7.371834 2.2 -7.371834 0 -7.100099 0 -8.04267 2.2 -7.371834 0 -8.04267 2.2 -8.127809 2.2 8.798645 0 8.798645 0 8.127812 2.2 8.798645 0 8.127812 2.2 8.042675 2.2 8.042675 0 8.127812 0 7.176599 2.2 8.042675 0 7.176599 2.2 7.091462 2.2 7.091462 0 7.176599 0 6.42063 2.2 7.091462 0 6.42063 2.2 6.42063 0 -7.100099 0.8350367 -6.853003 0.6048524 -6.520402 0 -7.100099 0.6048524 -6.520402 0 -6.194315 0 -6.194315 0.6048524 -6.520402 0.624293 -6.223155 0 -6.194315 0.624293 -6.223155 0.9112398 -5.967363 0 -6.194315 0.9112398 -5.967363 0 -5.469426 0 -5.469426 0.9112398 -5.967363 2.2 -5.741162 0 -5.469426 2.2 -5.741162 2.2 -4.579972 2.2 -5.741162 0.9112398 -5.967363 1.364963 -5.988256 1.364963 -5.988256 1.575707 -6.223155 2.2 -5.741162 2.2 -5.741162 1.575707 -6.223155 2.2 -6.646944 2.2 -6.646944 1.575707 -6.223155 1.595147 -6.520403 2.2 -6.646944 1.595147 -6.520403 1.288759 -6.873898 2.2 -6.646944 1.288759 -6.873898 2.2 -7.371834 0 -5.469426 2.2 -4.579972 0 -4.458814 0 -4.458814 2.2 -4.579972 2.2 -3.371787 0 -4.458814 2.2 -3.371787 0 -3.286649 0 -3.286649 2.2 -3.371787 2.2 -2.139879 0 -3.286649 2.2 -2.139879 0 -2.140265 -8.174085 2.2 -7.583468 1.790311 -6.799085 2.2 -8.174085 0 -7.78847 0.6184713 -8.174085 2.2 -8.174085 2.2 -7.78847 0.6184713 -7.758059 1.527665 -8.174085 2.2 -7.758059 1.527665 -7.78847 1.718472 -6.799085 0 -7.560902 0.4205523 -8.174085 0 -8.174085 0 -7.560902 0.4205523 -7.758059 0.4276648 -6.799085 2.2 -7.487281 1.615998 -6.799085 0 -6.799085 0 -7.487281 1.615998 -7.491837 0.6010026 -7.491837 0.6010026 -7.560902 0.4205523 -6.799085 0 -7.758059 0.4276648 -7.78847 0.6184713 -8.174085 0 -7.758059 1.527665 -7.78847 0.6184713 -7.597169 1.493666 -7.597169 1.493666 -7.78847 0.6184713 -7.614171 0.7108899 -7.491837 0.6010026 -7.487281 1.615998 -7.614171 0.7108899 -7.614171 0.7108899 -7.487281 1.615998 -7.597169 1.493666 -7.583468 1.790311 -7.487281 1.615998 -6.799085 2.2 -8.174085 2.2 -7.78847 1.718472 -7.583468 1.790311 -1.349085 2.2 -0.5872678 1.779448 0.02591478 2.2 0.02591478 2.2 -0.5872678 1.779448 -0.3901105 1.772335 -1.349085 0 -0.6563341 1.598999 -1.349085 2.2 -1.349085 2.2 -0.6563341 1.598999 -0.5872678 1.779448 0.02591478 0 -0.4891476 0.3942614 -1.349085 0 -1.349085 0 -0.4891476 0.3942614 -0.6538638 0.5358773 0.02591478 2.2 -0.3901103 0.6723343 0.02591478 0 0.02591478 0 -0.3901103 0.6723343 -0.33911 0.5160013 -0.33911 0.5160013 -0.4891476 0.3942614 0.02591478 0 -1.349085 0 -0.6538638 0.5358773 -0.6563341 1.598999 -0.6563341 1.598999 -0.6538638 0.5358773 -0.5509988 0.7063347 -0.6563341 1.598999 -0.5509988 0.7063347 -0.4891478 1.494261 -0.4891478 1.494261 -0.5509988 0.7063347 -0.3901103 0.6723343 -0.4891478 1.494261 -0.3901103 0.6723343 -0.3391101 1.616001 -0.3391101 1.616001 -0.3901103 0.6723343 0.02591478 2.2 -0.3391101 1.616001 0.02591478 2.2 -0.3901105 1.772335 -4.872852 -4.448588 -5.653421 -5.22939 -5.449171 -5.449171 -5.449171 -5.449171 -4.476686 -4.477153 -4.872852 -4.448588 -4.872852 -4.448588 -4.476686 -4.477153 -5.255074 -3.823927 -5.255074 -3.823927 -4.476686 -4.477153 -5.115493 -3.438538 -5.255074 -3.823927 -5.115493 -3.438538 -5.515901 -2.9316 -5.515901 -2.9316 -5.115493 -3.438538 -5.230101 -2.253885 -5.515901 -2.9316 -5.230101 -2.253885 -5.481417 -1.959306 -5.481417 -1.959306 -5.230101 -2.253885 -4.884025 -1.163366 -5.481417 -1.959306 -4.884025 -1.163366 -5.240063 -1.221975 -5.240063 -1.221975 -4.884025 -1.163366 -4.902795 -0.7014379 -4.902795 -0.7014379 -4.884025 -1.163366 -4.303752 -0.4778791 -4.902795 -0.7014379 -4.303752 -0.4778791 -4.298006 -0.11188 -4.298006 -0.11188 -4.303752 -0.4778791 -3.474051 0.275673 -3.474051 0.275673 -4.303752 -0.4778791 -3.701667 -0.08034396 -3.474051 0.275673 -3.701667 -0.08034396 -2.979554 0.1307393 -3.474051 0.275673 -2.979554 0.1307393 -2.255406 0.4257305 -2.255406 0.4257305 -2.979554 0.1307393 -2.036777 0.1159744 -2.255406 0.4257305 -2.036777 0.1159744 -1.276138 0.1550082 -1.276138 0.1550082 -2.036777 0.1159744 -1.155897 -0.220352 -1.276138 0.1550082 -1.155897 -0.220352 -0.651478 -0.227214 -0.651478 -0.227214 -1.155897 -0.220352 -0.623167 -0.623167 -0.651478 -0.227214 -0.623167 -0.623167 0.3490942 0.3491154 -0.651478 -0.227214 0.3490942 0.3491154 0.129202 0.553466 0.7 -0.4806616 0.4 -0.3674119 0.4 -0.534071 0.7 0.534071 0.4 0.4806612 0.7 0.409456 0.7 0.409456 0.4 0.4806612 0.4 0.3026382 0.7 0.409456 0.4 0.3026382 0.7 0.1893879 0.7 0.1893879 0.4 0.3026382 0.4 0.07764756 0.7 0.1893879 0.4 0.07764756 0.7 -0.03560364 0.7 -0.03560364 0.4 0.07764756 0.4 -0.1424204 0.7 -0.03560364 0.4 -0.1424204 0.7 -0.2556707 0.7 -0.2556707 0.4 -0.1424204 0.4 -0.3674119 0.7 -0.2556707 0.4 -0.3674119 0.7 -0.4806616 0.7 0.534071 0.4 0.534071 0.7 0.4094542 0.7 0.4094542 0.4 0.534071 0.4 0.391652 0.7 0.4094542 0.4 0.391652 0.7 0.2314318 0.7 0.2314318 0.4 0.391652 0.4 0.2136296 0.7 0.2314318 0.4 0.2136296 0.7 0.05340868 0.7 0.05340868 0.4 0.2136296 0.4 -0.01478934 0.7 0.05340868 0.4 -0.01478934 0.7000001 -0.1666592 0.7000001 -0.1666592 0.4 -0.01478934 0.4 -0.2783998 0.7000001 -0.1666592 0.4 -0.2783998 0.7 -0.4336948 0.7 -0.4336948 0.4 -0.2783998 0.4 -0.4984675 0.7 0.534071 0.4 0.534071 0.7000001 0.4094539 0.7000001 0.4094539 0.4 0.534071 0.4 0.3916516 0.7000001 0.4094539 0.4 0.3916516 0.7 0.1928125 0.7 0.1928125 0.4 0.3916516 0.4 0.1666592 0.7 0.1928125 0.4 0.1666592 0.7 -0.03560614 0.7 -0.03560614 0.4 0.1666592 0.4 -0.05340832 0.7 -0.03560614 0.4 -0.05340832 0.7000001 -0.2522462 0.7000001 -0.2522462 0.4 -0.05340832 0.4 -0.2783997 0.7000001 -0.2522462 0.4 -0.2783997 0.7 -0.4806649 0.7 -0.4806649 0.4 -0.2783997 0.4 -0.4984674 0.7 0.534071 0.4 0.534071 0.7 0.3674118 0.7 0.3674118 0.4 0.534071 0.4 0.3412581 0.7 0.3674118 0.4 0.3412581 0.7000001 0.1424192 0.7000001 0.1424192 0.4 0.3412581 0.4 0.07764786 0.7000001 0.1424192 0.4 0.07764786 0.7 -0.03560388 0.7 -0.03560388 0.4 0.07764786 0.4 -0.1424203 0.7 -0.03560388 0.4 -0.1424203 0.7000001 -0.2556707 0.7000001 -0.2556707 0.4 -0.1424203 0.4 -0.3204433 0.7000001 -0.2556707 0.4 -0.3204433 0.7 -0.4806616 0.7 -0.4806616 0.4 -0.3204433 0.4 -0.4984638 1.7 -0.3483279 0 -0.3747571 1.7 -0.539717 1.7 -0.539717 0 -0.3747571 0 -0.539717 1.7 0.4612491 0 0.4348195 1.7 0.2338781 1.7 0.2338781 0 0.4348195 0 0.2158875 1.7 0.2338781 0 0.2158875 1.7 0.05397272 1.7 0.05397272 0 0.2158875 0 0.03598219 1.7 0.05397272 0 0.03598219 1.7 -0.1259343 1.7 -0.1259343 0 0.03598219 0 -0.1439247 1.7 -0.1259343 0 -0.1439247 1.7 -0.3483279 1.7 -0.3483279 0 -0.1439247 0 -0.3747571 1.7 0.539717 0 0.539717 1.7 0.4137831 1.7 0.4137831 0 0.539717 0 0.3957929 1.7 0.4137831 0 0.3957929 1.7 0.2338783 1.7 0.2338783 0 0.3957929 0 0.2158877 1.7 0.2338783 0 0.2158877 1.7 0.05397272 1.7 0.05397272 0 0.2158877 0 0.03598219 1.7 0.05397272 0 0.03598219 1.7 -0.1259344 1.7 -0.1259344 0 0.03598219 0 -0.1439248 1.7 -0.1259344 0 -0.1439248 1.7 -0.305841 1.7 -0.305841 0 -0.1439248 0 -0.3238317 1.7 -0.305841 0 -0.3238317 1.7 -0.4857457 1.7 -0.4857457 0 -0.3238317 0 -0.5037364 0.3729483 -0.5164319 1.057181 -0.2523751 0.4103661 -0.298804 0.4103661 -0.298804 1.057181 -0.2523751 0.1412309 0.4810345 0.4103661 -0.298804 0.1412309 0.4810345 0.2313038 -0.2309211 0.2313038 -0.2309211 0.1412309 0.4810345 -0.2263177 0.2484838 0.2313038 -0.2309211 -0.2263177 0.2484838 -0.3373687 0.1248554 1.057181 -0.2523751 0.3729483 -0.5164319 0.265165 -1.078338 0.3729483 -0.5164319 0.1717911 -0.5125367 0.265165 -1.078338 0.265165 -1.078338 0.1717911 -0.5125367 -0.4999601 0.1592147 -0.4999601 0.1592147 0.1717911 -0.5125367 0.120252 -0.3545485 -0.4999601 0.1592147 0.120252 -0.3545485 -0.3373687 0.1248554 -0.3373687 0.1248554 0.120252 -0.3545485 0.2313038 -0.2309211 -0.2778571 0.4064708 -0.2263177 0.2484838 0.1412309 0.4810345 0.265165 -1.078338 -0.4999601 0.1592147 -1.078338 0.265165 -1.078338 0.265165 -0.4999601 0.1592147 -0.5514994 0.3172031 -1.078338 0.265165 -0.5514994 0.3172031 -0.4404473 0.4408305 -1.078338 0.265165 -0.4404473 0.4408305 -0.265165 1.078338 -0.265165 1.078338 -0.4404473 0.4408305 0.1412309 0.4810345 0.1412309 0.4810345 -0.4404473 0.4408305 -0.2778571 0.4064708 1.15 0.85 0 0.85 1.15 -0.85 1.15 -0.85 0 0.85 0 -0.85 1.15 0.85 0 0.85 1.15 -0.85 1.15 -0.85 0 0.85 0 -0.85 1.9 0.85 0 0.85 1.9 -0.85 1.9 -0.85 0 0.85 0 -0.85 -0.4246262 -0.3197139 -0.4810343 0.1412311 -1.078338 -0.265165 -0.4246262 -0.3197139 -1.078338 -0.265165 -0.3520387 -0.530692 -0.3520387 -0.530692 -1.078338 -0.265165 -0.265165 -1.078338 -0.3520387 -0.530692 -0.265165 -1.078338 -0.1592148 -0.4999603 -0.1592148 -0.4999603 -0.265165 -1.078338 0.5125367 0.171791 -0.1592148 -0.4999603 0.5125367 0.171791 -0.1248554 -0.3373687 -0.1248554 -0.3373687 0.5125367 0.171791 0.3545486 0.120252 -0.1248554 -0.3373687 0.3545486 0.120252 -0.2484837 -0.2263177 -0.2484837 -0.2263177 0.3545486 0.120252 0.230921 0.231304 -0.2484837 -0.2263177 0.230921 0.231304 -0.4810343 0.1412311 -0.4810343 0.1412311 0.230921 0.231304 0.2652809 0.3938943 -0.4810343 0.1412311 -0.4246262 -0.3197139 -0.2484837 -0.2263177 -0.4810343 0.1412311 0.2652809 0.3938943 0.2523752 1.057181 0.2523752 1.057181 0.2652809 0.3938943 0.4232677 0.4454337 0.2523752 1.057181 0.4232677 0.4454337 1.078338 0.265165 1.078338 0.265165 0.4232677 0.4454337 0.5468962 0.3343827 0.5468962 0.3343827 0.5125367 0.171791 1.078338 0.265165 1.078338 0.265165 0.5125367 0.171791 -0.265165 -1.078338 -0.25 -4.170567 0 -4.16777 -0.25 -3.445247 -0.25 -3.445247 0 -4.16777 0 -3.191979 -0.25 -3.445247 0 -3.191979 -2.2 -2.909015 -2.2 -2.909015 0 -3.191979 0 -2.249742 -2.2 -2.909015 0 -2.249742 -2.2 -1.671935 -2.2 -1.671935 0 -2.249742 0 -1.269322 -2.2 -1.671935 0 -1.269322 -2.2 -0.7353179 -2.2 -0.7353179 0 -1.269322 0 0.003015875 -2.2 -0.7353179 0 0.003015875 -2.2 0 0 -4.16777 -0.25 -4.170567 -0.25 -5.353777 0 -4.16777 -0.25 -5.353777 0 -4.902096 0 -4.902096 -0.25 -5.353777 0 -5.914764 0 -5.914764 -0.25 -5.353777 -1.95 -5.378526 0 -5.914764 -1.95 -5.378526 -2.2 -5.864086 -2.2 -5.864086 -1.95 -5.378526 -2.2 -4.656004 -2.2 -4.656004 -1.95 -5.378526 -1.95 -4.653207 -2.2 -4.656004 -1.95 -4.653207 -1.95 -3.469996 -2.2 -4.656004 -1.95 -3.469996 -2.2 -3.921677 -2.2 -3.921677 -1.95 -3.469996 -2.2 -2.909015 -2.2 -2.909015 -1.95 -3.469996 -0.25 -3.445247 0 -5.914764 -2.2 -5.864086 -2.2 -7.064239 0 -5.914764 -2.2 -7.064239 0 -7.151837 0 -7.151837 -2.2 -7.064239 -2.2 -8.088458 0 -7.151837 -2.2 -8.088458 0 -8.088458 0 -8.088458 -2.2 -8.088458 0 -8.823777 0 -8.823777 -2.2 -8.088458 -2.2 -8.823777 -1.104047 2.2 -0.5551237 1.81089 0 2.2 0 2.2 -0.5551237 1.81089 -0.4327893 1.701003 -1.104047 0 -0.7294228 1.718472 -1.104047 2.2 0 0 -0.501855 0.4205521 -1.104047 0 -1.104047 0 -0.501855 0.4205521 -0.6990115 0.4276645 0 2.2 -0.4327893 1.701003 0 0 0 0 -0.4327893 1.701003 -0.4327893 0.6010026 0 0 -0.4327893 0.6010026 -0.501855 0.4205521 -0.7294228 1.718472 -0.5551237 1.81089 -1.104047 2.2 -0.4327893 0.6010026 -0.4327893 1.701003 -0.5018547 1.520552 -0.4327893 0.6010026 -0.5018547 1.520552 -0.5551245 0.7108899 -0.5551245 0.7108899 -0.5018547 1.520552 -0.7294231 0.6184713 -0.7294231 0.6184713 -0.5018547 1.520552 -0.6990118 1.527665 -0.7294231 0.6184713 -0.6990118 1.527665 -0.7294228 1.718472 -0.7294231 0.6184713 -0.7294228 1.718472 -1.104047 0 -0.7294231 0.6184713 -1.104047 0 -0.6990115 0.4276645 -1.104047 2.2 -0.6021921 1.779448 0 2.2 0 2.2 -0.6021921 1.779448 -0.4050346 1.772335 -1.104047 0 -0.6712587 1.598999 -1.104047 2.2 -1.104047 2.2 -0.6712587 1.598999 -0.6021921 1.779448 0 0 -0.5040718 0.3942614 -1.104047 0 -1.104047 0 -0.5040718 0.3942614 -0.6687886 0.5358773 0 2.2 -0.3540341 1.616001 0 0 0 0 -0.3540341 1.616001 -0.3540341 0.5160013 -0.4050346 1.772335 -0.3540341 1.616001 0 2.2 -0.3540341 0.5160013 -0.3540341 1.616001 -0.4050343 0.6723343 -0.4050343 0.6723343 -0.3540341 1.616001 -0.5040718 1.494261 -0.4050343 0.6723343 -0.5040718 1.494261 -0.5659227 0.7063347 -0.5659227 0.7063347 -0.5040718 1.494261 -0.6687886 0.5358773 -0.6687886 0.5358773 -0.5040718 1.494261 -0.6712587 1.598999 -0.6687886 0.5358773 -0.6712587 1.598999 -1.104047 0 -0.3540341 0.5160013 -0.5040718 0.3942614 0 0 3.103335 -2.679415 2.322819 -1.898555 2.899138 -2.899138 2.899138 -2.899138 2.322819 -1.898555 1.926866 -1.926866 1.926866 -1.926866 2.322819 -1.898555 2.372196 -1.320498 2.372196 -1.320498 2.322819 -1.898555 2.705041 -1.273895 2.372196 -1.320498 2.705041 -1.273895 2.680772 -0.429521 2.680772 -0.429521 2.705041 -1.273895 2.975763 -0.2946287 2.680772 -0.429521 2.975763 -0.2946287 2.591488 0.7555769 2.591488 0.7555769 2.975763 -0.2946287 2.839494 0.8825883 2.591488 0.7555769 2.839494 0.8825883 2.052199 1.777499 2.052199 1.777499 2.839494 0.8825883 2.279098 1.935399 2.052199 1.777499 2.279098 1.935399 1.747973 2.438153 2.052199 1.777499 1.747973 2.438153 1.08356 2.469082 1.08356 2.469082 1.747973 2.438153 0.8336259 2.851875 1.08356 2.469082 0.8336259 2.851875 -0.2961527 2.680068 -0.2961527 2.680068 0.8336259 2.851875 -0.3815694 2.965869 -0.2961527 2.680068 -0.3815694 2.965869 -1.273893 2.705042 -0.2961527 2.680068 -1.273893 2.705042 -1.394137 2.32968 -1.394137 2.32968 -1.273893 2.705042 -1.898555 2.322819 -1.394137 2.32968 -1.898555 2.322819 -1.926866 1.926866 -1.926866 1.926866 -1.898555 2.322819 -2.899138 2.899138 -2.899138 2.899138 -1.898555 2.322819 -2.679367 3.103379 0 -9.960489 2.2 -9.960666 2.2 -9.660412 0 -9.960489 2.2 -9.660412 0 -9.660397 2.2 3.520236 0 3.520157 2.2 3.220132 2.2 3.220132 0 3.520157 0 3.220132 0 6.42063 2.2 6.420299 0 7.091461 0 7.091461 2.2 6.420299 2.2 7.652208 0 7.091461 2.2 7.652208 0 8.261284 0 8.261284 2.2 7.652208 2.2 8.603417 0 8.261284 2.2 8.603417 0 9.688096 0 9.688096 2.2 8.603417 2.2 9.809254 0 9.688096 2.2 9.809254 0 10.89628 0 10.89628 2.2 9.809254 2.2 10.98142 0 10.89628 2.2 10.98142 0 12.06845 0 12.06845 2.2 10.98142 2.2 12.18961 0 12.06845 2.2 12.18961 0 13.27429 0 13.27429 2.2 12.18961 2.2 13.35943 0 13.27429 2.2 13.35943 0 14.2255 0 14.2255 2.2 13.35943 2.2 14.31064 0 14.2255 2.2 14.31064 0 14.98147 0 14.98147 2.2 14.31064 2.2 14.98147 -8.174085 2.2 -7.583468 1.790311 -6.799085 2.2 -8.174085 0 -7.770505 0.6598896 -8.174085 2.2 -8.174085 2.2 -7.770505 0.6598896 -7.804505 1.599001 -6.799085 0 -7.634047 0.3961362 -8.174085 0 -8.174085 0 -7.634047 0.3961362 -7.804505 0.4990012 -6.799085 2.2 -7.487281 1.615999 -6.799085 0 -6.799085 0 -7.487281 1.615999 -7.492431 0.5608522 -6.799085 0 -7.492431 0.5608522 -7.634047 0.3961362 -8.174085 0 -7.804505 0.4990012 -7.770505 0.6598896 -7.804505 1.599001 -7.770505 0.6598896 -7.634048 1.496136 -7.634048 1.496136 -7.770505 0.6598896 -7.614171 0.7108899 -7.492431 0.5608522 -7.487281 1.615999 -7.614171 0.7108899 -7.614171 0.7108899 -7.487281 1.615999 -7.634048 1.496136 -7.583468 1.790311 -7.487281 1.615999 -6.799085 2.2 -7.804505 1.599001 -7.770505 1.75989 -8.174085 2.2 -8.174085 2.2 -7.770505 1.75989 -7.583468 1.790311 -1.349085 2.2 -0.587268 1.779448 0.02591478 2.2 0.02591478 2.2 -0.587268 1.779448 -0.3901105 1.772335 -1.349085 0 -0.6563338 1.598998 -1.349085 2.2 -1.349085 2.2 -0.6563338 1.598998 -0.587268 1.779448 0.02591478 0 -0.4489985 0.393666 -1.349085 0 -1.349085 0 -0.4489985 0.393666 -0.6294482 0.4627319 0.02591478 2.2 -0.3901103 0.6723343 0.02591478 0 0.02591478 0 -0.3901103 0.6723343 -0.3391101 0.5160011 -0.3391101 0.5160011 -0.4489985 0.393666 0.02591478 0 -1.349085 0 -0.6294482 0.4627319 -0.5872676 0.6794475 -1.349085 0 -0.5872676 0.6794475 -0.6563338 1.598998 -0.6563338 1.598998 -0.5872676 0.6794475 -0.4891476 1.494261 -0.4891476 1.494261 -0.5872676 0.6794475 -0.3901103 0.6723343 -0.4891476 1.494261 -0.3901103 0.6723343 -0.3391101 1.616001 -0.3391101 1.616001 -0.3901103 0.6723343 0.02591478 2.2 -0.3391101 1.616001 0.02591478 2.2 -0.3901105 1.772335 -4.872852 -4.448588 -5.65342 -5.229389 -5.449171 -5.449171 -5.449171 -5.449171 -4.476899 -4.476899 -4.872852 -4.448588 -4.872852 -4.448588 -4.476899 -4.476899 -4.879713 -3.944169 -4.872852 -4.448588 -4.879713 -3.944169 -5.255074 -3.823927 -5.255074 -3.823927 -4.879713 -3.944169 -5.21604 -3.063292 -5.255074 -3.823927 -5.21604 -3.063292 -5.515901 -2.9316 -5.515901 -2.9316 -5.21604 -3.063292 -5.169762 -1.911686 -5.515901 -2.9316 -5.169762 -1.911686 -5.401909 -1.716413 -5.401909 -1.716413 -5.169762 -1.911686 -4.656888 -0.8376702 -5.401909 -1.716413 -4.656888 -0.8376702 -4.988186 -0.80206 -4.988186 -0.80206 -4.656888 -0.8376702 -4.485432 -0.2709344 -4.485432 -0.2709344 -4.656888 -0.8376702 -3.744137 -0.1291199 -4.485432 -0.2709344 -3.744137 -0.1291199 -3.655658 0.2280386 -3.655658 0.2280386 -3.744137 -0.1291199 -2.743415 0.4340208 -2.743415 0.4340208 -3.744137 -0.1291199 -2.592552 0.164598 -2.743415 0.4340208 -2.592552 0.164598 -1.775238 0.338161 -1.775238 0.338161 -2.592552 0.164598 -1.661529 0.01542758 -1.775238 0.338161 -1.661529 0.01542758 -0.6489976 -0.2289237 -0.6489976 -0.2289237 -1.661529 0.01542758 -0.6229135 -0.6233797 -0.6489976 -0.2289237 -0.6229135 -0.6233797 0.3490942 0.3491154 -0.6489976 -0.2289237 0.3490942 0.3491154 0.129202 0.553466 0.7 0.5099344 0.4 0.5005211 0.6999999 0.3204409 0.6999999 0.3204409 0.4 0.5005211 0.4 0.3026385 0.6999999 0.3204409 0.4 0.3026385 0.7 0.1424189 0.7 0.1424189 0.4 0.3026385 0.4 0.1246166 0.7 0.1424189 0.4 0.1246166 0.7 -0.03560346 0.7 -0.03560346 0.4 0.1246166 0.4 -0.053406 0.7 -0.03560346 0.4 -0.053406 0.7 -0.2556709 0.7 -0.2556709 0.4 -0.053406 0.4 -0.2818247 0.7 -0.2556709 0.4 -0.2818247 0.7 -0.4806627 0.7 -0.4806627 0.4 -0.2818247 0.4 -0.498465 0.7 -0.3916501 0.4 -0.4984673 0.7 -0.534071 0.7000001 0.4564235 0.4 0.534071 0.4 0.391652 0.7000001 0.4564235 0.4 0.391652 0.6999999 0.2314321 0.6999999 0.2314321 0.4 0.391652 0.4 0.1666592 0.6999999 0.2314321 0.4 0.1666592 0.7 0.05340975 0.7 0.05340975 0.4 0.1666592 0.4 -0.1003765 0.7 0.05340975 0.4 -0.1003765 0.7 -0.1666591 0.7 -0.1666591 0.4 -0.1003765 0.4 -0.3204438 0.7 -0.1666591 0.4 -0.3204438 0.7 -0.3916501 0.7 -0.3916501 0.4 -0.3204438 0.4 -0.4984673 0.7 -0.3916506 0.4 -0.4984671 0.7 -0.534071 0.7 0.4564231 0.4 0.534071 0.4 0.3916517 0.7 0.4564231 0.4 0.3916517 0.7 0.2314313 0.7 0.2314313 0.4 0.3916517 0.4 0.1666589 0.7 0.2314313 0.4 0.1666589 0.6999999 0.05340981 0.6999999 0.05340981 0.4 0.1666589 0.4 -0.05340951 0.6999999 0.05340981 0.4 -0.05340951 0.7 -0.1666586 0.7 -0.1666586 0.4 -0.05340951 0.4 -0.2783999 0.7 -0.1666586 0.4 -0.2783999 0.7 -0.3916506 0.7 -0.3916506 0.4 -0.2783999 0.4 -0.4984671 0.7 0.534071 0.4 0.534071 0.6999999 0.3674115 0.6999999 0.3674115 0.4 0.534071 0.4 0.3412581 0.6999999 0.3674115 0.4 0.3412581 0.6999999 0.1424193 0.6999999 0.1424193 0.4 0.3412581 0.4 0.124617 0.6999999 0.1424193 0.4 0.124617 0.7 -0.03560364 0.7 -0.03560364 0.4 0.124617 0.4 -0.05340605 0.7 -0.03560364 0.4 -0.05340605 0.7 -0.2556709 0.7 -0.2556709 0.4 -0.05340605 0.4 -0.2818245 0.7 -0.2556709 0.4 -0.2818245 0.7 -0.4806627 0.7 -0.4806627 0.4 -0.2818245 0.4 -0.4984648 0.3 0.2240303 0 0.2261947 0 0.07478123 0.3 0.2240303 0 0.07478123 0.3 0.08912366 0.3 0.08912366 0 0.07478123 0.3 -0.074781 0.3 -0.074781 0 0.07478123 0 -0.08912348 0.3 -0.074781 0 -0.08912348 0 -0.2240302 0.3 -0.074781 0 -0.2240302 0.3 -0.2261946 0.3 -0.1156392 0 -0.1536887 0.3 -0.251327 0.3 -0.251327 0 -0.1536887 0 -0.251327 0.3 0.1955764 0 0.181415 0.3 0.04884761 0.3 0.04884761 0 0.181415 0 0.01386296 0.3 0.04884761 0 0.01386296 0.3 -0.1156392 0.3 -0.1156392 0 0.01386296 0 -0.1536887 0.3 0.251327 0 0.2155035 0.3 0.1536887 0.3 0.1536887 0 0.2155035 0 0.03186327 0.3 0.1536887 0 0.03186327 0.3 0.005347609 0.3 0.005347609 0 0.03186327 0.3 -0.1622627 0.3 -0.1622627 0 0.03186327 0 -0.1326237 0.3 -0.1622627 0 -0.1326237 0 -0.2345724 0.3 0.2345722 0 0.2261949 0.3 0.1310113 0.3 0.1310113 0 0.2261949 0 0.1203165 0.3 0.1310113 0 0.1203165 0.3 -0.03563791 0.3 -0.03563791 0 0.1203165 0 -0.02802485 0.3 -0.03563791 0 -0.02802485 0 -0.2055382 0.3 -0.03563791 0 -0.2055382 0.3 -0.2155035 0.3 -0.3483275 0 -0.3747571 0.3 -0.539717 0.3 -0.539717 0 -0.3747571 0 -0.539717 0.3 0.5037365 0 0.4382798 0.3 0.3238323 0.3 0.3238323 0 0.4382798 0 0.2158856 0.3 0.3238323 0 0.2158856 0.3 0.1014376 0.3 0.1014376 0 0.2158856 0 0.03598052 0.3 0.1014376 0 0.03598052 0.3 -0.1259337 0.3 -0.1259337 0 0.03598052 0 -0.1439241 0.3 -0.1259337 0 -0.1439241 0.3 -0.3483275 0.3 -0.3483275 0 -0.1439241 0 -0.3747571 -2 -0.539717 -1.7 -0.539717 -2 -0.4137837 -2 -0.4137837 -1.7 -0.539717 -1.7 -0.3957934 -2 -0.4137837 -1.7 -0.3957934 -2 -0.1913903 -2 -0.1913903 -1.7 -0.3957934 -1.7 -0.1649605 -2 -0.1913903 -1.7 -0.1649605 -2 0.03598052 -2 0.03598052 -1.7 -0.1649605 -1.7 0.1014376 -2 0.03598052 -1.7 0.1014376 -2 0.2158856 -2 0.2158856 -1.7 0.1014376 -1.7 0.3238323 -2 0.2158856 -1.7 0.3238323 -2 0.4382798 -2 0.4382798 -1.7 0.3238323 -1.7 0.5037365 0.3 -0.3483269 0 -0.3747563 0.3 -0.539717 0.3 -0.539717 0 -0.3747563 0 -0.539717 0.3 0.5037377 0 0.4348183 0.3 0.3238323 0.3 0.3238323 0 0.4348183 0 0.2158858 0.3 0.3238323 0 0.2158858 0.3 0.1014379 0.3 0.1014379 0 0.2158858 0 0.03598117 0.3 0.1014379 0 0.03598117 0.3 -0.1259334 0.3 -0.1259334 0 0.03598117 0 -0.143924 0.3 -0.1259334 0 -0.143924 0.3 -0.3483269 0.3 -0.3483269 0 -0.143924 0 -0.3747563 -2 -0.539717 -1.7 -0.539717 -2 -0.3747564 -2 -0.3747564 -1.7 -0.539717 -1.7 -0.3483269 -2 -0.3747564 -1.7 -0.3483269 -2 -0.1439241 -2 -0.1439241 -1.7 -0.3483269 -1.7 -0.1259336 -2 -0.1439241 -1.7 -0.1259336 -2 0.03598117 -2 0.03598117 -1.7 -0.1259336 -1.7 0.1014379 -2 0.03598117 -1.7 0.1014379 -2 0.2158858 -2 0.2158858 -1.7 0.1014379 -1.7 0.3238323 -2 0.2158858 -1.7 0.3238323 -2 0.4348182 -2 0.4348182 -1.7 0.3238323 -1.7 0.5037377 0.4412514 1.262409 0.3874204 0.6058165 0.5866619 0.5986285 0.4412514 1.262409 0.5866619 0.5986285 0.5992383 1.313948 0.5992383 1.313948 0.5866619 0.5986285 1.275611 0 1.275611 0 0.5866619 0.5986285 0.617394 0.4058045 1.275611 0 0.617394 0.4058045 0.441252 0.3124092 1.275611 0 0.441252 0.3124092 0 0 0 0 0.441252 0.3124092 0.3176236 0.4234592 0 0 0.3176236 0.4234592 0.3874204 0.6058165 0 0 0.3874204 0.6058165 0.3176236 1.373459 0.3176236 1.373459 0.3874204 0.6058165 0.4412514 1.262409 0.6031342 1.515105 1.275611 1.9 0.3855051 1.552523 0.3855051 1.552523 1.275611 1.9 0 1.9 0.3855051 1.552523 0 1.9 0.3176236 1.373459 0.3176236 1.373459 0 1.9 0 0 1.275611 1.9 0.6031342 1.515105 0.5992383 1.313948 1.275611 0 1.275611 1.9 0.5992383 1.313948 0 0 0.3 0 0 1.9 0 1.9 0.3 0 0.3 1.9 0.3763722 0.5860523 0.534359 0.6375908 0.5881909 1.294183 0.5881909 1.294183 0.534359 0.6375908 0.657987 0.5265409 0.5881909 1.294183 0.657987 0.5265409 0.657987 1.476541 0.657987 1.476541 0.657987 0.5265409 0.975611 0 0.975611 0 0.657987 0.5265409 0.5881906 0.3441836 0.975611 0 0.5881906 0.3441836 0 0 0 0 0.5881906 0.3441836 0.3724768 0.3848946 0 0 0.3724768 0.3848946 0.3582164 1.494195 0 0 0.3582164 1.494195 0 1.9 0.3724768 0.3848946 0.3763722 0.5860523 0.3582164 1.494195 0.3582164 1.494195 0.3763722 0.5860523 0.3889486 1.301371 0.3889486 1.301371 0.3763722 0.5860523 0.5881909 1.294183 0.5343578 1.587591 0.975611 1.9 0 1.9 0.5343578 1.587591 0 1.9 0.3582164 1.494195 0.5343578 1.587591 0.657987 1.476541 0.975611 1.9 0.975611 1.9 0.657987 1.476541 0.975611 0 0.8387573 1.483878 0.3041949 0.9233819 0.8757038 0.4047267 0.8387573 1.483878 0.8757038 0.4047267 1.407203 0.8983585 1.407203 0.8983585 0.8757038 0.4047267 1.7 0 1.407203 0.8983585 1.7 0 1.508728 0.9581271 1.508728 0.9581271 1.7 0 1.7 1.9 1.508728 0.9581271 1.7 1.9 1.408041 1.009383 1.408041 1.009383 1.7 1.9 0.8979299 1.586399 1.408041 1.009383 0.8979299 1.586399 0.8387573 1.483878 1.408041 1.009383 0.8387573 1.483878 1.407203 0.8983585 0.3041949 0.9233819 0.8387573 1.483878 0.2448933 1.023289 0.2448933 1.023289 0.8387573 1.483878 0.7839765 1.582222 0.2448933 1.023289 0.7839765 1.582222 0 1.9 0.2448933 1.023289 0 1.9 0.1871157 0.9266757 0.1871157 0.9266757 0 1.9 0 0 0.1871157 0.9266757 0 0 0.3041949 0.9233819 0.3041949 0.9233819 0 0 0.7767109 0.3448936 0.3041949 0.9233819 0.7767109 0.3448936 0.8757038 0.4047267 0 1.9 0.7839765 1.582222 0.8979299 1.586399 0 1.9 0.8979299 1.586399 1.7 1.9 0.8733243 0.2871157 0 0 1.7 0 0.8733243 0.2871157 1.7 0 0.8757038 0.4047267 0.8733243 0.2871157 0.7767109 0.3448936 0 0 0.4412514 1.262409 0.3874204 0.6058164 0.6031338 0.5651054 0.4412514 1.262409 0.6031338 0.5651054 0.5992383 1.313948 0.5992383 1.313948 0.6031338 0.5651054 0.6031342 1.515105 0.6031342 1.515105 0.6031338 0.5651054 0.975611 0 0.975611 0 0.6031338 0.5651054 0.5992383 0.3639478 0.5992383 0.3639478 0.441252 0.3124092 0.975611 0 0.975611 0 0.441252 0.3124092 0 0 0 0 0.441252 0.3124092 0.3176236 0.4234592 0 0 0.3176236 0.4234592 0.3176236 1.373459 0 0 0.3176236 1.373459 0 1.9 0 1.9 0.3176236 1.373459 0.3855052 1.552523 0.3176236 0.4234592 0.3874204 0.6058164 0.3176236 1.373459 0.3176236 1.373459 0.3874204 0.6058164 0.4412514 1.262409 0.6031342 1.515105 0.975611 1.9 0.3855052 1.552523 0.3855052 1.552523 0.975611 1.9 0 1.9 0.975611 1.9 0.6031342 1.515105 0.975611 0 0 0 0.3 0 0 1.9 0 1.9 0.3 0 0.3 1.9 0.6582168 0.5441956 0.8343591 0.6375908 0.8881909 1.294183 0.8881909 1.294183 0.8343591 0.6375908 0.957987 0.5265409 0.8881909 1.294183 0.957987 0.5265409 1.275611 0 0.8881909 1.294183 1.275611 0 1.275611 1.9 1.275611 0 0.957987 0.5265409 0.8881906 0.3441836 1.275611 0 0.8881906 0.3441836 0 0 0 0 0.8881906 0.3441836 0.6889485 0.3513715 0.6889485 0.3513715 0.6582168 0.5441956 0 0 0 0 0.6582168 0.5441956 0.6889488 1.301371 0.6889488 1.301371 0.6582168 0.5441956 0.8881909 1.294183 0.8343579 1.587591 1.275611 1.9 0 1.9 0.8343579 1.587591 0 1.9 0.6582165 1.494195 0.6582165 1.494195 0 1.9 0.6889488 1.301371 0.6889488 1.301371 0 1.9 0 0 0.8343579 1.587591 0.957987 1.476541 1.275611 1.9 1.275611 1.9 0.957987 1.476541 0.8881909 1.294183 1.138757 1.483878 0.5612426 1.016121 0.6016415 0.9072027 1.138757 1.483878 0.6016415 0.9072027 1.677593 0.9433538 1.677593 0.9433538 0.6016415 0.9072027 1.126676 0.4128843 1.677593 0.9433538 1.126676 0.4128843 1.773324 0.8871157 1.773324 0.8871157 1.126676 0.4128843 1.223289 0.3551064 1.773324 0.8871157 1.223289 0.3551064 2.3 0 2.3 0 1.223289 0.3551064 1.124296 0.2952733 0.5612426 1.016121 1.138757 1.483878 1.083976 1.582222 0.5612426 1.016121 1.083976 1.582222 0 1.9 1.083976 1.582222 1.19793 1.586398 0 1.9 0 1.9 1.19793 1.586398 2.3 1.9 2.3 1.9 1.19793 1.586398 1.772326 1.004923 1.772326 1.004923 1.19793 1.586398 1.138757 1.483878 1.772326 1.004923 1.138757 1.483878 1.677593 0.9433538 0.4871157 0.9266757 0 0 0.6016415 0.9072027 0.6016415 0.9072027 0 0 1.124296 0.2952733 0.6016415 0.9072027 1.124296 0.2952733 1.126676 0.4128843 0 0 0.4871157 0.9266757 0 1.9 0 1.9 0.4871157 0.9266757 0.5612426 1.016121 2.3 1.9 1.772326 1.004923 2.3 0 2.3 0 1.772326 1.004923 1.773324 0.8871157 1.124296 0.2952733 0 0 2.3 0 -1.15 0.637805 -1.15 -0.637805 -0.85 -0.337805 -0.85 -0.337805 -1.15 -0.637805 1.15 -0.637805 -0.85 -0.337805 1.15 -0.637805 0.85 -0.337805 0.85 -0.337805 1.15 -0.637805 1.15 0.637805 0.85 -0.337805 1.15 0.637805 0.85 0.637805 -0.85 -0.337805 -0.85 0.637805 -1.15 0.637805 -1.15 0.637805 -1.15 -0.637805 -0.85 -0.337805 -0.85 -0.337805 -1.15 -0.637805 1.15 -0.637805 -0.85 -0.337805 1.15 -0.637805 0.85 -0.337805 0.85 -0.337805 1.15 -0.637805 1.15 0.637805 0.85 -0.337805 1.15 0.637805 0.85 0.637805 -0.85 -0.337805 -0.85 0.637805 -1.15 0.637805</float_array>
          <technique_common>
            <accessor source="#edf_torsional_housing_006-mesh-map-0-array" count="3720" stride="2">
              <param name="S" type="float"/>
              <param name="T" type="float"/>
            </accessor>
          </technique_common>
        </source>
        <vertices id="edf_torsional_housing_006-mesh-vertices">
          <input semantic="POSITION" source="#edf_torsional_housing_006-mesh-positions"/>
        </vertices>
        <triangles material="Plastic_-_Matte__Black__010-material" count="494">
          <input semantic="VERTEX" source="#edf_torsional_housing_006-mesh-vertices" offset="0"/>
          <input semantic="NORMAL" source="#edf_torsional_housing_006-mesh-normals" offset="1"/>
          <input semantic="TEXCOORD" source="#edf_torsional_housing_006-mesh-map-0" offset="2" set="0"/>
          <p>1 0 0 16 0 1 0 0 2 0 1 3 16 1 4 20 1 5 0 2 6 20 2 7 9 2 8 16 3 9 1 3 10 2 3 11 16 4 12 2 4 13 26 4 14 26 5 15 2 5 16 15 5 17 15 6 18 2 6 19 3 6 20 15 7 21 3 7 22 32 7 23 32 8 24 3 8 25 14 8 26 14 9 27 3 9 28 4 9 29 14 10 30 4 10 31 38 10 32 38 11 33 4 11 34 13 11 35 13 12 36 4 12 37 5 12 38 13 13 39 5 13 40 44 13 41 44 14 42 5 14 43 12 14 44 12 15 45 5 15 46 6 15 47 12 16 48 6 16 49 50 16 50 50 17 51 6 17 52 11 17 53 11 18 54 6 18 55 7 18 56 11 19 57 7 19 58 56 19 59 56 20 60 7 20 61 10 20 62 10 21 63 7 21 64 8 21 65 10 22 66 8 22 67 62 22 68 62 23 69 8 23 70 9 23 71 9 24 72 8 24 73 0 24 74 17 25 75 18 26 76 20 27 77 20 27 78 18 26 79 19 28 80 22 29 81 18 29 82 17 29 83 22 30 84 17 30 85 21 30 86 23 31 87 24 32 88 25 33 89 23 31 90 25 33 91 26 34 92 28 35 93 24 35 94 27 35 95 27 36 96 24 36 97 23 36 98 29 37 99 30 38 100 32 39 101 32 39 102 30 38 103 31 40 104 34 41 105 30 41 106 29 41 107 34 42 108 29 42 109 33 42 110 35 43 111 36 44 112 38 45 113 38 45 114 36 44 115 37 46 116 35 47 117 40 47 118 36 47 119 35 48 120 39 48 121 40 48 122 44 49 123 41 50 124 42 51 125 44 49 126 42 51 127 43 52 128 42 53 129 41 53 130 46 53 131 46 54 132 41 54 133 45 54 134 47 55 135 48 56 136 49 57 137 47 55 138 49 57 139 50 58 140 47 59 141 52 59 142 48 59 143 47 60 144 51 60 145 52 60 146 53 61 147 54 62 148 55 63 149 53 61 150 55 63 151 56 64 152 53 65 153 57 65 154 54 65 155 54 66 156 57 66 157 58 66 158 63 67 159 61 67 160 59 67 161 63 68 162 60 68 163 61 68 164 64 69 165 62 70 166 63 71 167 64 69 168 63 71 169 59 72 170 68 73 171 69 74 172 73 75 173 73 75 174 69 74 175 70 76 176 73 75 177 70 76 178 71 77 179 7 78 180 6 79 181 74 80 182 7 78 183 74 80 184 8 81 185 8 81 186 74 80 187 75 82 188 8 81 189 75 82 190 0 83 191 77 84 192 1 85 193 76 86 194 76 86 195 1 85 196 0 83 197 76 86 198 0 83 199 75 82 200 76 86 201 75 82 202 82 87 203 82 87 204 75 82 205 74 88 206 82 87 207 74 88 208 81 89 209 81 89 210 74 88 211 6 90 212 81 89 213 6 90 214 5 91 215 81 89 216 5 91 217 80 92 218 80 92 219 5 91 220 79 93 221 79 93 222 5 91 223 4 94 224 79 93 225 4 94 226 78 95 227 78 95 228 4 94 229 3 96 230 78 95 231 3 96 232 77 84 233 77 84 234 3 96 235 2 97 236 77 84 237 2 97 238 1 85 239 62 70 240 9 98 241 63 71 242 63 71 243 9 98 244 65 99 245 63 100 246 65 101 247 60 102 248 60 102 249 65 101 250 90 103 251 62 104 252 90 105 253 10 106 254 65 99 255 9 98 256 83 107 257 65 99 258 83 107 259 21 108 260 9 109 261 20 110 262 83 111 263 65 99 264 21 108 265 66 112 266 66 112 267 21 108 268 17 113 269 66 114 270 17 25 271 16 115 272 16 115 273 17 25 274 20 27 275 66 114 276 16 115 277 67 116 278 67 116 279 16 115 280 26 117 281 67 116 282 26 117 283 84 118 284 67 116 285 84 118 286 27 119 287 67 116 288 27 119 289 68 120 290 68 120 291 27 119 292 23 121 293 68 73 294 23 31 295 15 122 296 15 122 297 23 31 298 26 34 299 68 73 300 15 122 301 69 74 302 69 74 303 15 122 304 32 123 305 69 74 306 32 123 307 85 124 308 69 74 309 85 124 310 33 125 311 69 74 312 33 125 313 70 126 314 70 126 315 33 125 316 29 127 317 70 128 318 29 37 319 14 129 320 14 129 321 29 37 322 32 39 323 70 128 324 14 129 325 38 130 326 70 128 327 38 130 328 86 131 329 70 76 330 86 132 331 71 77 332 71 77 333 86 132 334 39 133 335 71 77 336 39 133 337 13 134 338 71 77 339 13 134 340 72 135 341 72 135 342 13 134 343 44 136 344 72 135 345 44 136 346 87 137 347 39 133 348 35 43 349 13 134 350 13 134 351 35 43 352 38 45 353 72 135 354 87 137 355 45 138 356 72 139 357 45 140 358 93 141 359 93 141 360 45 140 361 12 142 362 45 140 363 41 50 364 12 142 365 12 142 366 41 50 367 44 49 368 12 142 369 50 143 370 93 141 371 50 143 372 88 144 373 93 141 374 93 145 375 88 146 376 51 147 377 51 148 378 47 55 379 11 149 380 11 149 381 47 55 382 50 58 383 51 148 384 11 149 385 92 150 386 92 150 387 11 149 388 56 151 389 92 150 390 56 151 391 89 152 392 89 153 393 57 154 394 92 155 395 92 155 396 57 154 397 91 156 398 91 156 399 57 154 400 53 157 401 91 158 402 53 61 403 10 106 404 10 106 405 53 61 406 56 64 407 91 158 408 10 106 409 90 105 410 90 103 411 94 159 412 60 102 413 61 160 414 60 102 415 94 159 416 64 161 417 94 161 418 62 161 419 62 162 420 94 162 421 90 162 422 27 119 423 84 118 424 95 163 425 27 119 426 95 163 427 28 164 428 25 165 429 95 165 430 26 165 431 26 166 432 95 166 433 84 166 434 31 167 435 85 167 436 32 167 437 31 168 438 96 168 439 85 168 440 86 132 441 97 169 442 39 133 443 39 133 444 97 169 445 40 170 446 37 171 447 97 171 448 38 171 449 97 172 450 86 172 451 38 172 452 43 173 453 98 173 454 44 173 455 44 174 456 98 174 457 87 174 458 49 175 459 99 175 460 50 175 461 99 176 462 88 176 463 50 176 464 57 154 465 89 153 466 58 177 467 58 177 468 89 153 469 100 178 470 55 179 471 89 179 472 56 179 473 89 180 474 55 180 475 100 180 476 76 181 477 65 181 478 66 181 479 76 182 480 66 182 481 77 182 482 77 183 483 66 183 484 67 183 485 77 184 486 67 184 487 68 184 488 82 185 489 65 185 490 76 185 491 65 186 492 82 186 493 90 186 494 90 187 495 82 187 496 91 187 497 91 188 498 82 188 499 92 188 500 92 189 501 82 189 502 81 189 503 92 190 504 81 190 505 51 190 506 51 191 507 81 191 508 93 191 509 93 192 510 81 192 511 72 192 512 72 193 513 81 193 514 80 193 515 72 194 516 80 194 517 79 194 518 72 195 519 79 195 520 71 195 521 71 196 522 79 196 523 73 196 524 73 197 525 79 197 526 78 197 527 73 198 528 78 198 529 68 198 530 68 199 531 78 199 532 77 199 533 19 200 534 101 200 535 20 200 536 20 201 537 101 201 538 83 201 539 21 108 540 83 107 541 22 202 542 22 202 543 83 107 544 101 203 545 33 125 546 85 124 547 34 204 548 34 204 549 85 124 550 96 205 551 45 138 552 87 137 553 98 206 554 45 138 555 98 206 556 46 207 557 88 146 558 99 208 559 51 147 560 51 147 561 99 208 562 52 209 563 61 210 564 104 211 565 59 212 566 59 212 567 104 211 568 64 213 569 64 213 570 104 211 571 105 214 572 64 213 573 105 214 574 94 215 575 22 202 576 101 203 577 123 216 578 22 217 579 123 218 580 18 219 581 18 219 582 123 218 583 102 220 584 18 219 585 102 220 586 19 221 587 19 221 588 102 220 589 101 222 590 28 164 591 95 163 592 124 223 593 124 223 594 95 163 595 119 224 596 95 163 597 25 225 598 119 224 599 25 225 600 24 226 601 119 224 602 96 227 603 126 228 604 34 229 605 34 229 606 126 228 607 127 230 608 34 229 609 127 230 610 116 231 611 116 231 612 127 230 613 128 232 614 31 233 615 117 234 616 96 227 617 96 227 618 117 234 619 126 228 620 31 233 621 30 235 622 117 234 623 117 234 624 30 235 625 116 236 626 116 236 627 30 235 628 34 237 629 97 169 630 128 238 631 40 170 632 40 170 633 128 238 634 129 239 635 40 170 636 129 239 637 114 240 638 97 169 639 37 241 640 128 238 641 128 232 642 37 242 643 115 243 644 128 232 645 115 243 646 116 231 647 115 243 648 37 242 649 114 244 650 114 244 651 37 242 652 36 245 653 114 244 654 36 245 655 40 246 656 42 247 657 46 248 658 112 249 659 46 207 660 98 206 661 130 250 662 130 250 663 98 206 664 43 251 665 43 251 666 112 249 667 113 252 668 43 251 669 113 252 670 130 250 671 130 250 672 113 252 673 129 239 674 129 239 675 113 252 676 114 240 677 112 249 678 43 251 679 42 247 680 109 253 681 52 254 682 132 255 683 109 253 684 132 255 685 100 256 686 109 253 687 100 256 688 108 257 689 108 257 690 100 256 691 55 258 692 49 259 693 110 260 694 99 261 695 110 260 696 49 259 697 48 262 698 110 260 699 48 262 700 109 253 701 109 253 702 48 262 703 52 254 704 101 222 705 102 220 706 122 263 707 122 263 708 102 220 709 103 264 710 122 263 711 103 264 712 61 210 713 61 210 714 103 264 715 104 211 716 105 214 717 106 265 718 94 215 719 94 215 720 106 265 721 121 266 722 121 266 723 106 265 724 107 267 725 121 266 726 107 267 727 58 268 728 58 268 729 107 267 730 54 269 731 54 269 732 107 267 733 55 258 734 55 258 735 107 267 736 108 257 737 110 260 738 111 270 739 99 261 740 99 261 741 111 270 742 131 271 743 131 271 744 111 270 745 112 249 746 131 271 747 112 249 748 46 248 749 126 228 750 117 234 751 125 272 752 125 272 753 117 234 754 118 273 755 125 272 756 118 273 757 28 274 758 28 274 759 118 273 760 24 226 761 118 273 762 119 224 763 24 226 764 120 275 765 124 223 766 119 224 767 124 223 768 120 275 769 123 218 770 123 218 771 120 275 772 102 220 773 166 276 774 134 276 775 135 276 776 166 277 777 135 277 778 165 277 779 165 278 780 135 278 781 136 278 782 165 279 783 136 279 784 164 279 785 164 276 786 136 276 787 137 276 788 137 280 789 138 280 790 163 280 791 163 281 792 138 281 793 139 281 794 163 276 795 139 276 796 162 276 797 162 276 798 139 276 799 140 276 800 140 282 801 141 282 802 161 282 803 161 276 804 141 276 805 160 276 806 160 276 807 141 276 808 142 276 809 160 283 810 142 283 811 143 283 812 143 284 813 144 284 814 159 284 815 159 276 816 144 276 817 145 276 818 159 285 819 145 285 820 158 285 821 158 276 822 145 276 823 157 276 824 157 276 825 145 276 826 146 276 827 157 276 828 146 276 829 156 276 830 156 286 831 146 286 832 147 286 833 156 287 834 147 287 835 148 287 836 148 288 837 149 288 838 155 288 839 155 276 840 149 276 841 150 276 842 150 276 843 151 276 844 154 276 845 154 276 846 151 276 847 152 276 848 154 276 849 152 276 850 153 276 851 153 289 852 152 289 853 133 289 854 153 276 855 133 276 856 134 276 857 168 290 858 134 291 859 167 292 860 167 292 861 134 291 862 133 293 863 167 292 864 133 293 865 152 294 866 134 291 867 168 290 868 135 295 869 135 295 870 168 290 871 169 296 872 135 295 873 169 296 874 136 297 875 136 297 876 169 296 877 170 298 878 136 297 879 170 298 880 137 299 881 137 299 882 170 298 883 171 300 884 137 299 885 171 300 886 138 301 887 138 301 888 171 300 889 172 302 890 138 301 891 172 302 892 139 303 893 139 303 894 172 302 895 140 304 896 140 304 897 172 302 898 173 305 899 140 304 900 173 305 901 141 306 902 141 306 903 173 305 904 174 307 905 141 306 906 174 307 907 142 308 908 142 308 909 174 307 910 143 309 911 143 309 912 174 307 913 175 310 914 143 309 915 175 310 916 144 311 917 144 311 918 175 310 919 176 312 920 144 311 921 176 312 922 145 313 923 145 313 924 176 312 925 177 314 926 145 313 927 177 314 928 146 315 929 146 315 930 177 314 931 178 316 932 146 315 933 178 316 934 147 317 935 147 317 936 178 316 937 148 318 938 148 318 939 178 316 940 179 319 941 148 318 942 179 319 943 149 320 944 149 320 945 179 319 946 180 321 947 149 320 948 180 321 949 150 322 950 150 322 951 180 321 952 151 323 953 151 323 954 180 321 955 181 324 956 151 323 957 181 324 958 152 294 959 152 294 960 181 324 961 167 292 962 100 325 963 172 325 964 171 325 965 172 326 966 100 326 967 132 326 968 172 327 969 132 327 970 173 327 971 173 328 972 132 328 973 52 328 974 173 329 975 52 329 976 99 329 977 173 330 978 99 330 979 131 330 980 173 331 981 131 331 982 174 331 983 174 332 984 131 332 985 46 332 986 174 333 987 46 333 988 130 333 989 174 334 990 130 334 991 175 334 992 175 335 993 130 335 994 129 335 995 175 336 996 129 336 997 176 336 998 176 337 999 129 337 1000 128 337 1001 176 338 1002 128 338 1003 177 338 1004 177 339 1005 128 339 1006 178 339 1007 178 340 1008 128 340 1009 127 340 1010 178 341 1011 127 341 1012 126 341 1013 178 342 1014 126 342 1015 179 342 1016 179 343 1017 126 343 1018 125 343 1019 179 344 1020 125 344 1021 180 344 1022 180 345 1023 125 345 1024 28 345 1025 180 346 1026 28 346 1027 124 346 1028 180 347 1029 124 347 1030 181 347 1031 181 348 1032 124 348 1033 123 348 1034 181 349 1035 123 349 1036 167 349 1037 167 350 1038 123 350 1039 101 350 1040 167 351 1041 101 351 1042 168 351 1043 168 352 1044 101 352 1045 122 352 1046 168 353 1047 122 353 1048 61 353 1049 168 354 1050 61 354 1051 169 354 1052 169 355 1053 61 355 1054 94 355 1055 169 356 1056 94 356 1057 170 356 1058 170 357 1059 94 357 1060 121 357 1061 170 358 1062 121 358 1063 171 358 1064 171 359 1065 121 359 1066 58 359 1067 58 360 1068 100 360 1069 171 360 1070 134 361 1071 182 362 1072 183 363 1073 134 361 1074 183 363 1075 153 364 1076 153 364 1077 183 363 1078 154 365 1079 154 365 1080 183 363 1081 184 366 1082 154 365 1083 184 366 1084 150 367 1085 150 367 1086 184 366 1087 185 368 1088 150 367 1089 185 368 1090 155 369 1091 155 369 1092 185 368 1093 186 370 1094 155 369 1095 186 370 1096 148 371 1097 148 371 1098 186 370 1099 187 372 1100 148 371 1101 187 372 1102 156 373 1103 156 373 1104 187 372 1105 188 374 1106 156 373 1107 188 374 1108 157 375 1109 157 375 1110 188 374 1111 189 376 1112 157 375 1113 189 376 1114 158 377 1115 158 377 1116 189 376 1117 190 378 1118 158 377 1119 190 378 1120 159 379 1121 159 379 1122 190 378 1123 191 380 1124 159 379 1125 191 380 1126 143 381 1127 143 381 1128 191 380 1129 192 382 1130 143 381 1131 192 382 1132 160 383 1133 160 383 1134 192 382 1135 193 384 1136 160 383 1137 193 384 1138 161 385 1139 161 385 1140 193 384 1141 194 386 1142 161 385 1143 194 386 1144 195 387 1145 161 385 1146 195 387 1147 140 388 1148 140 388 1149 195 387 1150 196 389 1151 140 388 1152 196 389 1153 162 390 1154 162 390 1155 196 389 1156 163 391 1157 163 391 1158 196 389 1159 197 392 1160 163 391 1161 197 392 1162 137 393 1163 137 393 1164 197 392 1165 198 394 1166 137 393 1167 198 394 1168 164 395 1169 164 395 1170 198 394 1171 199 396 1172 164 395 1173 199 396 1174 165 397 1175 165 397 1176 199 396 1177 200 398 1178 165 397 1179 200 398 1180 166 399 1181 166 399 1182 200 398 1183 201 400 1184 166 399 1185 201 400 1186 182 362 1187 166 399 1188 182 362 1189 134 361 1190 203 401 1191 216 402 1192 202 403 1193 202 403 1194 216 402 1195 217 404 1196 216 402 1197 203 401 1198 230 405 1199 230 405 1200 203 401 1201 201 406 1202 230 405 1203 201 406 1204 204 407 1205 230 405 1206 204 407 1207 229 408 1208 229 408 1209 204 407 1210 205 409 1211 229 408 1212 205 409 1213 228 410 1214 228 410 1215 205 409 1216 198 411 1217 228 410 1218 198 411 1219 227 412 1220 227 412 1221 198 411 1222 206 413 1223 227 412 1224 206 413 1225 226 414 1226 226 414 1227 206 413 1228 207 415 1229 226 414 1230 207 415 1231 225 416 1232 225 416 1233 207 415 1234 194 417 1235 225 416 1236 194 417 1237 208 418 1238 225 416 1239 208 418 1240 224 419 1241 224 419 1242 208 418 1243 192 420 1244 224 419 1245 192 420 1246 209 421 1247 224 419 1248 209 421 1249 223 422 1250 223 422 1251 209 421 1252 210 423 1253 223 422 1254 210 423 1255 222 424 1256 222 424 1257 210 423 1258 211 425 1259 222 424 1260 211 425 1261 221 426 1262 221 426 1263 211 425 1264 212 427 1265 221 426 1266 212 427 1267 220 428 1268 220 428 1269 212 427 1270 187 429 1271 220 428 1272 187 429 1273 213 430 1274 220 428 1275 213 430 1276 219 431 1277 219 431 1278 213 430 1279 185 432 1280 219 431 1281 185 432 1282 218 433 1283 218 433 1284 185 432 1285 214 434 1286 218 433 1287 214 434 1288 215 435 1289 218 433 1290 215 435 1291 217 404 1292 217 404 1293 215 435 1294 202 403 1295 182 436 1296 203 436 1297 202 436 1298 203 436 1299 182 436 1300 201 436 1301 201 436 1302 200 436 1303 204 436 1304 204 436 1305 200 436 1306 199 436 1307 204 437 1308 199 437 1309 205 437 1310 205 436 1311 199 436 1312 198 436 1313 198 436 1314 197 436 1315 206 436 1316 206 436 1317 197 436 1318 196 436 1319 206 436 1320 196 436 1321 195 436 1322 206 438 1323 195 438 1324 207 438 1325 207 436 1326 195 436 1327 194 436 1328 194 439 1329 193 439 1330 208 439 1331 208 436 1332 193 436 1333 192 436 1334 209 440 1335 192 440 1336 191 440 1337 209 436 1338 191 436 1339 210 436 1340 210 436 1341 191 436 1342 190 436 1343 210 441 1344 190 441 1345 189 441 1346 210 442 1347 189 442 1348 211 442 1349 211 436 1350 189 436 1351 188 436 1352 211 443 1353 188 443 1354 212 443 1355 212 436 1356 188 436 1357 187 436 1358 213 436 1359 187 436 1360 186 436 1361 213 444 1362 186 444 1363 185 444 1364 214 445 1365 185 445 1366 184 445 1367 214 436 1368 184 436 1369 215 436 1370 215 436 1371 184 436 1372 183 436 1373 215 446 1374 183 446 1375 202 446 1376 202 436 1377 183 436 1378 182 436 1379 120 447 1380 216 447 1381 102 447 1382 216 448 1383 120 448 1384 217 448 1385 217 449 1386 120 449 1387 119 449 1388 217 450 1389 119 450 1390 218 450 1391 218 451 1392 119 451 1393 118 451 1394 218 452 1395 118 452 1396 219 452 1397 219 453 1398 118 453 1399 117 453 1400 219 454 1401 117 454 1402 220 454 1403 220 455 1404 117 455 1405 116 455 1406 220 456 1407 116 456 1408 115 456 1409 220 457 1410 115 457 1411 221 457 1412 221 458 1413 115 458 1414 114 458 1415 221 459 1416 114 459 1417 222 459 1418 222 460 1419 114 460 1420 113 460 1421 222 461 1422 113 461 1423 223 461 1424 223 462 1425 113 462 1426 112 462 1427 223 463 1428 112 463 1429 224 463 1430 224 464 1431 112 464 1432 111 464 1433 224 465 1434 111 465 1435 225 465 1436 225 466 1437 111 466 1438 110 466 1439 225 467 1440 110 467 1441 109 467 1442 225 468 1443 109 468 1444 226 468 1445 226 469 1446 109 469 1447 108 469 1448 226 276 1449 108 276 1450 227 276 1451 227 276 1452 108 276 1453 107 276 1454 227 470 1455 107 470 1456 106 470 1457 227 471 1458 106 471 1459 228 471 1460 228 472 1461 106 472 1462 105 472 1463 228 473 1464 105 473 1465 229 473 1466 229 474 1467 105 474 1468 104 474 1469 229 475 1470 104 475 1471 103 475 1472 229 476 1473 103 476 1474 230 476 1475 230 477 1476 103 477 1477 102 477 1478 230 478 1479 102 478 1480 216 478 1481</p>
        </triangles>
        <triangles material="Default_021-material" count="558">
          <input semantic="VERTEX" source="#edf_torsional_housing_006-mesh-vertices" offset="0"/>
          <input semantic="NORMAL" source="#edf_torsional_housing_006-mesh-normals" offset="1"/>
          <input semantic="TEXCOORD" source="#edf_torsional_housing_006-mesh-map-0" offset="2" set="0"/>
          <p>231 479 1482 235 480 1483 236 481 1484 231 479 1485 236 481 1486 234 482 1487 234 482 1488 236 481 1489 233 483 1490 233 483 1491 236 481 1492 237 484 1493 235 480 1494 231 479 1495 238 485 1496 238 485 1497 231 479 1498 232 486 1499 238 485 1500 232 486 1501 233 483 1502 238 485 1503 233 483 1504 237 484 1505 239 487 1506 246 488 1507 243 489 1508 239 487 1509 243 489 1510 242 490 1511 242 490 1512 243 489 1513 244 491 1514 246 488 1515 239 487 1516 245 492 1517 245 492 1518 239 487 1519 240 493 1520 245 492 1521 240 493 1522 244 491 1523 244 491 1524 240 493 1525 241 494 1526 244 491 1527 241 494 1528 242 490 1529 247 495 1530 256 495 1531 253 495 1532 253 496 1533 256 496 1534 257 496 1535 256 497 1536 247 497 1537 255 497 1538 255 498 1539 247 498 1540 248 498 1541 255 499 1542 248 499 1543 254 499 1544 254 500 1545 248 500 1546 249 500 1547 254 501 1548 249 501 1549 263 501 1550 263 502 1551 249 502 1552 250 502 1553 263 503 1554 250 503 1555 262 503 1556 262 504 1557 250 504 1558 261 504 1559 261 505 1560 250 505 1561 251 505 1562 261 506 1563 251 506 1564 260 506 1565 260 507 1566 251 507 1567 259 507 1568 259 508 1569 251 508 1570 252 508 1571 259 509 1572 252 509 1573 258 509 1574 258 510 1575 252 510 1576 253 510 1577 258 511 1578 253 511 1579 257 511 1580 239 512 1581 270 513 1582 251 514 1583 239 512 1584 251 514 1585 250 515 1586 239 512 1587 250 515 1588 240 516 1589 240 516 1590 250 515 1591 241 517 1592 241 517 1593 250 515 1594 269 518 1595 241 517 1596 269 518 1597 270 513 1598 241 517 1599 270 513 1600 242 519 1601 242 519 1602 270 513 1603 239 512 1604 235 520 1605 253 521 1606 265 522 1607 235 520 1608 265 522 1609 236 523 1610 236 523 1611 265 522 1612 237 524 1613 237 524 1614 265 522 1615 266 525 1616 237 524 1617 266 525 1618 247 526 1619 237 524 1620 247 526 1621 238 527 1622 238 527 1623 247 526 1624 235 520 1625 235 520 1626 247 526 1627 253 521 1628 265 522 1629 253 521 1630 264 528 1631 264 528 1632 253 521 1633 252 529 1634 264 528 1635 252 529 1636 271 530 1637 271 530 1638 252 529 1639 251 514 1640 251 514 1641 270 513 1642 271 530 1643 250 515 1644 249 531 1645 269 518 1646 269 518 1647 249 531 1648 268 532 1649 268 532 1650 249 531 1651 248 533 1652 268 532 1653 248 533 1654 267 534 1655 247 526 1656 266 525 1657 248 533 1658 248 533 1659 266 525 1660 267 534 1661 246 535 1662 261 536 1663 260 537 1664 246 535 1665 260 537 1666 278 538 1667 278 538 1668 260 537 1669 277 539 1670 277 539 1671 260 537 1672 259 540 1673 277 539 1674 259 540 1675 276 541 1676 276 541 1677 259 540 1678 258 542 1679 276 541 1680 258 542 1681 257 543 1682 276 541 1683 257 543 1684 275 544 1685 275 544 1686 257 543 1687 231 545 1688 275 544 1689 231 545 1690 274 546 1691 274 546 1692 231 545 1693 234 547 1694 261 536 1695 246 535 1696 245 548 1697 261 536 1698 245 548 1699 262 549 1700 262 549 1701 245 548 1702 244 550 1703 262 549 1704 244 550 1705 279 551 1706 279 551 1707 244 550 1708 278 538 1709 278 538 1710 244 550 1711 243 552 1712 278 538 1713 243 552 1714 246 535 1715 234 547 1716 233 553 1717 274 546 1718 274 546 1719 233 553 1720 273 554 1721 273 554 1722 233 553 1723 256 555 1724 256 555 1725 233 553 1726 232 556 1727 232 556 1728 231 545 1729 256 555 1730 263 557 1731 280 558 1732 254 559 1733 254 559 1734 280 558 1735 272 560 1736 280 558 1737 263 557 1738 279 551 1739 279 551 1740 263 557 1741 262 549 1742 257 543 1743 256 555 1744 231 545 1745 273 554 1746 256 555 1747 255 561 1748 273 554 1749 255 561 1750 272 560 1751 272 560 1752 255 561 1753 254 559 1754 272 562 1755 287 563 1756 295 564 1757 272 562 1758 295 564 1759 296 565 1760 272 562 1761 296 565 1762 273 566 1763 273 566 1764 296 565 1765 274 567 1766 274 567 1767 296 565 1768 297 568 1769 274 567 1770 297 568 1771 275 569 1772 275 569 1773 297 568 1774 276 570 1775 276 570 1776 297 568 1777 298 571 1778 276 570 1779 298 571 1780 285 572 1781 276 570 1782 285 572 1783 277 573 1784 277 573 1785 285 572 1786 278 574 1787 278 574 1788 285 572 1789 286 575 1790 278 574 1791 286 575 1792 279 576 1793 279 576 1794 286 575 1795 280 577 1796 280 577 1797 286 575 1798 287 563 1799 280 577 1800 287 563 1801 272 562 1802 301 578 1803 281 579 1804 300 580 1805 300 580 1806 281 579 1807 282 581 1808 300 580 1809 282 581 1810 283 582 1811 300 580 1812 283 582 1813 299 583 1814 299 583 1815 283 582 1816 284 584 1817 299 583 1818 284 584 1819 298 571 1820 298 571 1821 284 584 1822 285 572 1823 295 564 1824 287 563 1825 294 585 1826 294 585 1827 287 563 1828 288 586 1829 294 585 1830 288 586 1831 293 587 1832 293 587 1833 288 586 1834 289 588 1835 293 587 1836 289 588 1837 292 589 1838 292 589 1839 289 588 1840 291 590 1841 291 590 1842 289 588 1843 290 591 1844 302 592 1845 306 592 1846 290 592 1847 303 593 1848 304 593 1849 302 593 1850 302 594 1851 304 594 1852 305 594 1853 291 595 1854 312 595 1855 303 595 1856 303 596 1857 312 596 1858 313 596 1859 290 597 1860 307 597 1861 291 597 1862 291 598 1863 307 598 1864 311 598 1865 291 599 1866 311 599 1867 312 599 1868 305 600 1869 306 600 1870 302 600 1871 306 597 1872 307 597 1873 290 597 1874 311 597 1875 307 597 1876 308 597 1877 311 601 1878 308 601 1879 310 601 1880 310 602 1881 308 602 1882 309 602 1883 309 597 1884 308 597 1885 304 597 1886 309 597 1887 304 597 1888 313 597 1889 313 603 1890 304 603 1891 303 603 1892 281 604 1893 317 604 1894 314 604 1895 314 605 1896 317 605 1897 318 605 1898 301 597 1899 316 597 1900 281 597 1901 281 606 1902 316 606 1903 317 606 1904 315 607 1905 325 607 1906 301 607 1907 301 608 1908 325 608 1909 321 608 1910 314 609 1911 319 609 1912 315 609 1913 315 610 1914 319 610 1915 324 610 1916 318 611 1917 319 611 1918 314 611 1919 324 597 1920 319 597 1921 323 597 1922 323 597 1923 319 597 1924 320 597 1925 323 597 1926 320 597 1927 322 597 1928 322 597 1929 320 597 1930 316 597 1931 322 597 1932 316 597 1933 321 597 1934 321 597 1935 316 597 1936 301 597 1937 324 597 1938 325 597 1939 315 597 1940 302 612 1941 290 612 1942 337 612 1943 337 613 1944 290 613 1945 336 613 1946 336 276 1947 290 276 1948 289 276 1949 336 614 1950 289 614 1951 335 614 1952 335 276 1953 289 276 1954 288 276 1955 335 615 1956 288 615 1957 334 615 1958 334 616 1959 288 616 1960 287 616 1961 334 617 1962 287 617 1963 333 617 1964 333 618 1965 287 618 1966 332 618 1967 332 619 1968 287 619 1969 286 619 1970 332 620 1971 286 620 1972 285 620 1973 332 621 1974 285 621 1975 331 621 1976 331 622 1977 285 622 1978 284 622 1979 331 623 1980 284 623 1981 330 623 1982 330 624 1983 284 624 1984 283 624 1985 330 625 1986 283 625 1987 329 625 1988 329 276 1989 283 276 1990 282 276 1991 329 276 1992 282 276 1993 328 276 1994 328 276 1995 282 276 1996 281 276 1997 328 626 1998 281 626 1999 327 626 2000 327 627 2001 281 627 2002 326 627 2003 326 628 2004 281 628 2005 314 628 2006 314 629 2007 315 630 2008 338 631 2009 314 629 2010 338 631 2011 326 632 2012 303 633 2013 302 634 2014 339 635 2015 339 635 2016 302 634 2017 337 636 2018 271 637 2019 331 638 2020 264 639 2021 264 639 2022 331 638 2023 344 640 2024 344 640 2025 331 638 2026 330 641 2027 344 640 2028 330 641 2029 343 642 2030 343 642 2031 330 641 2032 329 643 2033 343 642 2034 329 643 2035 342 644 2036 342 644 2037 329 643 2038 328 645 2039 342 644 2040 328 645 2041 341 646 2042 341 646 2043 328 645 2044 327 647 2045 341 646 2046 327 647 2047 340 648 2048 331 638 2049 271 637 2050 270 649 2051 331 638 2052 270 649 2053 332 650 2054 332 650 2055 270 649 2056 269 651 2057 332 650 2058 269 651 2059 268 652 2060 332 650 2061 268 652 2062 333 653 2063 333 653 2064 268 652 2065 346 654 2066 333 653 2067 346 654 2068 347 655 2069 346 654 2070 268 652 2071 267 656 2072 267 656 2073 266 657 2074 346 654 2075 346 654 2076 266 657 2077 345 658 2078 345 658 2079 266 657 2080 265 659 2081 345 658 2082 265 659 2083 264 639 2084 345 658 2085 264 639 2086 344 640 2087 333 653 2088 347 655 2089 334 660 2090 334 660 2091 347 655 2092 348 661 2093 334 660 2094 348 661 2095 335 662 2096 335 662 2097 348 661 2098 349 663 2099 335 662 2100 349 663 2101 336 664 2102 326 665 2103 359 665 2104 327 665 2105 338 666 2106 353 666 2107 326 666 2108 326 667 2109 353 667 2110 357 667 2111 326 668 2112 357 668 2113 358 668 2114 340 669 2115 351 669 2116 338 669 2117 338 670 2118 351 670 2119 352 670 2120 327 671 2121 355 671 2122 340 671 2123 340 672 2124 355 672 2125 350 672 2126 350 671 2127 351 671 2128 340 671 2129 352 673 2130 353 673 2131 338 673 2132 357 671 2133 353 671 2134 356 671 2135 356 671 2136 353 671 2137 354 671 2138 350 671 2139 355 671 2140 354 671 2141 354 671 2142 355 671 2143 356 671 2144 359 671 2145 355 671 2146 327 671 2147 326 674 2148 358 674 2149 359 674 2150 336 675 2151 368 675 2152 337 675 2153 337 671 2154 368 671 2155 369 671 2156 349 676 2157 367 676 2158 336 676 2159 336 677 2160 367 677 2161 368 677 2162 339 678 2163 361 678 2164 349 678 2165 349 679 2166 361 679 2167 362 679 2168 337 671 2169 364 671 2170 339 671 2171 339 680 2172 364 680 2173 360 680 2174 360 671 2175 361 671 2176 339 671 2177 349 681 2178 362 681 2179 367 681 2180 367 682 2181 362 682 2182 363 682 2183 367 683 2184 363 683 2185 366 683 2186 366 684 2187 363 684 2188 364 684 2189 366 685 2190 364 685 2191 365 685 2192 365 671 2193 364 671 2194 337 671 2195 365 671 2196 337 671 2197 369 671 2198 291 436 2199 303 436 2200 339 436 2201 339 436 2202 349 436 2203 291 436 2204 291 686 2205 349 686 2206 292 686 2207 292 436 2208 349 436 2209 348 436 2210 292 436 2211 348 436 2212 293 436 2213 293 436 2214 348 436 2215 347 436 2216 293 687 2217 347 687 2218 294 687 2219 294 688 2220 347 688 2221 346 688 2222 294 689 2223 346 689 2224 295 689 2225 295 690 2226 346 690 2227 296 690 2228 296 691 2229 346 691 2230 345 691 2231 296 692 2232 345 692 2233 297 692 2234 297 693 2235 345 693 2236 298 693 2237 298 694 2238 345 694 2239 344 694 2240 298 695 2241 344 695 2242 343 695 2243 298 696 2244 343 696 2245 299 696 2246 299 697 2247 343 697 2248 342 697 2249 299 698 2250 342 698 2251 300 698 2252 300 436 2253 342 436 2254 341 436 2255 300 436 2256 341 436 2257 301 436 2258 301 436 2259 341 436 2260 340 436 2261 301 699 2262 340 699 2263 338 699 2264 301 436 2265 338 436 2266 315 436 2267 321 700 2268 351 701 2269 350 702 2270 321 700 2271 350 702 2272 322 703 2273 322 703 2274 350 702 2275 354 704 2276 322 703 2277 354 704 2278 323 705 2279 323 705 2280 354 704 2281 353 706 2282 323 705 2283 353 706 2284 324 707 2285 324 707 2286 353 706 2287 352 708 2288 324 707 2289 352 708 2290 325 709 2291 325 709 2292 352 708 2293 351 701 2294 325 709 2295 351 701 2296 321 700 2297 313 710 2298 360 711 2299 309 712 2300 309 712 2301 360 711 2302 364 713 2303 309 712 2304 364 713 2305 310 714 2306 310 714 2307 364 713 2308 363 715 2309 310 714 2310 363 715 2311 311 716 2312 311 716 2313 363 715 2314 362 717 2315 311 716 2316 362 717 2317 312 718 2318 312 718 2319 362 717 2320 361 719 2321 312 718 2322 361 719 2323 313 710 2324 313 710 2325 361 719 2326 360 711 2327 304 720 2328 365 721 2329 305 722 2330 305 722 2331 365 721 2332 369 723 2333 305 722 2334 369 723 2335 306 724 2336 306 724 2337 369 723 2338 368 725 2339 306 724 2340 368 725 2341 307 726 2342 307 726 2343 368 725 2344 367 727 2345 307 726 2346 367 727 2347 308 728 2348 308 728 2349 367 727 2350 366 729 2351 308 728 2352 366 729 2353 304 720 2354 304 720 2355 366 729 2356 365 721 2357 316 730 2358 355 731 2359 317 732 2360 317 732 2361 355 731 2362 359 733 2363 317 732 2364 359 733 2365 318 734 2366 318 734 2367 359 733 2368 358 735 2369 318 734 2370 358 735 2371 319 736 2372 319 736 2373 358 735 2374 357 737 2375 319 736 2376 357 737 2377 320 738 2378 320 738 2379 357 737 2380 356 739 2381 320 738 2382 356 739 2383 316 730 2384 316 730 2385 356 739 2386 355 731 2387 371 740 2388 379 741 2389 370 742 2390 370 742 2391 379 741 2392 375 743 2393 370 742 2394 375 743 2395 374 744 2396 374 744 2397 375 743 2398 376 745 2399 374 744 2400 376 745 2401 373 746 2402 373 746 2403 376 745 2404 377 747 2405 373 746 2406 377 747 2407 372 748 2408 372 748 2409 377 747 2410 378 749 2411 372 748 2412 378 749 2413 371 740 2414 371 740 2415 378 749 2416 379 741 2417 380 750 2418 386 751 2419 385 752 2420 385 752 2421 386 751 2422 387 753 2423 385 752 2424 387 753 2425 384 754 2426 384 754 2427 387 753 2428 388 755 2429 384 754 2430 388 755 2431 383 756 2432 383 756 2433 388 755 2434 389 757 2435 383 756 2436 389 757 2437 382 758 2438 382 758 2439 389 757 2440 390 759 2441 382 758 2442 390 759 2443 381 760 2444 381 760 2445 390 759 2446 391 761 2447 381 760 2448 391 761 2449 380 750 2450 380 750 2451 391 761 2452 386 751 2453 379 762 2454 394 762 2455 375 762 2456 375 763 2457 394 763 2458 395 763 2459 375 764 2460 395 764 2461 376 764 2462 376 765 2463 395 765 2464 386 765 2465 376 436 2466 386 436 2467 391 436 2468 394 766 2469 379 766 2470 393 766 2471 379 436 2472 378 436 2473 393 436 2474 393 436 2475 378 436 2476 390 436 2477 390 436 2478 378 436 2479 377 436 2480 390 767 2481 377 767 2482 391 767 2483 391 436 2484 377 436 2485 376 436 2486 387 768 2487 386 768 2488 395 768 2489 393 436 2490 390 436 2491 392 436 2492 392 769 2493 390 769 2494 389 769 2495 392 770 2496 389 770 2497 388 770 2498 392 771 2499 388 771 2500 396 771 2501 396 772 2502 388 772 2503 395 772 2504 395 773 2505 388 773 2506 387 773 2507 397 774 2508 398 774 2509 393 774 2510 393 775 2511 398 775 2512 394 775 2513 399 776 2514 400 776 2515 396 776 2516 396 777 2517 400 777 2518 392 777 2519 400 671 2520 397 671 2521 392 671 2522 392 671 2523 397 671 2524 393 671 2525 370 778 2526 401 778 2527 398 778 2528 370 779 2529 398 779 2530 371 779 2531 371 780 2532 398 780 2533 397 780 2534 371 781 2535 397 781 2536 372 781 2537 372 782 2538 397 782 2539 382 782 2540 372 276 2541 382 276 2542 373 276 2543 373 276 2544 382 276 2545 381 276 2546 373 276 2547 381 276 2548 374 276 2549 374 783 2550 381 783 2551 380 783 2552 374 784 2553 380 784 2554 401 784 2555 401 785 2556 380 785 2557 385 785 2558 401 786 2559 370 786 2560 374 786 2561 401 787 2562 385 787 2563 399 787 2564 399 788 2565 385 788 2566 384 788 2567 399 789 2568 384 789 2569 400 789 2570 400 790 2571 384 790 2572 383 790 2573 383 791 2574 382 791 2575 400 791 2576 400 792 2577 382 792 2578 397 792 2579 395 793 2580 417 794 2581 396 795 2582 396 795 2583 417 794 2584 418 796 2585 396 795 2586 418 796 2587 405 797 2588 405 797 2589 418 796 2590 419 798 2591 405 797 2592 419 798 2593 404 799 2594 404 799 2595 419 798 2596 420 800 2597 404 799 2598 420 800 2599 403 801 2600 403 801 2601 420 800 2602 421 802 2603 403 801 2604 421 802 2605 402 803 2606 417 794 2607 395 793 2608 394 804 2609 417 794 2610 394 804 2611 416 805 2612 416 805 2613 394 804 2614 415 806 2615 415 806 2616 394 804 2617 398 807 2618 415 806 2619 398 807 2620 408 808 2621 408 808 2622 398 807 2623 407 809 2624 407 809 2625 398 807 2626 401 810 2627 407 809 2628 401 810 2629 399 811 2630 407 809 2631 399 811 2632 406 812 2633 406 812 2634 399 811 2635 405 797 2636 405 797 2637 399 811 2638 396 795 2639 415 806 2640 408 808 2641 409 813 2642 415 806 2643 409 813 2644 414 814 2645 414 814 2646 409 813 2647 410 815 2648 414 814 2649 410 815 2650 413 816 2651 413 816 2652 410 815 2653 412 817 2654 412 817 2655 410 815 2656 411 818 2657 422 819 2658 425 819 2659 411 819 2660 411 820 2661 425 820 2662 426 820 2663 423 821 2664 424 821 2665 422 821 2666 412 822 2667 432 822 2668 423 822 2669 423 823 2670 432 823 2671 433 823 2672 411 824 2673 426 824 2674 412 824 2675 412 825 2676 426 825 2677 431 825 2678 412 826 2679 431 826 2680 432 826 2681 424 827 2682 425 827 2683 422 827 2684 431 671 2685 426 671 2686 427 671 2687 431 671 2688 427 671 2689 430 671 2690 430 671 2691 427 671 2692 429 671 2693 429 671 2694 427 671 2695 428 671 2696 429 671 2697 428 671 2698 424 671 2699 429 828 2700 424 828 2701 423 828 2702 429 829 2703 423 829 2704 433 829 2705 402 830 2706 437 830 2707 434 830 2708 434 831 2709 437 831 2710 438 831 2711 421 832 2712 436 832 2713 402 832 2714 402 833 2715 436 833 2716 437 833 2717 435 834 2718 445 834 2719 421 834 2720 421 835 2721 445 835 2722 441 835 2723 434 836 2724 439 836 2725 435 836 2726 435 837 2727 439 837 2728 444 837 2729 438 838 2730 439 838 2731 434 838 2732 444 671 2733 439 671 2734 443 671 2735 443 671 2736 439 671 2737 440 671 2738 443 839 2739 440 839 2740 442 839 2741 442 840 2742 440 840 2743 441 840 2744 441 671 2745 440 671 2746 436 671 2747 441 841 2748 436 841 2749 421 841 2750 444 842 2751 445 842 2752 435 842 2753 422 843 2754 411 843 2755 456 843 2756 456 844 2757 411 844 2758 455 844 2759 455 276 2760 411 276 2761 454 276 2762 454 276 2763 411 276 2764 410 276 2765 454 276 2766 410 276 2767 453 276 2768 453 845 2769 410 845 2770 409 845 2771 453 276 2772 409 276 2773 452 276 2774 452 846 2775 409 846 2776 408 846 2777 452 847 2778 408 847 2779 451 847 2780 451 848 2781 408 848 2782 407 848 2783 451 849 2784 407 849 2785 406 849 2786 451 276 2787 406 276 2788 450 276 2789 450 850 2790 406 850 2791 405 850 2792 450 851 2793 405 851 2794 449 851 2795 449 852 2796 405 852 2797 404 852 2798 449 276 2799 404 276 2800 403 276 2801 449 853 2802 403 853 2803 448 853 2804 448 276 2805 403 276 2806 402 276 2807 448 276 2808 402 276 2809 447 276 2810 447 854 2811 402 854 2812 446 854 2813 446 855 2814 402 855 2815 434 855 2816 434 856 2817 435 857 2818 457 858 2819 434 856 2820 457 858 2821 446 859 2822 423 860 2823 422 861 2824 458 862 2825 458 862 2826 422 861 2827 456 863 2828 447 864 2829 459 865 2830 448 866 2831 448 866 2832 459 865 2833 460 867 2834 448 866 2835 460 867 2836 449 868 2837 449 868 2838 460 867 2839 461 869 2840 449 868 2841 461 869 2842 450 870 2843 450 870 2844 461 869 2845 462 871 2846 450 870 2847 462 871 2848 451 872 2849 451 872 2850 462 871 2851 463 873 2852 451 872 2853 463 873 2854 452 874 2855 452 874 2856 463 873 2857 464 875 2858 452 874 2859 464 875 2860 453 876 2861 453 876 2862 464 875 2863 465 877 2864 453 876 2865 465 877 2866 454 878 2867 454 878 2868 465 877 2869 466 879 2870 454 878 2871 466 879 2872 455 880 2873 455 880 2874 466 879 2875 467 881 2876 446 597 2877 477 597 2878 447 597 2879 457 882 2880 471 882 2881 446 882 2882 446 883 2883 471 883 2884 475 883 2885 459 884 2886 469 884 2887 457 884 2888 457 885 2889 469 885 2890 470 885 2891 447 886 2892 473 886 2893 459 886 2894 459 887 2895 473 887 2896 468 887 2897 459 888 2898 468 888 2899 469 888 2900 457 889 2901 470 889 2902 471 889 2903 475 890 2904 471 890 2905 474 890 2906 474 597 2907 471 597 2908 472 597 2909 468 891 2910 473 891 2911 472 891 2912 472 597 2913 473 597 2914 474 597 2915 477 892 2916 473 892 2917 447 892 2918 475 597 2919 476 597 2920 446 597 2921 446 597 2922 476 597 2923 477 597 2924 455 893 2925 486 893 2926 456 893 2927 456 894 2928 486 894 2929 487 894 2930 467 597 2931 485 597 2932 455 597 2933 455 895 2934 485 895 2935 486 895 2936 458 896 2937 479 896 2938 467 896 2939 467 897 2940 479 897 2941 480 897 2942 456 597 2943 482 597 2944 458 597 2945 458 898 2946 482 898 2947 478 898 2948 478 597 2949 479 597 2950 458 597 2951 467 899 2952 480 899 2953 481 899 2954 467 900 2955 481 900 2956 485 900 2957 485 597 2958 481 597 2959 484 597 2960 484 901 2961 481 901 2962 482 901 2963 484 902 2964 482 902 2965 483 902 2966 483 597 2967 482 597 2968 456 597 2969 483 597 2970 456 597 2971 487 597 2972 412 903 2973 423 903 2974 458 903 2975 458 436 2976 467 436 2977 412 436 2978 412 436 2979 467 436 2980 466 436 2981 412 436 2982 466 436 2983 413 436 2984 413 904 2985 466 904 2986 465 904 2987 413 905 2988 465 905 2989 414 905 2990 414 906 2991 465 906 2992 464 906 2993 414 907 2994 464 907 2995 415 907 2996 415 908 2997 464 908 2998 463 908 2999 415 909 3000 463 909 3001 416 909 3002 416 910 3003 463 910 3004 417 910 3005 417 911 3006 463 911 3007 462 911 3008 417 912 3009 462 912 3010 418 912 3011 418 913 3012 462 913 3013 419 913 3014 419 436 3015 462 436 3016 461 436 3017 419 436 3018 461 436 3019 420 436 3020 420 914 3021 461 914 3022 460 914 3023 420 915 3024 460 915 3025 421 915 3026 421 436 3027 460 436 3028 459 436 3029 421 916 3030 459 916 3031 457 916 3032 421 917 3033 457 917 3034 435 917 3035 441 918 3036 468 919 3037 442 920 3038 442 920 3039 468 919 3040 472 921 3041 442 920 3042 472 921 3043 443 922 3044 443 922 3045 472 921 3046 471 923 3047 443 922 3048 471 923 3049 444 924 3050 444 924 3051 471 923 3052 470 925 3053 444 924 3054 470 925 3055 445 926 3056 445 926 3057 470 925 3058 469 927 3059 445 926 3060 469 927 3061 441 918 3062 441 918 3063 469 927 3064 468 919 3065 433 928 3066 478 929 3067 429 930 3068 429 930 3069 478 929 3070 482 931 3071 429 930 3072 482 931 3073 430 932 3074 430 932 3075 482 931 3076 481 933 3077 430 932 3078 481 933 3079 431 934 3080 431 934 3081 481 933 3082 480 935 3083 431 934 3084 480 935 3085 432 936 3086 432 936 3087 480 935 3088 479 937 3089 432 936 3090 479 937 3091 433 928 3092 433 928 3093 479 937 3094 478 929 3095 428 938 3096 483 939 3097 424 940 3098 424 940 3099 483 939 3100 487 941 3101 424 940 3102 487 941 3103 425 942 3104 425 942 3105 487 941 3106 486 943 3107 425 942 3108 486 943 3109 426 944 3110 426 944 3111 486 943 3112 485 945 3113 426 944 3114 485 945 3115 427 946 3116 427 946 3117 485 945 3118 484 947 3119 427 946 3120 484 947 3121 428 938 3122 428 938 3123 484 947 3124 483 939 3125 436 948 3126 473 949 3127 437 950 3128 437 950 3129 473 949 3130 477 951 3131 437 950 3132 477 951 3133 438 952 3134 438 952 3135 477 951 3136 476 953 3137 438 952 3138 476 953 3139 439 954 3140 439 954 3141 476 953 3142 475 955 3143 439 954 3144 475 955 3145 440 956 3146 440 956 3147 475 955 3148 474 957 3149 440 956 3150 474 957 3151 436 948 3152 436 948 3153 474 957 3154 473 949 3155</p>
        </triangles>
        <triangles material="Steel_-_Satin_035-material" count="188">
          <input semantic="VERTEX" source="#edf_torsional_housing_006-mesh-vertices" offset="0"/>
          <input semantic="NORMAL" source="#edf_torsional_housing_006-mesh-normals" offset="1"/>
          <input semantic="TEXCOORD" source="#edf_torsional_housing_006-mesh-map-0" offset="2" set="0"/>
          <p>488 958 3156 491 959 3157 492 960 3158 488 958 3159 492 960 3160 490 961 3161 490 961 3162 492 960 3163 489 962 3164 489 962 3165 492 960 3166 493 963 3167 489 962 3168 493 963 3169 491 959 3170 489 962 3171 491 959 3172 488 958 3173 494 964 3174 499 965 3175 496 966 3176 496 966 3177 499 965 3178 497 967 3179 496 966 3180 497 967 3181 495 968 3182 495 968 3183 497 967 3184 498 969 3185 495 968 3186 498 969 3187 494 964 3188 494 964 3189 498 969 3190 499 965 3191 500 970 3192 503 971 3193 502 972 3194 502 972 3195 503 971 3196 504 973 3197 502 972 3198 504 973 3199 501 974 3200 501 974 3201 504 973 3202 500 970 3203 500 970 3204 504 973 3205 505 975 3206 500 970 3207 505 975 3208 503 971 3209 506 976 3210 509 977 3211 508 978 3212 508 978 3213 509 977 3214 510 979 3215 508 978 3216 510 979 3217 507 980 3218 507 980 3219 510 979 3220 511 981 3221 507 980 3222 511 981 3223 509 977 3224 507 980 3225 509 977 3226 506 976 3227 513 982 3228 521 983 3229 512 984 3230 512 984 3231 521 983 3232 517 985 3233 512 984 3234 517 985 3235 516 986 3236 516 986 3237 517 985 3238 518 987 3239 516 986 3240 518 987 3241 515 988 3242 515 988 3243 518 987 3244 519 989 3245 515 988 3246 519 989 3247 514 990 3248 514 990 3249 519 989 3250 520 991 3251 514 990 3252 520 991 3253 513 982 3254 513 982 3255 520 991 3256 521 983 3257 522 992 3258 527 993 3259 526 994 3260 526 994 3261 527 993 3262 528 995 3263 526 994 3264 528 995 3265 525 996 3266 525 996 3267 528 995 3268 529 997 3269 525 996 3270 529 997 3271 524 998 3272 524 998 3273 529 997 3274 530 999 3275 524 998 3276 530 999 3277 523 1000 3278 523 1000 3279 530 999 3280 531 1001 3281 523 1000 3282 531 1001 3283 522 992 3284 522 992 3285 531 1001 3286 527 993 3287 533 1002 3288 541 1003 3289 532 1004 3290 532 1004 3291 541 1003 3292 537 1005 3293 532 1004 3294 537 1005 3295 536 1006 3296 536 1006 3297 537 1005 3298 538 1007 3299 536 1006 3300 538 1007 3301 535 1008 3302 535 1008 3303 538 1007 3304 539 1009 3305 535 1008 3306 539 1009 3307 534 1010 3308 534 1010 3309 539 1009 3310 540 1011 3311 534 1010 3312 540 1011 3313 533 1002 3314 533 1002 3315 540 1011 3316 541 1003 3317 542 1012 3318 547 1013 3319 546 1014 3320 546 1014 3321 547 1013 3322 548 1015 3323 546 1014 3324 548 1015 3325 545 1016 3326 545 1016 3327 548 1015 3328 549 1017 3329 545 1016 3330 549 1017 3331 544 1018 3332 544 1018 3333 549 1017 3334 550 1019 3335 544 1018 3336 550 1019 3337 543 1020 3338 543 1020 3339 550 1019 3340 551 1021 3341 543 1020 3342 551 1021 3343 542 1012 3344 542 1012 3345 551 1021 3346 547 1013 3347 544 436 3348 522 436 3349 526 436 3350 544 1022 3351 526 1022 3352 545 1022 3353 545 436 3354 526 436 3355 553 436 3356 553 1023 3357 526 1023 3358 525 1023 3359 553 436 3360 525 436 3361 524 436 3362 553 1024 3363 524 1024 3364 552 1024 3365 552 1025 3366 524 1025 3367 523 1025 3368 552 1026 3369 523 1026 3370 522 1026 3371 552 1027 3372 522 1027 3373 543 1027 3374 543 436 3375 522 436 3376 544 436 3377 546 436 3378 554 436 3379 542 436 3380 542 436 3381 554 436 3382 555 436 3383 542 1028 3384 555 1028 3385 543 1028 3386 543 436 3387 555 436 3388 552 436 3389 554 1029 3390 546 1029 3391 545 1029 3392 553 436 3393 554 436 3394 545 436 3395 556 597 3396 552 597 3397 557 597 3398 557 597 3399 552 597 3400 555 597 3401 528 1030 3402 527 1030 3403 550 1030 3404 550 276 3405 527 276 3406 531 276 3407 550 276 3408 531 276 3409 551 276 3410 551 276 3411 531 276 3412 556 276 3413 556 1031 3414 531 1031 3415 530 1031 3416 556 276 3417 530 276 3418 558 276 3419 558 1032 3420 530 1032 3421 529 1032 3422 558 1033 3423 529 1033 3424 548 1033 3425 558 276 3426 548 276 3427 559 276 3428 529 276 3429 528 276 3430 548 276 3431 548 1034 3432 528 1034 3433 549 1034 3434 549 276 3435 528 276 3436 550 276 3437 547 1035 3438 557 1035 3439 559 1035 3440 547 1036 3441 559 1036 3442 548 1036 3443 547 276 3444 551 276 3445 557 276 3446 557 276 3447 551 276 3448 556 276 3449 488 597 3450 500 597 3451 507 597 3452 488 597 3453 507 597 3454 496 597 3455 496 1037 3456 507 1037 3457 558 1037 3458 496 1038 3459 558 1038 3460 494 1038 3461 494 1039 3462 558 1039 3463 559 1039 3464 494 1040 3465 559 1040 3466 495 1040 3467 495 1041 3468 559 1041 3469 489 1041 3470 495 1042 3471 489 1042 3472 488 1042 3473 495 597 3474 488 597 3475 496 597 3476 500 597 3477 488 597 3478 501 597 3479 501 1043 3480 488 1043 3481 490 1043 3482 501 1044 3483 490 1044 3484 561 1044 3485 501 1045 3486 561 1045 3487 502 1045 3488 502 1046 3489 561 1046 3490 560 1046 3491 502 1047 3492 560 1047 3493 500 1047 3494 500 1048 3495 560 1048 3496 508 1048 3497 500 1049 3498 508 1049 3499 507 1049 3500 561 1050 3501 490 1050 3502 489 1050 3503 561 1051 3504 489 1051 3505 559 1051 3506 506 1052 3507 560 1052 3508 558 1052 3509 506 1053 3510 558 1053 3511 507 1053 3512 506 1054 3513 508 1054 3514 560 1054 3515 539 1055 3516 517 1055 3517 521 1055 3518 539 1056 3519 521 1056 3520 540 1056 3521 540 1057 3522 521 1057 3523 541 1057 3524 541 1058 3525 521 1058 3526 560 1058 3527 560 1059 3528 521 1059 3529 520 1059 3530 520 1060 3531 519 1060 3532 560 1060 3533 560 1061 3534 519 1061 3535 562 1061 3536 562 1062 3537 519 1062 3538 518 1062 3539 562 1063 3540 518 1063 3541 538 1063 3542 562 1064 3543 538 1064 3544 563 1064 3545 563 1065 3546 538 1065 3547 537 1065 3548 518 436 3549 517 436 3550 538 436 3551 538 1066 3552 517 1066 3553 539 1066 3554 541 1067 3555 561 1067 3556 537 1067 3557 537 1068 3558 561 1068 3559 563 1068 3560 561 1069 3561 541 1069 3562 560 1069 3563 564 597 3564 562 597 3565 565 597 3566 565 597 3567 562 597 3568 563 597 3569 513 1070 3570 512 1070 3571 535 1070 3572 535 276 3573 512 276 3574 516 276 3575 535 276 3576 516 276 3577 564 276 3578 535 276 3579 564 276 3580 565 276 3581 564 1071 3582 516 1071 3583 515 1071 3584 564 276 3585 515 276 3586 566 276 3587 566 276 3588 515 276 3589 514 276 3590 514 276 3591 513 276 3592 566 276 3593 566 1072 3594 513 1072 3595 534 1072 3596 534 276 3597 513 276 3598 535 276 3599 532 276 3600 565 276 3601 567 276 3602 532 276 3603 567 276 3604 533 276 3605 533 1073 3606 567 1073 3607 534 1073 3608 534 276 3609 567 276 3610 566 276 3611 532 276 3612 536 276 3613 565 276 3614 565 1074 3615 536 1074 3616 535 1074 3617 491 1075 3618 498 1075 3619 497 1075 3620 491 1076 3621 497 1076 3622 505 1076 3623 505 671 3624 497 671 3625 511 671 3626 505 1077 3627 511 1077 3628 503 1077 3629 503 1078 3630 511 1078 3631 510 1078 3632 503 1079 3633 510 1079 3634 566 1079 3635 566 1080 3636 510 1080 3637 509 1080 3638 498 1081 3639 491 1081 3640 493 1081 3641 498 1082 3642 493 1082 3643 554 1082 3644 493 1083 3645 492 1083 3646 554 1083 3647 554 1084 3648 492 1084 3649 567 1084 3650 567 1085 3651 492 1085 3652 504 1085 3653 504 1086 3654 492 1086 3655 491 1086 3656 504 671 3657 491 671 3658 505 671 3659 499 1087 3660 553 1087 3661 497 1087 3662 497 1088 3663 553 1088 3664 509 1088 3665 497 671 3666 509 671 3667 511 671 3668 553 1089 3669 499 1089 3670 554 1089 3671 554 1090 3672 499 1090 3673 498 1090 3674 567 1091 3675 504 1091 3676 566 1091 3677 566 1092 3678 504 1092 3679 503 1092 3680 509 1093 3681 553 1093 3682 566 1093 3683 564 777 3684 566 777 3685 560 777 3686 560 777 3687 566 777 3688 553 777 3689 560 1094 3690 553 1094 3691 558 1094 3692 558 777 3693 553 777 3694 552 777 3695 558 777 3696 552 777 3697 556 777 3698 560 777 3699 562 777 3700 564 777 3701 555 774 3702 554 774 3703 559 774 3704 559 1095 3705 554 1095 3706 567 1095 3707 559 1096 3708 567 1096 3709 561 1096 3710 561 774 3711 567 774 3712 565 774 3713 561 774 3714 565 774 3715 563 774 3716 559 774 3717 557 774 3718 555 774 3719</p>
        </triangles>
      </mesh>
    </geometry>
  </library_geometries>
  <library_visual_scenes>
    <visual_scene id="Scene" name="Scene">
      <node id="edf_torsional_housing" name="edf_torsional_housing" type="NODE">
        <matrix sid="transform">-4.37114e-11 4.37114e-11 0.001 -0.01428101 0.001 0 4.37114e-11 -0.00631 0 0.001 -4.37114e-11 -0.017656 0 0 0 1</matrix>
        <instance_geometry url="#edf_torsional_housing_006-mesh" name="edf_torsional_housing">
          <bind_material>
            <technique_common>
              <instance_material symbol="Plastic_-_Matte__Black__010-material" target="#Plastic_-_Matte__Black__010-material">
                <bind_vertex_input semantic="edf_torsional_housing_006-mesh-map-0" input_semantic="TEXCOORD" input_set="0"/>
              </instance_material>
              <instance_material symbol="Default_021-material" target="#Default_021-material">
                <bind_vertex_input semantic="edf_torsional_housing_006-mesh-map-0" input_semantic="TEXCOORD" input_set="0"/>
              </instance_material>
              <instance_material symbol="Steel_-_Satin_035-material" target="#Steel_-_Satin_035-material">
                <bind_vertex_input semantic="edf_torsional_housing_006-mesh-map-0" input_semantic="TEXCOORD" input_set="0"/>
              </instance_material>
            </technique_common>
          </bind_material>
        </instance_geometry>
      </node>
    </visual_scene>
  </library_visual_scenes>
  <scene>
    <instance_visual_scene url="#Scene"/>
  </scene>
</COLLADA>