<?xml version="1.0" encoding="utf-8"?>
<COLLADA xmlns="http://www.collada.org/2005/11/COLLADASchema" version="1.4.1" xmlns:xsi="http://www.w3.org/2001/XMLSchema-instance">
  <asset>
    <contributor>
      <author>Blender User</author>
      <authoring_tool>Blender 4.1.1 commit date:2024-04-15, commit time:15:11, hash:e1743a0317bc</authoring_tool>
    </contributor>
    <created>2024-06-11T14:46:50</created>
    <modified>2024-06-11T14:46:50</modified>
    <unit name="meter" meter="1"/>
    <up_axis>Z_UP</up_axis>
  </asset>
  <library_cameras>
    <camera id="Camera-camera" name="Camera">
      <optics>
        <technique_common>
          <perspective>
            <xfov sid="xfov">39.59775</xfov>
            <aspect_ratio>1.777778</aspect_ratio>
            <znear sid="znear">0.1</znear>
            <zfar sid="zfar">100</zfar>
          </perspective>
        </technique_common>
      </optics>
      <extra>
        <technique profile="blender">
          <shiftx sid="shiftx" type="float">0</shiftx>
          <shifty sid="shifty" type="float">0</shifty>
          <dof_distance sid="dof_distance" type="float">10</dof_distance>
        </technique>
      </extra>
    </camera>
  </library_cameras>
  <library_lights>
    <light id="Light-light" name="Light">
      <technique_common>
        <point>
          <color sid="color">1000 1000 1000</color>
          <constant_attenuation>1</constant_attenuation>
          <linear_attenuation>0</linear_attenuation>
          <quadratic_attenuation>0</quadratic_attenuation>
        </point>
      </technique_common>
      <extra>
        <technique profile="blender">
          <type sid="type" type="int">0</type>
          <flag sid="flag" type="int">0</flag>
          <mode sid="mode" type="int">2097153</mode>
          <red sid="red" type="float">1</red>
          <green sid="green" type="float">1</green>
          <blue sid="blue" type="float">1</blue>
          <shadow_r sid="blender_shadow_r" type="float">0</shadow_r>
          <shadow_g sid="blender_shadow_g" type="float">0</shadow_g>
          <shadow_b sid="blender_shadow_b" type="float">0</shadow_b>
          <energy sid="blender_energy" type="float">1000</energy>
          <spotsize sid="spotsize" type="float">75</spotsize>
          <spotblend sid="spotblend" type="float">0.15</spotblend>
          <clipsta sid="clipsta" type="float">0.04999995</clipsta>
          <clipend sid="clipend" type="float">30.002</clipend>
          <bias sid="bias" type="float">1</bias>
          <radius sid="radius" type="float">0.1</radius>
          <area_shape sid="area_shape" type="int">1</area_shape>
          <area_size sid="area_size" type="float">0.1</area_size>
          <area_sizey sid="area_sizey" type="float">0.1</area_sizey>
          <area_sizez sid="area_sizez" type="float">1</area_sizez>
        </technique>
      </extra>
    </light>
  </library_lights>
  <library_effects>
    <effect id="Plastic_-_Matte__Black__001-effect">
      <profile_COMMON>
        <technique sid="common">
          <lambert>
            <emission>
              <color sid="emission">0 0 0 1</color>
            </emission>
            <diffuse>
              <color sid="diffuse">0.098039 0.098039 0.098039 1</color>
            </diffuse>
            <index_of_refraction>
              <float sid="ior">1.5</float>
            </index_of_refraction>
          </lambert>
        </technique>
      </profile_COMMON>
    </effect>
  </library_effects>
  <library_images/>
  <library_materials>
    <material id="Plastic_-_Matte__Black__001-material" name="Plastic_-_Matte_(Black).001">
      <instance_effect url="#Plastic_-_Matte__Black__001-effect"/>
    </material>
  </library_materials>
  <library_geometries>
    <geometry id="EDF_housing-mesh" name="EDF_housing">
      <mesh>
        <source id="EDF_housing-mesh-positions">
          <float_array id="EDF_housing-mesh-positions-array" count="3168">-0.6 0 2.24 -0.579555 -0.155291 2.24 -0.519615 -0.3 2.24 -0.424264 -0.424264 2.24 -0.3 -0.519615 2.24 -0.155291 -0.579555 2.24 0 -0.6 2.24 0.155291 -0.579555 2.24 0.3 -0.519615 2.24 0.424264 -0.424264 2.24 0.519615 -0.3 2.24 0.579555 -0.155291 2.24 0.6 0 2.24 0.579555 0.155291 2.24 0.519615 0.3 2.24 0.424264 0.424264 2.24 0.3 0.519615 2.24 0.155291 0.579555 2.24 0 0.6 2.24 -0.155291 0.579555 2.24 -0.3 0.519615 2.24 -0.424264 0.424264 2.24 -0.519615 0.3 2.24 -0.579555 0.155291 2.24 -1.175 0 2.24 -1.152423 0.2292309 2.24 -1.085558 0.449653 2.24 -0.976977 0.652795 2.24 -0.83085 0.83085 2.24 -0.652795 0.976977 2.24 -0.449653 1.085558 2.24 -0.2292309 1.152423 2.24 0 1.175 2.24 0.2292309 1.152423 2.24 0.449653 1.085558 2.24 0.652795 0.976977 2.24 0.83085 0.83085 2.24 0.976977 0.652795 2.24 1.085558 0.449653 2.24 1.152423 0.2292309 2.24 1.175 0 2.24 1.152423 -0.2292309 2.24 1.085558 -0.449653 2.24 0.976977 -0.652795 2.24 0.83085 -0.83085 2.24 0.652795 -0.976977 2.24 0.449653 -1.085558 2.24 0.2292309 -1.152423 2.24 0 -1.175 2.24 -0.2292309 -1.152423 2.24 -0.449653 -1.085558 2.24 -0.652795 -0.976977 2.24 -0.83085 -0.83085 2.24 -0.976977 -0.652795 2.24 -1.085558 -0.449653 2.24 -1.152423 -0.2292309 2.24 -1.174839 -0.01922994 2.241894 -1.174376 -0.03827697 2.247615 -1.173673 -0.055785 2.257038 -1.17287 -0.07071095 2.269289 -1.172067 -0.08296197 2.284215 -1.171363 -0.09238398 2.301723 -1.170899 -0.09810596 2.32077 -1.170737 -0.1 2.34 -2.533027 -0.1 2.34 -2.533102 -0.09810698 2.320775 -2.533316 -0.09238696 2.30173 -2.533642 -0.08296495 2.284219 -2.534014 -0.07071095 2.269289 -2.534386 -0.05578094 2.257035 -2.534711 -0.03826999 2.247613 -2.534925 -0.019225 2.241893 -2.535 0 2.24 -2.534925 0.019225 2.241893 -2.534711 0.03826999 2.247613 -2.534386 0.05578094 2.257035 -2.534014 0.07071095 2.269289 -2.533642 0.08296495 2.284219 -2.533316 0.09238696 2.30173 -2.533102 0.09810698 2.320775 -2.533027 0.1 2.34 -1.170737 0.1 2.34 -1.170899 0.09810596 2.32077 -1.171363 0.09238398 2.301723 -1.172067 0.08296197 2.284215 -1.17287 0.07071095 2.269289 -1.173673 0.055785 2.257038 -1.174376 0.03827697 2.247615 -1.174839 0.01922994 2.241894 -1.625491 -0.025882 2.243407 -2.080246 -0.025882 2.243407 -2.080246 0 2.24 -1.625491 0 2.24 -1.625491 -0.04999995 2.253397 -2.080246 -0.04999995 2.253397 -1.625491 -0.07071095 2.269289 -2.080246 -0.07071095 2.269289 -1.625491 -0.08660298 2.29 -2.080246 -0.08660298 2.29 -1.625491 -0.09659296 2.314118 -2.080246 -0.09659296 2.314118 -2.080246 0.025882 2.243407 -1.625491 0.025882 2.243407 -2.080246 0.04999995 2.253397 -1.625491 0.04999995 2.253397 -2.080246 0.07071095 2.269289 -1.625491 0.07071095 2.269289 -2.080246 0.08660298 2.29 -1.625491 0.08660298 2.29 -2.080246 0.09659296 2.314118 -1.625491 0.09659296 2.314118 -1.170737 -0.1 3.290912 -1.3609 -0.1 3.1929 -1.478584 -0.1 3.132089 -1.616562 -0.1 3.060681 -1.780615 -0.1 2.975661 -1.978946 -0.1 2.872746 -2.223603 -0.1 2.745651 -2.368708 -0.1 2.670216 -2.533027 -0.1 2.584752 -0.817139 -0.844334 2.241894 -0.803344 -0.857475 2.247615 -0.790467 -0.869358 2.257038 -0.779345 -0.879345 2.269289 -0.770113 -0.887439 2.284215 -0.762953 -0.893604 2.301723 -0.758579 -0.897322 2.32077 -0.757125 -0.898547 2.34 -1.72041 -1.861831 2.34 -1.721801 -1.860546 2.320775 -1.725997 -1.856652 2.30173 -1.73289 -1.85022 2.284219 -1.741818 -1.841818 2.269289 -1.752638 -1.831524 2.257035 -1.76525 -1.819372 2.247613 -1.778869 -1.806057 2.241893 -1.792516 -1.792516 2.24 -1.806057 -1.778869 2.241893 -1.819372 -1.76525 2.247613 -1.831524 -1.752638 2.257035 -1.841818 -1.741818 2.269289 -1.85022 -1.73289 2.284219 -1.856652 -1.725997 2.30173 -1.860546 -1.721801 2.320775 -1.861831 -1.72041 2.34 -0.898547 -0.757125 2.34 -0.897322 -0.758579 2.32077 -0.893604 -0.762953 2.301723 -0.887439 -0.770113 2.284215 -0.879345 -0.779345 2.269289 -0.869358 -0.790467 2.257038 -0.857475 -0.803344 2.247615 -0.844334 -0.817139 2.241894 -1.131095 -1.167697 2.243407 -1.452655 -1.489257 2.243407 -1.470956 -1.470956 2.24 -1.149396 -1.149396 2.24 -1.114041 -1.184751 2.253397 -1.4356 -1.506311 2.253397 -1.099396 -1.199396 2.269289 -1.420956 -1.520956 2.269289 -1.088159 -1.210633 2.29 -1.409719 -1.532193 2.29 -1.081095 -1.217697 2.314118 -1.402655 -1.539257 2.314118 -1.489257 -1.452655 2.243407 -1.167697 -1.131095 2.243407 -1.506311 -1.4356 2.253397 -1.184751 -1.114041 2.253397 -1.520956 -1.420956 2.269289 -1.199396 -1.099396 2.269289 -1.532193 -1.409719 2.29 -1.210633 -1.088159 2.29 -1.539257 -1.402655 2.314118 -1.217697 -1.081095 2.314118 -0.757125 -0.898547 3.256766 -0.893817 -1.035239 3.156704 -0.97806 -1.119481 3.094936 -1.07648 -1.217901 3.022702 -1.193001 -1.334422 2.937106 -1.33314 -1.474561 2.834077 -1.50491 -1.646331 2.707701 -1.606211 -1.747632 2.633135 -1.72041 -1.861831 2.549049 0.01922994 -1.174839 2.241894 0.03827697 -1.174376 2.247615 0.055785 -1.173673 2.257038 0.07071095 -1.17287 2.269289 0.08296197 -1.172067 2.284215 0.09238398 -1.171363 2.301723 0.09810596 -1.170899 2.32077 0.1 -1.170737 2.34 0.1 -2.533027 2.34 0.09810698 -2.533102 2.320775 0.09238696 -2.533316 2.30173 0.08296495 -2.533642 2.284219 0.07071095 -2.534014 2.269289 0.05578094 -2.534386 2.257035 0.03826999 -2.534711 2.247613 0.019225 -2.534925 2.241893 0 -2.535 2.24 -0.019225 -2.534925 2.241893 -0.03826999 -2.534711 2.247613 -0.05578094 -2.534386 2.257035 -0.07071095 -2.534014 2.269289 -0.08296495 -2.533642 2.284219 -0.09238696 -2.533316 2.30173 -0.09810698 -2.533102 2.320775 -0.1 -2.533027 2.34 -0.1 -1.170737 2.34 -0.09810596 -1.170899 2.32077 -0.09238398 -1.171363 2.301723 -0.08296197 -1.172067 2.284215 -0.07071095 -1.17287 2.269289 -0.055785 -1.173673 2.257038 -0.03827697 -1.174376 2.247615 -0.01922994 -1.174839 2.241894 0.025882 -1.625491 2.243407 0.025882 -2.080246 2.243407 0 -2.080246 2.24 0 -1.625491 2.24 0.04999995 -1.625491 2.253397 0.04999995 -2.080246 2.253397 0.07071095 -1.625491 2.269289 0.07071095 -2.080246 2.269289 0.08660298 -1.625491 2.29 0.08660298 -2.080246 2.29 0.09659296 -1.625491 2.314118 0.09659296 -2.080246 2.314118 -0.025882 -2.080246 2.243407 -0.025882 -1.625491 2.243407 -0.04999995 -2.080246 2.253397 -0.04999995 -1.625491 2.253397 -0.07071095 -2.080246 2.269289 -0.07071095 -1.625491 2.269289 -0.08660298 -2.080246 2.29 -0.08660298 -1.625491 2.29 -0.09659296 -2.080246 2.314118 -0.09659296 -1.625491 2.314118 0.1 -1.170737 3.245528 0.1 -1.363062 3.145434 0.1 -1.481778 3.083617 0.1 -1.620639 3.011286 0.1 -1.785255 2.925516 0.1 -1.983531 2.822179 0.1 -2.226977 2.69527 0.1 -2.370758 2.620305 0.1 -2.533027 2.535691 0.844334 -0.817139 2.241894 0.857475 -0.803344 2.247615 0.869358 -0.790467 2.257038 0.879345 -0.779345 2.269289 0.887439 -0.770113 2.284215 0.893604 -0.762953 2.301723 0.897322 -0.758579 2.32077 0.898547 -0.757125 2.34 1.861831 -1.72041 2.34 1.860546 -1.721801 2.320775 1.856652 -1.725997 2.30173 1.85022 -1.73289 2.284219 1.841818 -1.741818 2.269289 1.831524 -1.752638 2.257035 1.819372 -1.76525 2.247613 1.806057 -1.778869 2.241893 1.792516 -1.792516 2.24 1.778869 -1.806057 2.241893 1.76525 -1.819372 2.247613 1.752638 -1.831524 2.257035 1.741818 -1.841818 2.269289 1.73289 -1.85022 2.284219 1.725997 -1.856652 2.30173 1.721801 -1.860546 2.320775 1.72041 -1.861831 2.34 0.757125 -0.898547 2.34 0.758579 -0.897322 2.32077 0.762953 -0.893604 2.301723 0.770113 -0.887439 2.284215 0.779345 -0.879345 2.269289 0.790467 -0.869358 2.257038 0.803344 -0.857475 2.247615 0.817139 -0.844334 2.241894 1.167697 -1.131095 2.243407 1.489257 -1.452655 2.243407 1.470956 -1.470956 2.24 1.149396 -1.149396 2.24 1.184751 -1.114041 2.253397 1.506311 -1.4356 2.253397 1.199396 -1.099396 2.269289 1.520956 -1.420956 2.269289 1.210633 -1.088159 2.29 1.532193 -1.409719 2.29 1.217697 -1.081095 2.314118 1.539257 -1.402655 2.314118 1.452655 -1.489257 2.243407 1.131095 -1.167697 2.243407 1.4356 -1.506311 2.253397 1.114041 -1.184751 2.253397 1.420956 -1.520956 2.269289 1.099396 -1.199396 2.269289 1.409719 -1.532193 2.29 1.088159 -1.210633 2.29 1.402655 -1.539257 2.314118 1.081095 -1.217697 2.314118 0.898547 -0.757125 3.262682 1.031366 -0.889945 3.164686 1.11387 -0.972448 3.103811 1.210874 -1.069453 3.032234 1.326572 -1.18515 2.946862 1.466942 -1.32552 2.843282 1.64082 -1.499399 2.714973 1.744312 -1.602891 2.638602 1.861831 -1.72041 2.55188 1.174839 0.01922994 2.241894 1.174376 0.03827697 2.247615 1.173673 0.055785 2.257038 1.17287 0.07071095 2.269289 1.172067 0.08296197 2.284215 1.171363 0.09238398 2.301723 1.170899 0.09810596 2.32077 1.170737 0.1 2.34 2.533027 0.1 2.34 2.533102 0.09810698 2.320775 2.533316 0.09238696 2.30173 2.533642 0.08296495 2.284219 2.534014 0.07071095 2.269289 2.534386 0.05578094 2.257035 2.534711 0.03826999 2.247613 2.534925 0.019225 2.241893 2.535 0 2.24 2.534925 -0.019225 2.241893 2.534711 -0.03826999 2.247613 2.534386 -0.05578094 2.257035 2.534014 -0.07071095 2.269289 2.533642 -0.08296495 2.284219 2.533316 -0.09238696 2.30173 2.533102 -0.09810698 2.320775 2.533027 -0.1 2.34 1.170737 -0.1 2.34 1.170899 -0.09810596 2.32077 1.171363 -0.09238398 2.301723 1.172067 -0.08296197 2.284215 1.17287 -0.07071095 2.269289 1.173673 -0.055785 2.257038 1.174376 -0.03827697 2.247615 1.174839 -0.01922994 2.241894 1.625491 0.025882 2.243407 2.080246 0.025882 2.243407 2.080246 0 2.24 1.625491 0 2.24 1.625491 0.04999995 2.253397 2.080246 0.04999995 2.253397 1.625491 0.07071095 2.269289 2.080246 0.07071095 2.269289 1.625491 0.08660298 2.29 2.080246 0.08660298 2.29 1.625491 0.09659296 2.314118 2.080246 0.09659296 2.314118 2.080246 -0.025882 2.243407 1.625491 -0.025882 2.243407 2.080246 -0.04999995 2.253397 1.625491 -0.04999995 2.253397 2.080246 -0.07071095 2.269289 1.625491 -0.07071095 2.269289 2.080246 -0.08660298 2.29 1.625491 -0.08660298 2.29 2.080246 -0.09659296 2.314118 1.625491 -0.09659296 2.314118 1.170737 0.1 3.299762 2.533027 0.1 2.588866 0.817139 0.844334 2.241894 0.803344 0.857475 2.247615 0.790467 0.869358 2.257038 0.779345 0.879345 2.269289 0.770113 0.887439 2.284215 0.762953 0.893604 2.301723 0.758579 0.897322 2.32077 0.757125 0.898547 2.34 1.72041 1.861831 2.34 1.721801 1.860546 2.320775 1.725997 1.856652 2.30173 1.73289 1.85022 2.284219 1.741818 1.841818 2.269289 1.752638 1.831524 2.257035 1.76525 1.819372 2.247613 1.778869 1.806057 2.241893 1.792516 1.792516 2.24 1.806057 1.778869 2.241893 1.819372 1.76525 2.247613 1.831524 1.752638 2.257035 1.841818 1.741818 2.269289 1.85022 1.73289 2.284219 1.856652 1.725997 2.30173 1.860546 1.721801 2.320775 1.861831 1.72041 2.34 0.898547 0.757125 2.34 0.897322 0.758579 2.32077 0.893604 0.762953 2.301723 0.887439 0.770113 2.284215 0.879345 0.779345 2.269289 0.869358 0.790467 2.257038 0.857475 0.803344 2.247615 0.844334 0.817139 2.241894 1.131095 1.167697 2.243407 1.452655 1.489257 2.243407 1.470956 1.470956 2.24 1.149396 1.149396 2.24 1.114041 1.184751 2.253397 1.4356 1.506311 2.253397 1.099396 1.199396 2.269289 1.420956 1.520956 2.269289 1.088159 1.210633 2.29 1.409719 1.532193 2.29 1.081095 1.217697 2.314118 1.402655 1.539257 2.314118 1.489257 1.452655 2.243407 1.167697 1.131095 2.243407 1.506311 1.4356 2.253397 1.184751 1.114041 2.253397 1.520956 1.420956 2.269289 1.199396 1.099396 2.269289 1.532193 1.409719 2.29 1.210633 1.088159 2.29 1.539257 1.402655 2.314118 1.217697 1.081095 2.314118 0.757125 0.898547 3.336458 0.882799 1.024221 3.24374 0.961959 1.10338 3.185335 1.056126 1.197548 3.115855 1.170018 1.311439 3.031818 1.310556 1.451977 2.928115 1.393922 1.535343 2.866599 1.488333 1.629754 2.796932 1.596139 1.73756 2.717378 1.72041 1.861831 2.625675 -0.01922994 1.174839 2.241894 -0.03827697 1.174376 2.247615 -0.055785 1.173673 2.257038 -0.07071095 1.17287 2.269289 -0.08296197 1.172067 2.284215 -0.09238398 1.171363 2.301723 -0.09810596 1.170899 2.32077 -0.1 1.170737 2.34 -0.1 2.533027 2.34 -0.09810698 2.533102 2.320775 -0.09238696 2.533316 2.30173 -0.08296495 2.533642 2.284219 -0.07071095 2.534014 2.269289 -0.05578094 2.534386 2.257035 -0.03826999 2.534711 2.247613 -0.019225 2.534925 2.241893 0 2.535 2.24 0.019225 2.534925 2.241893 0.03826999 2.534711 2.247613 0.05578094 2.534386 2.257035 0.07071095 2.534014 2.269289 0.08296495 2.533642 2.284219 0.09238696 2.533316 2.30173 0.09810698 2.533102 2.320775 0.1 2.533027 2.34 0.1 1.170737 2.34 0.09810596 1.170899 2.32077 0.09238398 1.171363 2.301723 0.08296197 1.172067 2.284215 0.07071095 1.17287 2.269289 0.055785 1.173673 2.257038 0.03827697 1.174376 2.247615 0.01922994 1.174839 2.241894 -0.025882 1.625491 2.243407 -0.025882 2.080246 2.243407 0 2.080246 2.24 0 1.625491 2.24 -0.04999995 1.625491 2.253397 -0.04999995 2.080246 2.253397 -0.07071095 1.625491 2.269289 -0.07071095 2.080246 2.269289 -0.08660298 1.625491 2.29 -0.08660298 2.080246 2.29 -0.09659296 1.625491 2.314118 -0.09659296 2.080246 2.314118 0.025882 2.080246 2.243407 0.025882 1.625491 2.243407 0.04999995 2.080246 2.253397 0.04999995 1.625491 2.253397 0.07071095 2.080246 2.269289 0.07071095 1.625491 2.269289 0.08660298 2.080246 2.29 0.08660298 1.625491 2.29 0.09659296 2.080246 2.314118 0.09659296 1.625491 2.314118 -0.1 1.170737 3.349515 -0.1 1.350618 3.255994 -0.1 1.463956 3.197023 -0.1 1.598829 3.126812 -0.1 1.762031 3.041817 -0.1 1.963549 2.936827 -0.1 2.083161 2.874493 -0.1 2.218689 2.803853 -0.1 2.373539 2.72313 -0.1 2.552163 2.63 -0.1 2.533027 2.63 -1.861831 1.72041 2.34 -0.898547 0.757125 2.34 -0.898547 0.757125 3.329791 -1.028692 0.887271 3.23472 -1.109921 0.9685 3.175254 -1.205831 1.06441 3.104949 -1.320821 1.179399 3.020558 -1.461237 1.319816 2.917398 -1.636595 1.495174 2.788447 -1.741734 1.600313 2.711084 -1.861831 1.72041 2.622681 -0.757125 0.898547 2.34 -0.758579 0.897322 2.32077 -0.762953 0.893604 2.301723 -0.770113 0.887439 2.284215 -0.779345 0.879345 2.269289 -0.790467 0.869358 2.257038 -0.803344 0.857475 2.247615 -0.817139 0.844334 2.241894 -0.844334 0.817139 2.241894 -0.857475 0.803344 2.247615 -0.869358 0.790467 2.257038 -0.879345 0.779345 2.269289 -0.887439 0.770113 2.284215 -0.893604 0.762953 2.301723 -0.897322 0.758579 2.32077 -1.860546 1.721801 2.320775 -1.856652 1.725997 2.30173 -1.85022 1.73289 2.284219 -1.841818 1.741818 2.269289 -1.831524 1.752638 2.257035 -1.819372 1.76525 2.247613 -1.806057 1.778869 2.241893 -1.792516 1.792516 2.24 -1.778869 1.806057 2.241893 -1.76525 1.819372 2.247613 -1.752638 1.831524 2.257035 -1.741818 1.841818 2.269289 -1.73289 1.85022 2.284219 -1.725997 1.856652 2.30173 -1.721801 1.860546 2.320775 -1.72041 1.861831 2.34 -1.081095 1.217697 2.314118 -1.402655 1.539257 2.314118 -1.088159 1.210633 2.29 -1.409719 1.532193 2.29 -1.099396 1.199396 2.269289 -1.420956 1.520956 2.269289 -1.114041 1.184751 2.253397 -1.4356 1.506311 2.253397 -1.131095 1.167697 2.243407 -1.452655 1.489257 2.243407 -1.149396 1.149396 2.24 -1.470956 1.470956 2.24 -1.167697 1.131095 2.243407 -1.489257 1.452655 2.243407 -1.184751 1.114041 2.253397 -1.506311 1.4356 2.253397 -1.199396 1.099396 2.269289 -1.520956 1.420956 2.269289 -1.210633 1.088159 2.29 -1.532193 1.409719 2.29 -1.217697 1.081095 2.314118 -1.539257 1.402655 2.314118 -1.170737 0.1 3.39 -1.166342 -0.139594 3.379414 -1.111883 -0.379915 3.36897 -1.008024 -0.603103 3.359426 -0.865458 -0.794723 3.351342 -0.685616 -0.953791 3.344708 -0.47221 -1.075935 3.339658 -0.238038 -1.150268 3.336603 0 -1.175 3.335591 0.238038 -1.150268 3.336603 0.47221 -1.075935 3.339658 0.685616 -0.953791 3.344708 0.865458 -0.794723 3.351342 1.008024 -0.603103 3.359426 1.111883 -0.379915 3.36897 1.166342 -0.139594 3.379414 1.170737 0.1 3.39 1.141384 -0.160513 3.39 1.054798 -0.407964 3.39 0.915319 -0.629943 3.39 0.729943 -0.815319 3.39 0.507964 -0.954798 3.39 0.260513 -1.041384 3.39 0 -1.070737 3.39 -0.260513 -1.041384 3.39 -0.507964 -0.954798 3.39 -0.729943 -0.815319 3.39 -0.915319 -0.629943 3.39 -1.054798 -0.407964 3.39 -1.141384 -0.160513 3.39 -0.55 0 2.29 -0.531259 -0.14235 2.29 -0.476314 -0.275 2.29 -0.388909 -0.388909 2.29 -0.275 -0.476314 2.29 -0.14235 -0.531259 2.29 0 -0.55 2.29 0.14235 -0.531259 2.29 0.275 -0.476314 2.29 0.388909 -0.388909 2.29 0.476314 -0.275 2.29 0.531259 -0.14235 2.29 0.55 0 2.29 0.531259 0.14235 2.29 0.476314 0.275 2.29 0.388909 0.388909 2.29 0.275 0.476314 2.29 0.14235 0.531259 2.29 0 0.55 2.29 -0.14235 0.531259 2.29 -0.275 0.476314 2.29 -0.388909 0.388909 2.29 -0.476314 0.275 2.29 -0.531259 0.14235 2.29 -0.55 0 3.39 -0.531259 -0.14235 3.39 -0.476314 -0.275 3.39 -0.388909 -0.388909 3.39 -0.275 -0.476314 3.39 -0.14235 -0.531259 3.39 0 -0.55 3.39 0.14235 -0.531259 3.39 0.275 -0.476314 3.39 0.388909 -0.388909 3.39 0.476314 -0.275 3.39 0.531259 -0.14235 3.39 0.55 0 3.39 0.531259 0.14235 3.39 0.476314 0.275 3.39 0.388909 0.388909 3.39 0.275 0.476314 3.39 0.14235 0.531259 3.39 0 0.55 3.39 -0.14235 0.531259 3.39 -0.275 0.476314 3.39 -0.388909 0.388909 3.39 -0.476314 0.275 3.39 -0.531259 0.14235 3.39 -1.170737 0.1 3.299762 -0.898547 -0.757125 3.262682 -0.1 -1.170737 3.245528 0.757125 -0.898547 3.256766 1.170737 -0.1 3.290912 0.898547 0.757125 3.329791 0.1 1.170737 3.349515 -0.757125 0.898547 3.336458 -1.117636 0.36265 3.39 -1.006408 0.606439 3.39 -0.842837 0.818688 3.39 -0.635432 0.988358 3.39 -0.394978 1.106624 3.39 -0.133982 1.167336 3.39 0.133982 1.167336 3.39 0.394978 1.106624 3.39 0.635432 0.988358 3.39 0.842837 0.818688 3.39 1.006408 0.606439 3.39 1.117636 0.36265 3.39 -0.882799 1.024221 3.24374 -0.961959 1.10338 3.185335 -1.056126 1.197548 3.115855 -1.170018 1.311439 3.031818 -1.310556 1.451977 2.928115 -1.393922 1.535343 2.866599 -1.488333 1.629754 2.796932 -1.596139 1.73756 2.717378 -1.72041 1.861831 2.625675 -1.031366 -0.889945 3.164686 -1.11387 -0.972448 3.103811 -1.210874 -1.069453 3.032234 -1.326572 -1.18515 2.946862 -1.466942 -1.32552 2.843282 -1.64082 -1.499399 2.714973 -1.744312 -1.602891 2.638602 -1.861831 -1.72041 2.55188 -0.1 -2.533027 2.535691 -0.1 -2.370758 2.620305 -0.1 -2.226977 2.69527 -0.1 -1.983531 2.822179 -0.1 -1.785255 2.925516 -0.1 -1.620639 3.011286 -0.1 -1.481778 3.083617 -0.1 -1.363062 3.145434 0.893817 -1.035239 3.156704 0.97806 -1.119481 3.094936 1.07648 -1.217901 3.022702 1.193001 -1.334422 2.937106 1.33314 -1.474561 2.834077 1.50491 -1.646331 2.707701 1.606211 -1.747632 2.633135 1.72041 -1.861831 2.549049 2.533027 -0.1 2.584752 2.368708 -0.1 2.670216 2.223603 -0.1 2.745651 1.978946 -0.1 2.872746 1.780615 -0.1 2.975661 1.616562 -0.1 3.060681 1.478584 -0.1 3.132089 1.3609 -0.1 3.1929 1.861831 1.72041 2.622681 1.741734 1.600313 2.711084 1.636595 1.495174 2.788447 1.461237 1.319816 2.917398 1.320821 1.179399 3.020558 1.205831 1.06441 3.104949 1.109921 0.9685 3.175254 1.028692 0.887271 3.23472 0.1 1.350618 3.255994 0.1 1.463956 3.197023 0.1 1.598829 3.126812 0.1 1.762031 3.041817 0.1 1.963549 2.936827 0.1 2.083161 2.874493 0.1 2.218689 2.803853 0.1 2.373539 2.72313 0.1 2.552163 2.63 0.033342 2.553975 2.63 -0.033342 2.553975 2.63 0.1 2.533027 2.63 -2.533027 0.1 2.588866 -2.535 0 0 -2.502172 0.406643 0 -2.40454 0.802753 0 -2.244631 1.178073 0 -2.026587 1.522882 0 -1.756056 1.828248 0 -1.440044 2.086264 0 -1.086736 2.290247 0 -0.705281 2.434913 0 -0.30556 2.516517 0 0.102074 2.532944 0 0.507065 2.483769 0 0.898923 2.370266 0 1.2675 2.195374 0 1.603249 1.963624 0 1.897475 1.681016 0 2.142557 1.354871 0 2.332148 0.993635 0 2.461338 0.606665 0 2.52678 0.203983 0 2.52678 -0.203983 0 2.461338 -0.606665 0 2.332148 -0.993635 0 2.142557 -1.354871 0 1.897475 -1.681016 0 1.603249 -1.963624 0 1.2675 -2.195374 0 0.898923 -2.370266 0 0.507065 -2.483769 0 0.102074 -2.532944 0 -0.30556 -2.516517 0 -0.705281 -2.434913 0 -1.086736 -2.290247 0 -1.440044 -2.086264 0 -1.756056 -1.828248 0 -2.026587 -1.522882 0 -2.244631 -1.178073 0 -2.40454 -0.802753 0 -2.502172 -0.406643 0 -0.323012 2.514337 2.63 -0.543507 2.47605 2.63 -0.759765 2.418467 2.63 -0.970103 2.342035 2.63 -1.172879 2.247349 2.63 -1.366515 2.135149 2.63 -1.5495 2.006308 2.63 -1.72041 1.861831 2.63 -1.861831 1.72041 2.63 -2.090587 1.433762 2.63 -2.275588 1.117106 2.63 -2.412962 0.77707 2.63 -2.499835 0.42077 2.63 -2.534389 0.055664 2.63 -2.515899 -0.310607 2.63 -2.444754 -0.670377 2.63 -2.322441 -1.016117 2.63 -2.151521 -1.34059 2.63 -1.935572 -1.637005 2.63 -1.679112 -1.899159 2.63 -1.38751 -2.121566 2.63 -1.066868 -2.299569 2.63 -0.723898 -2.429444 2.63 -0.365777 -2.508472 2.63 0 -2.535 2.63 0.365777 -2.508472 2.63 0.723898 -2.429444 2.63 1.066868 -2.299569 2.63 1.38751 -2.121566 2.63 1.679112 -1.899159 2.63 1.935572 -1.637005 2.63 2.151521 -1.34059 2.63 2.322441 -1.016117 2.63 2.444754 -0.670377 2.63 2.515899 -0.310607 2.63 2.534389 0.055664 2.63 2.499835 0.42077 2.63 2.412962 0.77707 2.63 2.275588 1.117106 2.63 2.090587 1.433762 2.63 1.861831 1.72041 2.63 1.72041 1.861831 2.63 1.5495 2.006308 2.63 1.366515 2.135149 2.63 1.172879 2.247349 2.63 0.970103 2.342035 2.63 0.759765 2.418467 2.63 0.543507 2.47605 2.63 0.323012 2.514337 2.63 -2.77 0 2.43 -2.737537 0.422839 2.43 -2.640908 0.835766 2.43 -2.482379 1.229104 2.43 -2.265664 1.593633 2.43 -1.995845 1.920808 2.43 -1.679244 2.202961 2.43 -1.323284 2.433479 2.43 -0.936307 2.606958 2.43 -0.527383 2.719332 2.43 -0.106099 2.767967 2.43 0.317673 2.751724 2.43 0.733999 2.670982 2.43 1.13312 2.527635 2.43 1.505682 2.325042 2.43 1.842952 2.067952 2.43 2.137025 1.762392 2.43 2.381008 1.415522 2.43 2.569182 1.035473 2.43 2.697136 0.631154 2.43 2.761872 0.212041 2.43 2.761872 -0.212041 2.43 2.697136 -0.631154 2.43 2.569182 -1.035473 2.43 2.381008 -1.415522 2.43 2.137025 -1.762392 2.43 1.842952 -2.067952 2.43 1.505682 -2.325042 2.43 1.13312 -2.527635 2.43 0.733999 -2.670982 2.43 0.317673 -2.751724 2.43 -0.106099 -2.767967 2.43 -0.527383 -2.719332 2.43 -0.936307 -2.606958 2.43 -1.323284 -2.433479 2.43 -1.679244 -2.202961 2.43 -1.995845 -1.920808 2.43 -2.265664 -1.593633 2.43 -2.482379 -1.229104 2.43 -2.640908 -0.835766 2.43 -2.737537 -0.422839 2.43 -2.7 0 2.43 -2.666759 -0.422373 2.43 -2.567853 -0.834346 2.43 -2.405718 -1.225774 2.43 -2.184346 -1.58702 2.43 -1.909188 -1.909188 2.43 -1.58702 -2.184346 2.43 -1.225774 -2.405718 2.43 -0.834346 -2.567853 2.43 -0.422373 -2.666759 2.43 0 -2.7 2.43 0.422373 -2.666759 2.43 0.834346 -2.567853 2.43 1.225774 -2.405718 2.43 1.58702 -2.184346 2.43 1.909188 -1.909188 2.43 2.184346 -1.58702 2.43 2.405718 -1.225774 2.43 2.567853 -0.834346 2.43 2.666759 -0.422373 2.43 2.7 0 2.43 2.666759 0.422373 2.43 2.567853 0.834346 2.43 2.405718 1.225774 2.43 2.184346 1.58702 2.43 1.909188 1.909188 2.43 1.58702 2.184346 2.43 1.225774 2.405718 2.43 0.834346 2.567853 2.43 0.422373 2.666759 2.43 0 2.7 2.43 -0.422373 2.666759 2.43 -0.834346 2.567853 2.43 -1.225774 2.405718 2.43 -1.58702 2.184346 2.43 -1.909188 1.909188 2.43 -2.184346 1.58702 2.43 -2.405718 1.225774 2.43 -2.567853 0.834346 2.43 -2.666759 0.422373 2.43 -2.77 0 2.63 -2.737537 0.422839 2.63 -2.640908 0.835766 2.63 -2.482379 1.229104 2.63 -2.265664 1.593633 2.63 -1.995845 1.920808 2.63 -1.679244 2.202961 2.63 -1.323284 2.433479 2.63 -0.936307 2.606958 2.63 -0.527383 2.719332 2.63 -0.106099 2.767967 2.63 0.317673 2.751724 2.63 0.733999 2.670982 2.63 1.13312 2.527635 2.63 1.505682 2.325042 2.63 1.842952 2.067952 2.63 2.137025 1.762392 2.63 2.381008 1.415522 2.63 2.569182 1.035473 2.63 2.697136 0.631154 2.63 2.761872 0.212041 2.63 2.761872 -0.212041 2.63 2.697136 -0.631154 2.63 2.569182 -1.035473 2.63 2.381008 -1.415522 2.63 2.137025 -1.762392 2.63 1.842952 -2.067952 2.63 1.505682 -2.325042 2.63 1.13312 -2.527635 2.63 0.733999 -2.670982 2.63 0.317673 -2.751724 2.63 -0.106099 -2.767967 2.63 -0.527383 -2.719332 2.63 -0.936307 -2.606958 2.63 -1.323284 -2.433479 2.63 -1.679244 -2.202961 2.63 -1.995845 -1.920808 2.63 -2.265664 -1.593633 2.63 -2.482379 -1.229104 2.63 -2.640908 -0.835766 2.63 -2.737537 -0.422839 2.63 -2.7 0 0.2 -2.666759 -0.422373 0.2 -2.567853 -0.834346 0.2 -2.405718 -1.225774 0.2 -2.184346 -1.58702 0.2 -1.909188 -1.909188 0.2 -1.58702 -2.184346 0.2 -1.225774 -2.405718 0.2 -0.834346 -2.567853 0.2 -0.422373 -2.666759 0.2 0 -2.7 0.2 0.422373 -2.666759 0.2 0.834346 -2.567853 0.2 1.225774 -2.405718 0.2 1.58702 -2.184346 0.2 1.909188 -1.909188 0.2 2.184346 -1.58702 0.2 2.405718 -1.225774 0.2 2.567853 -0.834346 0.2 2.666759 -0.422373 0.2 2.7 0 0.2 2.666759 0.422373 0.2 2.567853 0.834346 0.2 2.405718 1.225774 0.2 2.184346 1.58702 0.2 1.909188 1.909188 0.2 1.58702 2.184346 0.2 1.225774 2.405718 0.2 0.834346 2.567853 0.2 0.422373 2.666759 0.2 0 2.7 0.2 -0.422373 2.666759 0.2 -0.834346 2.567853 0.2 -1.225774 2.405718 0.2 -1.58702 2.184346 0.2 -1.909188 1.909188 0.2 -2.184346 1.58702 0.2 -2.405718 1.225774 0.2 -2.567853 0.834346 0.2 -2.666759 0.422373 0.2 -2.77 0 0.2 -2.737537 0.422839 0.2 -2.640908 0.835766 0.2 -2.482379 1.229104 0.2 -2.265664 1.593633 0.2 -1.995845 1.920808 0.2 -1.679244 2.202961 0.2 -1.323284 2.433479 0.2 -0.936307 2.606958 0.2 -0.527383 2.719332 0.2 -0.106099 2.767967 0.2 0.317673 2.751724 0.2 0.733999 2.670982 0.2 1.13312 2.527635 0.2 1.505682 2.325042 0.2 1.842952 2.067952 0.2 2.137025 1.762392 0.2 2.381008 1.415522 0.2 2.569182 1.035473 0.2 2.697136 0.631154 0.2 2.761872 0.212041 0.2 2.761872 -0.212041 0.2 2.697136 -0.631154 0.2 2.569182 -1.035473 0.2 2.381008 -1.415522 0.2 2.137025 -1.762392 0.2 1.842952 -2.067952 0.2 1.505682 -2.325042 0.2 1.13312 -2.527635 0.2 0.733999 -2.670982 0.2 0.317673 -2.751724 0.2 -0.106099 -2.767967 0.2 -0.527383 -2.719332 0.2 -0.936307 -2.606958 0.2 -1.323284 -2.433479 0.2 -1.679244 -2.202961 0.2 -1.995845 -1.920808 0.2 -2.265664 -1.593633 0.2 -2.482379 -1.229104 0.2 -2.640908 -0.835766 0.2 -2.737537 -0.422839 0.2 -2.77 0 0 -2.737537 -0.422839 0 -2.640908 -0.835766 0 -2.482379 -1.229104 0 -2.265664 -1.593633 0 -1.995845 -1.920808 0 -1.679244 -2.202961 0 -1.323284 -2.433479 0 -0.936307 -2.606958 0 -0.527383 -2.719332 0 -0.106099 -2.767967 0 0.317673 -2.751724 0 0.733999 -2.670982 0 1.13312 -2.527635 0 1.505682 -2.325042 0 1.842952 -2.067952 0 2.137025 -1.762392 0 2.381008 -1.415522 0 2.569182 -1.035473 0 2.697136 -0.631154 0 2.761872 -0.212041 0 2.761872 0.212041 0 2.697136 0.631154 0 2.569182 1.035473 0 2.381008 1.415522 0 2.137025 1.762392 0 1.842952 2.067952 0 1.505682 2.325042 0 1.13312 2.527635 0 0.733999 2.670982 0 0.317673 2.751724 0 -0.106099 2.767967 0 -0.527383 2.719332 0 -0.936307 2.606958 0 -1.323284 2.433479 0 -1.679244 2.202961 0 -1.995845 1.920808 0 -2.265664 1.593633 0 -2.482379 1.229104 0 -2.640908 0.835766 0 -2.737537 0.422839 0</float_array>
          <technique_common>
            <accessor source="#EDF_housing-mesh-positions-array" count="1056" stride="3">
              <param name="X" type="float"/>
              <param name="Y" type="float"/>
              <param name="Z" type="float"/>
            </accessor>
          </technique_common>
        </source>
        <source id="EDF_housing-mesh-normals">
          <float_array id="EDF_housing-mesh-normals-array" count="14829">0 0 -1 9.08492e-7 0 -1 -6.55953e-7 0 -1 9.04417e-7 0 -1 -1.80883e-6 0 -1 -3.29406e-7 0 -1 3.27976e-7 0 -1 -1.81173e-6 0 -1 1.80883e-6 0 -1 1.81173e-6 0 -1 -3.27976e-7 0 -1 3.29406e-7 0 -1 -9.04417e-7 0 -1 4.54247e-7 0 -1 6.55953e-7 0 -1 -6.81369e-7 0 -1 6.58812e-7 0 -1 -9.08492e-7 0 -1 -4.54247e-7 0 -1 6.81369e-7 0 -1 -6.58812e-7 0 -1 6.04242e-6 0.1923188 -0.9813326 4.96795e-6 4.53293e-5 -1 9.16887e-7 4.53293e-5 -1 -2.61225e-7 -4.53293e-5 -1 3.94898e-6 -4.53364e-5 -1 2.224e-6 -0.1923188 -0.9813325 -4.71575e-6 -1.91331e-5 -1 -2.97034e-6 -0.1923176 -0.9813328 9.48785e-7 -0.2587692 -0.9659392 -4.42873e-7 -0.2588446 -0.9659191 4.53624e-6 -0.19239 -0.9813186 -8.06293e-7 -0.3827493 -0.9238523 2.63099e-6 -0.2588585 -0.9659153 6.57631e-5 -0.3827712 -0.9238432 -4.67012e-6 -0.4999634 -0.8660466 0 -0.5000075 -0.8660212 -2.10013e-7 -0.3827826 -0.9238385 3.40212e-6 -0.5579653 -0.8298644 3.66988e-6 -0.5000284 -0.8660091 -4.17233e-6 -0.5580216 -0.8298265 -1.37277e-6 -0.7070799 -0.7071337 -2.52994e-6 -0.7070822 -0.7071315 -7.95815e-6 -0.5580051 -0.8298375 1.01988e-6 -0.7070822 -0.7071315 -7.41697e-6 -0.7071281 -0.7070856 4.35347e-6 -0.707128 -0.7070856 -8.81217e-6 -0.8298348 -0.5580093 -5.20004e-6 -0.7071333 -0.7070803 1.26689e-6 -0.8298261 -0.5580221 1.24064e-6 -0.8660089 -0.5000288 1.9515e-6 -0.8660316 -0.4999893 -3.64683e-6 -0.8298494 -0.5579875 5.71599e-6 -0.9238282 -0.3828074 -2.69129e-6 -0.8660457 -0.4999648 -1.47981e-5 -0.9238452 -0.3827664 -2.73495e-6 -0.9659149 -0.2588598 1.93861e-6 -0.9659205 -0.2588391 -7.03428e-6 -0.9238542 -0.3827446 -9.27132e-7 -0.9813196 -0.1923848 1.37114e-6 -0.9659364 -0.25878 -3.67753e-6 -0.9813308 -0.1923276 -8.48528e-6 -1 -2.22325e-5 5.92868e-6 -1 -4.68194e-5 -5.2661e-6 -0.9813323 -0.1923203 5.99923e-7 -1 -4.68567e-5 -1.12008e-5 -0.9659374 -0.2587761 5.38351e-6 -1 -1.15186e-5 -4.54824e-6 -0.9659373 -0.2587761 -7.70297e-6 -0.9659363 -0.2587806 -5.13624e-6 -1 -4.5097e-5 3.67465e-6 -0.9813397 -0.1922826 -1.88904e-6 -0.9659222 -0.2588328 -7.35297e-6 -0.9813302 -0.1923311 6.15977e-6 -0.9238752 -0.382694 -8.33534e-7 -0.965915 -0.2588598 1.73288e-5 -0.9238721 -0.3827016 3.67197e-6 -0.8660457 -0.4999647 1.38365e-6 -0.8660203 -0.500009 4.50987e-6 -0.9238562 -0.38274 8.99774e-7 -0.8298902 -0.5579268 -2.64077e-6 -0.8660088 -0.5000289 -6.67758e-7 -0.8298529 -0.5579823 8.73837e-6 -0.7071332 -0.7070804 -1.27852e-5 -0.7071367 -0.7070769 2.27243e-7 -0.8298684 -0.5579592 -9.03143e-7 -0.7071367 -0.7070769 8.80613e-6 -0.7070769 -0.7071367 3.38617e-6 -0.7070769 -0.7071367 -1.78907e-6 -0.5579593 -0.8298684 -1.20122e-5 -0.70708 -0.7071336 -4.73304e-6 -0.557982 -0.8298531 -1.37335e-6 -0.5000285 -0.866009 2.05392e-6 -0.4999964 -0.8660275 -5.0175e-6 -0.5579546 -0.8298715 5.0955e-6 -0.3827264 -0.9238618 2.32481e-6 -0.4999635 -0.8660465 1.20247e-5 -0.3827019 -0.9238719 5.26884e-6 -0.2588582 -0.9659155 -2.19879e-6 -0.2588041 -0.9659298 0 -0.3826669 -0.9238865 -7.50646e-7 -0.1923023 -0.9813358 -4.37663e-6 -0.2587692 -0.9659393 4.45964e-6 -0.1922708 -0.9813419 -6.47991e-6 -1.91162e-5 -1 -9.82499e-6 -2.1629e-5 -1 4.8198e-6 -0.1922956 -0.9813371 4.80756e-6 -2.16365e-5 -1 -8.81353e-6 2.1629e-5 -1 4.33053e-6 2.16437e-5 -1 8.10111e-6 0.1922956 -0.9813371 -1.09631e-5 1.91331e-5 -1 3.85894e-6 0.1922708 -0.9813419 -1.87568e-6 0.2587692 -0.9659392 -1.83741e-6 0.2588042 -0.9659298 -3.29572e-6 0.1923023 -0.9813358 1.98209e-6 0.3826669 -0.9238865 1.56485e-6 0.2588582 -0.9659153 1.20243e-5 0.3827019 -0.9238719 6.0465e-6 0.4999635 -0.8660464 -4.0154e-6 0.4999966 -0.8660275 1.30408e-6 0.3827264 -0.9238618 -5.19143e-6 0.5579546 -0.8298715 -3.71807e-6 0.5000284 -0.8660091 7.96583e-6 0.5579816 -0.8298533 -7.37771e-6 0.7070799 -0.7071337 -1.10059e-5 0.7070769 -0.7071367 -5.88596e-6 0.5579593 -0.8298684 1.30316e-6 0.7070769 -0.7071367 7.11346e-6 0.7071367 -0.7070769 -2.92482e-6 0.7071367 -0.7070769 2.53925e-6 0.8298684 -0.5579593 4.10294e-6 0.7071332 -0.7070804 -1.57038e-6 0.8298529 -0.5579824 -2.83588e-7 0.8660088 -0.5000288 1.80124e-6 0.8660203 -0.500009 -2.04635e-6 0.8298901 -0.5579269 5.95348e-6 0.9238561 -0.3827399 0 0.8660458 -0.4999647 1.73292e-5 0.9238719 -0.3827016 2.86335e-6 0.965915 -0.2588598 -2.27743e-6 0.9659222 -0.2588327 2.62656e-6 0.9238752 -0.382694 7.2713e-6 0.9813302 -0.1923313 -4.72844e-6 0.9659381 -0.2587736 3.67544e-6 0.9813414 -0.1922739 -1.78604e-5 1 -1.57505e-5 -5.60179e-6 1 -1.9446e-5 -3.5798e-6 0.9813375 -0.1922934 4.77252e-6 1 -1.94311e-5 9.10042e-6 0.9659376 -0.2587755 -1.59098e-5 1 -1.07735e-5 1.32802e-6 0.9659376 -0.2587755 -2.62912e-6 0.9659349 -0.258785 3.22622e-6 1 -1.35304e-6 5.1622e-6 0.9813296 -0.1923339 1.5455e-6 0.9659205 -0.2588391 2.4247e-6 0.9813196 -0.1923848 -7.65384e-6 0.9238542 -0.3827445 9.67179e-7 0.9659149 -0.2588598 -1.47967e-5 0.9238453 -0.3827664 -6.40564e-6 0.8660458 -0.499965 2.30898e-6 0.8660316 -0.4999893 -4.58676e-6 0.9238283 -0.3828075 -1.51712e-6 0.8298494 -0.5579876 3.31039e-6 0.8660089 -0.5000287 0 0.8298261 -0.558022 -1.01777e-5 0.7071334 -0.7070803 1.23777e-5 0.7071281 -0.7070856 -4.54253e-6 0.8298348 -0.5580092 -6.06596e-6 0.7071281 -0.7070856 -3.70479e-6 0.7070822 -0.7071315 4.52995e-6 0.7070822 -0.7071315 -8.05221e-6 0.5580052 -0.8298375 3.40957e-6 0.7070798 -0.7071338 -3.10683e-6 0.5580216 -0.8298264 1.42725e-6 0.5000283 -0.8660091 -4.1342e-7 0.5000075 -0.8660212 7.30995e-6 0.5579653 -0.8298643 5.87432e-7 0.3827826 -0.9238385 -9.50182e-7 0.4999634 -0.8660467 6.57614e-5 0.3827712 -0.9238432 -1.12352e-6 0.2588585 -0.9659153 0 0.2588445 -0.965919 3.24589e-6 0.3827494 -0.9238523 5.54987e-6 0.19239 -0.9813186 3.33949e-6 0.2587691 -0.9659393 -3.82029e-6 0.1923176 -0.9813328 -9.31695e-6 1.90878e-5 -1 -6.26362e-6 -0.2587763 -0.9659373 6.43358e-6 -0.2587763 -0.9659373 4.50001e-6 -1.17123e-5 -1 -6.43358e-6 -1.16229e-5 -1 -4.50001e-6 -0.2587763 -0.9659374 6.26362e-6 -1.1608e-5 -1 -6.26362e-6 1.17123e-5 -1 6.43358e-6 1.17123e-5 -1 -5.24995e-5 0.2587763 -0.9659374 -6.43358e-6 0.2587763 -0.9659374 -4.50001e-6 1.1608e-5 -1 6.26362e-6 0.2587763 -0.9659374 -6.26362e-6 0.2588451 -0.9659188 6.39027e-6 0.2588451 -0.9659188 4.53113e-6 0.499975 -0.8660399 -6.39027e-6 0.4999749 -0.86604 -4.53113e-6 0.258845 -0.965919 6.26362e-6 0.4999748 -0.8660399 -4.45905e-6 0.5000219 -0.8660127 6.23406e-6 0.5000219 -0.8660127 1.00955e-6 0.7070852 -0.7071285 6.26362e-6 -0.2588449 -0.965919 -6.39027e-6 -0.2588449 -0.965919 -4.53113e-6 -0.4999747 -0.8660401 6.39074e-6 -0.4999751 -0.8660398 4.53113e-6 -0.2588453 -0.9659188 -6.26362e-6 -0.4999752 -0.8660398 6.26362e-6 -0.5000219 -0.8660127 -6.46338e-6 -0.5000219 -0.8660127 5.25306e-5 -0.7070852 -0.7071285 6.46245e-6 -0.7070854 -0.7071281 4.4689e-6 -0.5000224 -0.8660125 -6.26362e-6 -0.7070855 -0.7071281 6.26362e-6 -0.7071279 -0.7070856 -6.44475e-6 -0.707128 -0.7070856 -4.4689e-6 -0.8660125 -0.5000225 6.44475e-6 -0.8660125 -0.5000225 4.4689e-6 -0.7071279 -0.7070856 -6.26362e-6 -0.8660125 -0.5000225 6.26362e-6 -0.8660387 -0.4999769 -6.37816e-6 -0.8660388 -0.499977 -4.56224e-6 -0.9659183 -0.2588473 6.37863e-6 -0.9659186 -0.2588464 4.56224e-6 -0.8660393 -0.499976 -6.26362e-6 -0.9659186 -0.2588464 -6.23406e-6 0.7070855 -0.7071281 -1.00862e-6 0.5000224 -0.8660126 4.45905e-6 0.7070855 -0.7071281 -6.23406e-6 0.8660125 -0.5000225 -9.92324e-7 0.707128 -0.7070856 4.45905e-6 0.8660125 -0.5000225 9.91393e-7 0.8660124 -0.5000225 -4.45905e-6 0.707128 -0.7070856 6.23406e-6 0.7071279 -0.7070856 4.56224e-6 0.9659184 -0.2588469 -6.26362e-6 0.8660389 -0.4999765 6.37909e-6 0.866039 -0.4999766 6.26362e-6 0.9659184 -0.2588468 -6.37863e-6 0.9659184 -0.2588468 -4.56224e-6 0.866039 -0.4999765 0 -1 0 0 -1 0 0 -1 0 0 -1 0 0 -1 0 0 -1 0 0 -1 0 -0.1359865 0.1359948 -0.9813323 -2.83346e-5 3.71709e-5 -1 -3.17991e-5 3.37884e-5 -1 3.16352e-5 -3.28571e-5 -1 3.52146e-5 -2.9329e-5 -1 0.1359908 -0.1359894 -0.9813326 1.80155e-5 -1.87755e-5 -1 0.1359945 -0.1359929 -0.9813315 0.1829853 -0.1829784 -0.9659375 0.1830337 -0.18303 -0.9659186 0.1360436 -0.1360396 -0.9813183 0.2706428 -0.2706488 -0.9238517 0.1830308 -0.1830382 -0.9659176 0.2706297 -0.2706839 -0.9238452 0.3535268 -0.3535178 -0.8660508 0.3535636 -0.3535596 -0.8660187 0.2706734 -0.2706694 -0.9238366 0.3945483 -0.3945397 -0.8298615 0.353569 -0.3535799 -0.8660083 0.3945753 -0.3945873 -0.829826 0.4999859 -0.4999772 -0.7071329 0.4999763 -0.4999783 -0.707139 0.3945868 -0.3945956 -0.8298166 0.4999783 -0.4999763 -0.7071388 0.5000144 -0.500004 -0.7070938 0.5000077 -0.5000111 -0.7070935 0.5867702 -0.5867844 -0.5580187 0.5000265 -0.5000261 -0.7070696 0.5867782 -0.5867853 -0.5580093 0.6123707 -0.6123611 -0.5000162 0.6123719 -0.612371 -0.5000026 0.5868085 -0.5868017 -0.5579603 0.6532523 -0.6532558 -0.3827773 0.6123872 -0.6123904 -0.4999601 0.6532468 -0.6532676 -0.3827664 0.6830043 -0.6830077 -0.2588546 0.6830103 -0.6830077 -0.2588389 0.6532651 -0.6532621 -0.3827447 0.6938928 -0.6939026 -0.1923851 0.6830204 -0.6830201 -0.2587792 0.6939042 -0.6939073 -0.1923271 0.7071072 -0.7071064 -2.23815e-5 0.7071126 -0.707101 -1.46255e-5 0.6939024 -0.6939067 -0.1923356 0.7071086 -0.7071051 -1.43647e-5 0.6830246 -0.6830164 -0.2587779 0.707105 -0.7071086 -1.32322e-5 0.6830206 -0.6830202 -0.2587785 0.6830074 -0.6830286 -0.2587914 0.7071086 -0.707105 -8.96315e-6 0.6939077 -0.6939128 -0.192295 0.6830055 -0.683008 -0.2588508 0.693906 -0.6939121 -0.1923035 0.6532924 -0.65328 -0.3826674 0.6829996 -0.6830099 -0.2588613 0.6533519 -0.6532009 -0.3827009 0.6123847 -0.6123884 -0.4999654 0.6123815 -0.6123831 -0.4999759 0.6532759 -0.653275 -0.3827041 0.5868157 -0.5868192 -0.5579343 0.6123672 -0.6123661 -0.5000143 0.586803 -0.5867994 -0.5579686 0.500022 -0.5000323 -0.7070685 0.5000129 -0.5000207 -0.7070831 0.5868037 -0.5868 -0.557967 0.5000176 -0.5000148 -0.707084 0.4999772 -0.4999889 -0.7071307 0.4999866 -0.4999796 -0.7071308 0.3945414 -0.394542 -0.8298637 0.4999812 -0.4999982 -0.7071214 0.3945314 -0.3945381 -0.8298704 0.3535847 -0.3535833 -0.8660005 0.3535577 -0.3535601 -0.8660209 0.3945146 -0.3945109 -0.8298912 0.2706352 -0.2706387 -0.9238569 0.3535451 -0.3535478 -0.8660312 0.2706164 -0.2706054 -0.923872 0.1830287 -0.1830291 -0.9659197 0.1830042 -0.1830044 -0.9659291 0.2705748 -0.2706028 -0.923885 0.135985 -0.135977 -0.981335 0.1829809 -0.1829827 -0.9659376 0.1359656 -0.1359547 -0.9813408 1.54865e-5 -2.02004e-5 -1 1.43349e-5 -9.91672e-6 -1 0.1359694 -0.1359709 -0.981338 1.12355e-5 -1.20103e-5 -1 -1.19954e-5 9.81987e-6 -1 -1.29019e-5 9.57973e-6 -1 -0.1359684 0.1359701 -0.9813383 -2.58684e-5 7.91997e-6 -1 -0.1359577 0.1359606 -0.981341 -0.1829831 0.182978 -0.9659381 -0.1829985 0.1830016 -0.9659306 -0.1359805 0.1359715 -0.9813364 -0.2705829 0.2705856 -0.9238876 -0.1830333 0.1830317 -0.9659184 -0.2705689 0.2706516 -0.9238724 -0.3535166 0.3535243 -0.8660523 -0.3535587 0.3535565 -0.8660219 -0.2706374 0.2706341 -0.9238575 -0.3945078 0.3945159 -0.8298919 -0.3535863 0.3535819 -0.8660004 -0.3945299 0.3945391 -0.8298705 -0.4999828 0.4999967 -0.7071213 -0.4999898 0.4999728 -0.7071332 -0.3945446 0.3945348 -0.8298656 -0.4999811 0.4999817 -0.7071331 -0.5000122 0.5000166 -0.7070865 -0.5000167 0.5000133 -0.7070856 -0.586798 0.5868027 -0.5579702 -0.5000271 0.5000283 -0.7070677 -0.5868049 0.5867983 -0.5579676 -0.6123691 0.6123647 -0.5000137 -0.6123822 0.612382 -0.4999764 -0.5868161 0.5868171 -0.5579361 -0.6532687 0.6532815 -0.3827055 -0.6123927 0.6123802 -0.4999657 -0.653223 0.6533296 -0.3827013 -0.6830092 0.6830005 -0.2588608 -0.6830101 0.683003 -0.2588517 -0.6532902 0.653282 -0.3826677 -0.69391 0.6939082 -0.1923027 -0.6830178 0.6830148 -0.2588002 -0.6939094 0.6939092 -0.1923015 -0.7071102 0.7071034 -4.48227e-5 -0.7071059 0.7071077 -3.62769e-5 -0.6939122 0.693917 -0.1922634 -0.7071086 0.7071051 -3.7238e-5 -0.6830272 0.6830168 -0.25877 -0.7071121 0.7071015 -5.3063e-5 -0.6830241 0.6830196 -0.2587707 -0.6830183 0.6830126 -0.2588049 -0.7071057 0.7071079 -2.20787e-5 -0.6939066 0.6939104 -0.1923072 -0.6830063 0.6830122 -0.2588374 -0.6939007 0.6938954 -0.1923826 -0.6532635 0.6532648 -0.3827428 -0.6830083 0.6830038 -0.2588543 -0.6532363 0.653277 -0.3827682 -0.6123961 0.6123815 -0.4999602 -0.6123702 0.6123732 -0.5000017 -0.6532481 0.6532603 -0.3827764 -0.5868055 0.5868049 -0.5579599 -0.612362 0.6123689 -0.5000172 -0.5867798 0.5867823 -0.5580107 -0.5000315 0.5000196 -0.7070707 -0.5000097 0.5000038 -0.7070973 -0.586775 0.5867754 -0.558023 -0.5000115 0.5000018 -0.7070975 -0.4999859 0.4999743 -0.7071349 -0.4999805 0.4999796 -0.707135 -0.3945652 0.3945677 -0.8298403 -0.4999679 0.4999836 -0.7071411 -0.3945718 0.3945782 -0.8298321 -0.3535611 0.3535739 -0.866014 -0.3535611 0.3535625 -0.8660187 -0.3945419 0.3945459 -0.8298617 -0.270674 0.2706691 -0.9238365 -0.3535245 0.3535262 -0.8660484 -0.270677 0.2706374 -0.9238449 -0.1830376 0.183039 -0.9659162 -0.1830005 0.1830052 -0.9659296 -0.2706483 0.2706506 -0.9238494 -0.1360414 0.1360495 -0.9813172 -0.1829755 0.1829812 -0.9659389 -0.1359923 0.1359881 -0.9813325 -2.04909e-5 8.68383e-6 -1 0.1829783 -0.1829892 -0.9659368 0.1829876 -0.1829802 -0.9659367 1.21841e-5 -7.22472e-6 -1 7.14511e-6 -1.41934e-5 -1 0.1829557 -0.183014 -0.9659364 1.61827e-5 -5.46128e-6 -1 -1.25691e-5 5.70714e-6 -1 -3.85195e-6 1.47149e-5 -1 -0.1829793 0.1829875 -0.965937 -0.1829928 0.1829793 -0.965936 -1.76049e-5 6.70633e-6 -1 -0.1829841 0.1829887 -0.9659358 -0.1830315 0.1830262 -0.9659198 -0.1830227 0.1830354 -0.9659196 -0.353569 0.3534985 -0.8660415 -0.3535339 0.3535257 -0.8660448 -0.1829878 0.1830613 -0.9659214 -0.3535242 0.3535354 -0.8660448 -0.3535743 0.3535726 -0.8660091 -0.353566 0.353581 -0.8660091 -0.4999861 0.4999906 -0.7071233 0.1830207 -0.1830337 -0.9659204 0.1830251 -0.1830282 -0.9659205 0.3535057 -0.3535581 -0.866043 0.3535345 -0.35353 -0.8660427 0.1830278 -0.1830264 -0.9659205 0.3535383 -0.3535253 -0.866043 0.3535746 -0.3535708 -0.8660097 0.3535653 -0.3535813 -0.8660092 0.4999808 -0.4999952 -0.7071238 0.499985 -0.4999789 -0.7071323 0.3535938 -0.353537 -0.8660157 0.4999758 -0.4999877 -0.7071326 0.5000331 -0.5000205 -0.707069 0.5000239 -0.500029 -0.7070694 0.6123266 -0.6123825 -0.5000439 0.6123692 -0.6123633 -0.5000152 0.5000207 -0.5000174 -0.7070798 0.6123601 -0.6123721 -0.5000156 0.6123878 -0.6123766 -0.4999761 0.6123787 -0.6123855 -0.4999764 0.6830053 -0.6830098 -0.2588465 0.6830082 -0.6830046 -0.2588524 0.6123803 -0.6123795 -0.4999818 0.6830123 -0.6830002 -0.2588531 -0.499989 0.4999781 -0.7071301 -0.3535694 0.3535658 -0.8660139 -0.4999817 0.4999857 -0.70713 -0.6123753 0.6123618 -0.5000097 -0.5000255 0.5000196 -0.707075 -0.6123678 0.6123694 -0.5000094 -0.612356 0.6123532 -0.5000438 -0.500032 0.5000213 -0.7070692 -0.5000244 0.5000287 -0.7070693 -0.6830058 0.6830091 -0.2588469 -0.612388 0.6123761 -0.4999764 -0.6123791 0.6123849 -0.4999766 -0.683011 0.6830012 -0.258854 -0.6830068 0.6830057 -0.2588531 -0.6123787 0.6123805 -0.4999825 0.7071065 -0.7071071 0 0.7071055 -0.707108 9.94987e-7 0.7071077 -0.7071059 0 0.7071065 -0.7071071 0 0.7071039 -0.7071097 -9.54853e-7 0.7071065 -0.7071071 7.00426e-7 0.707106 -0.7071076 1.18296e-6 0.7071063 -0.7071073 4.91659e-7 0.7071068 -0.7071067 1.33662e-6 -0.192327 6.04248e-6 -0.981331 -5.7593e-6 4.97036e-6 -1 -5.51343e-6 9.16887e-7 -1 4.58434e-5 -2.61225e-7 -1 4.58654e-5 3.94898e-6 -1 0.1923193 2.22446e-6 -0.9813325 2.30074e-5 -4.61284e-6 -1 0.1923212 -2.86353e-6 -0.9813321 0.2587729 1.05693e-6 -0.9659382 0.2588127 -2.11969e-6 -0.9659276 0.1923581 4.01307e-6 -0.9813249 0.3827636 -8.40286e-7 -0.9238463 0.2588363 3.40934e-6 -0.9659212 0.3827664 -3.04135e-5 -0.9238451 0.4999849 -3.23425e-6 -0.8660341 0.4999775 1.42673e-6 -0.8660385 0.3827953 -4.37256e-7 -0.9238332 0.5579767 3.16347e-6 -0.8298566 0.5000377 3.79072e-6 -0.8660038 0.5580301 -4.0452e-6 -0.8298208 0.7070874 -1.23831e-6 -0.7071262 0.70708 -2.52994e-6 -0.7071337 0.5580025 5.74579e-6 -0.8298394 0.7070799 1.01988e-6 -0.7071338 0.7071267 -7.41698e-6 -0.7070869 0.7071267 4.35347e-6 -0.7070869 0.8298338 -8.81217e-6 -0.5580107 0.707133 -4.81121e-6 -0.7070806 0.8298259 1.64367e-6 -0.5580224 0.8660086 1.62923e-6 -0.5000292 0.8660309 2.15971e-6 -0.4999906 0.8298486 -3.44007e-6 -0.5579888 0.9238276 -8.76258e-6 -0.3828089 0.8660471 -2.50782e-6 -0.4999625 0.9238461 -6.26115e-5 -0.3827641 0.9659156 -2.54682e-6 -0.2588571 0.9659178 2.02481e-6 -0.258849 0.9238502 -6.95349e-6 -0.3827543 0.9813176 -8.37259e-7 -0.1923953 0.9659371 1.45589e-6 -0.2587772 0.9813314 -3.59185e-6 -0.1923246 1 -8.40006e-6 -1.92523e-5 1 5.9288e-6 -4.61265e-5 0.9813324 -5.2661e-6 -0.1923196 1 5.99923e-7 -4.6134e-5 0.9659367 -1.12012e-5 -0.2587784 1 5.38491e-6 -1.38134e-5 0.9659368 -4.54824e-6 -0.2587784 0.9659354 -7.67782e-6 -0.2587835 1 -5.10854e-6 -4.82933e-5 0.981339 3.69747e-6 -0.1922857 0.9659239 -1.45374e-6 -0.2588266 0.9813314 -6.91754e-6 -0.1923246 0.9238777 6.58934e-6 -0.3826878 0.9659137 -8.64966e-7 -0.2588647 0.9238719 1.72511e-5 -0.3827018 0.8660433 3.63193e-6 -0.4999691 0.8660225 1.21119e-6 -0.5000053 0.9238579 4.34037e-6 -0.3827359 0.8298926 7.26664e-7 -0.5579232 0.8660114 -3.06242e-6 -0.5000244 0.8298557 -1.09011e-6 -0.5579782 0.7071369 8.32335e-6 -0.7070767 0.7071253 -1.27857e-5 -0.7070883 0.8298591 2.27126e-7 -0.557973 0.7071249 -9.03147e-7 -0.7070887 0.707073 8.80612e-6 -0.7071406 0.7070729 3.38629e-6 -0.7071406 0.5579943 -1.78861e-6 -0.8298449 0.7070783 -1.16108e-5 -0.7071353 0.5579801 -4.32885e-6 -0.8298544 0.5000264 -9.73814e-7 -0.8660101 0.4999698 6.61705e-7 -0.866043 0.5579295 -5.26162e-6 -0.8298884 0.3827428 5.33345e-6 -0.9238551 0.4999545 1.92132e-6 -0.8660517 0.3827016 1.17393e-5 -0.9238721 0.2588482 4.84812e-6 -0.9659181 0.2588219 -2.78279e-6 -0.965925 0.3826843 1.39981e-5 -0.9238792 0.192321 -1.33878e-6 -0.9813321 0.2588081 -4.81587e-6 -0.9659287 0.1922637 4.52902e-6 -0.9813434 1.15166e-5 -6.41623e-6 -1 2.2836e-5 -9.82452e-6 -1 0.1922968 4.81983e-6 -0.9813368 2.28584e-5 4.80756e-6 -1 -2.28286e-5 -8.81353e-6 -1 -2.28656e-5 4.33053e-6 -1 -0.1922968 8.10064e-6 -0.9813368 -1.15931e-5 -1.12103e-5 -1 -0.1922637 3.61563e-6 -0.9813433 -0.2588082 -2.62447e-6 -0.9659288 -0.258822 -2.4215e-6 -0.9659251 -0.1923209 -3.88408e-6 -0.9813321 -0.3826845 1.41002e-6 -0.9238792 -0.2588483 1.14436e-6 -0.965918 -0.3827016 1.17388e-5 -0.9238721 -0.4999546 5.643e-6 -0.8660517 -0.4999697 2.8935e-7 -0.8660429 -0.3827428 1.54204e-6 -0.9238551 -0.5579295 -5.43543e-6 -0.8298884 -0.5000265 -3.16266e-6 -0.8660102 -0.5579799 8.52672e-6 -0.8298545 -0.7070783 -6.81961e-6 -0.7071353 -0.707073 -1.10054e-5 -0.7071405 -0.5579943 -5.88317e-6 -0.8298449 -0.7070729 1.30315e-6 -0.7071406 -0.7071253 7.11347e-6 -0.7070884 -0.7071249 -2.92494e-6 -0.7070887 -0.8298591 2.53972e-6 -0.557973 -0.7071369 3.5218e-6 -0.7070767 -0.8298557 -2.14489e-6 -0.5579783 -0.8660115 -8.70903e-7 -0.5000244 -0.8660225 1.62871e-6 -0.5000053 -0.8298926 -2.21934e-6 -0.5579232 -0.9238579 5.78421e-6 -0.3827359 -0.8660433 0 -0.4999691 -0.9238719 1.72514e-5 -0.3827019 -0.9659136 2.83157e-6 -0.2588646 -0.9659239 -1.84216e-6 -0.2588265 -0.9238777 3.05613e-6 -0.3826879 -0.9813314 -6.41448e-6 -0.1923246 -0.9659272 -5.2111e-6 -0.258814 -0.9813425 3.63885e-6 -0.192268 -1 -1.76211e-5 -5.76228e-5 -1 -5.60179e-6 -2.17184e-5 -0.981337 -3.5798e-6 -0.1922957 -1 4.77252e-6 -2.1778e-5 -0.9659367 9.10042e-6 -0.2587785 -1 -1.59098e-5 -1.38879e-5 -0.9659367 1.32802e-6 -0.2587785 -0.9659359 -2.45217e-6 -0.2587817 -1 2.48896e-6 -4.5769e-5 -0.9813303 5.33985e-6 -0.1923305 -0.9659179 1.63162e-6 -0.2588491 -0.9813176 2.51457e-6 -0.1923953 -0.9238502 -7.57282e-6 -0.3827543 -0.9659156 1.15554e-6 -0.2588571 -0.9238454 -1.47291e-5 -0.3827662 -0.8660472 -6.22205e-6 -0.4999625 -0.8660309 2.51719e-6 -0.4999907 -0.9238276 -4.37908e-6 -0.3828089 -0.8298486 -1.3106e-6 -0.5579888 -0.8660086 3.85474e-6 -0.500029 -0.8298261 6.2515e-7 -0.5580223 -0.7071331 -9.6329e-6 -0.7070806 -0.7071267 1.23777e-5 -0.7070869 -0.8298338 -4.54253e-6 -0.5580107 -0.7071267 -6.06596e-6 -0.7070869 -0.70708 -3.70479e-6 -0.7071337 -0.7070799 4.52949e-6 -0.7071338 -0.5580025 -8.05175e-6 -0.8298394 -0.7070873 3.54089e-6 -0.7071262 -0.5580301 -2.98116e-6 -0.8298208 -0.5000376 1.54623e-6 -0.8660037 -0.4999774 1.00158e-6 -0.8660385 -0.5579767 7.07107e-6 -0.8298566 -0.3827953 3.60189e-7 -0.9238332 -0.4999848 4.86383e-7 -0.8660342 -0.3827665 -3.04154e-5 -0.9238451 -0.2588363 -3.44939e-7 -0.9659213 -0.2588127 -1.73342e-6 -0.9659276 -0.3827636 3.21167e-6 -0.9238463 -0.1923581 5.0274e-6 -0.9813249 -0.2587728 3.29106e-6 -0.9659383 -0.1923212 -3.87151e-6 -0.981332 -2.29025e-5 -9.37015e-6 -1 0.2587873 -6.26364e-6 -0.9659344 0.2587869 6.43358e-6 -0.9659345 2.30968e-5 4.5e-6 -1 5.07086e-5 -6.43171e-6 -1 0.2587673 -4.5e-6 -0.9659397 5.03659e-5 6.26135e-6 -1 -5.02765e-5 -6.26135e-6 -1 -5.06192e-5 6.43125e-6 -1 -0.2587673 4.5e-6 -0.9659398 -0.258787 -6.43358e-6 -0.9659345 -2.31862e-5 -4.5e-6 -1 -0.2587874 6.26364e-6 -0.9659343 -0.2588511 -6.26361e-6 -0.9659172 -0.2588509 6.39027e-6 -0.9659174 -0.4999804 4.53114e-6 -0.8660368 -0.4999638 -6.51414e-6 -0.8660463 -0.2588322 -4.53115e-6 -0.9659223 -0.4999634 6.26359e-6 -0.8660466 -0.5000202 -4.45905e-6 -0.8660138 -0.5000202 4.37878e-5 -0.8660138 -0.7070837 1.00862e-6 -0.7071299 0.2588509 6.26361e-6 -0.9659173 0.2588507 -6.39027e-6 -0.9659174 0.4999802 -4.53114e-6 -0.866037 0.499964 6.5132e-6 -0.8660462 0.2588325 4.53115e-6 -0.9659222 0.4999637 -6.26359e-6 -0.8660465 0.5000202 6.26362e-6 -0.8660138 0.5000202 -6.46198e-6 -0.8660138 0.7070837 5.25306e-5 -0.70713 0.7070835 6.46291e-6 -0.7071301 0.5000198 4.4689e-6 -0.8660141 0.7070834 -6.26361e-6 -0.7071302 0.7071315 6.26361e-6 -0.7070822 0.7071314 -6.44475e-6 -0.7070823 0.8660149 -4.46891e-6 -0.5000182 0.8660144 6.44429e-6 -0.5000191 0.7071309 4.4689e-6 -0.7070827 0.8660145 -6.26363e-6 -0.5000189 0.8660388 6.26362e-6 -0.4999769 0.8660387 -6.37863e-6 -0.4999769 0.9659183 -4.56224e-6 -0.2588472 0.9659182 6.37863e-6 -0.2588475 0.8660387 4.56224e-6 -0.4999772 0.9659183 -6.26362e-6 -0.2588475 -0.7070834 -6.23406e-6 -0.7071302 -0.5000198 -1.01002e-6 -0.8660141 -0.7070835 4.45905e-6 -0.7071301 -0.8660145 -6.23407e-6 -0.5000189 -0.7071309 -9.90927e-7 -0.7070827 -0.8660144 4.45905e-6 -0.500019 -0.8660149 9.91859e-7 -0.5000182 -0.7071314 -4.45905e-6 -0.7070823 -0.7071315 6.23405e-6 -0.7070822 -0.9659183 4.56224e-6 -0.2588475 -0.8660387 -6.26362e-6 -0.4999772 -0.8660387 6.37909e-6 -0.4999772 -0.9659183 6.26362e-6 -0.2588472 -0.9659183 -6.37816e-6 -0.2588472 -0.8660388 -4.56224e-6 -0.4999769 1 0 0 1 -1.65491e-7 0 1 0 0 1 0 0 1 0 0 1 0 0 1 0 0 -0.1359935 -0.1359868 -0.9813325 -3.59267e-5 -2.86773e-5 -1 -3.25665e-5 -3.20077e-5 -1 4.74602e-6 -1.2815e-6 -1 1.57981e-6 2.59554e-6 -1 0.1359953 0.1359919 -0.9813315 1.71438e-5 1.20774e-5 -1 0.1359915 0.1359888 -0.9813325 0.1829771 0.1829797 -0.9659389 0.1830008 0.1830049 -0.9659296 0.1360421 0.1360487 -0.9813172 0.2706512 0.2706478 -0.9238495 0.183035 0.1830417 -0.9659162 0.270677 0.2706374 -0.9238449 0.3535271 0.3535236 -0.8660483 0.3535608 0.3535628 -0.8660187 0.2706745 0.2706685 -0.9238365 0.3945446 0.3945431 -0.8298617 0.3535727 0.3535621 -0.8660141 0.3945808 0.3945689 -0.8298323 0.4999714 0.4999803 -0.707141 0.4999719 0.4999884 -0.7071349 0.3945651 0.3945677 -0.8298402 0.499983 0.4999771 -0.707135 0.5000105 0.500003 -0.7070974 0.5000041 0.5000092 -0.7070975 0.5867781 0.5867724 -0.558023 0.5000281 0.500023 -0.7070707 0.5867791 0.5867831 -0.5580107 0.6123635 0.6123674 -0.5000172 0.6123705 0.6123729 -0.5000017 0.5868071 0.5868034 -0.5579599 0.6532513 0.6532572 -0.3827765 0.6123936 0.612384 -0.4999602 0.6532709 0.6532437 -0.382766 0.683011 0.6830011 -0.2588543 0.683006 0.6830125 -0.2588374 0.653263 0.6532653 -0.3827429 0.6939031 0.693893 -0.1923826 0.6830208 0.6830198 -0.2587791 0.6939093 0.6939024 -0.1923262 0.7070987 0.7071149 -2.04295e-5 0.7071009 0.7071127 -1.89617e-5 0.6939061 0.6939018 -0.19234 0.7071051 0.7071086 -1.88053e-5 0.6830222 0.6830184 -0.2587791 0.7070971 0.7071166 -1.45286e-5 0.6830177 0.6830231 -0.2587784 0.6830159 0.6830186 -0.2587953 0.707103 0.7071107 -1.20736e-5 0.6939101 0.6939098 -0.1922965 0.6830059 0.6830072 -0.2588519 0.6938904 0.6939278 -0.192303 0.6532877 0.6532845 -0.3826677 0.6830118 0.6829978 -0.2588609 0.653223 0.6533296 -0.3827013 0.6123901 0.6123828 -0.4999658 0.6123825 0.6123817 -0.4999764 0.65328 0.6532703 -0.3827053 0.586814 0.5868192 -0.5579361 0.6123706 0.6123632 -0.5000136 0.5867958 0.5868077 -0.5579673 0.5000236 0.5000317 -0.7070677 0.5000131 0.5000158 -0.7070865 0.5867996 0.5868011 -0.5579702 0.5000153 0.5000147 -0.7070856 0.4999758 0.499987 -0.7071332 0.4999796 0.4999832 -0.7071331 0.3945416 0.3945377 -0.8298656 0.4999861 0.4999932 -0.7071214 0.3945308 0.3945382 -0.8298706 0.3535847 0.3535833 -0.8660004 0.3535584 0.3535568 -0.8660219 0.3945077 0.3945161 -0.8298919 0.2706347 0.2706367 -0.9238575 0.3535192 0.3535217 -0.8660524 0.2705689 0.2706516 -0.9238724 0.1830306 0.1830343 -0.9659183 0.1829988 0.1830014 -0.9659306 0.270574 0.2705944 -0.9238877 0.1359787 0.1359733 -0.9813364 0.1829847 0.1829765 -0.9659381 0.135957 0.1359614 -0.981341 2.24565e-5 1.12621e-5 -1 1.29864e-5 8.82894e-6 -1 0.1359707 0.1359677 -0.9813383 1.25468e-5 9.93162e-6 -1 -1.51321e-5 -9.12696e-6 -1 -1.08909e-5 -1.23563e-5 -1 -0.1359717 -0.1359686 -0.981338 -1.21444e-5 -2.36109e-5 -1 -0.1359648 -0.1359554 -0.9813408 -0.1829825 -0.1829811 -0.9659376 -0.1830045 -0.1830041 -0.965929 -0.1359831 -0.1359788 -0.9813351 -0.2705864 -0.270591 -0.9238851 -0.1830261 -0.1830317 -0.9659197 -0.2706164 -0.2706053 -0.9238721 -0.3535478 -0.3535451 -0.8660311 -0.3535574 -0.3535604 -0.8660209 -0.2706325 -0.2706413 -0.9238568 -0.3945145 -0.394511 -0.8298912 -0.3535748 -0.3535866 -0.8660032 -0.3945608 -0.3945577 -0.829847 -0.49999 -0.4999834 -0.7071256 -0.4999762 -0.4999899 -0.7071307 -0.3945385 -0.3945449 -0.8298637 -0.4999851 -0.4999811 -0.7071308 -0.5000138 -0.5000198 -0.7070831 -0.5000161 -0.5000162 -0.707084 -0.5868054 -0.5867984 -0.557967 -0.5000187 -0.5000357 -0.7070685 -0.5868022 -0.5868002 -0.5579686 -0.6123687 -0.6123645 -0.5000142 -0.6123818 -0.6123828 -0.4999759 -0.5868135 -0.5868214 -0.5579343 -0.6532769 -0.653274 -0.3827041 -0.6123822 -0.6123911 -0.4999654 -0.6533519 -0.6532009 -0.382701 -0.6830022 -0.6830072 -0.2588612 -0.6830052 -0.6830082 -0.2588508 -0.6532899 -0.6532825 -0.3826674 -0.6939063 -0.6939117 -0.1923035 -0.6830176 -0.6830231 -0.2587789 -0.6939142 -0.6939107 -0.1922785 -0.7071073 -0.7071064 -1.95801e-5 -0.7071081 -0.7071055 -2.33352e-5 -0.6939095 -0.6939104 -0.1922968 -0.7071023 -0.7071112 -2.21804e-5 -0.6830208 -0.6830094 -0.2588065 -0.7070948 -0.7071188 -4.29302e-5 -0.6830154 -0.6830149 -0.2588064 -0.6830162 -0.6830166 -0.2587998 -0.7071104 -0.7071031 -1.69077e-5 -0.6938982 -0.693907 -0.1923497 -0.68301 -0.6830079 -0.2588389 -0.6938952 -0.6939002 -0.1923851 -0.6532645 -0.6532626 -0.3827447 -0.6830069 -0.6830051 -0.2588546 -0.6532468 -0.6532676 -0.3827664 -0.6123846 -0.612393 -0.4999601 -0.6123722 -0.6123707 -0.5000026 -0.6532554 -0.6532527 -0.3827773 -0.5868 -0.5868102 -0.5579602 -0.6123722 -0.6123595 -0.5000162 -0.5867775 -0.5867862 -0.5580093 -0.5000231 -0.5000294 -0.7070696 -0.5000153 -0.5000032 -0.7070938 -0.5867831 -0.5867716 -0.5580188 -0.5000102 -0.5000086 -0.7070935 -0.4999755 -0.4999792 -0.707139 -0.4999809 -0.4999739 -0.7071388 -0.3945868 -0.3945958 -0.8298166 -0.4999893 -0.4999738 -0.7071329 -0.3945846 -0.3945783 -0.8298259 -0.3535674 -0.3535815 -0.8660083 -0.3535633 -0.3535598 -0.8660187 -0.3945409 -0.394547 -0.8298616 -0.2706739 -0.2706688 -0.9238366 -0.3535294 -0.3535152 -0.8660509 -0.2706297 -0.2706839 -0.9238452 -0.1830282 -0.1830409 -0.9659176 -0.183034 -0.1830297 -0.9659186 -0.2706456 -0.270646 -0.9238516 -0.1360443 -0.1360388 -0.9813183 -0.1829868 -0.1829769 -0.9659376 -0.1359938 -0.1359937 -0.9813315 -1.46115e-5 -2.21324e-5 -1 0.1829835 0.1829929 -0.9659352 0.1829881 0.1829889 -0.9659349 1.52639e-5 1.38455e-5 -1 8.70973e-6 5.11855e-6 -1 0.1829816 0.1829807 -0.9659378 1.32173e-5 1.11759e-6 -1 -4.4778e-6 -1.50055e-5 -1 -1.32546e-5 -6.05732e-6 -1 -0.182986 -0.1829816 -0.9659368 -0.1829812 -0.1829886 -0.9659364 -8.48703e-6 -1.30824e-5 -1 -0.1829903 -0.1829794 -0.9659365 -0.1830309 -0.1830333 -0.9659185 -0.1830401 -0.1830247 -0.9659184 -0.3535432 -0.3535304 -0.866039 -0.3535233 -0.3535338 -0.8660458 -0.1830186 -0.1830276 -0.9659219 -0.3535332 -0.353524 -0.8660457 -0.3535705 -0.3535786 -0.8660081 -0.3535787 -0.3535699 -0.8660084 -0.4999883 -0.4999901 -0.7071221 0.1830183 0.1830296 -0.9659216 0.1830263 0.1830211 -0.9659217 0.3535295 0.3535286 -0.8660453 0.353528 0.3535392 -0.8660415 0.1830249 0.1830328 -0.9659198 0.3535372 0.3535302 -0.8660416 0.3535776 0.3535692 -0.8660091 0.353574 0.3535723 -0.8660094 0.4999882 0.4999881 -0.7071235 0.4999761 0.4999879 -0.7071323 0.353561 0.3535701 -0.8660155 0.4999851 0.499979 -0.7071322 0.5000244 0.5000287 -0.7070693 0.5000333 0.5000199 -0.7070692 0.6123599 0.6123493 -0.5000438 0.6123647 0.6123716 -0.5000106 0.5000197 0.500024 -0.707076 0.6123736 0.6123626 -0.5000107 0.6123863 0.6123762 -0.4999785 0.6123819 0.6123802 -0.4999791 0.6830334 0.6829805 -0.2588495 0.6830021 0.6830109 -0.2588519 0.6123502 0.6124101 -0.4999812 0.683011 0.6830019 -0.2588521 -0.500012 -0.4999492 -0.7071343 -0.3535594 -0.3535689 -0.8660166 -0.4999802 -0.499982 -0.7071336 -0.6123583 -0.6123727 -0.5000172 -0.5000148 -0.5000218 -0.707081 -0.6123661 -0.6123655 -0.5000165 -0.6123574 -0.6123518 -0.5000439 -0.5000253 -0.5000276 -0.7070694 -0.5000331 -0.5000205 -0.707069 -0.683034 -0.6829817 -0.2588449 -0.6123878 -0.612378 -0.4999743 -0.6123834 -0.612382 -0.499975 -0.6830112 -0.6830003 -0.2588559 -0.6830023 -0.6830093 -0.2588554 -0.6123499 -0.6124078 -0.4999845 0.7071069 0.7071067 3.50051e-7 0.7071082 0.7071053 -1.92206e-6 0.7071081 0.7071055 0 0.7071092 0.7071044 0 0.7071034 0.7071102 1.79938e-6 0.7071098 0.7071038 -1.76583e-6 0.7071056 0.707108 2.76363e-6 0.7071071 0.7071066 1.62704e-7 0.7071082 0.7071054 -2.23291e-6 -6.04242e-6 -0.1923188 -0.9813326 -4.96795e-6 -4.53293e-5 -1 -9.16887e-7 -4.53293e-5 -1 2.61225e-7 4.53293e-5 -1 -3.94898e-6 4.53364e-5 -1 -2.224e-6 0.1923188 -0.9813325 4.71575e-6 1.91331e-5 -1 2.97034e-6 0.1923176 -0.9813328 -9.48785e-7 0.2587692 -0.9659392 4.42873e-7 0.2588446 -0.9659191 -4.53624e-6 0.19239 -0.9813186 8.06293e-7 0.3827493 -0.9238523 -2.63099e-6 0.2588585 -0.9659153 -6.57631e-5 0.3827712 -0.9238432 4.67012e-6 0.4999634 -0.8660466 0 0.5000075 -0.8660212 2.10013e-7 0.3827826 -0.9238385 -3.40212e-6 0.5579653 -0.8298644 -3.66988e-6 0.5000284 -0.8660091 4.17233e-6 0.5580216 -0.8298265 1.37277e-6 0.7070799 -0.7071337 2.52994e-6 0.7070822 -0.7071315 7.95815e-6 0.5580051 -0.8298375 -1.01988e-6 0.7070822 -0.7071315 7.41697e-6 0.7071281 -0.7070856 -4.35347e-6 0.707128 -0.7070856 8.81217e-6 0.8298348 -0.5580093 5.20004e-6 0.7071333 -0.7070803 -1.26689e-6 0.8298261 -0.5580221 -1.24064e-6 0.8660089 -0.5000288 -1.9515e-6 0.8660316 -0.4999893 3.64683e-6 0.8298494 -0.5579875 -5.71599e-6 0.9238282 -0.3828074 2.69129e-6 0.8660457 -0.4999648 1.47981e-5 0.9238452 -0.3827664 2.73495e-6 0.9659149 -0.2588598 -1.93861e-6 0.9659205 -0.2588391 7.03428e-6 0.9238542 -0.3827446 9.27132e-7 0.9813196 -0.1923848 -1.37114e-6 0.9659364 -0.25878 3.67753e-6 0.9813308 -0.1923276 8.48528e-6 1 -2.22325e-5 -5.92868e-6 1 -4.68194e-5 5.2661e-6 0.9813323 -0.1923203 -5.99923e-7 1 -4.68567e-5 1.12008e-5 0.9659374 -0.2587761 -5.38351e-6 1 -1.15186e-5 4.54824e-6 0.9659373 -0.2587761 7.70297e-6 0.9659363 -0.2587806 5.13624e-6 1 -4.5097e-5 -3.67465e-6 0.9813397 -0.1922826 1.88904e-6 0.9659222 -0.2588328 7.35297e-6 0.9813302 -0.1923311 -6.15977e-6 0.9238752 -0.382694 8.33534e-7 0.965915 -0.2588598 -1.73288e-5 0.9238721 -0.3827016 -3.67197e-6 0.8660457 -0.4999647 -1.38365e-6 0.8660203 -0.500009 -4.50987e-6 0.9238562 -0.38274 -8.99774e-7 0.8298902 -0.5579268 2.64077e-6 0.8660088 -0.5000289 6.67758e-7 0.8298529 -0.5579823 -8.73837e-6 0.7071332 -0.7070804 1.27852e-5 0.7071367 -0.7070769 -2.27243e-7 0.8298684 -0.5579592 9.03143e-7 0.7071367 -0.7070769 -8.80613e-6 0.7070769 -0.7071367 -3.38617e-6 0.7070769 -0.7071367 1.78907e-6 0.5579593 -0.8298684 1.20122e-5 0.70708 -0.7071336 4.73304e-6 0.557982 -0.8298531 1.37335e-6 0.5000285 -0.866009 -2.05392e-6 0.4999964 -0.8660275 5.0175e-6 0.5579546 -0.8298715 -5.0955e-6 0.3827264 -0.9238618 -2.32481e-6 0.4999635 -0.8660465 -1.20247e-5 0.3827019 -0.9238719 -5.26884e-6 0.2588582 -0.9659155 2.19879e-6 0.2588041 -0.9659298 0 0.3826669 -0.9238865 7.50646e-7 0.1923023 -0.9813358 4.37663e-6 0.2587692 -0.9659393 -4.45964e-6 0.1922708 -0.9813419 6.47991e-6 1.91162e-5 -1 9.82499e-6 2.1629e-5 -1 -4.8198e-6 0.1922956 -0.9813371 -4.80756e-6 2.16365e-5 -1 8.81353e-6 -2.1629e-5 -1 -4.33053e-6 -2.16437e-5 -1 -8.10111e-6 -0.1922956 -0.9813371 1.09631e-5 -1.91331e-5 -1 -3.85894e-6 -0.1922708 -0.9813419 1.87568e-6 -0.2587692 -0.9659392 1.83741e-6 -0.2588042 -0.9659298 3.29572e-6 -0.1923023 -0.9813358 -1.98209e-6 -0.3826669 -0.9238865 -1.56485e-6 -0.2588582 -0.9659153 -1.20243e-5 -0.3827019 -0.9238719 -6.0465e-6 -0.4999635 -0.8660464 4.0154e-6 -0.4999966 -0.8660275 -1.30408e-6 -0.3827264 -0.9238618 5.19143e-6 -0.5579546 -0.8298715 3.71807e-6 -0.5000284 -0.8660091 -7.96583e-6 -0.5579816 -0.8298533 7.37771e-6 -0.7070799 -0.7071337 1.10059e-5 -0.7070769 -0.7071367 5.88596e-6 -0.5579593 -0.8298684 -1.30316e-6 -0.7070769 -0.7071367 -7.11346e-6 -0.7071367 -0.7070769 2.92482e-6 -0.7071367 -0.7070769 -2.53925e-6 -0.8298684 -0.5579593 -4.10294e-6 -0.7071332 -0.7070804 1.57038e-6 -0.8298529 -0.5579824 2.83588e-7 -0.8660088 -0.5000288 -1.80124e-6 -0.8660203 -0.500009 2.04635e-6 -0.8298901 -0.5579269 -5.95348e-6 -0.9238561 -0.3827399 0 -0.8660458 -0.4999647 -1.73292e-5 -0.9238719 -0.3827016 -2.86335e-6 -0.965915 -0.2588598 2.27743e-6 -0.9659222 -0.2588327 -2.62656e-6 -0.9238752 -0.382694 -7.2713e-6 -0.9813302 -0.1923313 4.72844e-6 -0.9659381 -0.2587736 -3.67544e-6 -0.9813414 -0.1922739 1.78604e-5 -1 -1.57505e-5 5.60179e-6 -1 -1.9446e-5 3.5798e-6 -0.9813375 -0.1922934 -4.77252e-6 -1 -1.94311e-5 -9.10042e-6 -0.9659376 -0.2587755 1.59098e-5 -1 -1.07735e-5 -1.32802e-6 -0.9659376 -0.2587755 2.62912e-6 -0.9659349 -0.258785 -3.22622e-6 -1 -1.35304e-6 -5.1622e-6 -0.9813296 -0.1923339 -1.5455e-6 -0.9659205 -0.2588391 -2.4247e-6 -0.9813196 -0.1923848 7.65384e-6 -0.9238542 -0.3827445 -9.67179e-7 -0.9659149 -0.2588598 1.47967e-5 -0.9238453 -0.3827664 6.40564e-6 -0.8660458 -0.499965 -2.30898e-6 -0.8660316 -0.4999893 4.58676e-6 -0.9238283 -0.3828075 1.51712e-6 -0.8298494 -0.5579876 -3.31039e-6 -0.8660089 -0.5000287 0 -0.8298261 -0.558022 1.01777e-5 -0.7071334 -0.7070803 -1.23777e-5 -0.7071281 -0.7070856 4.54253e-6 -0.8298348 -0.5580092 6.06596e-6 -0.7071281 -0.7070856 3.70479e-6 -0.7070822 -0.7071315 -4.52995e-6 -0.7070822 -0.7071315 8.05221e-6 -0.5580052 -0.8298375 -3.40957e-6 -0.7070798 -0.7071338 3.10683e-6 -0.5580216 -0.8298264 -1.42725e-6 -0.5000283 -0.8660091 4.1342e-7 -0.5000075 -0.8660212 -7.30995e-6 -0.5579653 -0.8298643 -5.87432e-7 -0.3827826 -0.9238385 9.50182e-7 -0.4999634 -0.8660467 -6.57614e-5 -0.3827712 -0.9238432 1.12352e-6 -0.2588585 -0.9659153 0 -0.2588445 -0.965919 -3.24589e-6 -0.3827494 -0.9238523 -5.54987e-6 -0.19239 -0.9813186 -3.33949e-6 -0.2587691 -0.9659393 3.82029e-6 -0.1923176 -0.9813328 9.31695e-6 -1.90878e-5 -1 6.26362e-6 0.2587763 -0.9659373 -6.43358e-6 0.2587763 -0.9659373 -4.50001e-6 1.17123e-5 -1 6.43358e-6 1.16229e-5 -1 4.50001e-6 0.2587763 -0.9659374 -6.26362e-6 1.1608e-5 -1 6.26362e-6 -1.17123e-5 -1 -6.43358e-6 -1.17123e-5 -1 5.24995e-5 -0.2587763 -0.9659374 6.43358e-6 -0.2587763 -0.9659374 4.50001e-6 -1.1608e-5 -1 -6.26362e-6 -0.2587763 -0.9659374 6.26362e-6 -0.2588451 -0.9659188 -6.39027e-6 -0.2588451 -0.9659188 -4.53113e-6 -0.499975 -0.8660399 6.39027e-6 -0.4999749 -0.86604 4.53113e-6 -0.258845 -0.965919 -6.26362e-6 -0.4999748 -0.8660399 4.45905e-6 -0.5000219 -0.8660127 -6.23406e-6 -0.5000219 -0.8660127 -1.00955e-6 -0.7070852 -0.7071285 -6.26362e-6 0.2588449 -0.965919 6.39027e-6 0.2588449 -0.965919 4.53113e-6 0.4999747 -0.8660401 -6.39074e-6 0.4999751 -0.8660398 -4.53113e-6 0.2588453 -0.9659188 6.26362e-6 0.4999752 -0.8660398 -6.26362e-6 0.5000219 -0.8660127 6.46338e-6 0.5000219 -0.8660127 -5.25306e-5 0.7070852 -0.7071285 -6.46245e-6 0.7070854 -0.7071281 -4.4689e-6 0.5000224 -0.8660125 6.26362e-6 0.7070855 -0.7071281 -6.26362e-6 0.7071279 -0.7070856 6.44475e-6 0.707128 -0.7070856 4.4689e-6 0.8660125 -0.5000225 -6.44475e-6 0.8660125 -0.5000225 -4.4689e-6 0.7071279 -0.7070856 6.26362e-6 0.8660125 -0.5000225 -6.26362e-6 0.8660387 -0.4999769 6.37816e-6 0.8660388 -0.499977 4.56224e-6 0.9659183 -0.2588473 -6.37863e-6 0.9659186 -0.2588464 -4.56224e-6 0.8660393 -0.499976 6.26362e-6 0.9659186 -0.2588464 6.23406e-6 -0.7070855 -0.7071281 1.00862e-6 -0.5000224 -0.8660126 -4.45905e-6 -0.7070855 -0.7071281 6.23406e-6 -0.8660125 -0.5000225 9.92324e-7 -0.707128 -0.7070856 -4.45905e-6 -0.8660125 -0.5000225 -9.91393e-7 -0.8660124 -0.5000225 4.45905e-6 -0.707128 -0.7070856 -6.23406e-6 -0.7071279 -0.7070856 -4.56224e-6 -0.9659184 -0.2588469 6.26362e-6 -0.8660389 -0.4999765 -6.37909e-6 -0.866039 -0.4999766 -6.26362e-6 -0.9659184 -0.2588468 6.37863e-6 -0.9659184 -0.2588468 4.56224e-6 -0.866039 -0.4999765 0 1 0 0.1359865 -0.1359948 -0.9813323 2.83346e-5 -3.71709e-5 -1 3.17991e-5 -3.37884e-5 -1 -3.16352e-5 3.28571e-5 -1 -3.52146e-5 2.9329e-5 -1 -0.1359908 0.1359894 -0.9813326 -1.80155e-5 1.87755e-5 -1 -0.1359945 0.1359929 -0.9813315 -0.1829853 0.1829784 -0.9659375 -0.1830337 0.18303 -0.9659186 -0.1360436 0.1360396 -0.9813183 -0.2706428 0.2706488 -0.9238517 -0.1830308 0.1830382 -0.9659176 -0.2706297 0.2706839 -0.9238452 -0.3535268 0.3535178 -0.8660508 -0.3535636 0.3535596 -0.8660187 -0.2706734 0.2706694 -0.9238366 -0.3945483 0.3945397 -0.8298615 -0.353569 0.3535799 -0.8660083 -0.3945753 0.3945873 -0.829826 -0.4999859 0.4999772 -0.7071329 -0.4999763 0.4999783 -0.707139 -0.3945868 0.3945956 -0.8298166 -0.4999783 0.4999763 -0.7071388 -0.5000144 0.500004 -0.7070938 -0.5000077 0.5000111 -0.7070935 -0.5867702 0.5867844 -0.5580187 -0.5000265 0.5000261 -0.7070696 -0.5867782 0.5867853 -0.5580093 -0.6123707 0.6123611 -0.5000162 -0.6123719 0.612371 -0.5000026 -0.5868085 0.5868017 -0.5579603 -0.6532523 0.6532558 -0.3827773 -0.6123872 0.6123904 -0.4999601 -0.6532468 0.6532676 -0.3827664 -0.6830043 0.6830077 -0.2588546 -0.6830103 0.6830077 -0.2588389 -0.6532651 0.6532621 -0.3827447 -0.6938928 0.6939026 -0.1923851 -0.6830204 0.6830201 -0.2587792 -0.6939042 0.6939073 -0.1923271 -0.7071072 0.7071064 -2.23815e-5 -0.7071126 0.707101 -1.46255e-5 -0.6939024 0.6939067 -0.1923356 -0.7071086 0.7071051 -1.43647e-5 -0.6830246 0.6830164 -0.2587779 -0.707105 0.7071086 -1.32322e-5 -0.6830206 0.6830202 -0.2587785 -0.6830074 0.6830286 -0.2587914 -0.7071086 0.707105 -8.96315e-6 -0.6939077 0.6939128 -0.192295 -0.6830055 0.683008 -0.2588508 -0.693906 0.6939121 -0.1923035 -0.6532924 0.65328 -0.3826674 -0.6829996 0.6830099 -0.2588613 -0.6533519 0.6532009 -0.3827009 -0.6123847 0.6123884 -0.4999654 -0.6123815 0.6123831 -0.4999759 -0.6532759 0.653275 -0.3827041 -0.5868157 0.5868192 -0.5579343 -0.6123672 0.6123661 -0.5000143 -0.586803 0.5867994 -0.5579686 -0.500022 0.5000323 -0.7070685 -0.5000129 0.5000207 -0.7070831 -0.5868037 0.5868 -0.557967 -0.5000176 0.5000148 -0.707084 -0.4999772 0.4999889 -0.7071307 -0.4999866 0.4999796 -0.7071308 -0.3945414 0.394542 -0.8298637 -0.4999812 0.4999982 -0.7071214 -0.3945314 0.3945381 -0.8298704 -0.3535847 0.3535833 -0.8660005 -0.3535577 0.3535601 -0.8660209 -0.3945146 0.3945109 -0.8298912 -0.2706352 0.2706387 -0.9238569 -0.3535451 0.3535478 -0.8660312 -0.2706164 0.2706054 -0.923872 -0.1830287 0.1830291 -0.9659197 -0.1830042 0.1830044 -0.9659291 -0.2705748 0.2706028 -0.923885 -0.135985 0.135977 -0.981335 -0.1829809 0.1829827 -0.9659376 -0.1359656 0.1359547 -0.9813408 -1.54865e-5 2.02004e-5 -1 -1.43349e-5 9.91672e-6 -1 -0.1359694 0.1359709 -0.981338 -1.12355e-5 1.20103e-5 -1 1.19954e-5 -9.81987e-6 -1 1.29019e-5 -9.57973e-6 -1 0.1359684 -0.1359701 -0.9813383 2.58684e-5 -7.91997e-6 -1 0.1359577 -0.1359606 -0.981341 0.1829831 -0.182978 -0.9659381 0.1829985 -0.1830016 -0.9659306 0.1359805 -0.1359715 -0.9813364 0.2705829 -0.2705856 -0.9238876 0.1830333 -0.1830317 -0.9659184 0.2705689 -0.2706516 -0.9238724 0.3535166 -0.3535243 -0.8660523 0.3535587 -0.3535565 -0.8660219 0.2706374 -0.2706341 -0.9238575 0.3945078 -0.3945159 -0.8298919 0.3535863 -0.3535819 -0.8660004 0.3945299 -0.3945391 -0.8298705 0.4999828 -0.4999967 -0.7071213 0.4999898 -0.4999728 -0.7071332 0.3945446 -0.3945348 -0.8298656 0.4999811 -0.4999817 -0.7071331 0.5000122 -0.5000166 -0.7070865 0.5000167 -0.5000133 -0.7070856 0.586798 -0.5868027 -0.5579702 0.5000271 -0.5000283 -0.7070677 0.5868049 -0.5867983 -0.5579676 0.6123691 -0.6123647 -0.5000137 0.6123822 -0.612382 -0.4999764 0.5868161 -0.5868171 -0.5579361 0.6532687 -0.6532815 -0.3827055 0.6123927 -0.6123802 -0.4999657 0.653223 -0.6533296 -0.3827013 0.6830092 -0.6830005 -0.2588608 0.6830101 -0.683003 -0.2588517 0.6532902 -0.653282 -0.3826677 0.69391 -0.6939082 -0.1923027 0.6830178 -0.6830148 -0.2588002 0.6939094 -0.6939092 -0.1923015 0.7071102 -0.7071034 -4.48227e-5 0.7071059 -0.7071077 -3.62769e-5 0.6939122 -0.693917 -0.1922634 0.7071086 -0.7071051 -3.7238e-5 0.6830272 -0.6830168 -0.25877 0.7071121 -0.7071015 -5.3063e-5 0.6830241 -0.6830196 -0.2587707 0.6830183 -0.6830126 -0.2588049 0.7071057 -0.7071079 -2.20787e-5 0.6939066 -0.6939104 -0.1923072 0.6830063 -0.6830122 -0.2588374 0.6939007 -0.6938954 -0.1923826 0.6532635 -0.6532648 -0.3827428 0.6830083 -0.6830038 -0.2588543 0.6532363 -0.653277 -0.3827682 0.6123961 -0.6123815 -0.4999602 0.6123702 -0.6123732 -0.5000017 0.6532481 -0.6532603 -0.3827764 0.5868055 -0.5868049 -0.5579599 0.612362 -0.6123689 -0.5000172 0.5867798 -0.5867823 -0.5580107 0.5000315 -0.5000196 -0.7070707 0.5000097 -0.5000038 -0.7070973 0.586775 -0.5867754 -0.558023 0.5000115 -0.5000018 -0.7070975 0.4999859 -0.4999743 -0.7071349 0.4999805 -0.4999796 -0.707135 0.3945652 -0.3945677 -0.8298403 0.4999679 -0.4999836 -0.7071411 0.3945718 -0.3945782 -0.8298321 0.3535611 -0.3535739 -0.866014 0.3535611 -0.3535625 -0.8660187 0.3945419 -0.3945459 -0.8298617 0.270674 -0.2706691 -0.9238365 0.3535245 -0.3535262 -0.8660484 0.270677 -0.2706374 -0.9238449 0.1830376 -0.183039 -0.9659162 0.1830005 -0.1830052 -0.9659296 0.2706483 -0.2706506 -0.9238494 0.1360414 -0.1360495 -0.9813172 0.1829755 -0.1829812 -0.9659389 0.1359923 -0.1359881 -0.9813325 2.04909e-5 -8.68383e-6 -1 -0.1829783 0.1829892 -0.9659368 -0.1829876 0.1829802 -0.9659367 -1.21841e-5 7.22472e-6 -1 -7.14511e-6 1.41934e-5 -1 -0.1829557 0.183014 -0.9659364 -1.61827e-5 5.46128e-6 -1 1.25691e-5 -5.70714e-6 -1 3.85195e-6 -1.47149e-5 -1 0.1829793 -0.1829875 -0.965937 0.1829928 -0.1829793 -0.965936 1.76049e-5 -6.70633e-6 -1 0.1829841 -0.1829887 -0.9659358 0.1830315 -0.1830262 -0.9659198 0.1830227 -0.1830354 -0.9659196 0.353569 -0.3534985 -0.8660415 0.3535339 -0.3535257 -0.8660448 0.1829878 -0.1830613 -0.9659214 0.3535242 -0.3535354 -0.8660448 0.3535743 -0.3535726 -0.8660091 0.353566 -0.353581 -0.8660091 0.4999861 -0.4999906 -0.7071233 -0.1830207 0.1830337 -0.9659204 -0.1830251 0.1830282 -0.9659205 -0.3535057 0.3535581 -0.866043 -0.3535345 0.35353 -0.8660427 -0.1830278 0.1830264 -0.9659205 -0.3535383 0.3535253 -0.866043 -0.3535746 0.3535708 -0.8660097 -0.3535653 0.3535813 -0.8660092 -0.4999808 0.4999952 -0.7071238 -0.499985 0.4999789 -0.7071323 -0.3535938 0.353537 -0.8660157 -0.4999758 0.4999877 -0.7071326 -0.5000331 0.5000205 -0.707069 -0.5000239 0.500029 -0.7070694 -0.6123266 0.6123825 -0.5000439 -0.6123692 0.6123633 -0.5000152 -0.5000207 0.5000174 -0.7070798 -0.6123601 0.6123721 -0.5000156 -0.6123878 0.6123766 -0.4999761 -0.6123787 0.6123855 -0.4999764 -0.6830053 0.6830098 -0.2588465 -0.6830082 0.6830046 -0.2588524 -0.6123803 0.6123795 -0.4999818 -0.6830123 0.6830002 -0.2588531 0.499989 -0.4999781 -0.7071301 0.3535694 -0.3535658 -0.8660139 0.4999817 -0.4999857 -0.70713 0.6123753 -0.6123618 -0.5000097 0.5000255 -0.5000196 -0.707075 0.6123678 -0.6123694 -0.5000094 0.612356 -0.6123532 -0.5000438 0.500032 -0.5000213 -0.7070692 0.5000244 -0.5000287 -0.7070693 0.6830058 -0.6830091 -0.2588469 0.612388 -0.6123761 -0.4999764 0.6123791 -0.6123849 -0.4999766 0.683011 -0.6830012 -0.258854 0.6830068 -0.6830057 -0.2588531 0.6123787 -0.6123805 -0.4999825 -0.7071064 0.7071072 0 -0.7071087 0.7071049 -1.36852e-6 -0.7071065 0.7071071 0 -0.707107 0.7071066 0 -0.707103 0.7071106 -1.06864e-6 -0.7071099 0.7071037 2.58267e-6 -0.7071053 0.7071083 -1.85684e-6 -0.7071053 0.7071083 1.50476e-7 -0.7071063 0.7071073 2.53672e-6 -0.7071077 0.7071059 0 0.192327 -6.04248e-6 -0.981331 5.7593e-6 -4.97036e-6 -1 5.51343e-6 -9.16887e-7 -1 -4.58434e-5 2.61225e-7 -1 -4.58654e-5 -3.94898e-6 -1 -0.1923193 -2.22446e-6 -0.9813325 -2.30074e-5 4.61284e-6 -1 -0.1923212 2.86353e-6 -0.9813321 -0.2587729 -1.05693e-6 -0.9659382 -0.2588127 2.11969e-6 -0.9659276 -0.1923581 -4.01307e-6 -0.9813249 -0.3827636 8.40286e-7 -0.9238463 -0.2588363 -3.40934e-6 -0.9659212 -0.3827664 3.04135e-5 -0.9238451 -0.4999849 3.23425e-6 -0.8660341 -0.4999775 -1.42673e-6 -0.8660385 -0.3827953 4.37256e-7 -0.9238332 -0.5579767 -3.16347e-6 -0.8298566 -0.5000377 -3.79072e-6 -0.8660038 -0.5580301 4.0452e-6 -0.8298208 -0.7070874 1.23831e-6 -0.7071262 -0.70708 2.52994e-6 -0.7071337 -0.5580025 -5.74579e-6 -0.8298394 -0.7070799 -1.01988e-6 -0.7071338 -0.7071267 7.41698e-6 -0.7070869 -0.7071267 -4.35347e-6 -0.7070869 -0.8298338 8.81217e-6 -0.5580107 -0.707133 4.81121e-6 -0.7070806 -0.8298259 -1.64367e-6 -0.5580224 -0.8660086 -1.62923e-6 -0.5000292 -0.8660309 -2.15971e-6 -0.4999906 -0.8298486 3.44007e-6 -0.5579888 -0.9238276 8.76258e-6 -0.3828089 -0.8660471 2.50782e-6 -0.4999625 -0.9238461 6.26115e-5 -0.3827641 -0.9659156 2.54682e-6 -0.2588571 -0.9659178 -2.02481e-6 -0.258849 -0.9238502 6.95349e-6 -0.3827543 -0.9813176 8.37259e-7 -0.1923953 -0.9659371 -1.45589e-6 -0.2587772 -0.9813314 3.59185e-6 -0.1923246 -1 8.40006e-6 -1.92523e-5 -1 -5.9288e-6 -4.61265e-5 -0.9813324 5.2661e-6 -0.1923196 -1 -5.99923e-7 -4.6134e-5 -0.9659367 1.12012e-5 -0.2587784 -1 -5.38491e-6 -1.38134e-5 -0.9659368 4.54824e-6 -0.2587784 -0.9659354 7.67782e-6 -0.2587835 -1 5.10854e-6 -4.82933e-5 -0.981339 -3.69747e-6 -0.1922857 -0.9659239 1.45374e-6 -0.2588266 -0.9813314 6.91754e-6 -0.1923246 -0.9238777 -6.58934e-6 -0.3826878 -0.9659137 8.64966e-7 -0.2588647 -0.9238719 -1.72511e-5 -0.3827018 -0.8660433 -3.63193e-6 -0.4999691 -0.8660225 -1.21119e-6 -0.5000053 -0.9238579 -4.34037e-6 -0.3827359 -0.8298926 -7.26664e-7 -0.5579232 -0.8660114 3.06242e-6 -0.5000244 -0.8298557 1.09011e-6 -0.5579782 -0.7071369 -8.32335e-6 -0.7070767 -0.7071253 1.27857e-5 -0.7070883 -0.8298591 -2.27126e-7 -0.557973 -0.7071249 9.03147e-7 -0.7070887 -0.707073 -8.80612e-6 -0.7071406 -0.7070729 -3.38629e-6 -0.7071406 -0.5579943 1.78861e-6 -0.8298449 -0.7070783 1.16108e-5 -0.7071353 -0.5579801 4.32885e-6 -0.8298544 -0.5000264 9.73814e-7 -0.8660101 -0.4999698 -6.61705e-7 -0.866043 -0.5579295 5.26162e-6 -0.8298884 -0.3827428 -5.33345e-6 -0.9238551 -0.4999545 -1.92132e-6 -0.8660517 -0.3827016 -1.17393e-5 -0.9238721 -0.2588482 -4.84812e-6 -0.9659181 -0.2588219 2.78279e-6 -0.965925 -0.3826843 -1.39981e-5 -0.9238792 -0.192321 1.33878e-6 -0.9813321 -0.2588081 4.81587e-6 -0.9659287 -0.1922637 -4.52902e-6 -0.9813434 -1.15166e-5 6.41623e-6 -1 -2.2836e-5 9.82452e-6 -1 -0.1922968 -4.81983e-6 -0.9813368 -2.28584e-5 -4.80756e-6 -1 2.28286e-5 8.81353e-6 -1 2.28656e-5 -4.33053e-6 -1 0.1922968 -8.10064e-6 -0.9813368 1.15931e-5 1.12103e-5 -1 0.1922637 -3.61563e-6 -0.9813433 0.2588082 2.62447e-6 -0.9659288 0.258822 2.4215e-6 -0.9659251 0.1923209 3.88408e-6 -0.9813321 0.3826845 -1.41002e-6 -0.9238792 0.2588483 -1.14436e-6 -0.965918 0.3827016 -1.17388e-5 -0.9238721 0.4999546 -5.643e-6 -0.8660517 0.4999697 -2.8935e-7 -0.8660429 0.3827428 -1.54204e-6 -0.9238551 0.5579295 5.43543e-6 -0.8298884 0.5000265 3.16266e-6 -0.8660102 0.5579799 -8.52672e-6 -0.8298545 0.7070783 6.81961e-6 -0.7071353 0.707073 1.10054e-5 -0.7071405 0.5579943 5.88317e-6 -0.8298449 0.7070729 -1.30315e-6 -0.7071406 0.7071253 -7.11347e-6 -0.7070884 0.7071249 2.92494e-6 -0.7070887 0.8298591 -2.53972e-6 -0.557973 0.7071369 -3.5218e-6 -0.7070767 0.8298557 2.14489e-6 -0.5579783 0.8660115 8.70903e-7 -0.5000244 0.8660225 -1.62871e-6 -0.5000053 0.8298926 2.21934e-6 -0.5579232 0.9238579 -5.78421e-6 -0.3827359 0.8660433 0 -0.4999691 0.9238719 -1.72514e-5 -0.3827019 0.9659136 -2.83157e-6 -0.2588646 0.9659239 1.84216e-6 -0.2588265 0.9238777 -3.05613e-6 -0.3826879 0.9813314 6.41448e-6 -0.1923246 0.9659272 5.2111e-6 -0.258814 0.9813425 -3.63885e-6 -0.192268 1 1.76211e-5 -5.76228e-5 1 5.60179e-6 -2.17184e-5 0.981337 3.5798e-6 -0.1922957 1 -4.77252e-6 -2.1778e-5 0.9659367 -9.10042e-6 -0.2587785 1 1.59098e-5 -1.38879e-5 0.9659367 -1.32802e-6 -0.2587785 0.9659359 2.45217e-6 -0.2587817 1 -2.48896e-6 -4.5769e-5 0.9813303 -5.33985e-6 -0.1923305 0.9659179 -1.63162e-6 -0.2588491 0.9813176 -2.51457e-6 -0.1923953 0.9238502 7.57282e-6 -0.3827543 0.9659156 -1.15554e-6 -0.2588571 0.9238454 1.47291e-5 -0.3827662 0.8660472 6.22205e-6 -0.4999625 0.8660309 -2.51719e-6 -0.4999907 0.9238276 4.37908e-6 -0.3828089 0.8298486 1.3106e-6 -0.5579888 0.8660086 -3.85474e-6 -0.500029 0.8298261 -6.2515e-7 -0.5580223 0.7071331 9.6329e-6 -0.7070806 0.7071267 -1.23777e-5 -0.7070869 0.8298338 4.54253e-6 -0.5580107 0.7071267 6.06596e-6 -0.7070869 0.70708 3.70479e-6 -0.7071337 0.7070799 -4.52949e-6 -0.7071338 0.5580025 8.05175e-6 -0.8298394 0.7070873 -3.54089e-6 -0.7071262 0.5580301 2.98116e-6 -0.8298208 0.5000376 -1.54623e-6 -0.8660037 0.4999774 -1.00158e-6 -0.8660385 0.5579767 -7.07107e-6 -0.8298566 0.3827953 -3.60189e-7 -0.9238332 0.4999848 -4.86383e-7 -0.8660342 0.3827665 3.04154e-5 -0.9238451 0.2588363 3.44939e-7 -0.9659213 0.2588127 1.73342e-6 -0.9659276 0.3827636 -3.21167e-6 -0.9238463 0.1923581 -5.0274e-6 -0.9813249 0.2587728 -3.29106e-6 -0.9659383 0.1923212 3.87151e-6 -0.981332 2.29025e-5 9.37015e-6 -1 -0.2587873 6.26364e-6 -0.9659344 -0.2587869 -6.43358e-6 -0.9659345 -2.30968e-5 -4.5e-6 -1 -5.07086e-5 6.43171e-6 -1 -0.2587673 4.5e-6 -0.9659397 -5.03659e-5 -6.26135e-6 -1 5.02765e-5 6.26135e-6 -1 5.06192e-5 -6.43125e-6 -1 0.2587673 -4.5e-6 -0.9659398 0.258787 6.43358e-6 -0.9659345 2.31862e-5 4.5e-6 -1 0.2587874 -6.26364e-6 -0.9659343 0.2588511 6.26361e-6 -0.9659172 0.2588509 -6.39027e-6 -0.9659174 0.4999804 -4.53114e-6 -0.8660368 0.4999638 6.51414e-6 -0.8660463 0.2588322 4.53115e-6 -0.9659223 0.4999634 -6.26359e-6 -0.8660466 0.5000202 4.45905e-6 -0.8660138 0.5000202 -4.37878e-5 -0.8660138 0.7070837 -1.00862e-6 -0.7071299 -0.2588509 -6.26361e-6 -0.9659173 -0.2588507 6.39027e-6 -0.9659174 -0.4999802 4.53114e-6 -0.866037 -0.499964 -6.5132e-6 -0.8660462 -0.2588325 -4.53115e-6 -0.9659222 -0.4999637 6.26359e-6 -0.8660465 -0.5000202 -6.26362e-6 -0.8660138 -0.5000202 6.46198e-6 -0.8660138 -0.7070837 -5.25306e-5 -0.70713 -0.7070835 -6.46291e-6 -0.7071301 -0.5000198 -4.4689e-6 -0.8660141 -0.7070834 6.26361e-6 -0.7071302 -0.7071315 -6.26361e-6 -0.7070822 -0.7071314 6.44475e-6 -0.7070823 -0.8660149 4.46891e-6 -0.5000182 -0.8660144 -6.44429e-6 -0.5000191 -0.7071309 -4.4689e-6 -0.7070827 -0.8660145 6.26363e-6 -0.5000189 -0.8660388 -6.26362e-6 -0.4999769 -0.8660387 6.37863e-6 -0.4999769 -0.9659183 4.56224e-6 -0.2588472 -0.9659182 -6.37863e-6 -0.2588475 -0.8660387 -4.56224e-6 -0.4999772 -0.9659183 6.26362e-6 -0.2588475 0.7070834 6.23406e-6 -0.7071302 0.5000198 1.01002e-6 -0.8660141 0.7070835 -4.45905e-6 -0.7071301 0.8660145 6.23407e-6 -0.5000189 0.7071309 9.90927e-7 -0.7070827 0.8660144 -4.45905e-6 -0.500019 0.8660149 -9.91859e-7 -0.5000182 0.7071314 4.45905e-6 -0.7070823 0.7071315 -6.23405e-6 -0.7070822 0.9659183 -4.56224e-6 -0.2588475 0.8660387 6.26362e-6 -0.4999772 0.8660387 -6.37909e-6 -0.4999772 0.9659183 -6.26362e-6 -0.2588472 0.9659183 6.37816e-6 -0.2588472 0.8660388 4.56224e-6 -0.4999769 -1 0 0 -1 0 0 -1 0 0 -1 0 0 -1 0 0 -1 0 0 -0.7071069 -0.7071067 3.90265e-7 -0.7071068 -0.7071068 0 -0.7071081 -0.7071056 0 -0.7071096 -0.707104 0 -0.707107 -0.7071066 7.86162e-7 -0.7071064 -0.7071073 6.65687e-7 -0.7071053 -0.7071083 2.59039e-6 -0.7071091 -0.7071046 -2.42357e-6 -0.7071071 -0.7071065 7.2746e-7 0.6938973 0.6939072 -0.1923527 0.6830148 0.6830168 -0.2588027 0.70711 0.7071036 -1.99848e-5 0.7070948 0.7071188 -4.29302e-5 0.6830154 0.6830149 -0.2588064 0.6830208 0.6830094 -0.2588065 0.7071043 0.7071093 -1.42902e-5 0.6830221 0.6830206 -0.2587734 0.6939157 0.6939107 -0.192273 0.6939072 0.6939106 -0.1923043 0.6830061 0.6830071 -0.2588514 0.6532804 0.6532916 -0.3826682 0.6532827 0.6532694 -0.3827021 0.6830009 0.6830081 -0.2588626 0.6123806 0.6123917 -0.4999666 0.6532686 0.6532603 -0.3827415 0.6123833 0.6123863 -0.4999698 0.5868196 0.5868213 -0.5579279 0.5868002 0.5868009 -0.5579699 0.6123667 0.6123653 -0.5000159 0.5000298 0.5000227 -0.7070697 0.5868026 0.5867986 -0.5579697 0.5000107 0.5000197 -0.7070853 0.5000129 0.500016 -0.7070865 0.4999862 0.49998 -0.7071308 0.4999773 0.499989 -0.7071306 0.3945397 0.3945439 -0.8298636 0.3945635 0.3945554 -0.8298469 0.4999926 0.4999811 -0.7071254 0.3535772 0.3535841 -0.8660032 0.3945121 0.3945108 -0.8298925 0.353555 0.35356 -0.8660221 0.2706298 0.2706407 -0.9238578 0.2706154 0.2706062 -0.9238721 0.3535459 0.3535451 -0.8660319 0.1830242 0.1830317 -0.9659201 0.270591 0.2705912 -0.9238836 0.183005 0.1830083 -0.9659282 0.1359881 0.1359793 -0.9813343 0.1359611 0.1359555 -0.9813414 0.1829786 0.1829809 -0.9659383 8.31485e-6 2.3514e-5 -1 0.1359746 0.1359686 -0.9813376 1.80826e-5 9.0003e-6 -1 1.3975e-5 1.24683e-5 -1 -1.72481e-5 -9.56655e-6 -1 -1.78665e-5 -8.64267e-6 -1 -0.1359658 -0.1359772 -0.9813377 -0.1359606 -0.1359612 -0.9813406 -1.25865e-5 -2.44795e-5 -1 -0.1829881 -0.1829762 -0.9659374 -0.1359749 -0.1359843 -0.9813355 -0.1830049 -0.1830021 -0.9659293 -0.2705697 -0.2706053 -0.9238858 -0.2705672 -0.2706531 -0.9238725 -0.183027 -0.1830337 -0.9659191 -0.3535457 -0.3535503 -0.8660299 -0.2706333 -0.2706391 -0.9238572 -0.3535569 -0.3535591 -0.8660216 -0.3945163 -0.3945085 -0.8298917 -0.3945359 -0.3945298 -0.8298721 -0.353581 -0.3535829 -0.8660022 -0.4999961 -0.4999797 -0.7071238 -0.3945353 -0.3945484 -0.8298636 -0.4999788 -0.4999874 -0.7071307 -0.4999827 -0.4999839 -0.7071304 -0.5000159 -0.5000138 -0.7070858 -0.5000138 -0.500015 -0.7070866 -0.5868003 -0.5868002 -0.5579704 -0.5868027 -0.5868003 -0.5579678 -0.5000222 -0.5000328 -0.707068 -0.6123693 -0.6123644 -0.5000138 -0.5868101 -0.5868194 -0.55794 -0.6123827 -0.6123781 -0.4999806 -0.6532766 -0.653271 -0.3827098 -0.6532558 -0.6532965 -0.3827016 -0.6123895 -0.612384 -0.4999651 -0.683011 -0.682999 -0.2588599 -0.6532876 -0.6532834 -0.3826698 -0.6830135 -0.6830163 -0.2588077 -0.6938906 -0.6939269 -0.1923051 -0.693918 -0.6939135 -0.1922548 -0.6830174 -0.6830153 -0.2587999 -0.7071058 -0.7071078 -1.72509e-5 -0.7070971 -0.7071165 -1.95205e-5 -0.6830168 -0.6830222 -0.2587832 -0.6830213 -0.6830174 -0.2587839 -0.7071025 -0.707111 -2.57045e-5 -0.6830163 -0.6830223 -0.2587845 -0.6939076 -0.6939026 -0.1923316 -0.6938943 -0.6939017 -0.1923829 -0.6830073 -0.6830111 -0.2588376 -0.6532643 -0.6532638 -0.3827431 -0.653272 -0.6532426 -0.382766 -0.6830122 -0.6830002 -0.2588535 -0.6123816 -0.6123965 -0.4999592 -0.6532513 -0.6532586 -0.3827743 -0.6123707 -0.6123744 -0.4999997 -0.5868074 -0.5868051 -0.557958 -0.5867808 -0.5867823 -0.5580098 -0.6123652 -0.6123667 -0.500016 -0.5000299 -0.5000225 -0.7070698 -0.5867813 -0.5867719 -0.5580201 -0.5000141 -0.5000028 -0.7070949 -0.5000078 -0.5000091 -0.7070949 -0.4999774 -0.4999779 -0.7071384 -0.4999794 -0.499976 -0.7071384 -0.3945968 -0.3945865 -0.8298162 -0.3945769 -0.3945769 -0.8298304 -0.4999755 -0.4999794 -0.7071387 -0.3535639 -0.3535748 -0.8660125 -0.3945412 -0.3945446 -0.8298625 -0.3535612 -0.35356 -0.8660196 -0.2706709 -0.2706698 -0.9238372 -0.270676 -0.2706381 -0.923845 -0.3535249 -0.3535232 -0.8660494 -0.1830328 -0.1830413 -0.9659167 -0.2706567 -0.2706471 -0.923848 -0.1830064 -0.1830043 -0.9659287 -0.1360479 -0.1360484 -0.9813163 -0.1359934 -0.1359888 -0.9813322 -0.1829791 -0.1829798 -0.9659385 -1.9066e-5 -1.21519e-5 -1 -0.1359891 -0.1359921 -0.9813324 -3.25963e-5 -3.29986e-5 -1 -2.90566e-5 -3.6456e-5 -1 3.59267e-5 2.86773e-5 -1 3.25665e-5 3.20077e-5 -1 0.1359935 0.1359868 -0.9813325 0.1359896 0.1360025 -0.9813308 1.87295e-5 2.24614e-5 -1 0.1829776 0.1829904 -0.9659367 0.136047 0.1360387 -0.9813178 0.1830368 0.1830295 -0.9659181 0.2706484 0.2706458 -0.9238509 0.2706306 0.2706829 -0.9238451 0.1830294 0.1830402 -0.9659175 0.3535174 0.3535279 -0.8660506 0.2706762 0.2706686 -0.9238361 0.3535614 0.3535634 -0.8660181 0.3945431 0.3945468 -0.8298607 0.394581 0.3945797 -0.829827 0.353577 0.3535693 -0.8660093 0.4999858 0.4999753 -0.7071343 0.3945864 0.3945966 -0.8298163 0.4999751 0.4999801 -0.7071385 0.4999805 0.4999748 -0.7071385 0.5000152 0.5000072 -0.707091 0.5000202 0.500002 -0.7070912 0.5867779 0.5867797 -0.5580155 0.5867756 0.5867868 -0.5580106 0.500021 0.5000299 -0.7070708 0.6123703 0.6123604 -0.5000175 0.5868098 0.586801 -0.5579596 0.612372 0.6123715 -0.5000019 0.6532551 0.6532534 -0.3827764 0.6532457 0.6532688 -0.3827664 0.612383 0.6123937 -0.4999611 0.6830056 0.6830061 -0.2588555 0.653266 0.653263 -0.3827416 0.6830111 0.683008 -0.2588357 0.6938962 0.6939002 -0.1923818 -0.6939051 -0.6939035 -0.1923374 -0.7071037 -0.7071099 -1.60337e-5 -0.7070996 -0.707114 -1.6436e-5 0.6939063 0.6939139 -0.1922955 0.7071089 0.7071047 -2.06083e-5 0.7071046 0.7071091 -2.22325e-5 0.6123499 0.6124078 -0.4999845 0.6830112 0.6830003 -0.2588559 0.6830023 0.6830093 -0.2588554 0.683034 0.6829817 -0.2588449 0.6123878 0.612378 -0.4999743 0.6123834 0.612382 -0.499975 0.6123678 0.6123647 -0.5000153 0.6123601 0.6123721 -0.5000156 0.5000168 0.5000213 -0.7070799 0.6123574 0.6123518 -0.5000439 0.5000253 0.5000276 -0.7070694 0.5000331 0.5000205 -0.707069 0.4999835 0.4999804 -0.7071323 0.4999758 0.4999877 -0.7071326 0.3535631 0.3535677 -0.8660156 0.4999981 0.499978 -0.7071238 0.3535668 0.3535797 -0.8660092 0.3535746 0.3535708 -0.8660097 0.3535313 0.353524 -0.8660464 0.3535216 0.3535335 -0.8660466 0.1830165 0.1830275 -0.9659223 4.50096e-6 1.28291e-5 -1 0.1829864 0.1829794 -0.9659371 0.1829774 0.1829884 -0.9659372 0.1830309 0.1830333 -0.9659185 0.1830401 0.1830247 -0.9659184 0.3535432 0.3535304 -0.866039 -0.1829857 -0.1829811 -0.965937 -3.9041e-6 -1.46255e-5 -1 -1.26958e-5 -5.64754e-6 -1 4.4778e-6 1.50055e-5 -1 1.32546e-5 6.05732e-6 -1 0.182986 0.1829816 -0.9659368 -0.3535295 -0.3535286 -0.8660453 -0.1830183 -0.1830296 -0.9659216 -0.1830263 -0.1830211 -0.9659217 -0.1829835 -0.1829929 -0.9659352 -0.1829881 -0.1829889 -0.9659349 -1.52639e-5 -1.38455e-5 -1 -0.4999882 -0.4999881 -0.7071235 -0.3535776 -0.3535692 -0.8660091 -0.353574 -0.3535723 -0.8660094 -0.3535351 -0.35353 -0.8660424 -0.3535259 -0.3535389 -0.8660425 -0.1830226 -0.1830324 -0.9659202 -0.6123599 -0.6123493 -0.5000438 -0.5000244 -0.5000287 -0.7070693 -0.5000333 -0.5000199 -0.7070692 -0.4999891 -0.499978 -0.7071301 -0.49998 -0.4999873 -0.70713 -0.3535655 -0.3535696 -0.8660139 -0.6830334 -0.6829805 -0.2588495 -0.6123863 -0.6123762 -0.4999785 -0.6123819 -0.6123802 -0.4999791 -0.612362 -0.612375 -0.5000097 -0.6123664 -0.6123708 -0.5000094 -0.5000216 -0.5000234 -0.7070749 -0.6830123 -0.6830009 -0.2588514 -0.6830034 -0.6830101 -0.258851 -0.6123516 -0.6124093 -0.4999805 -0.4626381 -9.42718e-6 0.8865472 -0.4531652 -0.09307569 0.8865542 -0.451037 -0.1029385 0.8865491 -0.4510481 -0.102956 0.8865414 -0.4531756 -0.09310406 0.8865458 -0.4247851 -0.1833232 0.8865384 -0.4510222 -0.1029577 0.8865545 -0.4247533 -0.1833328 0.8865516 -0.4168212 -0.2007104 0.8865525 -0.416822 -0.2007287 0.8865481 -0.424759 -0.183362 0.8865428 -0.3794614 -0.2646598 0.8865463 -0.416818 -0.2007351 0.8865485 -0.3794524 -0.2646731 0.8865462 -0.3617015 -0.288448 0.8865494 -0.3616966 -0.288445 0.8865523 -0.3794499 -0.2646775 0.8865458 -0.3216646 -0.33252 0.8865451 -0.3616799 -0.2884567 0.8865554 -0.3216387 -0.3325089 0.8865588 -0.2884553 -0.3616757 0.8865575 -0.2884455 -0.3616976 0.8865519 -0.3216431 -0.3325549 0.88654 -0.252319 -0.3877805 0.8865447 -0.2884337 -0.3617035 0.8865533 -0.2522857 -0.3877755 0.8865564 -0.2007358 -0.4168053 0.8865544 -0.200752 -0.4168328 0.8865377 -0.2522949 -0.3877969 0.8865444 -0.17243 -0.4293173 0.8865408 -0.2007265 -0.4168191 0.88655 -0.1723851 -0.4293076 0.8865543 -0.1029451 -0.4510361 0.8865489 -0.1029745 -0.4510453 0.8865408 -0.1723708 -0.4293388 0.886542 -0.08655846 -0.4544723 0.8865454 -0.1029407 -0.4510378 0.8865485 -0.08650505 -0.4544703 0.8865516 -5.1785e-6 -0.4626331 0.88655 -2.466e-5 -0.4626353 0.8865487 -0.08650094 -0.4544813 0.8865464 -2.46316e-5 -0.4626376 0.8865475 2.46652e-5 -0.4626336 0.8865497 2.46328e-5 -0.4626393 0.8865467 0.08649975 -0.4544752 0.8865497 5.81518e-6 -0.4626407 0.886546 0.08650445 -0.4544655 0.8865541 0.1029394 -0.4510323 0.8865514 0.1029741 -0.4510465 0.8865402 0.08655756 -0.4544776 0.8865427 0.1723656 -0.429333 0.8865458 0.1029454 -0.4510364 0.8865487 0.1723847 -0.4293084 0.886554 0.2007265 -0.4168193 0.8865499 0.2007523 -0.4168323 0.8865379 0.1724308 -0.4293112 0.8865437 0.2522943 -0.3877966 0.8865447 0.2007372 -0.4168058 0.8865538 0.2522892 -0.3877723 0.8865567 0.288434 -0.361701 0.8865542 0.2884445 -0.3616985 0.8865519 0.252319 -0.3877816 0.8865442 0.3216415 -0.3325546 0.8865407 0.2884582 -0.3616761 0.8865564 0.3216406 -0.332508 0.8865584 0.3616805 -0.2884564 0.8865552 0.3616995 -0.288443 0.8865519 0.3216644 -0.3325182 0.8865459 0.3794476 -0.2646778 0.8865468 0.361702 -0.288448 0.8865492 0.3794518 -0.2646725 0.8865467 0.4168168 -0.2007374 0.8865485 0.4168171 -0.200732 0.8865495 0.3794606 -0.2646571 0.8865474 0.4247658 -0.1833595 0.8865401 0.4168206 -0.2007099 0.886553 0.4247564 -0.1833289 0.886551 0.4510207 -0.1029601 0.886555 0.4510447 -0.1029598 0.8865428 0.4247844 -0.1833213 0.8865391 0.4531821 -0.09309858 0.8865432 0.4510344 -0.1029424 0.8865501 0.4531679 -0.09307646 0.8865528 0.462635 -2.38698e-6 0.8865489 0.6830161 0.1829976 -0.7071074 0.6830134 0.1829968 -0.7071102 0.7071081 1.75248e-5 -0.7071056 0.7071025 1.91787e-5 -0.7071111 0.6830168 0.1830005 -0.707106 0.7071057 1.90586e-5 -0.7071079 0.7071076 -1.79335e-5 -0.7071061 0.7071014 -1.80211e-5 -0.7071122 0.6830183 -0.1829991 -0.7071049 0.6830141 -0.1829987 -0.7071091 0.7071095 -1.87049e-5 -0.7071042 0.6830171 -0.1829996 -0.7071061 0.6830083 -0.1830241 -0.7071081 0.6830086 -0.1830245 -0.7071078 0.6123837 -0.3535355 -0.7071061 0.6123785 -0.3535373 -0.7071096 0.6830107 -0.1830281 -0.7071048 0.6123811 -0.353539 -0.7071065 0.6123664 -0.3535634 -0.707107 0.6123639 -0.3535621 -0.7071099 0.5000158 -0.4999859 -0.7071057 0.5000084 -0.4999895 -0.7071083 0.6123654 -0.3535714 -0.7071039 0.5000104 -0.4999917 -0.7071053 0.4999881 -0.5000131 -0.7071059 0.4999859 -0.5000111 -0.7071089 0.3535673 -0.6123654 -0.707106 0.3535656 -0.6123631 -0.7071088 0.4999898 -0.5000142 -0.7071039 0.3535671 -0.6123657 -0.7071058 0.3535383 -0.6123803 -0.7071075 0.3535367 -0.6123778 -0.7071106 0.1830285 -0.6830103 -0.7071051 0.183025 -0.6830079 -0.7071083 0.3535382 -0.6123849 -0.7071036 0.1830258 -0.6830108 -0.7071053 0.1829981 -0.6830184 -0.7071051 0.1829966 -0.6830123 -0.7071113 1.7259e-5 -0.7071087 -0.7071049 1.87038e-5 -0.7071045 -0.7071092 0.1830001 -0.6830189 -0.7071041 1.88053e-5 -0.7071077 -0.7071059 -1.98856e-5 -0.7071071 -0.7071065 -1.99284e-5 -0.7071114 -0.7071022 -0.183001 -0.6830176 -0.7071051 -0.1829977 -0.6830156 -0.7071079 -1.76789e-5 -0.7071109 -0.7071027 -0.1829985 -0.6830186 -0.7071048 -0.1830282 -0.6830077 -0.7071077 -0.1830275 -0.6830048 -0.7071107 -0.3535395 -0.6123818 -0.7071057 -0.3535356 -0.6123808 -0.7071085 -0.1830263 -0.6830126 -0.7071034 -0.3535372 -0.6123834 -0.7071055 -0.3535672 -0.6123632 -0.707108 -0.3535658 -0.6123607 -0.7071108 -0.4999898 -0.5000128 -0.7071051 -0.4999854 -0.5000132 -0.7071077 -0.3535671 -0.6123695 -0.7071024 -0.4999877 -0.5000153 -0.7071047 -0.5000143 -0.4999865 -0.7071063 -0.5000122 -0.4999843 -0.7071093 -0.6123663 -0.3535656 -0.7071061 -0.6123629 -0.3535665 -0.7071086 -0.5000139 -0.4999907 -0.7071036 -0.6123655 -0.353568 -0.7071055 -0.6123816 -0.3535342 -0.7071085 -0.6123819 -0.3535341 -0.7071082 -0.6830115 -0.1830251 -0.7071048 -0.6830059 -0.183027 -0.7071096 -0.6123828 -0.3535398 -0.7071046 -0.6830089 -0.1830276 -0.7071067 -0.6830161 -0.1829976 -0.7071074 -0.6830134 -0.1829968 -0.7071102 -0.7071081 -1.75248e-5 -0.7071056 -0.7071025 -1.91787e-5 -0.7071111 -0.6830168 -0.1830005 -0.707106 -0.7071057 -1.90586e-5 -0.7071079 -0.7071076 1.79335e-5 -0.7071061 -0.7071014 1.80211e-5 -0.7071122 -0.6830183 0.1829991 -0.7071049 -0.6830141 0.1829987 -0.7071091 -0.7071095 1.87049e-5 -0.7071042 -0.6830171 0.1829996 -0.7071061 -0.6830083 0.1830241 -0.7071081 -0.6830086 0.1830245 -0.7071078 -0.6123837 0.3535355 -0.7071061 -0.6123785 0.3535373 -0.7071096 -0.6830107 0.1830281 -0.7071048 -0.6123811 0.353539 -0.7071065 -0.6123664 0.3535634 -0.707107 -0.6123639 0.3535621 -0.7071099 -0.5000158 0.4999859 -0.7071057 -0.5000084 0.4999895 -0.7071083 -0.6123654 0.3535714 -0.7071039 -0.5000104 0.4999917 -0.7071053 -0.4999881 0.5000131 -0.7071059 -0.4999859 0.5000111 -0.7071089 -0.3535673 0.6123654 -0.707106 -0.3535656 0.6123631 -0.7071088 -0.4999898 0.5000142 -0.7071039 -0.3535671 0.6123657 -0.7071058 -0.3535383 0.6123803 -0.7071075 -0.3535367 0.6123778 -0.7071106 -0.1830285 0.6830103 -0.7071051 -0.183025 0.6830079 -0.7071083 -0.3535382 0.6123849 -0.7071036 -0.1830258 0.6830108 -0.7071053 -0.1829981 0.6830184 -0.7071051 -0.1829966 0.6830123 -0.7071113 -1.7259e-5 0.7071087 -0.7071049 -1.87038e-5 0.7071045 -0.7071092 -0.1830001 0.6830189 -0.7071041 -1.88053e-5 0.7071077 -0.7071059 1.98856e-5 0.7071071 -0.7071065 1.99284e-5 0.7071114 -0.7071022 0.183001 0.6830176 -0.7071051 0.1829977 0.6830156 -0.7071079 1.76789e-5 0.7071109 -0.7071027 0.1829985 0.6830186 -0.7071048 0.1830282 0.6830077 -0.7071077 0.1830275 0.6830048 -0.7071107 0.3535395 0.6123818 -0.7071057 0.3535356 0.6123808 -0.7071085 0.1830263 0.6830126 -0.7071034 0.3535372 0.6123834 -0.7071055 0.3535672 0.6123632 -0.707108 0.3535658 0.6123607 -0.7071108 0.4999898 0.5000128 -0.7071051 0.4999854 0.5000132 -0.7071077 0.3535671 0.6123695 -0.7071024 0.4999877 0.5000153 -0.7071047 0.5000143 0.4999865 -0.7071063 0.5000122 0.4999843 -0.7071093 0.6123663 0.3535656 -0.7071061 0.6123629 0.3535665 -0.7071086 0.5000139 0.4999907 -0.7071036 0.6123655 0.353568 -0.7071055 0.6123816 0.3535342 -0.7071085 0.6123819 0.3535341 -0.7071082 0.6830115 0.1830251 -0.7071048 0.6830059 0.183027 -0.7071096 0.6123828 0.3535398 -0.7071046 0.6830089 0.1830276 -0.7071067 0.9659327 0.2587938 0 0.9659327 0.2587938 -1.59126e-5 1 2.97874e-5 0 1 2.97725e-5 1.59126e-5 0.9659327 0.2587938 0 1 2.97874e-5 0 1 -2.97874e-5 0 1 -2.97725e-5 -1.59126e-5 0.9659327 -0.2587938 0 0.9659327 -0.2587938 1.59126e-5 1 -2.97874e-5 0 0.9659327 -0.2587938 0 0.9659193 -0.2588433 0 0.9659194 -0.2588434 -1.59815e-5 0.8660408 -0.4999733 0 0.8660406 -0.4999737 1.59834e-5 0.9659193 -0.2588438 0 0.8660406 -0.4999737 0 0.8660129 -0.5000218 0 0.8660129 -0.5000217 -1.59703e-5 0.7071286 -0.707085 0 0.7071284 -0.7070852 1.59703e-5 0.8660128 -0.500022 0 0.7071284 -0.7070852 0 0.7070851 -0.7071285 0 0.7070851 -0.7071285 -1.59703e-5 0.5000219 -0.8660129 0 0.5000221 -0.8660126 1.59703e-5 0.7070853 -0.7071282 0 0.5000221 -0.8660126 0 0.4999734 -0.8660409 0 0.4999734 -0.8660409 -1.59834e-5 0.2588433 -0.9659193 0 0.2588434 -0.9659193 1.59815e-5 0.4999734 -0.8660408 0 0.2588434 -0.9659193 0 0.2587939 -0.9659327 0 0.2587939 -0.9659326 -1.59126e-5 2.98768e-5 -1 0 2.98768e-5 -1 1.59126e-5 0.2587939 -0.9659327 0 2.98768e-5 -1 0 -2.98768e-5 -1 0 -2.98768e-5 -1 -1.59126e-5 -0.2587939 -0.9659327 0 -0.2587939 -0.9659326 1.59126e-5 -2.98768e-5 -1 0 -0.2587939 -0.9659327 0 -0.2588434 -0.9659193 0 -0.2588434 -0.9659193 -1.59815e-5 -0.4999734 -0.8660408 0 -0.4999734 -0.8660409 1.59834e-5 -0.2588433 -0.9659193 0 -0.4999734 -0.8660409 0 -0.5000219 -0.8660129 0 -0.5000219 -0.8660129 -1.59703e-5 -0.7070851 -0.7071285 0 -0.7070853 -0.7071282 1.59703e-5 -0.5000221 -0.8660126 0 -0.7070853 -0.7071283 0 -0.7071284 -0.7070852 0 -0.7071284 -0.7070852 -1.59703e-5 -0.8660128 -0.500022 0 -0.8660129 -0.5000217 1.59703e-5 -0.7071286 -0.707085 0 -0.8660129 -0.5000218 0 -0.8660405 -0.4999739 0 -0.8660405 -0.4999739 -1.59834e-5 -0.9659192 -0.2588439 0 -0.9659194 -0.2588431 1.59815e-5 -0.866041 -0.4999732 0 -0.9659194 -0.2588432 0 -0.9659327 -0.2587938 0 -0.9659327 -0.2587938 -1.59126e-5 -1 -2.97874e-5 0 -1 -2.97725e-5 1.59126e-5 -0.9659327 -0.2587938 0 -1 -2.97874e-5 0 -1 2.97874e-5 0 -1 2.97725e-5 -1.59126e-5 -0.9659327 0.2587938 0 -0.9659327 0.2587938 1.59126e-5 -1 2.97874e-5 0 -0.9659327 0.2587938 0 -0.9659193 0.2588433 0 -0.9659194 0.2588434 -1.59815e-5 -0.8660408 0.4999733 0 -0.8660406 0.4999737 1.59834e-5 -0.9659193 0.2588438 0 -0.8660406 0.4999737 0 -0.8660129 0.5000218 0 -0.8660129 0.5000217 -1.59703e-5 -0.7071286 0.707085 0 -0.7071284 0.7070852 1.59703e-5 -0.8660128 0.500022 0 -0.7071284 0.7070852 0 -0.7070851 0.7071285 0 -0.7070851 0.7071285 -1.59703e-5 -0.5000219 0.8660129 0 -0.5000221 0.8660126 1.59703e-5 -0.7070853 0.7071282 0 -0.5000221 0.8660126 0 -0.4999734 0.8660409 0 -0.4999734 0.8660409 -1.59834e-5 -0.2588433 0.9659193 0 -0.2588434 0.9659193 1.59815e-5 -0.4999734 0.8660408 0 -0.2588434 0.9659193 0 -0.2587939 0.9659327 0 -0.2587939 0.9659326 -1.59126e-5 -2.98768e-5 1 0 -2.98768e-5 1 1.59126e-5 -0.2587939 0.9659327 0 -2.98768e-5 1 0 2.98768e-5 1 0 2.98768e-5 1 -1.59126e-5 0.2587939 0.9659327 0 0.2587939 0.9659326 1.59126e-5 2.98768e-5 1 0 0.2587939 0.9659327 0 0.2588434 0.9659193 0 0.2588434 0.9659193 -1.59815e-5 0.4999734 0.8660408 0 0.4999734 0.8660409 1.59834e-5 0.2588433 0.9659193 0 0.4999734 0.8660409 0 0.5000219 0.8660129 0 0.5000219 0.8660129 -1.59703e-5 0.7070851 0.7071285 0 0.7070853 0.7071282 1.59703e-5 0.5000221 0.8660126 0 0.7070853 0.7071283 0 0.7071284 0.7070852 0 0.7071284 0.7070852 -1.59703e-5 0.8660128 0.500022 0 0.8660129 0.5000217 1.59703e-5 0.7071286 0.707085 0 0.8660129 0.5000218 0 0.8660405 0.4999739 0 0.8660405 0.4999739 -1.59834e-5 0.9659192 0.2588439 0 0.9659194 0.2588431 1.59815e-5 0.866041 0.4999732 0 0.9659194 0.2588432 0 -0.7071382 0.7070755 2.99215e-5 -0.8314795 0.5555555 3.26931e-5 -0.7185811 0.6954432 5.3823e-5 -0.7185974 0.6954264 -1.77771e-5 -0.8314588 0.5555866 -6.47307e-5 -0.7297708 0.6836919 -6.89179e-5 -0.7297742 0.6836884 -1.72555e-5 -0.8314539 0.5555938 -3.23802e-5 -0.7398923 0.6727254 -5.29289e-5 -0.7398962 0.6727211 -2.43559e-5 -0.8314566 0.5555898 -8.09133e-6 -0.7483956 0.6632527 -3.5882e-5 -0.7483806 0.6632696 -6.43358e-6 -0.8314597 0.5555852 -9.22754e-6 -0.7552839 0.6553978 -3.09944e-5 -0.7552879 0.6553933 -2.2864e-5 -0.8314468 0.5556044 -1.04792e-5 -0.7605207 0.6493137 -1.18967e-5 -0.7605139 0.6493219 5.47106e-6 -0.8314715 0.5555676 5.14463e-6 -0.76369 0.6455832 -7.4571e-6 -0.7636916 0.6455814 0 -0.8314619 0.5555819 -3.02866e-6 -0.7647168 0.6443667 1.79e-6 -0.7647256 0.6443562 -1.35042e-6 -0.8314633 0.5555797 3.33274e-6 -0.7647256 0.6443562 -1.28184e-6 -0.7647323 0.6443483 -4.27011e-6 -0.8314624 0.5555812 1.48267e-6 -0.8564962 0.5161533 1.54227e-6 -0.7647359 0.6443439 4.52027e-5 -0.8564944 0.5161564 3.14117e-5 -0.7173362 0.6967272 3.76254e-5 -0.8314782 0.5555573 2.21119e-6 -0.9238751 0.3826944 -2.34228e-6 -0.8565329 0.5160924 -4.04147e-6 -0.8565199 0.5161139 -2.36742e-6 -0.9238834 0.3826743 -1.83494e-6 -0.9511778 0.3086434 -3.37465e-6 -0.9511822 0.3086302 -8.59378e-7 -0.923884 0.3826726 2.6077e-7 -0.9807819 0.1951076 -9.80683e-7 -0.951192 0.3086 1.49384e-6 -0.9807833 0.1951003 2.37893e-5 -0.9963685 0.08514612 -3.55626e-6 -0.9963723 0.0851019 1.0184e-6 -0.98079 0.1950673 -1.87149e-6 -0.9963723 0.0851019 -2.4187e-6 -0.9963738 0.08508408 1.15999e-6 -0.9963738 0.08508408 -2.97092e-7 -0.9963739 -0.08508282 -7.36117e-6 -1 3.36841e-5 6.47902e-5 -0.9998655 0.01639753 4.15444e-5 -0.9807886 0.1950737 2.53916e-5 -0.9807854 0.1950901 -3.66122e-5 -0.9998657 0.01639485 -1.83284e-5 -0.9994695 0.03256958 -2.68966e-5 -0.9807879 0.1950773 -1.5229e-5 -0.9994691 0.03258275 -1.7494e-5 -0.9988716 0.04749315 -4.72814e-5 -0.9988719 0.04748606 -1.62423e-6 -0.998187 0.06018912 -1.34967e-5 -0.9807856 0.195089 -6.18398e-6 -0.9807928 0.1950529 -8.80659e-6 -0.9981857 0.06021159 -1.58064e-5 -0.9975032 0.07062274 -2.19569e-5 -0.9807854 0.1950904 -4.84288e-7 -0.9975031 0.07062345 -5.06267e-6 -0.9969046 0.0786218 3.47756e-6 -0.9969031 0.07863932 -5.96791e-6 -0.9965091 0.0834853 4.01493e-6 -0.98079 0.1950666 1.50502e-6 -0.9807876 0.1950784 2.43261e-6 -0.9965063 0.08351784 -1.55345e-6 -0.9963724 0.08510142 -3.66382e-6 -0.9807877 0.1950781 -8.06525e-7 -0.9963713 0.08511292 -2.63716e-6 -0.9963713 0.08511292 1.93529e-6 -0.9963749 0.08507251 2.42144e-6 -0.9963748 -0.08507239 2.21748e-5 -0.9929154 -0.1188242 1.05351e-5 -0.9929125 -0.118848 1.80444e-7 -0.9963696 -0.08513391 1.14155e-6 -0.9963696 -0.08513391 2.09489e-7 -0.9929113 -0.1188585 -7.44884e-7 -0.9963703 -0.08512568 4.99189e-7 -0.9807897 -0.1950684 -8.50298e-7 -0.9807877 -0.1950786 8.15839e-7 -0.9963724 -0.08510148 -3.26382e-6 -0.9965063 -0.08351767 -3.54648e-6 -0.9807906 -0.1950639 -5.62519e-7 -0.9965055 -0.08352798 -9.4967e-6 -0.9969034 -0.07863664 -4.02844e-6 -0.9969047 -0.07861948 -1.10641e-6 -0.9975033 -0.07061964 -1.34474e-5 -0.9807851 -0.1950916 -2.80142e-6 -0.9807925 -0.1950541 -1.09859e-5 -0.9975028 -0.07062667 -1.76318e-5 -0.9981861 -0.06020551 -2.39126e-5 -0.9807853 -0.1950902 -7.71135e-6 -0.9981875 -0.06018227 -1.80081e-5 -0.9988722 -0.04748243 -4.26918e-6 -0.9988716 -0.04749411 -4.40031e-5 -0.9994692 -0.03258037 -1.58399e-5 -0.9807879 -0.1950775 -1.48416e-5 -0.9807848 -0.1950929 -3.76254e-5 -0.9994689 -0.03258663 -2.22921e-5 -0.9998663 -0.01635926 -3.01153e-5 -0.9807823 -0.1951056 2.20239e-5 -0.999866 -0.01637428 3.95775e-5 -1 -5.5261e-5 6.72042e-5 -0.9929102 -0.1188678 -5.36442e-6 -0.9807834 -0.1951001 3.29432e-6 -0.9462958 -0.3233021 -1.59547e-7 -0.9462863 -0.32333 -2.0992e-6 -0.9807759 -0.195138 -3.67872e-7 -0.9238966 -0.3826424 1.81422e-6 -0.9462761 -0.32336 1.51712e-6 -0.9238697 -0.3827074 -1.03982e-6 -0.8581397 -0.5134163 1.99821e-6 -0.8581401 -0.5134158 1.49291e-6 -0.9238756 -0.3826931 -4.26243e-6 -0.8314776 -0.5555583 -1.07428e-6 -0.8581255 -0.51344 -1.32341e-6 -0.8314678 -0.5555731 1.65403e-6 -0.7647244 -0.6443576 7.72998e-7 -0.7647261 -0.6443557 2.23564e-6 -0.8314638 -0.5555791 4.17233e-7 -0.7647261 -0.6443557 -2.63054e-6 -0.7647167 -0.6443667 1.38581e-6 -0.8314618 -0.5555821 -1.44914e-6 -0.7636913 -0.6455818 -4.88292e-6 -0.7636873 -0.6455863 -1.37743e-6 -0.8314677 -0.5555732 7.03335e-6 -0.7605393 -0.6492919 -9.78075e-6 -0.7605225 -0.6493117 -9.89949e-6 -0.8314464 -0.5556051 -1.06916e-5 -0.7552906 -0.6553902 -1.70227e-5 -0.7552852 -0.6553964 -2.88114e-5 -0.831459 -0.5555863 -7.0855e-6 -0.7483847 -0.663265 1.70618e-6 -0.7483991 -0.6632487 -3.10354e-5 -0.8314551 -0.5555921 -6.34044e-6 -0.7398976 -0.6727196 -2.1264e-5 -0.7399 -0.6727169 -4.71771e-5 -0.8314525 -0.5555959 -3.09199e-5 -0.7297743 -0.6836882 -1.68085e-5 -0.7297776 -0.6836847 -6.61015e-5 -0.8314573 -0.5555886 -6.40303e-5 -0.7185894 -0.6954346 -2.13385e-5 -0.7185977 -0.6954261 5.60284e-5 -0.831461 -0.5555832 3.62694e-5 -0.7071228 -0.7070908 2.74777e-5 -0.8581182 -0.5134522 4.93228e-6 -0.7647335 -0.6443468 2.01762e-5 -0.7365722 -0.676359 5.05522e-6 -0.7365476 -0.6763857 -1.97329e-5 -0.7646948 -0.6443927 -2.30186e-5 -0.6443708 -0.7647132 -1.9744e-6 -0.7365639 -0.676368 9.20147e-6 -0.6443672 -0.7647163 1.18129e-5 -0.5837049 -0.811966 2.12267e-5 -0.5836853 -0.81198 -1.61864e-6 -0.6443715 -0.7647127 -2.53625e-6 -0.6443715 -0.7647126 3.85172e-6 -0.5836787 -0.8119847 -1.27591e-7 -0.6443358 -0.7647428 -5.2359e-6 -0.5555757 -0.831466 -2.24495e-6 -0.5555804 -0.8314629 1.49757e-6 -0.6443639 -0.7647191 3.39327e-6 -0.645579 -0.7636936 3.27826e-7 -0.5555962 -0.8314522 -5.7593e-6 -0.6455742 -0.7636976 -7.78306e-6 -0.6493143 -0.7605203 -2.18581e-6 -0.6493222 -0.7605135 -1.4659e-6 -0.6554017 -0.7552805 -9.0152e-6 -0.5555835 -0.8314608 3.63216e-6 -0.5555851 -0.8314598 -1.58884e-5 -0.6554038 -0.7552787 -2.28547e-5 -0.6632755 -0.7483754 1.66148e-6 -0.555589 -0.8314571 -2.0057e-5 -0.6632732 -0.7483775 -9.53674e-6 -0.6727114 -0.7399049 -2.50861e-5 -0.6727429 -0.7398763 -1.51694e-5 -0.6836846 -0.7297777 -2.43932e-5 -0.5555709 -0.8314693 -2.13087e-5 -0.5555513 -0.8314823 -3.17991e-5 -0.6836873 -0.7297751 -5.20051e-5 -0.6954316 -0.7185923 -5.06937e-5 -0.5555437 -0.8314873 2.66731e-5 -0.6954334 -0.7185906 3.65078e-5 -0.7070692 -0.7071445 5.26607e-5 -0.5836482 -0.8120067 -4.2771e-6 -0.5555345 -0.8314935 -2.81166e-6 -0.4019065 -0.9156808 -3.40363e-6 -0.4018824 -0.9156914 6.92625e-6 -0.5555546 -0.8314802 4.89748e-6 -0.3826963 -0.9238743 -4.03449e-6 -0.401865 -0.9156991 4.47547e-6 -0.3826787 -0.9238815 -1.9744e-6 -0.2026909 -0.9792428 0 -0.2026551 -0.9792502 3.53158e-6 -0.3826436 -0.9238961 -9.01849e-6 -0.1950911 -0.9807851 -2.88774e-6 -0.2026384 -0.9792537 3.52686e-6 -0.1950738 -0.9807886 4.58956e-6 -0.08512026 -0.9963707 2.67662e-6 -0.08510804 -0.9963718 -4.77396e-6 -0.1950823 -0.9807869 -3.97861e-6 -0.08352357 -0.9965058 -5.34812e-6 -0.08352422 -0.9965058 -1.03358e-5 -0.1950626 -0.9807909 -1.06841e-5 -0.07863473 -0.9969035 1.53668e-6 -0.07862466 -0.9969043 -4.70784e-7 -0.1950573 -0.9807919 -8.40053e-6 -0.07062637 -0.9975028 -1.24481e-5 -0.07062447 -0.9975031 -1.40183e-5 -0.1950569 -0.9807919 -2.19047e-5 -0.0602073 -0.9981859 -1.43126e-5 -0.060189 -0.998187 -8.31857e-6 -0.1950541 -0.9807925 -3.34308e-5 -0.04748606 -0.9988719 3.39746e-6 -0.04748326 -0.9988721 -1.75089e-5 -0.1950732 -0.9807888 -3.53903e-5 -0.03260082 -0.9994685 -2.34395e-5 -0.03257203 -0.9994695 -6.68019e-5 -0.1951078 -0.9807819 -2.95043e-5 -0.01639682 -0.9998656 -5.66095e-5 -0.01640832 -0.9998654 2.91765e-5 -0.1950431 -0.9807947 4.47035e-5 -4.93154e-5 -1 4.46141e-5 -0.08512562 -0.9963703 2.18307e-6 -0.08512562 -0.9963703 0 -0.2026546 -0.9792503 5.52274e-7 -0.202618 -0.979258 1.55717e-5 -0.08511531 -0.9963712 1.4957e-5 -3.70172e-5 -1 2.28137e-5 -2.31341e-6 -1 -3.01134e-5 -0.0850895 -0.9963733 -5.66244e-6 0.0850954 -0.9963728 -1.63019e-5 3.95924e-5 -1 1.89543e-5 0.08511638 -0.996371 1.52998e-5 0.2026187 -0.9792578 1.7792e-5 0.2026267 -0.9792561 -3.49805e-6 0.08510726 -0.9963719 -1.05798e-6 0.1950621 -0.980791 5.06334e-6 0.2026551 -0.9792503 7.37823e-6 0.1950911 -0.9807851 -3.84796e-6 0.3826435 -0.9238961 6.06291e-6 0.08511418 -0.9963713 4.89456e-6 0.08511418 -0.9963713 -1.36346e-6 0.1950794 -0.9807875 1.24285e-6 0.195081 -0.9807872 2.86102e-6 0.08510833 -0.9963718 1.17579e-6 0.08352339 -0.9965058 -3.17022e-6 0.1950601 -0.9807914 -2.61888e-6 0.08352428 -0.9965058 -1.15605e-5 0.07863497 -0.9969035 1.22422e-6 0.07862591 -0.9969043 1.62981e-6 0.07062631 -0.9975029 -1.2557e-5 0.1950582 -0.9807918 -1.06506e-5 0.1950593 -0.9807915 -1.99638e-5 0.07061773 -0.9975035 -1.85631e-5 0.06020253 -0.9981862 -1.84253e-5 0.1950571 -0.980792 -3.97265e-5 0.06018388 -0.9981873 -1.78218e-5 0.04748409 -0.9988721 -4.19468e-6 0.04748588 -0.998872 -1.62423e-5 0.0326001 -0.9994685 -2.38344e-5 0.1950753 -0.9807884 -3.68506e-5 0.1950955 -0.9807842 -7.01547e-5 0.03258931 -0.9994689 -5.65052e-5 0.01636159 -0.9998663 -6.29574e-5 0.1950792 -0.9807875 6.03795e-5 0.01638001 -0.999866 4.5836e-5 6.48908e-5 -1 6.80387e-5 0.202691 -0.9792428 -1.13808e-6 0.3826786 -0.9238816 -5.66477e-6 0.401865 -0.915699 7.88178e-6 0.4018821 -0.9156914 -4.14671e-6 0.3826962 -0.9238743 -6.34103e-6 0.5555546 -0.8314802 5.92507e-6 0.4019065 -0.9156807 -5.62146e-6 0.5555349 -0.8314933 6.87712e-6 0.5836483 -0.8120067 0 0.5836787 -0.8119847 5.68456e-7 0.5555758 -0.8314659 5.28246e-6 0.6443356 -0.7647429 1.93156e-6 0.5836854 -0.81198 -3.05777e-6 0.6443715 -0.7647127 2.85984e-6 0.6443715 -0.7647128 7.09668e-7 0.7070845 -0.7071291 4.58062e-5 0.6954168 -0.7186067 3.37958e-5 0.5555714 -0.8314688 2.55704e-5 0.5555538 -0.8314806 -3.07858e-5 0.695406 -0.7186171 -3.89367e-5 0.6836999 -0.7297633 -5.65648e-5 0.5555751 -0.8314664 -1.98782e-5 0.6836864 -0.729776 -2.3514e-5 0.6727363 -0.7398824 -9.11206e-6 0.6727154 -0.7399014 -3.44962e-5 0.6632655 -0.7483842 -5.7891e-6 0.5555872 -0.8314583 -1.89841e-5 0.5555861 -0.8314591 -1.37836e-5 0.6632763 -0.7483747 2.90573e-7 0.6554023 -0.75528 -2.06735e-5 0.5555821 -0.8314617 -8.3223e-6 0.6554036 -0.7552789 -9.7435e-6 0.649322 -0.7605136 2.16346e-6 0.6493172 -0.7605177 -3.69456e-6 0.6455769 -0.7636954 -8.41264e-6 0.5555995 -0.8314501 -3.41609e-6 0.5555804 -0.8314628 3.12738e-6 0.6455793 -0.7636933 -4.62728e-6 0.6443639 -0.7647191 3.00072e-6 0.5837081 -0.8119636 1.69799e-5 0.6443685 -0.7647152 1.15111e-5 0.7365373 -0.6763969 3.5055e-5 0.7365502 -0.676383 -2.4139e-5 0.6443708 -0.7647134 -2.2836e-6 0.7646918 -0.6443962 -1.21891e-5 0.7365758 -0.6763551 -7.66665e-6 0.7647322 -0.6443484 2.24235e-5 0.8581218 -0.5134464 2.10851e-5 0.8581255 -0.5134401 -2.72691e-6 0.7647245 -0.6443575 -2.71294e-6 0.8314676 -0.5555732 4.29456e-7 0.8581398 -0.5134162 -5.39469e-6 0.8314775 -0.5555585 -5.03147e-6 0.9238755 -0.3826931 -1.72015e-6 0.7647261 -0.6443557 3.96115e-6 0.7647261 -0.6443557 -1.34669e-6 0.8314638 -0.5555791 2.87173e-6 0.8314598 -0.5555849 -3.04729e-6 0.7647452 -0.644333 -2.92808e-6 0.7636892 -0.6455841 0 0.8314705 -0.5555689 5.07385e-6 0.763689 -0.6455844 -7.48318e-6 0.7605128 -0.6493231 5.42635e-6 0.7605233 -0.6493108 -7.81193e-6 0.7552905 -0.6553902 -1.71456e-5 0.8314468 -0.5556044 -1.29268e-5 0.831456 -0.5555908 -7.71135e-6 0.7552837 -0.6553982 -2.27131e-5 0.7483763 -0.6632744 -4.56721e-6 0.8314569 -0.5555894 -8.76933e-6 0.7483959 -0.6632524 -3.656e-5 0.7398965 -0.6727208 -2.50116e-5 0.739892 -0.6727257 -5.28842e-5 0.7297739 -0.6836887 -1.71885e-5 0.8314538 -0.5555941 -3.23802e-5 0.8314666 -0.555575 -2.17855e-5 0.7297613 -0.6837022 -2.45869e-5 0.7185961 -0.6954277 -1.93715e-5 0.8314812 -0.5555528 4.51207e-5 0.7185834 -0.6954408 6.41942e-5 0.7071406 -0.707073 3.76701e-5 0.8581398 -0.5134162 -2.14297e-6 0.9238699 -0.3827067 5.05266e-6 0.9462761 -0.3233598 6.00144e-6 0.9462863 -0.3233298 -6.20028e-7 0.9238965 -0.3826425 -2.49688e-6 0.9807758 -0.1951382 2.76696e-6 0.9462959 -0.3233019 -4.79072e-6 0.9807834 -0.1951004 2.12644e-6 0.9929102 -0.1188675 -1.45659e-6 0.9929112 -0.1188584 -1.35985e-6 0.9807898 -0.1950682 6.30319e-6 0.9963703 -0.08512568 -1.36904e-7 0.9929125 -0.1188479 4.64439e-7 0.9963696 -0.08513391 0 0.9963696 -0.08513391 -9.65781e-7 1 -3.36841e-5 6.47902e-5 0.9998655 -0.01639753 4.15444e-5 0.9807886 -0.1950737 2.53916e-5 0.9807854 -0.1950901 -3.66122e-5 0.9998657 -0.01639485 -1.83284e-5 0.9994695 -0.03256958 -2.68966e-5 0.9807879 -0.1950773 -1.5229e-5 0.9994691 -0.03258275 -1.7494e-5 0.9988716 -0.04749315 -4.72814e-5 0.9988719 -0.04748606 -1.62423e-6 0.998187 -0.06018912 -1.34967e-5 0.9807856 -0.195089 -6.18398e-6 0.9807928 -0.1950529 -8.80659e-6 0.9981857 -0.06021159 -1.58064e-5 0.9975032 -0.07062274 -2.19569e-5 0.9807854 -0.1950904 -4.84288e-7 0.9975031 -0.07062345 -5.06267e-6 0.9969046 -0.0786218 3.47756e-6 0.9969031 -0.07863932 -5.96791e-6 0.9965091 -0.0834853 4.01493e-6 0.98079 -0.1950666 1.50502e-6 0.9807876 -0.1950784 2.43261e-6 0.9965063 -0.08351784 -1.55345e-6 0.9963724 -0.08510142 -3.66382e-6 0.9929159 -0.1188197 -4.84288e-7 0.996375 -0.0850709 1.98032e-5 0.9963742 0.08507871 1.82874e-5 0.9963738 0.08508408 -1.82539e-6 0.9963739 -0.08508282 -5.06383e-6 0.9963738 0.08508408 -3.49282e-6 0.9963687 0.08514451 -5.47119e-6 0.9963687 0.08514451 3.2261e-6 0.9511916 0.3086011 -9.49475e-6 0.9511921 0.3085995 2.16067e-7 0.9963698 0.0851314 -9.58145e-6 0.9807847 0.1950932 3.3519e-5 0.9511821 0.3086304 -1.66311e-6 0.980782 0.1951075 -4.71668e-6 0.9238842 0.3826724 4.62402e-6 0.9963713 0.08511304 3.59043e-6 0.9963713 0.08511304 -1.36532e-6 0.9807877 0.1950783 1.6233e-6 0.9807877 0.1950786 8.15839e-7 0.9963724 0.08510148 -3.26382e-6 0.9965063 0.08351767 -3.54648e-6 0.9807906 0.1950639 -5.62519e-7 0.9965055 0.08352798 -9.4967e-6 0.9969034 0.07863664 -4.02844e-6 0.9969047 0.07861948 -1.10641e-6 0.9975033 0.07061964 -1.34474e-5 0.9807851 0.1950916 -2.80142e-6 0.9807925 0.1950541 -1.09859e-5 0.9975028 0.07062667 -1.76318e-5 0.9981861 0.06020551 -2.39126e-5 0.9807853 0.1950902 -7.71135e-6 0.9981875 0.06018227 -1.80081e-5 0.9988722 0.04748243 -4.26918e-6 0.9988716 0.04749411 -4.40031e-5 0.9994692 0.03258037 -1.58399e-5 0.9807879 0.1950775 -1.48416e-5 0.9807848 0.1950929 -3.76254e-5 0.9994689 0.03258663 -2.22921e-5 0.9998663 0.01635926 -3.01153e-5 0.9807823 0.1951056 2.20239e-5 0.999866 0.01637428 3.95775e-5 1 5.5261e-5 6.72042e-5 0.9511631 0.3086891 -5.93998e-6 0.9238835 0.382674 -2.59839e-7 0.8565199 0.516114 6.26314e-7 0.856533 0.5160925 -6.19236e-6 0.9238752 0.3826943 -4.8657e-6 0.8314784 0.5555571 6.05453e-6 0.8564963 0.5161532 5.12833e-6 0.8314625 0.5555811 2.78489e-6 0.7647323 0.6443483 -4.7572e-6 0.7647256 0.6443561 -2.96347e-6 0.8314633 0.5555796 9.08971e-7 0.7647256 0.6443561 -2.63054e-6 0.7647167 0.6443667 1.38581e-6 0.8314618 0.5555821 -1.44914e-6 0.7636913 0.6455818 -4.88292e-6 0.7636873 0.6455863 -1.37743e-6 0.8314677 0.5555732 7.03335e-6 0.7605393 0.6492919 -9.78075e-6 0.7605225 0.6493117 -9.89949e-6 0.8314464 0.5556051 -1.06916e-5 0.7552906 0.6553902 -1.70227e-5 0.7552852 0.6553964 -2.88114e-5 0.831459 0.5555863 -7.0855e-6 0.7483847 0.663265 1.70618e-6 0.7483991 0.6632487 -3.10354e-5 0.8314551 0.5555921 -6.34044e-6 0.7398976 0.6727196 -2.1264e-5 0.7399 0.6727169 -4.71771e-5 0.8314525 0.5555959 -3.09199e-5 0.7297743 0.6836882 -1.68085e-5 0.7297776 0.6836847 -6.61015e-5 0.8314573 0.5555886 -6.40303e-5 0.7185894 0.6954346 -2.13385e-5 0.7185977 0.6954261 5.60284e-5 0.831461 0.5555832 3.62694e-5 0.7071228 0.7070908 2.74777e-5 0.8564968 0.5161525 3.58224e-5 0.7647369 0.6443427 4.41298e-5 0.717334 0.6967294 4.05014e-5 0.7173027 0.6967617 -1.10418e-5 0.7647125 0.6443716 -1.169e-5 0.6443788 0.7647065 -2.97725e-5 0.7172809 0.6967842 4.26173e-5 0.6443655 0.7647177 4.55007e-5 0.5408258 0.8411347 4.89503e-5 0.5407983 0.8411524 2.77534e-6 0.6443557 0.7647259 -3.57861e-6 0.5555948 0.8314532 -2.15368e-6 0.5407631 0.841175 -5.79562e-6 0.5555598 0.8314767 -1.7311e-7 0.3826907 0.9238767 -1.93715e-7 0.6443551 0.7647266 -1.57974e-6 0.6443551 0.7647266 -1.34856e-6 0.5555784 0.8314642 3.6303e-6 0.5555804 0.8314629 1.49757e-6 0.6443639 0.7647191 3.39327e-6 0.645579 0.7636936 3.27826e-7 0.5555962 0.8314522 -5.7593e-6 0.6455742 0.7636976 -7.78306e-6 0.6493143 0.7605203 -2.18581e-6 0.6493222 0.7605135 -1.4659e-6 0.6554017 0.7552805 -9.0152e-6 0.5555835 0.8314608 3.63216e-6 0.5555851 0.8314598 -1.58884e-5 0.6554038 0.7552787 -2.28547e-5 0.6632755 0.7483754 1.66148e-6 0.555589 0.8314571 -2.0057e-5 0.6632732 0.7483775 -9.53674e-6 0.6727114 0.7399049 -2.50861e-5 0.6727429 0.7398763 -1.51694e-5 0.6836846 0.7297777 -2.43932e-5 0.5555709 0.8314693 -2.13087e-5 0.5555513 0.8314823 -3.17991e-5 0.6836873 0.7297751 -5.20051e-5 0.6954316 0.7185923 -5.06937e-5 0.5555437 0.8314873 2.66731e-5 0.6954334 0.7185906 3.65078e-5 0.7070692 0.7071445 5.26607e-5 0.5407637 0.8411746 -2.08244e-6 0.3827184 0.9238651 1.52504e-7 0.3361811 0.9417974 -5.02728e-6 0.3361268 0.9418168 -1.70828e-6 0.3826681 0.923886 -4.77326e-6 0.1951124 0.9807809 2.09268e-6 0.3361417 0.9418115 1.78441e-6 0.1950815 0.980787 2.23541e-6 0.1140385 0.9934764 -3.42634e-6 0.114014 0.9934792 -6.66594e-7 0.1950739 0.9807885 -4.71249e-7 0.08513903 0.9963691 1.86404e-6 0.1140282 0.9934776 -1.10659e-6 0.085123 0.9963706 9.65538e-7 0.085123 0.9963706 3.90224e-7 4.40776e-5 1 5.61774e-5 0.01640421 0.9998655 3.83556e-5 0.1950481 0.9807937 5.52237e-5 0.1950927 0.9807849 -6.91563e-5 0.01639717 0.9998657 -5.11706e-5 0.03257238 0.9994694 -6.10352e-5 0.1950734 0.9807887 -3.16948e-5 0.03260093 0.9994685 -1.97291e-5 0.04748332 0.9988721 -1.36346e-5 0.04748606 0.9988719 3.39746e-6 0.060189 0.998187 -8.31857e-6 0.1950541 0.9807925 -3.34308e-5 0.1950581 0.9807918 -1.78814e-5 0.06020146 0.9981863 -1.98185e-5 0.0706197 0.9975033 -1.6395e-5 0.1950569 0.980792 -1.26995e-5 0.07062983 0.9975027 -8.55885e-6 0.07862418 0.9969043 -4.84614e-6 0.07863473 0.9969035 1.53668e-6 0.08352422 0.9965058 -1.03358e-5 0.1950626 0.9807909 -1.06841e-5 0.1950809 0.9807872 4.48525e-6 0.08352357 0.9965058 -1.17766e-6 0.08510828 0.9963718 7.72998e-7 0.1139901 0.9934819 2.48402e-5 0.08508133 0.9963741 2.20314e-5 -0.1139914 0.9934818 2.66507e-5 -0.1139868 0.9934824 2.38046e-5 0.08507889 0.9963742 2.34023e-5 -0.0850867 0.9963736 3.14713e-5 -0.1140282 0.9934776 -5.83474e-7 -0.085123 0.9963706 -7.16203e-7 -0.085123 0.9963706 1.1005e-6 -0.114014 0.9934792 0 -0.08513891 0.9963691 -4.21703e-6 -0.1950739 0.9807886 1.7886e-6 -0.195081 0.9807872 2.86102e-6 -0.08510833 0.9963718 1.17579e-6 -0.08352339 0.9965058 -3.17022e-6 -0.1950601 0.9807914 -2.61888e-6 -0.08352428 0.9965058 -1.15605e-5 -0.07863497 0.9969035 1.22422e-6 -0.07862591 0.9969043 1.62981e-6 -0.07062631 0.9975029 -1.2557e-5 -0.1950582 0.9807918 -1.06506e-5 -0.1950593 0.9807915 -1.99638e-5 -0.07061773 0.9975035 -1.85631e-5 -0.06020253 0.9981862 -1.84253e-5 -0.1950571 0.980792 -3.97265e-5 -0.06018388 0.9981873 -1.78218e-5 -0.04748409 0.9988721 -4.19468e-6 -0.04748588 0.998872 -1.62423e-5 -0.0326001 0.9994685 -2.38344e-5 -0.1950753 0.9807884 -3.68506e-5 -0.1950955 0.9807842 -7.01547e-5 -0.03258931 0.9994689 -5.65052e-5 -0.01636159 0.9998663 -6.29574e-5 -0.1950792 0.9807875 6.03795e-5 -0.01638001 0.999866 4.5836e-5 -6.48908e-5 1 6.80387e-5 -0.1140388 0.9934763 -8.47969e-6 -0.1950823 0.980787 -2.22446e-6 -0.3361418 0.9418115 4.99422e-6 -0.3361269 0.9418168 -3.7509e-6 -0.1951122 0.980781 -6.14207e-7 -0.382668 0.9238861 -8.64267e-7 -0.3361806 0.9417976 7.02776e-6 -0.3827181 0.9238652 2.98303e-6 -0.5407637 0.8411746 -6.2352e-7 -0.540763 0.841175 5.77047e-6 -0.3826907 0.9238767 -1.52842e-6 -0.5555598 0.8314766 1.74693e-6 -0.5408203 0.8411382 3.69502e-6 -0.5555767 0.8314653 -1.85892e-6 -0.6443353 0.7647432 -9.59262e-7 -0.6443621 0.7647206 1.43237e-6 -0.5555784 0.8314642 1.5758e-6 -0.6455769 0.7636952 7.33882e-7 -0.6455769 0.7636954 -8.41264e-6 -0.5555995 0.8314501 -3.41609e-6 -0.6493172 0.7605177 -3.69456e-6 -0.6493231 0.7605127 -3.54135e-6 -0.55558 0.8314631 -7.40215e-6 -0.6554017 0.7552807 -8.90717e-6 -0.6554012 0.755281 -1.79503e-5 -0.5555848 0.8314599 -1.10716e-5 -0.6632463 0.7484012 -2.58125e-5 -0.6632655 0.7483842 -5.7891e-6 -0.5555872 0.8314583 -1.89841e-5 -0.6727154 0.7399014 -3.44962e-5 -0.6727342 0.7398843 -9.48459e-6 -0.5555725 0.8314682 -1.99825e-5 -0.6836842 0.7297781 -2.40654e-5 -0.6836912 0.7297715 -4.27365e-5 -0.555567 0.8314718 -2.79546e-5 -0.6954177 0.7186059 -3.01749e-5 -0.6954168 0.7186067 3.37958e-5 -0.5555714 0.8314688 2.55704e-5 -0.7070845 0.7071291 4.58062e-5 -0.6443449 0.7647352 -5.25645e-6 -0.6443449 0.7647352 -9.14559e-7 -0.5408133 0.8411426 -5.0636e-6 -0.5408211 0.8411377 5.35101e-5 -0.644348 0.7647325 4.3124e-5 -0.7172786 0.6967866 3.99351e-5 -0.7173017 0.6967628 -1.06767e-5 -0.6443894 0.7646976 -1.38208e-5 -0.7647115 0.6443728 -9.95397e-6 -0.3734408 0.2730857 0.8865474 -0.3183255 0.3357039 0.8865506 -0.3673871 0.28117 0.8865496 -0.3673809 0.2811767 0.8865501 -0.3183341 0.3356978 0.8865497 -0.3643411 0.2851079 0.886549 -0.3643505 0.2850997 0.8865478 -0.3183151 0.3357208 0.8865478 -0.3195655 0.3345308 0.8865479 -0.3643449 0.2851039 0.8865487 -0.3195402 0.3345552 0.8865478 -0.3612955 0.2889597 0.8865483 -0.3612937 0.2889622 0.8865482 -0.3195691 0.3345234 0.8865494 -0.3201597 0.3339616 0.8865481 -0.3612856 0.2889671 0.88655 -0.3201874 0.3339332 0.8865487 -0.3207757 0.3333691 0.8865485 -0.3207755 0.3333691 0.8865485 -0.3213961 0.3327696 0.8865489 -0.3612889 0.2889725 0.8865469 -0.3612777 0.2889776 0.8865498 -0.3213834 0.3327865 0.8865472 -0.3582219 0.2927609 0.8865485 -0.358237 0.2927422 0.8865486 -0.3213872 0.3327791 0.8865486 -0.3220083 0.3321797 0.886548 -0.3582097 0.2927787 0.8865475 -0.3220106 0.3321783 0.8865478 -0.3223187 0.3318763 0.8865489 -0.3223292 0.3318675 0.8865483 -0.322606 0.331602 0.886547 -0.3582183 0.292769 0.8865473 -0.358233 0.2927448 0.8865494 -0.3226248 0.3315804 0.8865483 -0.3229336 0.331279 0.8865485 -0.3582252 0.2927584 0.886548 -0.322923 0.3312899 0.8865482 -0.3232333 0.3309901 0.8865472 -0.3489862 0.3037115 0.8865483 -0.3505279 0.301933 0.8865476 -0.3232283 0.3309895 0.8865491 -0.3232346 0.3309847 0.8865488 -0.3505266 0.3019341 0.8865478 -0.3520558 0.3001434 0.88655 -0.3232304 0.3309888 0.8865487 -0.3520732 0.3001289 0.8865479 -0.3551398 0.296489 0.8865496 -0.3551626 0.2964654 0.8865483 -0.3582243 0.2927541 0.8865498 -0.323217 0.3310064 0.886547 0.7071064 0.7071072 0 0.7071074 0.7071063 0 0.7071063 0.7071073 2.53672e-6 0.7071068 0.7071068 0 0.7071087 0.7071049 -1.36852e-6 0.7071053 0.7071083 0 0.7071052 0.7071085 -1.85684e-6 0.7071099 0.7071037 2.58267e-6 0.707103 0.7071105 -1.06864e-6 0.7071069 0.7071067 0 -0.2795138 -0.3686558 0.8865467 -0.3347474 -0.3193382 0.8865481 -0.2861934 -0.363492 0.8865477 -0.2861969 -0.3634851 0.8865495 -0.3347522 -0.3193261 0.8865506 -0.2894436 -0.3609094 0.8865478 -0.2894648 -0.3608931 0.8865475 -0.3347371 -0.3193475 0.8865485 -0.3337778 -0.3203541 0.886547 -0.2894596 -0.3608911 0.8865499 -0.3337531 -0.3203727 0.8865497 -0.292678 -0.358286 0.8865499 -0.2926585 -0.3583085 0.8865473 -0.3337695 -0.3203611 0.8865476 -0.3332704 -0.320879 0.8865481 -0.2926675 -0.3582964 0.8865492 -0.3332797 -0.3208692 0.8865481 -0.3327808 -0.3213872 0.8865479 -0.2926673 -0.3582977 0.8865488 -0.3327553 -0.3214134 0.8865481 -0.2958229 -0.3556963 0.8865489 -0.2958281 -0.355694 0.8865482 -0.332762 -0.3214043 0.8865488 -0.3322624 -0.3219217 0.8865484 -0.295831 -0.3556929 0.8865476 -0.3322637 -0.3219198 0.8865486 -0.3317636 -0.3224366 0.8865482 -0.3317891 -0.3224093 0.8865486 -0.3312879 -0.3229251 0.8865482 -0.295824 -0.3557002 0.886547 -0.2958423 -0.355678 0.8865498 -0.3312733 -0.3229392 0.8865485 -0.3310385 -0.323179 0.8865489 -0.2958392 -0.3556838 0.8865485 -0.331035 -0.3231842 0.8865483 -0.3307658 -0.3234574 0.8865492 -0.3050503 -0.347814 0.8865494 -0.3035322 -0.3491418 0.8865485 -0.3307942 -0.323429 0.8865489 -0.3307698 -0.323453 0.8865493 -0.3035121 -0.34916 0.8865482 -0.302021 -0.350447 0.8865497 -0.3307937 -0.3234304 0.8865485 -0.3020207 -0.3504485 0.8865491 -0.2989514 -0.3530702 0.8865493 -0.2989617 -0.3530595 0.8865501 -0.2958345 -0.3556901 0.8865475 -0.330786 -0.3234409 0.8865477 -0.7071068 0.7071068 2.33368e-7 -0.7071082 0.7071054 -2.23291e-6 -0.7071071 0.7071066 1.62704e-7 -0.7071085 0.7071051 0 -0.7071082 0.7071053 -1.92206e-6 -0.7071052 0.7071084 2.76363e-6 -0.7071098 0.7071038 -1.76583e-6 -0.7071034 0.7071102 1.79938e-6 -0.7071092 0.7071044 0 -1 0 0 -1 -1.65491e-7 0 -1 0 0 -1 0 0 0.2795134 -0.3686555 0.886547 0.2861912 -0.3634898 0.8865494 0.3347465 -0.3193371 0.8865486 0.334757 -0.319332 0.8865466 0.2861982 -0.3634867 0.8865484 0.2894434 -0.3609096 0.8865478 0.3347672 -0.3193202 0.886547 0.2894723 -0.3608837 0.8865489 0.2926566 -0.3583121 0.8865465 0.2926762 -0.3582914 0.8865485 0.2958329 -0.3556911 0.8865478 0.3347641 -0.3193175 0.8865491 0.3347471 -0.3193334 0.8865498 0.2958393 -0.3556832 0.8865488 0.2989343 -0.3530882 0.8865478 0.3347404 -0.319346 0.8865478 0.298951 -0.353071 0.8865491 0.3020195 -0.3504485 0.8865495 0.3347406 -0.3193467 0.8865475 0.3020244 -0.3504459 0.8865489 0.3337444 -0.3203842 0.8865488 0.3337782 -0.3203549 0.8865467 0.3020148 -0.350455 0.8865486 0.303539 -0.3491335 0.8865495 0.3337557 -0.3203752 0.8865478 0.3035219 -0.3491512 0.8865483 0.3332568 -0.3208931 0.8865481 0.3332492 -0.3209002 0.8865485 0.3035435 -0.3491313 0.8865488 0.3050271 -0.3478369 0.8865483 0.3332533 -0.3208989 0.8865474 0.3050335 -0.3478317 0.8865483 0.3327856 -0.3213805 0.8865486 0.332759 -0.3214077 0.8865487 0.305041 -0.3478246 0.8865484 0.3322587 -0.3219244 0.8865489 0.3322827 -0.3218984 0.8865493 0.3050316 -0.3478323 0.8865486 0.3317838 -0.3224164 0.8865479 0.3317745 -0.3224256 0.8865482 0.3050238 -0.3478422 0.8865474 0.3312732 -0.3229411 0.886548 0.331283 -0.3229285 0.8865489 0.3050339 -0.3478292 0.8865491 0.3310499 -0.32317 0.8865479 0.3310484 -0.3231711 0.886548 0.305034 -0.3478322 0.8865479 0.3307797 -0.3234448 0.8865485 -0.7071065 -0.7071071 0 -0.7071068 -0.7071067 1.33662e-6 -0.7071063 -0.7071073 4.91659e-7 -0.7071077 -0.7071059 0 -0.7071055 -0.707108 9.94987e-7 -0.707106 -0.7071076 1.18296e-6 -0.7071065 -0.7071071 7.00426e-7 -0.7071039 -0.7071097 -9.54853e-7 -0.7071065 -0.7071071 0 0.7071068 -0.7071068 3.90265e-7 0.7071071 -0.7071065 7.2746e-7 0.7071091 -0.7071046 -2.42357e-6 0.7071074 -0.7071062 0 0.7071068 -0.7071068 0 0.707105 -0.7071087 2.59039e-6 0.7071064 -0.7071073 6.65687e-7 0.707107 -0.7071066 7.86162e-7 0.7071096 -0.707104 0 0.04298669 0.4606308 0.8865503 0.03685557 0.4611634 0.8865496 -0.04298669 0.4606335 0.8865489 -0.04298669 0.460637 0.8865472 0.03685557 0.4611663 0.8865479 -0.03685557 0.4611639 0.8865493 -0.03685605 0.4611647 0.8865488 0.03685605 0.461165 0.8865486 0.03383785 0.4613958 0.8865489 -0.03685611 0.4611648 0.8865488 0.03383785 0.4613963 0.8865487 -0.03383785 0.461395 0.8865494 -0.03383785 0.4613978 0.8865479 0.03383785 0.4613973 0.8865482 0.03077143 0.4616117 0.8865483 -0.03382581 0.4613964 0.8865491 0.03078246 0.461609 0.8865493 0.02776366 0.4618007 0.8865491 0.0277906 0.4618 0.8865487 0.02477151 0.4619733 0.8865479 -0.03379714 0.4613958 0.8865505 -0.03384405 0.4613952 0.8865491 0.02480882 0.461972 0.8865476 -0.006269991 0.4625902 0.8865501 -0.033831 0.4614002 0.886547 -0.006281614 0.4625899 0.8865502 -0.03076457 0.4616102 0.8865493 -0.03078824 0.4616116 0.8865477 -0.006294727 0.4625898 0.8865501 -0.02776944 0.4618004 0.8865491 -0.02776998 0.4618027 0.8865479 -0.006296277 0.4625919 0.886549 -0.02479875 0.4619711 0.8865483 -0.0247581 0.4619724 0.8865488 -0.006282031 0.4625937 0.8865482 -0.02327245 0.4620491 0.8865489 -0.02326738 0.4620498 0.8865488 -0.006268799 0.4625941 0.8865482 -0.0218296 0.4621211 0.8865482 -0.02176982 0.462122 0.8865492 -0.006299734 0.4625925 0.8865487 -0.02033197 0.4621889 0.8865483 -0.02033454 0.4621894 0.8865482 -0.006298601 0.4625928 0.8865485 -0.01884877 0.4622521 0.8865483 -0.006254673 0.4625866 0.8865521 0.02480435 0.4619706 0.8865483 0.006254971 0.4625856 0.8865526 0.006275415 0.4625939 0.8865482 0.0247994 0.4619715 0.886548 0.02331376 0.4620492 0.8865479 0.006263077 0.4625951 0.8865476 0.02330946 0.4620489 0.8865482 0.02182376 0.4621216 0.8865482 0.02176982 0.4621217 0.8865494 0.02033197 0.4621893 0.8865483 0.006299734 0.4625927 0.8865486 0.00629884 0.462593 0.8865484 0.02033478 0.462189 0.8865482 0.01884895 0.4622519 0.8865483 1 0 0 1 0 0 1 0 0 -6.60542e-7 0 1 0 0 1 0 0 1 7.81451e-7 0 1 -1.41846e-6 0 1 3.04183e-6 0 1 -1.71887e-6 0 1 2.19686e-7 0 1 -2.19686e-7 0 1 7.19385e-7 0 1 6.63104e-7 0 1 -1.4307e-6 0 1 2.0175e-6 0 1 6.60785e-7 0 1 1.81342e-6 0 1 -1.81342e-6 0 1 -6.60785e-7 0 1 -2.0175e-6 0 1 7.15348e-7 0 1 -6.63104e-7 0 1 -5.39538e-7 0 1 -7.50808e-7 0 1 -7.81451e-7 0 1 1.41846e-6 0 1 -2.28137e-6 0 1 1.71887e-6 0 1 -7.81484e-7 0 1 9.95658e-7 0 1 -0.4560302 -0.07791137 0.8865475 -0.4626381 7.29971e-6 0.8865472 -0.4577198 -0.06724911 0.8865497 -0.4577187 -0.06727087 0.8865485 -0.462633 1.04699e-5 0.88655 -0.4584614 -0.06200867 0.8865485 -0.4584626 -0.06200867 0.8865478 -0.4626355 -2.94372e-5 0.8865486 -0.4591345 -0.05679255 0.8865495 -0.4591362 -0.056804 0.8865479 -0.4626381 2.23517e-6 0.8865473 -0.4597437 -0.05163401 0.8865494 -0.4597455 -0.05161738 0.8865493 -0.4626371 4.54113e-6 0.8865479 -0.4602905 -0.04649394 0.8865501 -0.4602918 -0.04650497 0.8865489 -0.4626344 -1.86935e-5 0.8865492 -0.4626383 -1.86805e-5 0.8865471 -0.4602899 -0.0465328 0.8865484 -0.4626352 -4.33531e-6 0.8865488 -0.460776 -0.04145622 0.8865478 -0.4607766 -0.04145246 0.8865477 -0.4626329 -1.60756e-5 0.88655 -0.4609957 -0.0389139 0.8865488 -0.4609979 -0.03889864 0.8865483 -0.462634 -3.34167e-5 0.8865494 -0.4611998 -0.03640753 0.8865491 -0.03628098 -0.4612112 0.8865485 -0.03153789 -0.4615566 0.8865501 0.03628098 -0.4612106 0.8865488 0.03628098 -0.4612141 0.8865467 -0.03153783 -0.4615597 0.8865483 0.03153783 -0.4615591 0.8865486 0.03153812 -0.4615595 0.8865486 -0.03153812 -0.4615583 0.8865492 -0.02919024 -0.4617154 0.8865478 0.03153812 -0.4615588 0.8865489 -0.02919018 -0.4617149 0.8865479 0.02919018 -0.4617153 0.8865478 0.02919018 -0.4617123 0.8865493 -0.02919018 -0.4617134 0.8865488 -0.02684217 -0.4618569 0.8865483 0.02919018 -0.4617157 0.8865475 -0.02684217 -0.4618558 0.8865488 0.02684217 -0.4618561 0.8865486 0.02684217 -0.4618582 0.8865476 -0.02684217 -0.4618564 0.8865484 -0.02449399 -0.4619862 0.8865489 0.02684217 -0.4618574 0.8865481 -0.02449399 -0.4619855 0.8865493 0.02449393 -0.461986 0.8865491 0.02449399 -0.4619863 0.8865488 -0.02449399 -0.4619862 0.8865489 -0.02219355 -0.4621032 0.8865484 0.02449399 -0.4619874 0.8865483 -0.02219355 -0.4621042 0.886548 0.02219355 -0.4621043 0.8865479 0.02219355 -0.4621048 0.8865476 -0.02219355 -0.4621027 0.8865486 -0.01984512 -0.4622097 0.8865486 0.02219355 -0.4621034 0.8865484 -0.01984512 -0.4622085 0.8865492 0.01984512 -0.4622104 0.8865482 0.01984512 -0.4622086 0.8865491 -0.01984512 -0.46221 0.8865485 -0.01869481 -0.4622572 0.8865488 0.01983946 -0.462211 0.886548 -0.01870042 -0.4622575 0.8865486 -0.01755011 -0.4623034 0.8865482 0.0175445 -0.4623029 0.8865485 0.01869481 -0.4622589 0.8865479 -0.0175445 -0.462302 0.8865489 -0.01754426 -0.4623026 0.8865487 0.01869499 -0.4622574 0.8865487 0.01984524 -0.4622086 0.8865491 0.4560294 -0.07791131 0.8865478 0.4577166 -0.06724917 0.8865512 0.4626367 7.51902e-6 0.886548 0.4626408 9.54792e-6 0.8865459 0.4577207 -0.06727093 0.8865475 0.4584614 -0.06200867 0.8865484 0.4626304 -2.89138e-5 0.8865513 0.4584626 -0.06200867 0.8865478 0.4591371 -0.05679249 0.8865482 0.4591349 -0.05680394 0.8865486 0.4597457 -0.05163395 0.8865484 0.462633 2.70084e-6 0.88655 0.4626376 5.17443e-6 0.8865476 0.4597462 -0.05161672 0.8865489 0.4602921 -0.04649323 0.8865493 0.4626343 -6.67013e-6 0.8865492 0.4602907 -0.0465303 0.8865481 0.460776 -0.04140549 0.8865501 0.4607762 -0.04143851 0.8865485 0.4609957 -0.03894752 0.8865474 0.4626372 -2.44807e-5 0.8865477 0.4626393 -4.48152e-6 0.8865466 0.4609954 -0.03893572 0.8865479 0.4612002 -0.03639686 0.8865493 0.4626354 -1.76635e-5 0.8865487 0.461201 -0.03639829 0.8865489 0.4626368 -1.76691e-5 0.886548 0.3734403 0.2730852 0.8865477 0.367388 0.2811709 0.8865489 0.3183242 0.3357028 0.8865514 0.3183367 0.3356991 0.8865483 0.3673837 0.2811784 0.8865484 0.3643426 0.2851081 0.8865483 0.3183134 0.3357168 0.88655 0.364346 0.2851018 0.886549 0.3612986 0.2889596 0.8865471 0.3613027 0.2889527 0.8865476 0.358247 0.2927362 0.8865465 0.3183014 0.3357315 0.8865488 0.3183078 0.3357232 0.8865495 0.3582339 0.2927479 0.8865479 0.3551377 0.2964925 0.8865492 0.3183091 0.3357245 0.8865486 0.3551643 0.2964637 0.8865482 0.3195597 0.3345346 0.8865485 0.3195609 0.3345302 0.8865497 0.3551477 0.2964819 0.8865488 0.3520465 0.300155 0.8865497 0.3195577 0.3345376 0.8865481 0.3520731 0.3001298 0.8865476 0.3201812 0.3339406 0.8865482 0.3201897 0.3339296 0.8865493 0.3520563 0.3001445 0.8865493 0.3505268 0.3019348 0.8865475 0.3201741 0.3339482 0.8865479 0.3505052 0.3019562 0.8865486 0.3207962 0.3333501 0.8865482 0.3207897 0.3333561 0.8865482 0.3505053 0.3019551 0.8865491 0.3489645 0.3037343 0.8865492 0.3207737 0.3333715 0.8865482 0.3489791 0.3037196 0.8865485 0.321395 0.3327726 0.8865482 0.3213772 0.3327893 0.8865483 0.3489619 0.3037375 0.8865491 0.3219984 0.33219 0.8865477 0.3219956 0.3321922 0.8865479 0.3489619 0.3037423 0.8865474 0.3223053 0.3318917 0.8865479 0.3223294 0.3318679 0.8865482 0.3489828 0.3037165 0.8865481 0.3226041 0.3316004 0.8865482 0.3226179 0.3315858 0.8865487 0.3489626 0.3037363 0.8865491 0.3229274 0.3312851 0.8865485 0.3229306 0.331281 0.8865488 0.3489668 0.3037328 0.8865487 0.3232399 0.33098 0.8865484 0.678668 -0.7344452 0 0.7344488 -0.6786642 2.80191e-6 0.7344488 -0.6786642 -1.38039e-6 0.7344546 -0.6786579 -2.01312e-6 0.7344546 -0.6786579 5.80912e-6 0.7994316 -0.6007571 -8.13976e-7 0.734448 -0.6786651 6.70599e-6 0.7994256 -0.6007652 -2.00979e-6 0.734448 -0.6786651 -3.71223e-7 0.7344655 -0.6786462 1.57789e-6 0.7994213 -0.6007708 7.88923e-6 0.6927499 -0.7211779 -3.86033e-7 0.7344503 -0.6786625 6.0217e-6 0.6927353 -0.7211919 3.06545e-6 0.7339612 -0.6791915 4.48013e-6 0.7339336 -0.6792213 -5.48188e-6 0.6927465 -0.7211812 -3.62704e-6 0.7324271 -0.6808454 8.07387e-6 0.732428 -0.6808446 3.65122e-5 0.6927297 -0.7211974 0 0.7298774 -0.6835782 3.59491e-6 0.7298628 -0.6835937 2.94205e-5 0.6927275 -0.7211996 -4.07011e-6 0.7265565 -0.6871067 8.12113e-7 0.7265417 -0.6871224 1.17546e-5 0.692744 -0.7211836 -2.38069e-6 0.7224874 -0.6913842 -3.36464e-6 0.7224801 -0.6913917 5.89981e-6 0.6927382 -0.7211892 -1.84437e-6 0.7177047 -0.6963477 9.80683e-7 0.7176948 -0.6963579 1.28096e-6 0.6927175 -0.721209 0 0.7124571 -0.7017158 1.72632e-6 0.712435 -0.7017382 1.82971e-6 0.6927315 -0.7211956 2.81842e-7 0.7071183 -0.7070952 1.41497e-6 0.7070846 -0.707129 1.21963e-6 0.6927417 -0.7211859 0 0.7017121 -0.7124606 -5.92612e-7 0.7017137 -0.7124592 2.29651e-7 0.6927449 -0.7211827 6.13531e-7 0.6963663 -0.7176866 -1.35507e-7 0.6963311 -0.7177207 0 0.6927443 -0.7211834 0 0.6913601 -0.7225104 2.46335e-7 0.6913796 -0.7224917 0 0.6927292 -0.7211979 0 0.6871076 -0.7265558 0 0.6870657 -0.7265954 1.26464e-6 0.6927226 -0.7212042 1.31462e-7 0.6836106 -0.729847 9.31439e-7 0.6835742 -0.7298811 9.34071e-7 0.6927239 -0.721203 -1.46969e-6 0.6808808 -0.7323943 1.24733e-6 0.680898 -0.7323783 -5.37201e-6 0.6927171 -0.7212094 -6.03875e-7 0.6791961 -0.7339569 -3.83219e-6 0.6792011 -0.7339523 -3.6906e-6 0.6927027 -0.7212232 -3.72645e-7 0.5680898 -0.8229666 -7.36304e-6 0.6791937 -0.7339591 6.39353e-7 0.568088 -0.8229678 8.17887e-6 0.6112354 -0.791449 9.07108e-7 0.6112345 -0.7914496 3.2892e-6 0.5680812 -0.8229725 -2.42505e-6 0.5390723 -0.8422596 -1.85904e-6 0.5390544 -0.8422709 1.61875e-6 0.5680531 -0.8229919 -9.12603e-6 0.4626768 -0.8865271 -1.80909e-7 0.4627031 -0.8865134 2.13832e-6 0.5680651 -0.8229837 1.61119e-6 0.428694 -0.9034498 1.75741e-6 0.4626663 -0.8865325 2.27522e-6 0.4286726 -0.90346 -3.99086e-6 0.3827002 -0.9238726 -3.28221e-6 0.3826987 -0.9238733 1.68616e-6 0.4286782 -0.9034573 -3.36207e-7 0.2782289 -0.9605148 -7.32951e-7 0.3826631 -0.923888 1.23493e-6 0.278245 -0.9605101 -2.36952e-6 0.2997275 -0.9540249 0 0.2996987 -0.954034 -2.75753e-6 0.2782155 -0.9605188 -1.55985e-6 0.2144081 -0.9767442 2.48407e-6 0.214405 -0.9767449 8.10716e-7 0.2781934 -0.9605252 -2.66964e-6 0.1205632 -0.9927057 -4.05591e-7 0.2144001 -0.976746 1.21444e-6 0.1205325 -0.9927095 7.23492e-7 0.1274289 -0.9918476 3.18078e-4 0.1274143 -0.9918497 2.12982e-6 0.1205167 -0.9927114 -2.18116e-6 0.03944969 -0.9992216 -2.71541e-4 0.03948318 -0.9992203 1.52481e-6 0.1205033 -0.9927129 -5.14928e-6 0.03948318 -0.9992203 0 0.0394504 -0.9992216 1.08992e-5 0.1205387 -0.9927086 -2.26963e-6 -0.04022026 -0.9991909 -2.47452e-6 0.0394895 -0.9992201 1.40108e-5 -0.04024106 -0.9991901 6.75768e-6 0.03873294 -0.9992497 1.58176e-5 0.03868651 -0.9992515 -3.56219e-6 -0.04024952 -0.9991897 -8.80519e-6 0.03643286 -0.9993362 -4.53182e-6 0.0364561 -0.9993353 8.35844e-6 -0.04024517 -0.9991899 -6.11413e-6 0.03273534 -0.9994641 2.52528e-6 0.03274333 -0.9994638 3.47316e-5 -0.04025095 -0.9991896 3.54601e-6 0.02788794 -0.9996111 -2.84612e-6 0.02789187 -0.999611 5.51304e-6 -0.04026806 -0.9991889 -6.33858e-6 0.02197712 -0.9997585 -1.32667e-5 0.02201169 -0.9997577 -6.41253e-6 -0.04024016 -0.9991901 -6.34347e-6 0.01512247 -0.9998857 1.13186e-5 0.01506668 -0.9998865 1.33674e-5 -0.0402354 -0.9991903 1.89082e-6 0.007604241 -0.9999712 7.43661e-6 0.007541954 -0.9999716 1.28645e-5 -0.0402556 -0.9991895 -1.16625e-6 3.89211e-5 -1 1.08721e-5 -1.9535e-5 -1 3.60356e-6 -0.04024994 -0.9991897 0 -0.007548332 -0.9999716 7.38286e-6 -0.007573366 -0.9999713 -1.15183e-6 -0.04027265 -0.9991888 7.15838e-7 -0.01509034 -0.9998862 7.70146e-7 -0.01510602 -0.9998859 7.45691e-7 -0.04025286 -0.9991896 1.6618e-6 -0.02198916 -0.9997583 9.66131e-7 -0.02199053 -0.9997582 -3.57279e-7 -0.04024279 -0.99919 -6.78469e-7 -0.02792763 -0.99961 -1.50863e-6 -0.02790904 -0.9996104 4.60928e-7 -0.04026925 -0.9991889 1.45345e-7 -0.03269958 -0.9994653 8.12346e-7 -0.03275656 -0.9994634 2.73341e-7 -0.04027777 -0.9991886 2.53227e-7 -0.03644549 -0.9993357 0 -0.0364179 -0.9993367 0 -0.04025012 -0.9991897 0 -0.0386694 -0.9992522 0 -0.03873538 -0.9992496 0 -0.04022032 -0.9991909 0 -0.03931021 -0.9992271 -3.08231e-7 -0.0394476 -0.9992217 -1.2779e-6 -0.04026186 -0.9991892 -2.40933e-6 -0.127413 -0.9918498 4.46476e-6 -0.03944969 -0.9992216 -1.55531e-6 -0.1274151 -0.9918495 0 -0.03944969 -0.9992216 0 0.678658 -0.7344546 -1.5907e-6 0.6112439 -0.7914423 -3.61865e-6 0.6786579 -0.7344546 -4.7687e-7 0.6786645 -0.7344485 -1.15338e-6 0.6112514 -0.7914366 0 0.6786645 -0.7344485 0 0.6786633 -0.7344495 -2.8019e-6 0.6786633 -0.7344495 0 0.7344445 -0.6786688 -3.18338e-7 0.6786594 -0.7344532 2.3176e-6 0.67919 -0.7339625 6.81169e-6 0.6112405 -0.791445 -1.27777e-6 0.9992218 -0.03944712 -7.59959e-7 0.9997592 -0.02194499 1.65626e-5 0.9992224 0.03942793 1.21742e-5 0.9992216 0.03945213 -2.60174e-5 0.999759 -0.02195531 -1.57058e-5 0.9924641 0.1225367 -2.0504e-5 0.9992204 0.03947961 1.12224e-6 0.9924688 0.1224983 3.30433e-6 0.9992204 0.03947961 3.19772e-6 0.999222 0.03943967 5.1409e-7 0.9924694 0.1224925 -5.97676e-7 0.9870539 0.160389 -7.18702e-6 0.9992218 0.03944617 1.54227e-6 0.9870521 0.1604002 -3.50759e-6 1 1.1228e-5 -5.90319e-6 0.9992219 -0.03944319 1.61584e-6 0.9870558 -0.1603775 -1.92039e-6 0.9992219 -0.03944319 5.44938e-6 0.9992219 -0.03944361 1.15996e-6 0.9870561 -0.1603761 0 0.986133 -0.1659571 -2.14111e-6 0.999221 -0.03946483 -1.02893e-5 0.9861338 -0.165952 -2.8953e-5 0.9997588 -0.02196407 5.44637e-6 0.9992207 -0.03947216 4.8317e-6 0.9992508 -0.03870248 1.40024e-6 0.9870579 -0.1603646 -2.23797e-6 0.9870544 -0.1603867 2.9821e-6 0.9992509 -0.03869992 1.68523e-6 0.9993357 -0.03644734 -2.63099e-7 0.9870515 -0.1604037 6.2678e-7 0.999335 -0.03646552 -1.47906e-6 1 -8.11477e-6 5.99283e-6 1 -7.93114e-6 -2.29583e-6 0.9993354 -0.03645384 -1.17046e-5 0.999463 -0.03276652 8.62549e-6 1 -7.72811e-6 -1.79757e-6 0.999465 -0.03270769 6.20587e-6 0.9996109 -0.02789652 6.06989e-7 0.999611 -0.02789044 5.94067e-7 0.9997582 -0.02198982 -1.51314e-6 1 -1.89189e-5 -3.56231e-7 1 4.692e-6 -9.31031e-7 0.9997582 -0.02199095 6.21774e-7 0.9998853 -0.0151472 2.89642e-6 1 -7.31088e-6 3.30067e-7 0.9998859 -0.01510655 -3.27593e-7 0.9999713 -0.00758183 0 0.9999716 -0.007540822 -1.97935e-7 1 -1.45941e-5 0 1 -1.45836e-5 0 1 1.01931e-5 -1.86251e-7 1 1.02095e-5 0 0.9999717 0.007536411 0 1 7.31088e-6 4.8081e-7 0.9999713 0.00758183 0 0.9998859 0.01510661 0 0.9998855 0.01513737 2.15566e-6 0.9997584 0.02198112 1.62606e-6 1 3.33171e-5 -1.64786e-7 1 2.28938e-5 -2.29763e-6 0.9997571 0.02204132 4.07442e-6 0.9996122 0.02784675 5.95217e-6 1 7.73929e-6 -2.42481e-6 0.9996109 0.02789652 4.76372e-7 0.999465 0.03270769 6.26201e-6 0.9994646 0.03272217 -1.12038e-6 0.9993354 0.03645491 -1.28979e-5 1 1.05463e-5 -3.05776e-6 1 2.34023e-5 1.7538e-6 0.9993358 0.03644311 -5.44707e-7 0.9992501 0.03872245 1.18514e-5 1 1.88872e-5 -1.44262e-6 0.9992511 0.03869622 -3.26545e-7 0.9992209 0.03946596 1.56031e-6 0.6786523 0.7344597 0 0.6786524 0.7344597 -2.16998e-7 0.6623644 0.7491819 -8.06758e-7 0.6623934 0.7491562 -1.80043e-5 0.6786713 0.7344421 -8.59052e-6 0.7344356 0.6786785 -1.94814e-5 0.6623958 0.7491542 -3.40343e-5 0.7344394 0.6786742 -2.9739e-5 0.7635363 0.645765 1.81049e-6 0.7635375 0.6457637 -3.45521e-7 0.734454 0.6786585 -7.21366e-7 0.734454 0.6786585 9.41567e-7 0.7635433 0.6457569 -1.06916e-6 0.7344537 0.6786588 0 0.7339628 0.6791896 4.45731e-6 0.7635273 0.6457756 2.82284e-6 0.7339617 0.6791909 1.38278e-6 0.7994263 0.6007643 4.11645e-7 0.7994282 0.6007616 -1.76951e-6 0.733949 0.6792047 4.45335e-6 0.7324148 0.6808587 2.35951e-6 0.7994332 0.600755 1.6978e-6 0.7324137 0.6808599 7.54045e-6 0.7298792 0.6835762 6.24335e-6 0.7994235 0.6007681 3.34997e-6 0.7298769 0.6835788 2.04076e-7 0.6927466 0.721181 -6.22356e-7 0.6927231 0.7212036 -5.31506e-6 0.7298846 0.6835703 -5.92707e-5 0.7265529 0.6871106 -1.395e-6 0.6927391 0.7211883 -1.54646e-6 0.7265667 0.6870959 -9.62763e-6 0.7224832 0.6913886 -5.44544e-6 0.7224801 0.6913917 5.93654e-6 0.7177047 0.6963477 1.03902e-6 0.6927382 0.7211892 1.71654e-6 0.6927223 0.7212044 1.52492e-6 0.7176993 0.6963532 2.26777e-7 0.7124616 0.7017112 2.68417e-6 0.6927334 0.7211937 -2.42802e-6 0.7124343 0.7017389 -3.7963e-5 0.7071202 0.7070934 1.67127e-6 0.7070846 0.707129 1.19867e-6 0.7017121 0.7124606 -4.27703e-7 0.6927416 0.7211859 6.22036e-7 0.6927422 0.7211853 0 0.701711 0.7124617 3.32016e-7 0.6963636 0.7176892 3.22645e-7 0.6927114 0.7212149 0 0.6963673 0.7176856 0 0.6913619 0.7225087 2.02128e-7 0.6913796 0.7224918 0 0.6871076 0.7265558 0 0.6927292 0.7211979 3.31976e-7 0.6927239 0.7212029 -6.14673e-7 0.6870671 0.726594 1.22166e-6 0.683612 0.7298457 8.8146e-7 0.692716 0.7212106 8.65984e-7 0.6835662 0.7298886 1.66695e-6 0.6809078 0.7323692 4.14641e-6 0.680898 0.7323783 -5.43438e-6 0.6791961 0.7339569 -3.87497e-6 0.6927171 0.7212094 -2.99217e-7 0.6927236 0.7212032 3.12255e-7 0.6792197 0.733935 -8.35163e-7 0.678655 0.7344573 1.12935e-6 0.6927206 0.7212061 -1.90671e-6 0.6786554 0.7344569 5.86268e-7 0.6623845 0.7491641 7.73027e-7 0.03942161 0.9992228 1.25319e-5 -1.11759e-6 1 2.17576e-5 -0.03942257 0.9992226 1.42958e-5 -0.03944832 0.9992216 -2.37674e-6 -3.00299e-5 1 -2.46801e-5 -0.1442645 0.9895392 -2.86773e-5 -0.0394662 0.999221 2.8424e-6 -0.1442916 0.9895353 5.22425e-6 -0.04028052 0.9991884 -3.66984e-6 -0.04028594 0.9991882 -8.90344e-7 -0.1442703 0.9895384 3.0729e-6 -0.2000073 0.9797945 6.22403e-6 -0.2000516 0.9797855 -5.4189e-6 -0.1442924 0.9895351 1.89571e-6 -0.2855573 0.9583617 -7.60891e-7 -0.2000538 0.979785 -2.97371e-6 -0.2855508 0.9583637 4.72402e-6 -0.3545778 0.9350265 -1.67568e-6 -0.3546078 0.9350152 1.44644e-5 -0.285569 0.9583582 -4.72274e-6 -0.42085 0.9071303 -2.007e-6 -0.3546314 0.9350063 -8.68924e-7 -0.4208446 0.9071328 -3.63105e-6 -0.4999755 0.8660395 3.814e-6 -0.4999895 0.8660316 -2.96056e-6 -0.4208566 0.9071273 1.64658e-6 -0.5473383 0.8369116 -8.74512e-7 -0.5000147 0.8660169 3.54787e-6 -0.5473464 0.8369063 2.27499e-6 -0.6324297 0.7746179 2.28779e-6 -0.6324388 0.7746105 -6.70087e-7 -0.5473753 0.8368874 -4.61587e-6 -0.6623443 0.7491996 3.06894e-6 -0.6324705 0.7745845 5.30388e-7 -0.662365 0.7491813 -2.32703e-6 -0.6792086 0.7339453 6.45523e-7 -0.67921 0.733944 0 -0.6623682 0.7491785 2.23268e-5 -0.6786443 0.7344672 2.75695e-6 -0.6786523 0.7344597 -3.32249e-7 -0.6623644 0.7491819 -4.96861e-7 -0.6786523 0.7344597 3.91763e-7 -0.67867 0.7344434 -1.10641e-5 -0.6623971 0.749153 -9.84967e-6 -0.7344325 0.6786817 -1.3981e-5 -0.7344402 0.6786735 -3.04803e-5 -0.6623977 0.7491525 -3.09125e-5 -0.7635348 0.6457668 3.54648e-6 -0.7344403 0.6786735 -9.70438e-7 -0.7635537 0.6457444 -5.44242e-7 -0.7484549 0.6631857 2.36115e-5 -0.7485318 0.6630989 -2.01992e-6 -0.7635633 0.6457331 -1.80677e-6 -0.8451732 0.5344924 0 -0.8451768 0.5344868 -8.03638e-6 -0.763546 0.6457533 -4.41495e-4 -0.8487195 0.5288432 -3.45462e-6 -0.8451896 0.5344665 -2.4336e-6 -0.8487314 0.5288242 4.83684e-4 -0.9161446 0.400848 1.09058e-6 0.0394352 0.9992222 8.50763e-7 0.1205033 0.992713 -3.47127e-6 0.0394352 0.9992222 -2.19288e-6 0.03944277 0.9992219 3.81889e-6 0.1205345 0.9927092 -9.97563e-7 0.144299 0.9895342 -1.03563e-6 0.0394501 0.9992216 -1.33365e-6 0.1442623 0.9895396 -2.57827e-5 3.25181e-5 1 -2.14502e-5 0.03943735 0.999222 -7.97212e-7 0.03871554 0.9992504 1.03167e-6 0.120526 0.9927102 1.09663e-6 0.1205403 0.9927085 -5.5423e-6 0.03868192 0.9992517 -6.37653e-6 0.036426 0.9993364 -6.0852e-6 0.1205295 0.9927098 -8.06013e-6 0.0364412 0.9993359 -2.25008e-6 0.03271651 0.9994648 -5.0622e-6 0.03275281 0.9994635 3.92618e-5 0.02792608 0.9996101 1.74596e-5 0.1205089 0.9927123 -2.45869e-6 0.1205376 0.9927089 -4.53088e-6 0.02787369 0.9996115 -5.4097e-6 -0.0402671 0.999189 -4.53414e-6 -0.04026854 0.999189 3.2899e-6 0.02789229 0.999611 4.7175e-6 0.02197706 0.9997586 -1.40621e-5 -0.04024022 0.9991901 -6.21565e-6 0.02201205 0.9997577 -6.6231e-6 0.01507848 0.9998863 -8.34486e-6 0.0150668 0.9998865 1.36413e-5 0.007604241 0.9999712 7.37536e-6 -0.04023528 0.9991903 -1.33761e-6 -0.04025548 0.9991894 -4.99492e-6 0.007542073 0.9999716 1.30365e-5 -7.33836e-6 1 -2.06135e-6 -0.04024994 0.9991897 7.30157e-7 -1.94303e-5 1 3.81295e-6 -0.007548391 0.9999716 7.3566e-6 -0.007573366 0.9999714 -1.22981e-6 -0.0150904 0.9998862 1.24366e-6 -0.04027259 0.9991888 -2.78885e-6 -0.04025286 0.9991896 1.59472e-6 -0.01510602 0.9998859 5.87897e-7 -0.02198916 0.9997583 1.04567e-6 -0.04024279 0.9991899 -3.53815e-7 -0.02203845 0.9997572 1.32166e-6 -0.02787977 0.9996113 6.62472e-7 -0.02790904 0.9996105 1.92085e-7 -0.03269958 0.9994653 5.12928e-7 -0.04026925 0.999189 -7.18137e-7 -0.04022985 0.9991905 -3.60396e-7 -0.03275656 0.9994634 2.64146e-7 -0.03639757 0.9993374 4.18455e-7 -0.04025012 0.9991897 0 -0.0364179 0.9993367 0 -0.0386694 0.9992522 0 -0.03873538 0.9992496 0 -0.03931021 0.9992271 -2.99576e-7 -0.04022032 0.9991909 0 -0.04030621 0.9991875 0 -0.0393961 0.9992238 0 -0.0393961 0.9992238 0 -0.6791939 0.733959 9.61218e-6 -0.6808531 0.73242 4.63103e-6 -0.6324468 0.774604 -1.59373e-6 -0.6324766 0.7745795 -3.51947e-6 -0.6808491 0.7324238 2.55537e-5 -0.6835716 0.7298835 6.96219e-6 -0.632467 0.7745873 -2.61655e-6 -0.683575 0.7298803 5.69133e-5 -0.6870989 0.726564 5.5026e-6 -0.6871052 0.726558 -1.9685e-5 -0.6913735 0.7224975 2.1045e-6 -0.6324427 0.7746072 -1.53156e-6 -0.6324533 0.7745985 -8.60495e-6 -0.6913815 0.72249 1.7483e-5 -0.6963301 0.7177217 1.99395e-5 -0.6324478 0.7746031 0 -0.6963585 0.7176942 -7.02872e-6 -0.7485083 0.6631255 1.45519e-7 -0.7484996 0.6631353 -5.52414e-6 -0.696374 0.7176791 3.22468e-5 -0.7017275 0.7124454 -3.40678e-6 -0.7484972 0.663138 2.18814e-6 -0.7017244 0.7124486 3.23867e-7 -0.707101 0.7071127 4.63845e-6 -0.7071052 0.7071084 -9.2946e-7 -0.7124491 0.7017239 -1.74172e-7 -0.7484884 0.6631479 1.32178e-6 -0.7485119 0.6631214 5.36442e-7 -0.7124453 0.7017277 -1.91806e-6 -0.7176865 0.6963664 8.15821e-6 -0.7484917 0.6631442 -1.57114e-6 -0.7177116 0.6963405 3.33297e-6 -0.7224853 0.6913863 4.31899e-6 -0.7224925 0.6913788 -8.10251e-7 -0.7265462 0.6871176 3.61713e-6 -0.748517 0.6631156 1.54472e-6 -0.7484999 0.6631349 1.95112e-6 -0.7265509 0.6871127 -1.09547e-6 -0.7298662 0.6835901 1.49557e-6 -0.7485024 0.6631321 -1.35892e-6 -0.7298939 0.6835606 4.89678e-6 -0.7323644 0.6809131 1.7883e-5 -0.732455 0.6808156 1.09815e-5 -0.7337857 0.6793811 1.17983e-4 -0.7485154 0.6631175 -2.01428e-6 -0.7485175 0.6631152 1.40665e-6 -0.7339468 0.6792071 2.10683e-7 -0.7344365 0.6786774 -1.57774e-6 -0.7485076 0.6631264 7.45189e-7 -0.7344524 0.6786602 -2.95812e-7 -0.7344524 0.6786602 0 -0.9992223 0.03942942 1.40555e-5 -0.9997591 -0.0219475 1.82576e-5 -0.9992217 -0.03944855 1.02818e-6 -0.9992213 -0.03945761 -1.60709e-5 -0.9997589 -0.02196103 2.23517e-6 -0.9861336 -0.1659541 -3.12477e-5 -0.9992205 -0.03947949 3.56697e-7 -0.9861345 -0.1659482 -1.9907e-6 -0.9967562 -0.08048081 -1.81445e-6 -0.9967551 -0.08049517 -1.24192e-6 -0.9861321 -0.1659625 1.15069e-5 -0.9709489 -0.2392867 -2.37138e-6 -0.9709513 -0.2392773 -4.05303e-5 -0.9861272 -0.1659912 -1.21864e-6 -0.951861 -0.3065298 -5.9884e-7 -0.970935 -0.2393435 -6.82054e-6 -0.9518523 -0.3065573 5.91873e-6 -0.91999 -0.3919422 7.18981e-6 -0.9199915 -0.3919386 -2.87313e-6 -0.9518591 -0.3065361 -5.57885e-6 -0.897669 -0.4406703 7.66478e-7 -0.9199733 -0.3919812 1.37091e-6 -0.8976548 -0.4406995 4.23146e-6 -0.8451998 -0.5344506 -1.68313e-6 -0.8451874 -0.5344703 8.8918e-7 -0.8976513 -0.4407067 -1.47405e-6 -0.8247093 -0.5655569 -5.02495e-6 -0.8451906 -0.5344651 -3.08733e-6 -0.8246864 -0.5655904 4.71761e-6 -0.7485112 -0.6631221 -3.48338e-6 -0.7485052 -0.6631289 0 -0.8246889 -0.5655868 -4.66709e-6 -0.7344471 -0.6786661 -6.74743e-7 -0.7484964 -0.6631389 2.5364e-7 -0.7344737 -0.6786373 -5.93117e-7 -0.7344737 -0.6786373 -2.23867e-7 -0.9992209 0.03946828 -1.80677e-7 -0.9967567 0.08047461 -1.23191e-6 -0.9992209 0.03946828 -9.10052e-7 -0.9992216 0.0394501 5.46686e-7 -0.996758 0.08045887 1.69339e-5 -0.9924686 0.1224997 -3.99444e-6 -0.999222 0.03944152 -2.68221e-5 -0.9924648 0.1225306 -1.74344e-5 -0.9997589 -0.02196162 -1.88947e-5 -0.9992213 0.03945875 7.83242e-7 -0.9992495 0.03873711 3.08253e-6 -0.9967603 0.08043026 1.94367e-6 -0.9967576 0.08046358 -1.20141e-6 -0.9992511 0.03869748 -1.98477e-6 -0.999337 0.0364077 -8.6837e-6 -0.9967572 0.08046936 -3.6438e-7 -0.9993361 0.03643417 -7.36589e-5 -0.9994645 0.03272104 -2.04214e-6 -0.9994656 0.03269129 5.77037e-5 -0.9996111 0.02788573 -2.7455e-6 -0.9967586 0.08045095 -2.31317e-6 -0.9967577 0.08046293 3.20491e-6 -0.9996103 0.02791398 -2.0026e-5 -0.9997587 0.02196639 -1.46332e-5 -0.9967579 0.08045995 3.57255e-6 -0.9997578 0.02201354 -8.47195e-6 -0.9998859 0.01511216 6.7986e-6 -0.9998861 0.01509296 3.6261e-6 -0.9999713 0.007588505 2.90683e-6 -0.9967587 0.08044975 3.56836e-6 -0.9967577 0.08046162 -2.94251e-6 -0.9999714 0.007564246 1.92402e-5 -1 3.76673e-6 3.32954e-6 -0.9967578 0.08046168 -4.60073e-6 -1 0 -2.15401e-5 -0.9967578 -0.0804618 -1.01095e-6 -0.9967577 -0.0804618 2.24449e-7 -1 -4.05425e-6 2.95788e-6 -0.9999715 -0.007564425 1.94569e-5 -0.996758 -0.08045858 3.43844e-6 -0.9999712 -0.007595241 6.48364e-6 -0.999886 -0.01509803 -8.66043e-7 -0.9998859 -0.01510429 3.26778e-6 -0.9997578 -0.02200829 -3.80426e-6 -0.9967586 -0.08045017 -6.54208e-6 -0.9967577 -0.08046287 2.88105e-6 -0.9997588 -0.02196633 -1.4575e-5 -0.9996103 -0.02791398 -1.99999e-5 -0.9967576 -0.08046442 -1.35833e-6 -0.9996108 -0.02789783 1.53319e-6 -0.9994646 -0.03272098 1.12439e-5 -0.9994645 -0.03272312 -1.40013e-6 -0.9993361 -0.03643399 -7.33063e-5 -0.996757 -0.08047151 -3.76976e-6 -0.9967576 -0.08046358 -4.74975e-7 -0.9993371 -0.0364077 -8.83872e-6 -0.9992511 -0.03869748 -1.92269e-6 -0.9967585 -0.08045142 0 -0.9992505 -0.03871065 8.06875e-7 -0.9992204 -0.03947997 3.02037e-6 -0.9992208 -0.03947031 -4.48463e-7 -0.9992208 -0.03947031 2.24571e-6 -0.9967565 -0.08047664 -9.99251e-7 -0.7344491 -0.6786639 -2.04959e-6 -0.7344491 -0.6786639 1.92062e-6 -0.6786683 -0.734445 -4.21132e-7 -0.6786634 -0.7344495 -1.92062e-6 -0.7344444 -0.6786688 0 -0.6786633 -0.7344495 0 -0.678671 -0.7344424 6.12565e-7 -0.678671 -0.7344425 0 -0.6324671 -0.7745873 -9.06293e-7 -0.6324679 -0.7745866 -3.57686e-6 -0.6786527 -0.7344594 -1.44221e-6 -0.6112497 -0.7914379 6.15371e-7 -0.6324387 -0.7746105 2.35857e-7 -0.6112212 -0.7914599 1.94914e-6 -0.5390858 -0.842251 2.44239e-6 -0.7344287 -0.6786859 -3.01401e-6 -0.7339388 -0.6792156 -2.61993e-7 -0.7485097 -0.663124 1.08415e-6 -0.7484958 -0.6631397 -1.951e-6 -0.7338832 -0.6792758 4.64576e-5 -0.7324026 -0.6808719 -1.04217e-6 -0.7485025 -0.6631321 1.3528e-6 -0.7323644 -0.680913 1.80859e-5 -0.7298939 -0.6835606 4.8934e-6 -0.7298695 -0.6835865 3.72587e-7 -0.7265543 -0.6871091 -2.34875e-7 -0.7485033 -0.6631311 -2.72819e-6 -0.748513 -0.6631202 -1.96334e-6 -0.7265424 -0.6871217 5.52426e-6 -0.722521 -0.6913491 7.37443e-6 -0.7484918 -0.6631442 2.28838e-6 -0.7224853 -0.6913863 4.42742e-6 -0.7177116 -0.6963406 3.48625e-6 -0.7176825 -0.6963706 1.05588e-5 -0.712441 -0.701732 -3.94088e-6 -0.7485073 -0.6631265 -1.16625e-6 -0.74849 -0.663146 0 -0.7124505 -0.7017224 -9.28645e-7 -0.7071068 -0.7071068 0 -0.7484973 -0.6631379 4.49084e-6 -0.7071008 -0.7071127 4.50155e-6 -0.7017242 -0.7124487 5.25033e-7 -0.7017252 -0.7124478 -1.45892e-6 -0.6963725 -0.7176806 3.02649e-5 -0.7484967 -0.6631386 -6.78236e-6 -0.7484826 -0.6631545 -6.42287e-6 -0.6963405 -0.7177116 1.02907e-5 -0.6913821 -0.7224893 2.09729e-5 -0.7485085 -0.6631252 -3.48315e-7 -0.6913813 -0.7224901 1.43391e-5 -0.6324478 -0.7746031 6.36955e-6 -0.632478 -0.7745785 -7.62381e-6 -0.6913722 -0.7224988 3.13623e-6 -0.6871051 -0.726558 -2.05707e-5 -0.6324668 -0.7745875 2.92063e-6 -0.6870989 -0.7265639 5.74882e-6 -0.683575 -0.7298803 5.68842e-5 -0.6835691 -0.7298858 8.16141e-6 -0.6808722 -0.7324024 -6.87047e-6 -0.6324738 -0.7745818 -5.92368e-6 -0.6324501 -0.7746013 0 -0.6808562 -0.7324171 3.87337e-6 -0.6791966 -0.7339564 7.62992e-6 -0.6324515 -0.7746 -1.56462e-6 -0.6792032 -0.7339504 2.79862e-7 -0.6786727 -0.7344409 -2.02563e-6 -0.678663 -0.7344498 6.66817e-7 -0.6786631 -0.7344498 2.26509e-6 -0.6324588 -0.774594 -3.76161e-6 0.9861264 -0.1659964 5.10016e-7 0.9870496 -0.1604154 -5.04777e-7 0.9518623 -0.3065259 4.08034e-4 0.9518596 -0.3065344 5.66244e-6 0.9870474 -0.1604273 7.69681e-4 0.9485434 -0.3166474 3.47284e-6 0.9518554 -0.3065478 1.78278e-6 0.9485238 -0.3167062 6.10948e-7 0.8976734 -0.4406607 -6.87051e-4 0.897673 -0.4406622 4.49968e-6 0.9485248 -0.3167031 1.72632e-6 0.8854723 -0.4646922 1.45542e-6 0.8976561 -0.4406967 2.19396e-6 0.8854544 -0.4647263 -1.78302e-6 0.8247048 -0.5655634 -3.60305e-6 0.8246923 -0.5655817 3.7034e-6 0.8854534 -0.4647284 6.89714e-6 0.7994472 -0.6007363 -6.57607e-6 0.8246913 -0.5655832 1.98139e-6 0.7994446 -0.60074 -2.56626e-6 0.7344774 -0.6786333 1.51317e-6 -0.04029506 -0.9991879 6.16419e-6 -0.1999979 -0.9797964 -6.2352e-7 -0.1273983 -0.9918517 1.07189e-5 -0.1274321 -0.9918473 3.06638e-6 -0.1999993 -0.9797961 8.48173e-7 -0.2144013 -0.9767456 -5.20773e-4 -0.2144083 -0.9767441 -2.43774e-7 -0.2000564 -0.9797844 -7.60518e-6 -0.2996984 -0.954034 8.20146e-7 -0.2997018 -0.954033 2.38186e-7 -0.2000457 -0.9797866 1.93878e-6 -0.3545852 -0.9350237 8.09319e-7 -0.2997199 -0.9540272 -1.65682e-6 -0.3545819 -0.935025 -2.92808e-6 -0.3826708 -0.9238848 -1.82749e-6 -0.3826782 -0.9238818 9.87086e-7 -0.3546376 -0.9350039 1.51247e-6 -0.4626452 -0.8865436 2.39769e-6 -0.4626502 -0.886541 1.84495e-6 -0.3546099 -0.9350144 4.84614e-6 -0.4999947 -0.8660285 3.37791e-6 -0.4626853 -0.8865227 -1.12818e-6 -0.5000374 -0.8660038 -2.59577e-5 -0.5390463 -0.8422762 -2.11969e-6 -0.5390799 -0.8422547 3.88874e-6 -0.5000069 -0.8660215 -2.43052e-6 -0.6324371 -0.7746118 -5.71366e-6 -0.9967569 0.08047175 -4.92437e-6 -0.9709433 0.2393099 2.04891e-6 -0.9924656 0.1225239 3.13739e-7 -0.992462 0.1225523 9.51812e-7 -0.9709418 0.2393162 -1.44274e-6 -0.9644072 0.2644221 2.1538e-6 -0.964398 0.2644551 0 -0.9709336 0.2393495 -1.7971e-6 -0.9199933 0.3919343 -6.11786e-6 -0.9643961 0.2644624 6.13183e-6 -0.9199942 0.3919321 2.73512e-6 -0.9161544 0.4008253 -6.26905e-4 -0.9161519 0.4008315 4.93525e-6 -0.9199727 0.3919821 7.02172e-4 -0.8452011 0.5344485 -3.73554e-6 0.1205701 0.9927048 -3.31108e-6 0.2781867 0.960527 -6.58352e-6 0.1442865 0.9895361 1.97219e-6 0.1443021 0.9895337 9.0152e-7 0.2781886 0.9605265 -1.43619e-6 0.2855495 0.9583638 -5.04063e-4 0.2855753 0.9583563 -6.85919e-7 0.278216 0.9605185 4.91273e-6 0.4208465 0.9071317 5.6076e-4 0.4208173 0.9071454 -2.7027e-6 0.2782319 0.9605138 6.33345e-4 0.4286729 0.9034599 -4.88793e-6 0.4208663 0.9071227 -2.81999e-6 0.4287217 0.9034367 -1.03936e-6 0.547331 0.8369162 -5.66183e-4 0.5473418 0.8369092 2.15601e-6 0.4287243 0.9034354 3.02156e-6 0.5680382 0.8230023 1.9439e-6 0.5473645 0.8368944 -3.10759e-6 0.5680607 0.8229867 2.73157e-6 0.6623545 0.7491907 1.27428e-6 0.6623804 0.7491677 -2.97045e-6 0.5680688 0.8229812 2.91527e-6 0.6927216 0.7212051 2.06451e-6 0.7635413 0.6457591 1.02539e-6 0.7994417 0.6007437 -6.03381e-7 0.8487243 0.5288357 1.81911e-6 0.848724 0.5288361 2.29076e-6 0.7994607 0.6007186 -3.83169e-6 0.885443 0.4647483 8.19098e-7 0.8487298 0.5288269 0 0.8854528 0.4647294 -1.22399e-5 0.9161474 0.4008419 -4.76046e-6 0.9161591 0.400815 7.53958e-6 0.8854685 0.4646995 6.28293e-6 0.9485273 0.3166955 2.60863e-6 0.9161512 0.4008329 7.5344e-7 0.9485381 0.3166634 -1.51055e-6 0.9643994 0.2644501 1.78255e-6 0.9643986 0.2644531 0 0.9485421 0.3166512 6.21704e-6 0.9870474 0.1604289 -2.66824e-6 0.9644101 0.2644112 -2.73343e-7 0.9870501 0.160413 -2.81225e-6 0.9924607 0.1225637 1.49827e-6 -0.8246879 -0.5655881 0 -0.7344641 -0.6786476 0 -0.7344641 -0.6786476 1.77557e-6 -1.03532e-6 0 -1 1.26282e-6 0 -1 9.75618e-7 0 -1 -1.32875e-6 0 -1 1.9156e-6 0 -1 4.23792e-6 0 -1 -2.13732e-6 0 -1 1.41401e-6 0 -1 -2.15501e-6 0 -1 -9.30021e-7 0 -1 5.46725e-7 0 -1 -9.2456e-7 0 -1 8.25417e-7 0 -1 -9.1964e-7 0 -1 1.1071e-6 0 -1 1.81041e-6 0 -1 -1.80567e-6 0 -1 -4.52002e-6 0 -1 1.80192e-6 0 -1 -1.79912e-6 0 -1 -3.59452e-6 0 -1 3.59264e-6 0 -1 -1.79726e-6 0 -1 1.80192e-6 0 -1 -1.80567e-6 0 -1 1.81041e-6 0 -1 -9.08057e-7 0 -1 4.00427e-7 0 -1 -9.19642e-7 0 -1 -1.86004e-6 0 -1 -3.79968e-6 0 -1 -0.9882834 0.1526303 -3.67329e-6 -0.9882835 0.1526303 -6.51181e-6 -1 1.82688e-5 2.34708e-6 -1 1.8049e-5 6.51367e-6 -0.9882835 0.1526302 -2.34708e-6 -1 1.80379e-5 3.67329e-6 -1 -1.82614e-5 -3.67329e-6 -1 -1.82735e-5 -6.51181e-6 -0.9882834 -0.1526303 -2.49494e-5 -0.9882835 -0.1526302 6.51367e-6 -1 -1.80379e-5 2.49494e-5 -0.9882835 -0.1526302 3.67329e-6 -0.9882775 -0.1526687 -2.53289e-6 -0.9882775 -0.1526687 3.65595e-6 -0.9534018 -0.3017038 -4.00096e-6 -0.9882774 0.1526693 -3.65595e-6 -0.9534016 0.3017044 3.9991e-6 -0.9882774 0.1526693 2.53289e-6 -0.9882777 0.1526673 -3.9991e-6 -0.9534022 0.3017024 -2.53289e-6 -0.9534022 0.3017024 2.56793e-5 -0.9533912 0.3017371 2.53289e-6 -0.9533912 0.3017371 -3.65596e-6 -0.8961745 0.4437019 3.99165e-6 -0.9533907 0.3017386 -3.98606e-6 -0.8961738 0.4437032 -2.53289e-6 -0.8961738 0.4437032 3.65596e-6 -0.8961567 0.443738 2.55114e-6 -0.8961567 0.443738 -3.65595e-6 -0.8179392 0.5753046 3.9693e-6 -0.896157 0.4437372 -3.9693e-6 -0.8179398 0.575304 -2.55114e-6 -0.8179398 0.575304 2.56793e-5 -0.8179184 0.5753343 2.53289e-6 -0.8179184 0.5753343 -2.56793e-5 -0.7205343 0.6934193 4.01027e-6 -0.8179194 0.5753328 -4.00655e-6 -0.7205356 0.693418 -2.53289e-6 -0.7205356 0.693418 3.65595e-6 -0.7205075 0.6934472 2.54202e-6 -0.7205075 0.6934472 -3.65595e-6 -0.606239 0.7952826 3.98979e-6 -0.7205086 0.693446 -3.98792e-6 -0.6062402 0.7952816 -2.54202e-6 -0.6062402 0.7952816 3.65595e-6 -0.6062114 0.7953037 2.53289e-6 -0.6062114 0.7953037 -3.65595e-6 -0.4777371 0.8785029 3.98234e-6 -0.6062114 0.7953036 -3.98234e-6 -0.4777372 0.8785029 -2.53289e-6 -0.4777372 0.8785029 3.65596e-6 -0.4777029 0.8785215 2.53289e-6 -0.4777029 0.8785215 -3.65595e-6 -0.338034 0.9411339 3.98234e-6 -0.4777034 0.8785213 -4.00096e-6 -0.3380345 0.9411338 -2.53289e-6 -0.3380345 0.9411338 3.65595e-6 -0.3379989 0.9411466 2.55114e-6 -0.3379989 0.9411466 -3.65596e-6 -0.1904091 0.9817049 3.96371e-6 -0.3379989 0.9411466 -3.96371e-6 -0.1904091 0.9817049 -2.55114e-6 -0.1904091 0.9817049 3.65595e-6 -0.1903723 0.9817121 2.51465e-6 -0.1903723 0.9817121 -3.65595e-6 -0.03832095 0.9992656 4.00841e-6 -0.1903725 0.9817119 -4.02331e-6 -0.03832113 0.9992655 -2.51465e-6 -0.03832113 0.9992655 3.65595e-6 -0.03828549 0.9992669 2.54202e-6 -0.03828549 0.9992669 -3.65595e-6 0.1146634 0.9934044 3.98234e-6 -0.03828531 0.9992669 -3.98234e-6 0.1146636 0.9934044 -2.54202e-6 0.1146636 0.9934044 3.65595e-6 0.1147029 0.9933999 2.55114e-6 0.1147029 0.9933999 -3.65595e-6 0.2649644 0.9642583 3.97302e-6 0.1147029 0.9933999 -3.97302e-6 0.2649644 0.9642583 -2.55114e-6 0.2649644 0.9642583 3.65595e-6 0.2649983 0.9642489 2.53289e-6 0.2649983 0.9642489 -2.56793e-5 0.4090504 0.9125118 4.00282e-6 0.2649996 0.9642485 -4.00469e-6 0.4090517 0.9125113 -2.53289e-6 0.4090517 0.9125113 3.65596e-6 0.4090861 0.9124958 2.54202e-6 0.4090861 0.9124958 -3.65595e-6 0.5435522 0.8393754 3.97302e-6 0.4090867 0.9124956 -3.97675e-6 0.5435528 0.839375 -2.54202e-6 0.5435528 0.839375 3.65596e-6 0.543583 0.8393555 2.54202e-6 0.543583 0.8393555 -3.65596e-6 0.6653115 0.7465659 3.98047e-6 0.543585 0.8393542 -3.97861e-6 0.6653132 0.7465643 -2.54202e-6 0.6653132 0.7465643 3.65596e-6 0.6653381 0.7465423 2.53289e-6 0.6653381 0.7465423 -3.65595e-6 0.771476 0.6362586 4.00469e-6 0.6653385 0.7465419 -4.00841e-6 0.7714762 0.6362581 -2.53289e-6 0.7714763 0.6362582 3.65596e-6 0.7715004 0.636229 2.54202e-6 0.7715004 0.636229 -3.65596e-6 0.8595595 0.5110359 3.97116e-6 0.7715024 0.6362265 -3.99537e-6 0.859561 0.5110331 -2.54202e-6 0.859561 0.5110331 3.65596e-6 0.8595793 0.5110023 2.55114e-6 0.8595793 0.5110023 -3.65595e-6 0.9274956 0.3738341 3.97302e-6 0.8595794 0.5110023 -3.97116e-6 0.9274957 0.3738341 -2.55114e-6 0.9274957 0.3738341 2.56793e-5 0.92751 0.3737987 2.53289e-6 0.92751 0.3737987 -3.65595e-6 0.9736915 0.2278707 3.9842e-6 0.9275097 0.3737992 -3.98792e-6 0.9736914 0.2278711 -2.53289e-6 0.9736914 0.2278711 3.65595e-6 0.9736997 0.2278355 2.54202e-6 0.9736997 0.2278355 -3.65595e-6 0.9970644 0.07656812 3.98792e-6 0.9736998 0.2278351 -3.99165e-6 0.9970644 0.0765677 -2.54202e-6 0.9970644 0.0765677 3.65596e-6 0.9970673 0.07653057 2.51465e-6 0.9970673 0.07653057 -3.65595e-6 0.9970673 -0.07653057 4.01214e-6 0.9970673 0.07653057 -4.01214e-6 0.9970673 -0.07653057 -2.51465e-6 0.9970673 -0.07653057 3.65595e-6 0.9970644 -0.07656812 2.54202e-6 0.9970644 -0.07656812 -3.65595e-6 0.9736997 -0.2278355 3.98792e-6 0.9970644 -0.0765677 -3.98979e-6 0.9736998 -0.2278351 -2.54202e-6 0.9736998 -0.2278351 2.56793e-5 0.9736912 -0.227872 2.53289e-6 0.9736912 -0.227872 -3.65595e-6 0.9275094 -0.3738 3.98606e-6 0.9736917 -0.2278698 -3.98606e-6 0.9275102 -0.3737979 -2.53289e-6 0.9275102 -0.3737979 3.65595e-6 0.9274954 -0.3738346 2.55114e-6 0.9274954 -0.3738346 -3.65595e-6 0.859579 -0.5110028 3.97302e-6 0.9274958 -0.3738335 -3.97488e-6 0.8595797 -0.5110018 -2.55114e-6 0.8595797 -0.5110017 2.56793e-5 0.8595598 -0.5110353 2.54202e-6 0.8595598 -0.5110353 -3.65595e-6 0.7715008 -0.6362286 3.99537e-6 0.8595607 -0.5110336 -3.99351e-6 0.771502 -0.6362271 -2.54202e-6 0.771502 -0.6362271 3.65595e-6 0.7714756 -0.6362589 2.53289e-6 0.7714756 -0.6362589 -3.65595e-6 0.6653378 -0.7465425 4.00841e-6 0.7714765 -0.6362578 -4.00469e-6 0.6653388 -0.7465416 -2.53289e-6 0.6653388 -0.7465416 3.65595e-6 0.6653115 -0.7465659 2.54202e-6 0.6653115 -0.7465659 -3.65595e-6 0.543583 -0.8393555 3.97861e-6 0.6653133 -0.7465643 -3.97861e-6 0.5435849 -0.8393542 -2.54202e-6 0.5435849 -0.8393542 3.65595e-6 0.5435528 -0.839375 2.54202e-6 0.5435528 -0.839375 -3.65596e-6 0.4090867 -0.9124956 3.97675e-6 0.5435522 -0.8393754 -3.97302e-6 0.4090861 -0.9124958 -2.54202e-6 0.4090861 -0.9124958 3.65595e-6 0.4090505 -0.9125118 2.53289e-6 0.4090505 -0.9125118 -2.56793e-5 0.2649983 -0.9642489 4.00282e-6 0.4090517 -0.9125113 -4.00841e-6 0.2649996 -0.9642486 -2.53289e-6 0.2649996 -0.9642486 3.65595e-6 0.2649644 -0.9642583 2.55114e-6 0.2649644 -0.9642583 -3.65595e-6 0.1147029 -0.9933999 3.97302e-6 0.2649644 -0.9642583 -3.97302e-6 0.1147029 -0.9933999 -2.55114e-6 0.1147029 -0.9933999 3.65595e-6 0.1146634 -0.9934044 2.54202e-6 0.1146634 -0.9934044 -3.65595e-6 -0.03828549 -0.9992669 3.98234e-6 0.1146636 -0.9934044 -3.98234e-6 -0.03828531 -0.9992669 -2.54202e-6 -0.03828531 -0.9992669 3.65595e-6 -0.03832095 -0.9992655 2.51465e-6 -0.03832095 -0.9992655 -3.65595e-6 -0.1903723 -0.981712 4.00841e-6 -0.03832113 -0.9992655 -4.02331e-6 -0.1903725 -0.9817119 -2.51465e-6 -0.1903725 -0.9817119 3.65595e-6 -0.1904091 -0.9817049 2.55114e-6 -0.1904091 -0.9817049 -3.65595e-6 -0.3379989 -0.9411466 3.96371e-6 -0.1904091 -0.9817049 -3.96371e-6 -0.3379989 -0.9411466 -2.55114e-6 -0.3379989 -0.9411466 3.65596e-6 -0.3380339 -0.941134 2.53289e-6 -0.3380339 -0.941134 -3.65596e-6 -0.4777028 -0.8785215 3.98234e-6 -0.3380346 -0.9411337 -3.9991e-6 -0.4777035 -0.8785212 -2.53289e-6 -0.4777035 -0.8785212 3.65595e-6 -0.4777372 -0.8785029 2.53289e-6 -0.4777372 -0.8785029 -3.65596e-6 -0.6062114 -0.7953036 3.98234e-6 -0.4777371 -0.8785029 -3.98234e-6 -0.6062114 -0.7953037 -2.53289e-6 -0.6062114 -0.7953037 3.65595e-6 -0.6062394 -0.7952824 2.54202e-6 -0.6062394 -0.7952824 -3.65595e-6 -0.7205078 -0.6934469 3.96743e-6 -0.6062398 -0.795282 -3.97116e-6 -0.7205082 -0.6934465 -2.54202e-6 -0.7205082 -0.6934465 3.65596e-6 -0.7205343 -0.6934193 2.53289e-6 -0.7205343 -0.6934193 -3.65596e-6 -0.8179184 -0.5753343 4.00841e-6 -0.7205356 -0.693418 -4.00841e-6 -0.8179195 -0.5753328 -2.53289e-6 -0.8179195 -0.5753328 3.65596e-6 -0.8179389 -0.5753051 2.55114e-6 -0.8179389 -0.5753051 -3.65596e-6 -0.8961563 -0.4437385 3.9693e-6 -0.8179401 -0.5753034 -3.97116e-6 -0.8961572 -0.4437366 -2.55114e-6 -0.8961573 -0.4437366 3.65596e-6 -0.8961737 -0.4437037 2.53289e-6 -0.8961737 -0.4437037 -2.56793e-5 -0.9533905 -0.301739 3.98792e-6 -0.8961747 -0.4437014 -3.98979e-6 -0.9533913 -0.3017367 -2.53289e-6 -0.9533913 -0.3017367 2.56793e-5 -0.9534019 -0.301703 2.53289e-6 -0.9534019 -0.301703 -3.65595e-6 -0.9882776 -0.1526679 4.00096e-6 2.26039e-6 0 1 -7.61092e-7 0 1 -1.12198e-6 0 1 5.78701e-7 0 1 -6.18503e-7 0 1 -9.29055e-7 0 1 1.12605e-6 0 1 6.18086e-7 0 1 1.34719e-6 0 1 1.54756e-7 0 1 -3.09735e-7 0 1 -6.19421e-7 0 1 1.23776e-6 0 1 1.23569e-6 0 1 1.23265e-6 0 1 1.36599e-6 0 1 2.43572e-6 0 1 -1.37352e-6 0 1 2.42224e-6 0 1 -1.3823e-6 0 1 1.39167e-6 0 1 -1.20405e-6 0 1 6.90844e-7 0 1 -6.86498e-7 0 1 -6.82771e-7 0 1 1.18938e-6 0 1 -1.22894e-6 0 1 1.69277e-7 0 1 6.17926e-7 0 1 -6.1944e-7 0 1 -1.3452e-6 0 1 3.87159e-7 0 1 1.34571e-6 0 1 1.54745e-7 0 1 -6.18006e-7 0 1 1.3651e-6 0 1 1.21868e-6 0 1 -1.37246e-6 0 1 -1.39098e-6 0 1 -6.05325e-7 0 1 -1.13847e-6 0 1 1.131e-6 0 1 1.12638e-6 0 1 1.23333e-6 0 1 -5.60824e-7 0 1 -1.15327e-6 0 1 2.81021e-7 0 1 -8.28067e-6 0 1 4.45338e-6 0 1 -0.9876912 0.1564165 3.37324e-6 -1 1.53929e-5 3.76505e-6 -1 1.53855e-5 -3.45428e-6 -1 -1.53929e-5 -2.58401e-7 -1 -1.53929e-5 3.74728e-6 -0.9876912 -0.1564165 4.14066e-6 -1 -1.6436e-5 -4.14159e-6 -0.9876911 -0.1564176 2.58401e-7 -0.9876911 -0.1564176 -3.74728e-6 -0.9876857 -0.1564518 -3.76505e-6 -0.9876857 -0.1564517 3.42727e-6 -0.9510615 -0.3090018 -3.39194e-6 -0.9510619 -0.3090008 -3.42634e-6 -0.9876859 -0.1564508 3.39194e-6 -0.9510619 -0.3090008 3.76505e-6 -0.9510513 -0.3090331 -3.76505e-6 -0.9510513 -0.3090331 3.44217e-6 -0.891014 -0.4539757 -3.37324e-6 -0.8910141 -0.4539757 -3.44496e-6 -0.9510512 -0.3090331 3.37324e-6 -0.8910141 -0.4539757 3.76505e-6 -0.8909986 -0.4540061 -3.76505e-6 -0.8909986 -0.4540061 3.43192e-6 -0.8090265 -0.5877723 -3.39194e-6 -0.8090265 -0.5877723 -3.43286e-6 -0.8909986 -0.4540061 3.39194e-6 -0.8090265 -0.5877723 3.76505e-6 -0.8090069 -0.5877991 -3.76505e-6 -0.8090069 -0.5877991 3.42447e-6 -0.7071184 -0.7070952 -3.39194e-6 -0.7071178 -0.7070958 -3.42447e-6 -0.8090065 -0.5877999 3.39194e-6 -0.7071178 -0.7070958 3.76505e-6 -0.7070959 -0.7071177 -3.76505e-6 -0.7070959 -0.7071177 3.42447e-6 -0.5877999 -0.8090063 -3.39194e-6 -0.5877991 -0.8090069 -3.42447e-6 -0.7070952 -0.7071184 3.39194e-6 -0.5877991 -0.8090069 3.76505e-6 -0.5877724 -0.8090264 -3.76505e-6 -0.5877724 -0.8090264 3.43099e-6 -0.4540063 -0.8909986 -3.39194e-6 -0.454006 -0.8909987 -3.43286e-6 -0.5877721 -0.8090266 3.39194e-6 -0.454006 -0.8909987 3.76505e-6 -0.4539758 -0.891014 -3.76505e-6 -0.4539758 -0.891014 3.4431e-6 -0.3090332 -0.9510512 -3.37324e-6 -0.3090329 -0.9510514 -3.44217e-6 -0.4539756 -0.8910142 3.37324e-6 -0.3090329 -0.9510514 3.76505e-6 -0.3090012 -0.9510617 -3.76505e-6 -0.3090012 -0.9510617 3.42727e-6 -0.1564512 -0.9876857 -2.68631e-5 -0.1564512 -0.9876857 -3.42727e-6 -0.3090012 -0.9510617 3.39194e-6 -0.1564512 -0.9876857 3.76505e-6 -0.1564168 -0.9876911 -3.76505e-6 -0.1564168 -0.9876911 3.45427e-6 -1.57505e-5 -1 -2.68257e-5 -1.57431e-5 -1 -3.45428e-6 -0.1564168 -0.9876911 3.37324e-6 -1.57431e-5 -1 3.76505e-6 1.57431e-5 -1 -3.76505e-6 1.57431e-5 -1 3.45428e-6 0.1564168 -0.9876911 -3.37324e-6 0.1564168 -0.9876911 -3.45427e-6 1.57505e-5 -1 2.68257e-5 0.1564168 -0.9876911 3.76505e-6 0.1564512 -0.9876857 -3.76505e-6 0.1564512 -0.9876857 3.42727e-6 0.3090012 -0.9510617 -3.39194e-6 0.3090012 -0.9510617 -3.42727e-6 0.1564512 -0.9876857 2.68631e-5 0.3090012 -0.9510617 3.76505e-6 0.3090329 -0.9510514 -3.76505e-6 0.3090329 -0.9510514 3.44217e-6 0.4539756 -0.8910142 -3.37324e-6 0.4539758 -0.891014 -3.4431e-6 0.3090332 -0.9510512 3.37324e-6 0.4539758 -0.891014 3.76505e-6 0.454006 -0.8909987 -3.76505e-6 0.454006 -0.8909987 3.43192e-6 0.5877722 -0.8090266 -3.39194e-6 0.5877724 -0.8090264 -3.43192e-6 0.4540062 -0.8909986 3.39194e-6 0.5877723 -0.8090264 3.76505e-6 0.5877991 -0.8090069 -3.76505e-6 0.5877991 -0.8090069 3.42447e-6 0.7070952 -0.7071184 -3.39194e-6 0.7070959 -0.7071177 -3.42447e-6 0.5877999 -0.8090063 3.39194e-6 0.7070959 -0.7071177 3.76505e-6 0.7071179 -0.7070958 -3.76505e-6 0.7071179 -0.7070958 3.42447e-6 0.8090064 -0.5877998 -3.39194e-6 0.8090069 -0.5877992 -3.42354e-6 0.7071183 -0.7070953 3.39194e-6 0.8090069 -0.5877992 3.76505e-6 0.8090265 -0.5877723 -3.76505e-6 0.8090265 -0.5877723 3.43192e-6 0.8909986 -0.4540061 -3.39194e-6 0.8909986 -0.4540061 -3.43286e-6 0.8090265 -0.5877723 3.39194e-6 0.8909986 -0.4540061 3.76505e-6 0.891014 -0.4539757 -3.76505e-6 0.891014 -0.4539757 3.44217e-6 0.9510513 -0.3090331 -3.37324e-6 0.9510512 -0.3090331 -3.44496e-6 0.8910141 -0.4539757 3.37324e-6 0.9510512 -0.3090331 3.76505e-6 0.9510619 -0.3090008 -3.76505e-6 0.9510619 -0.3090008 3.42634e-6 0.9876859 -0.1564508 -3.39194e-6 0.9876857 -0.1564517 -3.42727e-6 0.9510615 -0.3090018 3.39194e-6 0.9876857 -0.1564518 3.76505e-6 0.9876911 -0.1564176 -3.76505e-6 0.9876911 -0.1564176 3.45428e-6 1 -1.64434e-5 -3.37324e-6 1 -1.53855e-5 -3.45428e-6 0.9876912 -0.1564165 3.37324e-6 1 -1.53929e-5 3.76505e-6 1 1.54153e-5 -3.76505e-6 1 1.54078e-5 3.45428e-6 0.9876912 0.1564165 -3.37324e-6 0.9876911 0.1564175 -3.45428e-6 1 1.64285e-5 3.37324e-6 0.9876911 0.1564176 3.76505e-6 0.9876857 0.1564518 -3.76505e-6 0.9876857 0.1564517 3.42727e-6 0.9510615 0.3090018 -3.39194e-6 0.9510619 0.3090008 -3.42634e-6 0.9876859 0.1564508 3.39194e-6 0.9510619 0.3090008 3.76505e-6 0.9510513 0.3090331 -3.76505e-6 0.9510513 0.3090331 3.44217e-6 0.891014 0.4539757 -3.37324e-6 0.8910141 0.4539757 -3.44496e-6 0.9510512 0.3090331 3.37324e-6 0.8910141 0.4539757 3.76505e-6 0.8909986 0.4540061 -3.76505e-6 0.8909986 0.4540061 3.43192e-6 0.8090265 0.5877723 -3.39194e-6 0.8090265 0.5877723 -3.43286e-6 0.8909986 0.4540061 3.39194e-6 0.8090265 0.5877723 3.76505e-6 0.8090069 0.5877991 -3.76505e-6 0.8090069 0.5877991 3.42447e-6 0.7071184 0.7070952 -3.39194e-6 0.7071178 0.7070958 -3.42447e-6 0.8090065 0.5877999 3.39194e-6 0.7071178 0.7070958 3.76505e-6 0.7070959 0.7071177 -3.76505e-6 0.7070959 0.7071177 3.42447e-6 0.5877999 0.8090063 -3.39194e-6 0.5877991 0.8090069 -3.42447e-6 0.7070952 0.7071184 3.39194e-6 0.5877991 0.8090069 3.76505e-6 0.5877724 0.8090264 -3.76505e-6 0.5877724 0.8090264 3.43099e-6 0.4540063 0.8909986 -3.39194e-6 0.454006 0.8909987 -3.43286e-6 0.5877721 0.8090266 3.39194e-6 0.454006 0.8909987 3.76505e-6 0.4539758 0.891014 -3.76505e-6 0.4539758 0.891014 3.4431e-6 0.3090332 0.9510512 -3.37324e-6 0.3090329 0.9510514 -3.44217e-6 0.4539756 0.8910142 3.37324e-6 0.3090329 0.9510514 3.76505e-6 0.3090012 0.9510617 -3.76505e-6 0.3090012 0.9510617 3.42727e-6 0.1564512 0.9876857 -2.68631e-5 0.1564512 0.9876857 -3.42727e-6 0.3090012 0.9510617 3.39194e-6 0.1564512 0.9876857 3.76505e-6 0.1564168 0.9876911 -3.76505e-6 0.1564168 0.9876911 3.45427e-6 1.57505e-5 1 -2.68257e-5 1.57431e-5 1 -3.45428e-6 0.1564168 0.9876911 3.37324e-6 1.57431e-5 1 3.76505e-6 -1.57431e-5 1 -3.76505e-6 -1.57431e-5 1 3.45428e-6 -0.1564168 0.9876911 -3.37324e-6 -0.1564168 0.9876911 -3.45427e-6 -1.57505e-5 1 2.68257e-5 -0.1564168 0.9876911 3.76505e-6 -0.1564512 0.9876857 -3.76505e-6 -0.1564512 0.9876857 3.42727e-6 -0.3090012 0.9510617 -3.39194e-6 -0.3090012 0.9510617 -3.42727e-6 -0.1564512 0.9876857 2.68631e-5 -0.3090012 0.9510617 3.76505e-6 -0.3090329 0.9510514 -3.76505e-6 -0.3090329 0.9510514 3.44217e-6 -0.4539756 0.8910142 -3.37324e-6 -0.4539758 0.891014 -3.4431e-6 -0.3090332 0.9510512 3.37324e-6 -0.4539758 0.891014 3.76505e-6 -0.454006 0.8909987 -3.76505e-6 -0.454006 0.8909987 3.43192e-6 -0.5877722 0.8090266 -3.39194e-6 -0.5877724 0.8090264 -3.43192e-6 -0.4540062 0.8909986 3.39194e-6 -0.5877723 0.8090264 3.76505e-6 -0.5877991 0.8090069 -3.76505e-6 -0.5877991 0.8090069 3.42447e-6 -0.7070952 0.7071184 -3.39194e-6 -0.7070959 0.7071177 -3.42447e-6 -0.5877999 0.8090063 3.39194e-6 -0.7070959 0.7071177 3.76505e-6 -0.7071179 0.7070958 -3.76505e-6 -0.7071179 0.7070958 3.42447e-6 -0.8090064 0.5877998 -3.39194e-6 -0.8090069 0.5877992 -3.42354e-6 -0.7071183 0.7070953 3.39194e-6 -0.8090069 0.5877992 3.76505e-6 -0.8090265 0.5877723 -3.76505e-6 -0.8090265 0.5877723 3.43192e-6 -0.8909986 0.4540061 -3.39194e-6 -0.8909986 0.4540061 -3.43286e-6 -0.8090265 0.5877723 3.39194e-6 -0.8909986 0.4540061 3.76505e-6 -0.891014 0.4539757 -3.76505e-6 -0.891014 0.4539757 3.44217e-6 -0.9510513 0.3090331 -3.37324e-6 -0.9510512 0.3090331 -3.44496e-6 -0.8910141 0.4539757 3.37324e-6 -0.9510512 0.3090331 3.76505e-6 -0.9510619 0.3090008 -3.76505e-6 -0.9510619 0.3090008 3.42634e-6 -0.9876859 0.1564508 -3.39194e-6 -0.9876857 0.1564517 -3.42727e-6 -0.9510615 0.3090018 3.39194e-6 -0.9876857 0.1564518 3.76505e-6 -0.9876911 0.1564176 -3.76505e-6 -0.9876911 0.1564176 3.45428e-6 -1 1.64434e-5 -3.37324e-6 -0.9882834 0.1526303 -3.67329e-6 -0.9882834 0.1526303 -6.50622e-6 -1 1.82614e-5 2.34708e-6 -1 1.82688e-5 6.50622e-6 -0.9882834 0.1526303 2.49494e-5 -1 1.82539e-5 3.67329e-6 -1 -1.82539e-5 -3.67329e-6 -1 -1.82688e-5 -6.50622e-6 -0.9882834 -0.1526303 6.50622e-6 -1 -1.82614e-5 -2.34708e-6 -0.9882834 -0.1526303 3.67329e-6 -0.9882774 -0.1526691 -2.53289e-6 -0.9882774 -0.1526691 3.65595e-6 -0.9534016 -0.3017041 -3.99351e-6 -0.9882774 0.1526691 -3.65595e-6 -0.9534016 0.3017041 3.99351e-6 -0.9882774 0.1526691 2.53289e-6 -0.9882776 0.1526678 -3.99724e-6 -0.9534021 0.3017028 -2.53289e-6 -0.9534021 0.3017028 3.65595e-6 -0.9533914 0.3017368 2.54202e-6 -0.9533914 0.3017368 -3.65596e-6 -0.8961746 0.4437016 3.9842e-6 -0.9533907 0.3017387 -3.98047e-6 -0.8961737 0.4437033 -2.54202e-6 -0.8961737 0.4437033 3.65596e-6 -0.896157 0.4437372 2.55114e-6 -0.896157 0.4437372 -3.65595e-6 -0.8179397 0.5753039 3.95812e-6 -0.896157 0.4437372 -3.96185e-6 -0.8179398 0.575304 -2.55114e-6 -0.8179398 0.575304 3.65595e-6 -0.8179184 0.5753344 2.53289e-6 -0.8179184 0.5753344 -3.65595e-6 -0.7205342 0.6934195 4.00655e-6 -0.817919 0.5753335 -4.00469e-6 -0.7205349 0.6934187 -2.53289e-6 -0.7205349 0.6934187 3.65595e-6 -0.7205077 0.6934471 2.54202e-6 -0.7205077 0.6934471 -3.65595e-6 -0.6062391 0.7952825 3.98792e-6 -0.7205079 0.6934466 -3.98606e-6 -0.6062395 0.7952822 -2.54202e-6 -0.6062395 0.7952822 3.65595e-6 -0.6062119 0.7953032 2.53289e-6 -0.6062119 0.7953032 -3.65596e-6 -0.4777378 0.8785026 3.98979e-6 -0.6062116 0.7953035 -3.98979e-6 -0.4777374 0.8785027 -2.53289e-6 -0.4777374 0.8785027 3.65595e-6 -0.4777032 0.8785213 2.53289e-6 -0.4777032 0.8785213 -3.65595e-6 -0.3380343 0.9411339 3.99165e-6 -0.4777032 0.8785213 -3.99165e-6 -0.3380343 0.9411339 -2.53289e-6 -0.3380343 0.9411339 3.65595e-6 -0.3379989 0.9411466 2.55114e-6 -0.3379989 0.9411465 -3.65595e-6 -0.190409 0.9817048 3.95998e-6 -0.3379989 0.9411466 -3.95998e-6 -0.190409 0.9817048 -2.55114e-6 -0.190409 0.9817048 3.65595e-6 -0.03832095 0.9992656 4.01773e-6 -0.1903723 0.981712 -4.01773e-6 -0.03832095 0.9992655 -2.51465e-6 -0.03832095 0.9992655 3.65595e-6 -0.03828537 0.9992669 2.54202e-6 -0.03828537 0.9992669 -3.65595e-6 0.1146635 0.9934044 3.97488e-6 -0.03828537 0.9992669 -3.97488e-6 0.1146635 0.9934044 -2.54202e-6 0.1146635 0.9934044 3.65595e-6 0.114703 0.9933999 2.55114e-6 0.114703 0.9933999 -3.65595e-6 0.2649645 0.9642582 3.97116e-6 0.114703 0.9933999 -3.97116e-6 0.2649645 0.9642582 -2.55114e-6 0.2649645 0.9642582 3.65595e-6 0.2649991 0.9642487 2.53289e-6 0.2649991 0.9642487 -2.56793e-5 0.4090511 0.9125115 4.00096e-6 0.264999 0.9642487 -3.99724e-6 0.409051 0.9125115 -2.53289e-6 0.409051 0.9125115 3.65595e-6 0.409086 0.9124959 2.54202e-6 0.409086 0.9124959 -3.65595e-6 0.5435522 0.8393754 3.98606e-6 0.4090865 0.9124957 -3.98792e-6 0.5435526 0.8393752 -2.54202e-6 0.5435526 0.8393752 3.65595e-6 0.5435839 0.8393548 2.54202e-6 0.5435839 0.8393548 -2.56793e-5 0.6653124 0.7465652 3.97302e-6 0.5435835 0.8393552 -3.97116e-6 0.665312 0.7465655 -2.54202e-6 0.665312 0.7465655 2.56793e-5 0.6653384 0.7465419 2.53289e-6 0.6653384 0.7465419 -3.65595e-6 0.7714762 0.6362582 3.9991e-6 0.665338 0.7465423 -4.00096e-6 0.7714759 0.6362586 -2.53289e-6 0.7714759 0.6362586 3.65595e-6 0.7715015 0.6362276 2.54202e-6 0.7715015 0.6362276 -3.65595e-6 0.8595604 0.5110343 3.98606e-6 0.7715011 0.636228 -3.9842e-6 0.8595601 0.5110348 -2.54202e-6 0.8595601 0.5110348 3.65595e-6 0.8595798 0.5110015 2.55114e-6 0.8595798 0.5110015 -3.65595e-6 0.927496 0.3738332 3.97116e-6 0.8595793 0.5110027 -3.96743e-6 0.9274955 0.3738344 -2.55114e-6 0.9274955 0.3738344 3.65595e-6 0.92751 0.3737984 2.53289e-6 0.92751 0.3737984 -3.65595e-6 0.9736916 0.2278704 3.99724e-6 0.9275094 0.3737998 -3.99537e-6 0.9736913 0.2278717 -2.53289e-6 0.9736913 0.2278717 3.65595e-6 0.9736998 0.2278354 2.54202e-6 0.9736998 0.2278354 -3.65595e-6 0.9970644 0.07656794 3.98234e-6 0.9736998 0.2278354 -3.9842e-6 0.9970644 0.07656794 -2.54202e-6 0.9970644 0.07656794 3.65596e-6 0.9970673 -0.07653057 4.00469e-6 0.9970673 0.07653057 -4.00469e-6 0.9970644 -0.07656794 2.54202e-6 0.9970644 -0.07656794 -3.65596e-6 0.9736998 -0.2278354 3.9842e-6 0.9970644 -0.07656794 -3.98234e-6 0.9736998 -0.2278354 -2.54202e-6 0.9736998 -0.2278354 3.65595e-6 0.9736913 -0.2278717 2.53289e-6 0.9736913 -0.2278717 -3.65595e-6 0.9275094 -0.3737998 3.99537e-6 0.9736916 -0.2278704 -3.99724e-6 0.92751 -0.3737984 -2.53289e-6 0.92751 -0.3737984 3.65595e-6 0.9274955 -0.3738344 2.55114e-6 0.9274955 -0.3738344 -3.65595e-6 0.8595793 -0.5110027 3.96743e-6 0.927496 -0.3738332 -3.97116e-6 0.8595798 -0.5110015 -2.55114e-6 0.8595798 -0.5110015 3.65595e-6 0.8595601 -0.5110348 2.54202e-6 0.8595601 -0.5110348 -3.65595e-6 0.7715011 -0.636228 3.9842e-6 0.8595604 -0.5110343 -3.98606e-6 0.7715015 -0.6362276 -2.54202e-6 0.7715015 -0.6362276 3.65595e-6 0.7714759 -0.6362586 2.53289e-6 0.7714759 -0.6362586 -3.65595e-6 0.665338 -0.7465423 4.00096e-6 0.7714762 -0.6362582 -3.9991e-6 0.6653384 -0.7465419 -2.53289e-6 0.6653384 -0.7465419 3.65595e-6 0.665312 -0.7465655 2.54202e-6 0.665312 -0.7465655 -2.56793e-5 0.5435835 -0.8393552 3.97116e-6 0.6653124 -0.7465652 -3.97302e-6 0.5435839 -0.8393548 -2.54202e-6 0.5435839 -0.8393548 2.56793e-5 0.5435526 -0.8393752 2.54202e-6 0.5435526 -0.8393752 -3.65595e-6 0.4090865 -0.9124957 3.98792e-6 0.5435522 -0.8393754 -3.98606e-6 0.409086 -0.9124959 -2.54202e-6 0.409086 -0.9124959 3.65595e-6 0.409051 -0.9125115 2.53289e-6 0.409051 -0.9125115 -3.65595e-6 0.264999 -0.9642487 3.99724e-6 0.4090511 -0.9125115 -4.00096e-6 0.2649991 -0.9642487 -2.53289e-6 0.2649991 -0.9642487 2.56793e-5 0.2649645 -0.9642582 2.55114e-6 0.2649645 -0.9642582 -3.65595e-6 0.114703 -0.9933999 3.97116e-6 0.2649645 -0.9642582 -3.97116e-6 0.114703 -0.9933999 -2.55114e-6 0.114703 -0.9933999 3.65595e-6 0.1146635 -0.9934044 2.54202e-6 0.1146635 -0.9934044 -3.65595e-6 -0.03828537 -0.9992669 3.97488e-6 0.1146635 -0.9934044 -3.97488e-6 -0.03828537 -0.9992669 -2.54202e-6 -0.03828537 -0.9992669 3.65595e-6 -0.03832095 -0.9992655 2.51465e-6 -0.03832095 -0.9992655 -3.65595e-6 -0.1903723 -0.981712 4.01773e-6 -0.03832095 -0.9992656 -4.01773e-6 -0.1903723 -0.9817121 -2.51465e-6 -0.1903723 -0.9817121 3.65595e-6 -0.190409 -0.9817048 2.55114e-6 -0.190409 -0.9817048 -3.65595e-6 -0.3379989 -0.9411466 3.95998e-6 -0.190409 -0.9817048 -3.95998e-6 -0.3379989 -0.9411466 -2.55114e-6 -0.3379989 -0.9411465 3.65595e-6 -0.3380343 -0.9411339 2.53289e-6 -0.3380343 -0.9411339 -3.65595e-6 -0.4777032 -0.8785213 3.99165e-6 -0.3380343 -0.9411339 -3.99165e-6 -0.4777032 -0.8785213 -2.53289e-6 -0.4777032 -0.8785213 3.65595e-6 -0.4777374 -0.8785027 2.53289e-6 -0.4777374 -0.8785027 -3.65595e-6 -0.6062116 -0.7953035 3.98979e-6 -0.4777378 -0.8785026 -3.98979e-6 -0.6062119 -0.7953032 -2.53289e-6 -0.6062119 -0.7953032 3.65596e-6 -0.6062395 -0.7952822 2.54202e-6 -0.6062395 -0.7952822 -3.65595e-6 -0.7205079 -0.6934466 3.98606e-6 -0.6062391 -0.7952825 -3.98792e-6 -0.7205077 -0.6934471 -2.54202e-6 -0.7205077 -0.6934471 3.65595e-6 -0.7205349 -0.6934187 2.53289e-6 -0.7205349 -0.6934187 -3.65595e-6 -0.817919 -0.5753335 4.00469e-6 -0.7205342 -0.6934195 -4.00655e-6 -0.8179184 -0.5753344 -2.53289e-6 -0.8179184 -0.5753344 3.65595e-6 -0.8179398 -0.575304 2.55114e-6 -0.8179398 -0.575304 -3.65595e-6 -0.896157 -0.4437372 3.96185e-6 -0.8179397 -0.5753039 -3.95812e-6 -0.896157 -0.4437372 -2.55114e-6 -0.896157 -0.4437372 3.65595e-6 -0.8961737 -0.4437033 2.54202e-6 -0.8961737 -0.4437033 -3.65596e-6 -0.9533907 -0.3017387 3.98047e-6 -0.8961746 -0.4437016 -3.9842e-6 -0.9533914 -0.3017368 -2.54202e-6 -0.9533914 -0.3017368 3.65596e-6 -0.9534021 -0.3017028 2.53289e-6 -0.9534021 -0.3017028 -3.65595e-6 -0.9882776 -0.1526678 3.99724e-6 4.9281e-7 0 1 -5.14535e-7 0 1 5.2488e-7 0 1 2.67185e-7 0 1 -2.34013e-7 0 1 0 0 1 1.36681e-7 0 1 0 0 1 0 0 1 0 0 1 0 0 1 0 0 1 2.2785e-7 0 1 -1.39782e-7 0 1 2.26301e-7 0 1 -1.40847e-7 0 1 -2.82501e-7 0 1 -4.5048e-7 0 1 -2.82501e-7 0 1 -2.81694e-7 0 1 -1.39782e-7 0 1 1.39126e-7 0 1 1.38387e-7 0 1 0 0 1 0 0 1 1.66991e-7 0 1 4.18264e-7 0 1 0 0 1 -3.07515e-7 0 1 0 0 1</float_array>
          <technique_common>
            <accessor source="#EDF_housing-mesh-normals-array" count="4943" stride="3">
              <param name="X" type="float"/>
              <param name="Y" type="float"/>
              <param name="Z" type="float"/>
            </accessor>
          </technique_common>
        </source>
        <source id="EDF_housing-mesh-map-0">
          <float_array id="EDF_housing-mesh-map-0-array" count="12864">0.579555 -0.155291 1.152423 -0.2292309 0.6 0 0.6 0 1.152423 -0.2292309 1.175 0 0.6 0 1.175 0 1.152423 0.2292309 1.152423 -0.2292309 0.579555 -0.155291 1.085558 -0.449653 1.085558 -0.449653 0.579555 -0.155291 0.519615 -0.3 1.085558 -0.449653 0.519615 -0.3 0.976977 -0.652795 0.976977 -0.652795 0.519615 -0.3 0.424264 -0.424264 0.976977 -0.652795 0.424264 -0.424264 0.83085 -0.83085 0.83085 -0.83085 0.424264 -0.424264 0.652795 -0.976977 0.652795 -0.976977 0.424264 -0.424264 0.3 -0.519615 0.652795 -0.976977 0.3 -0.519615 0.449653 -1.085558 0.449653 -1.085558 0.3 -0.519615 0.155291 -0.579555 0.449653 -1.085558 0.155291 -0.579555 0.2292309 -1.152423 0.2292309 -1.152423 0.155291 -0.579555 0 -0.6 0.2292309 -1.152423 0 -0.6 0 -1.175 0 -1.175 0 -0.6 -0.2292309 -1.152423 -0.2292309 -1.152423 0 -0.6 -0.155291 -0.579555 -0.2292309 -1.152423 -0.155291 -0.579555 -0.449653 -1.085558 -0.449653 -1.085558 -0.155291 -0.579555 -0.3 -0.519615 -0.449653 -1.085558 -0.3 -0.519615 -0.652795 -0.976977 -0.652795 -0.976977 -0.3 -0.519615 -0.424264 -0.424264 -0.652795 -0.976977 -0.424264 -0.424264 -0.83085 -0.83085 -0.83085 -0.83085 -0.424264 -0.424264 -0.976977 -0.652795 -0.976977 -0.652795 -0.424264 -0.424264 -0.519615 -0.3 -0.976977 -0.652795 -0.519615 -0.3 -1.085558 -0.449653 -1.085558 -0.449653 -0.519615 -0.3 -0.579555 -0.155291 -1.085558 -0.449653 -0.579555 -0.155291 -1.152423 -0.2292309 -1.152423 -0.2292309 -0.579555 -0.155291 -0.6 0 -1.152423 -0.2292309 -0.6 0 -1.175 0 -1.175 0 -0.6 0 -1.152423 0.2292309 -1.152423 0.2292309 -0.6 0 -0.579555 0.155291 -1.152423 0.2292309 -0.579555 0.155291 -1.085558 0.449653 -1.085558 0.449653 -0.579555 0.155291 -0.519615 0.3 -1.085558 0.449653 -0.519615 0.3 -0.976977 0.652795 -0.976977 0.652795 -0.519615 0.3 -0.424264 0.424264 -0.976977 0.652795 -0.424264 0.424264 -0.83085 0.83085 -0.83085 0.83085 -0.424264 0.424264 -0.652795 0.976977 -0.652795 0.976977 -0.424264 0.424264 -0.3 0.519615 -0.652795 0.976977 -0.3 0.519615 -0.449653 1.085558 -0.449653 1.085558 -0.3 0.519615 -0.155291 0.579555 -0.449653 1.085558 -0.155291 0.579555 -0.2292309 1.152423 -0.2292309 1.152423 -0.155291 0.579555 0 0.6 -0.2292309 1.152423 0 0.6 0 1.175 0 1.175 0 0.6 0.2292309 1.152423 0.2292309 1.152423 0 0.6 0.155291 0.579555 0.2292309 1.152423 0.155291 0.579555 0.449653 1.085558 0.449653 1.085558 0.155291 0.579555 0.3 0.519615 0.449653 1.085558 0.3 0.519615 0.652795 0.976977 0.652795 0.976977 0.3 0.519615 0.424264 0.424264 0.652795 0.976977 0.424264 0.424264 0.83085 0.83085 0.83085 0.83085 0.424264 0.424264 0.976977 0.652795 0.976977 0.652795 0.424264 0.424264 0.519615 0.3 0.976977 0.652795 0.519615 0.3 1.085558 0.449653 1.085558 0.449653 0.519615 0.3 0.579555 0.155291 1.085558 0.449653 0.579555 0.155291 1.152423 0.2292309 1.152423 0.2292309 0.579555 0.155291 0.6 0 -0.775597 -0.09789597 -0.775758 -0.07853996 -1.226249 -0.07853996 -1.226249 -0.07853996 -0.775758 -0.07853996 -0.775597 -0.05918395 -1.226249 -0.07853996 -0.775597 -0.05918395 -1.226249 -0.05235999 -1.226249 -0.05235999 -0.775597 -0.05918395 -0.775134 -0.03926098 -1.226249 -0.05235999 -0.775134 -0.03926098 -1.226249 -0.02617996 -1.226249 -0.02617996 -0.775134 -0.03926098 -0.774431 -0.01934295 -1.226249 -0.02617996 -0.774431 -0.01934295 -1.226249 0 -1.226249 0 -0.774431 -0.01934295 -0.773628 0 -1.226249 0 -0.773628 0 -0.772825 0.01934295 -1.226249 0 -0.772825 0.01934295 -1.226249 0.02617996 -1.226249 0.02617996 -0.772825 0.01934295 -0.772121 0.03926098 -1.226249 0.02617996 -0.772121 0.03926098 -1.226249 0.05235999 -1.226249 0.05235999 -0.772121 0.03926098 -0.771657 0.05918395 -1.226249 0.05235999 -0.771657 0.05918395 -2.133785 0.07853996 -2.133785 0.07853996 -0.771657 0.05918395 -0.771495 0.07853996 -1.226249 0.05235999 -2.133785 0.07853996 -1.681004 0.05235999 -1.681004 0.05235999 -2.133785 0.07853996 -2.13386 0.05918896 -1.681004 0.05235999 -2.13386 0.05918896 -2.134074 0.03926795 -1.681004 0.05235999 -2.134074 0.03926795 -1.681004 0.02617996 -1.681004 0.02617996 -2.134074 0.03926795 -2.1344 0.01934796 -1.681004 0.02617996 -2.1344 0.01934796 -1.681004 0 -1.681004 0 -2.1344 0.01934796 -2.134772 0 -1.681004 0 -2.134772 0 -2.135144 -0.01934796 -1.681004 0 -2.135144 -0.01934796 -1.681004 -0.02617996 -1.681004 -0.02617996 -2.135144 -0.01934796 -2.135469 -0.03926795 -1.681004 -0.02617996 -2.135469 -0.03926795 -1.681004 -0.05235999 -1.681004 -0.05235999 -2.135469 -0.03926795 -2.135683 -0.05918896 -1.681004 -0.05235999 -2.135683 -0.05918896 -1.681004 -0.07853996 -1.681004 -0.07853996 -2.135683 -0.05918896 -2.135758 -0.07853996 -1.681004 -0.07853996 -2.135758 -0.07853996 -2.135683 -0.09788995 -1.681004 -0.07853996 -2.135683 -0.09788995 -1.681004 -0.1047199 -1.681004 -0.1047199 -2.135683 -0.09788995 -2.135469 -0.117812 -1.681004 -0.1047199 -2.135469 -0.117812 -1.681004 -0.1309 -1.681004 -0.1309 -2.135469 -0.117812 -2.135144 -0.137732 -1.681004 -0.1309 -2.135144 -0.137732 -1.681004 -0.1570799 -1.681004 -0.1570799 -2.135144 -0.137732 -2.134772 -0.1570799 -1.681004 -0.1570799 -2.134772 -0.1570799 -2.1344 -0.176427 -1.681004 -0.1570799 -2.1344 -0.176427 -1.681004 -0.18326 -1.681004 -0.18326 -2.1344 -0.176427 -2.134074 -0.196348 -1.681004 -0.18326 -2.134074 -0.196348 -1.681004 -0.2094399 -1.681004 -0.2094399 -2.134074 -0.196348 -2.13386 -0.216269 -1.681004 -0.2094399 -2.13386 -0.216269 -0.771495 -0.235619 -0.771495 -0.235619 -2.13386 -0.216269 -2.133785 -0.235619 -1.681004 -0.2094399 -0.771495 -0.235619 -1.226249 -0.2094399 -1.226249 -0.2094399 -0.771495 -0.235619 -0.771657 -0.2162629 -1.226249 -0.2094399 -0.771657 -0.2162629 -0.772121 -0.19634 -1.226249 -0.2094399 -0.772121 -0.19634 -1.226249 -0.18326 -1.226249 -0.18326 -0.772121 -0.19634 -0.772825 -0.1764219 -1.226249 -0.18326 -0.772825 -0.1764219 -1.226249 -0.1570799 -1.226249 -0.1570799 -0.772825 -0.1764219 -0.773628 -0.1570799 -1.226249 -0.1570799 -0.773628 -0.1570799 -0.774431 -0.137737 -1.226249 -0.1570799 -0.774431 -0.137737 -1.226249 -0.1309 -1.226249 -0.1309 -0.774431 -0.137737 -0.775134 -0.117819 -1.226249 -0.1309 -0.775134 -0.117819 -1.226249 -0.1047199 -1.226249 -0.1047199 -0.775134 -0.117819 -0.775597 -0.09789597 -1.226249 -0.1047199 -0.775597 -0.09789597 -1.226249 -0.07853996 -1.226249 -0.05235999 -1.681004 -0.05235999 -1.226249 -0.07853996 -1.226249 -0.07853996 -1.681004 -0.05235999 -1.681004 -0.07853996 -1.226249 -0.07853996 -1.681004 -0.07853996 -1.226249 -0.1047199 -1.226249 -0.1047199 -1.681004 -0.07853996 -1.681004 -0.1047199 -1.226249 -0.1047199 -1.681004 -0.1047199 -1.226249 -0.1309 -1.226249 -0.1309 -1.681004 -0.1047199 -1.681004 -0.1309 -1.226249 -0.1309 -1.681004 -0.1309 -1.681004 -0.1570799 -1.681004 -0.05235999 -1.226249 -0.05235999 -1.681004 -0.02617996 -1.681004 -0.02617996 -1.226249 -0.05235999 -1.226249 -0.02617996 -1.681004 -0.02617996 -1.226249 -0.02617996 -1.681004 0 -1.681004 0 -1.226249 -0.02617996 -1.226249 0 -1.681004 0 -1.226249 0 -1.681004 0.02617996 -1.681004 0.02617996 -1.226249 0 -1.226249 0.02617996 -1.681004 0.02617996 -1.226249 0.02617996 -1.681004 0.05235999 -1.681004 0.05235999 -1.226249 0.02617996 -1.226249 0.05235999 -1.226249 -0.1570799 -1.226249 -0.1309 -1.681004 -0.1570799 -1.226249 -0.18326 -1.226249 -0.1570799 -1.681004 -0.18326 -1.681004 -0.18326 -1.226249 -0.1570799 -1.681004 -0.1570799 -1.226249 -0.2094399 -1.226249 -0.18326 -1.681004 -0.18326 -1.681004 -0.2094399 -1.226249 -0.2094399 -1.681004 -0.18326 0.372253 1.05 1.425119 0.644349 1.734543 1.05 1.734543 1.05 1.425119 0.644349 1.570224 0.719784 1.734543 1.05 1.570224 0.719784 1.734543 0.805248 0.372253 0.09908795 0.562416 0.1971 0.372253 1.05 0.372253 1.05 0.562416 0.1971 0.6801 0.257911 0.372253 1.05 0.6801 0.257911 0.818078 0.329319 0.818078 0.329319 0.982131 0.414339 0.372253 1.05 0.372253 1.05 0.982131 0.414339 1.180462 0.517254 0.372253 1.05 1.180462 0.517254 1.425119 0.644349 -0.775597 -0.09789597 -0.775758 -0.07853996 -1.226249 -0.07853996 -1.226249 -0.07853996 -0.775758 -0.07853996 -0.775597 -0.05918395 -1.226249 -0.07853996 -0.775597 -0.05918395 -1.226249 -0.05235999 -1.226249 -0.05235999 -0.775597 -0.05918395 -0.775134 -0.03926098 -1.226249 -0.05235999 -0.775134 -0.03926098 -1.226249 -0.02617996 -1.226249 -0.02617996 -0.775134 -0.03926098 -0.774431 -0.01934295 -1.226249 -0.02617996 -0.774431 -0.01934295 -1.226249 0 -1.226249 0 -0.774431 -0.01934295 -0.773628 0 -1.226249 0 -0.773628 0 -0.772825 0.01934295 -1.226249 0 -0.772825 0.01934295 -1.226249 0.02617996 -1.226249 0.02617996 -0.772825 0.01934295 -0.772121 0.03926098 -1.226249 0.02617996 -0.772121 0.03926098 -1.226249 0.05235999 -1.226249 0.05235999 -0.772121 0.03926098 -0.771657 0.05918395 -1.226249 0.05235999 -0.771657 0.05918395 -2.133785 0.07853996 -2.133785 0.07853996 -0.771657 0.05918395 -0.771495 0.07853996 -1.226249 0.05235999 -2.133785 0.07853996 -1.681004 0.05235999 -1.681004 0.05235999 -2.133785 0.07853996 -2.13386 0.05918896 -1.681004 0.05235999 -2.13386 0.05918896 -2.134074 0.03926795 -1.681004 0.05235999 -2.134074 0.03926795 -1.681004 0.02617996 -1.681004 0.02617996 -2.134074 0.03926795 -2.1344 0.01934796 -1.681004 0.02617996 -2.1344 0.01934796 -1.681004 0 -1.681004 0 -2.1344 0.01934796 -2.134772 0 -1.681004 0 -2.134772 0 -2.135144 -0.01934796 -1.681004 0 -2.135144 -0.01934796 -1.681004 -0.02617996 -1.681004 -0.02617996 -2.135144 -0.01934796 -2.135469 -0.03926795 -1.681004 -0.02617996 -2.135469 -0.03926795 -1.681004 -0.05235999 -1.681004 -0.05235999 -2.135469 -0.03926795 -2.135683 -0.05918896 -1.681004 -0.05235999 -2.135683 -0.05918896 -1.681004 -0.07853996 -1.681004 -0.07853996 -2.135683 -0.05918896 -2.135758 -0.07853996 -1.681004 -0.07853996 -2.135758 -0.07853996 -2.135683 -0.09788995 -1.681004 -0.07853996 -2.135683 -0.09788995 -1.681004 -0.1047199 -1.681004 -0.1047199 -2.135683 -0.09788995 -2.135469 -0.117812 -1.681004 -0.1047199 -2.135469 -0.117812 -1.681004 -0.1309 -1.681004 -0.1309 -2.135469 -0.117812 -2.135144 -0.137732 -1.681004 -0.1309 -2.135144 -0.137732 -1.681004 -0.1570799 -1.681004 -0.1570799 -2.135144 -0.137732 -2.134772 -0.1570799 -1.681004 -0.1570799 -2.134772 -0.1570799 -2.1344 -0.176427 -1.681004 -0.1570799 -2.1344 -0.176427 -1.681004 -0.18326 -1.681004 -0.18326 -2.1344 -0.176427 -2.134074 -0.196348 -1.681004 -0.18326 -2.134074 -0.196348 -1.681004 -0.2094399 -1.681004 -0.2094399 -2.134074 -0.196348 -2.13386 -0.216269 -1.681004 -0.2094399 -2.13386 -0.216269 -0.771495 -0.235619 -0.771495 -0.235619 -2.13386 -0.216269 -2.133785 -0.235619 -1.681004 -0.2094399 -0.771495 -0.235619 -1.226249 -0.2094399 -1.226249 -0.2094399 -0.771495 -0.235619 -0.771657 -0.2162629 -1.226249 -0.2094399 -0.771657 -0.2162629 -0.772121 -0.19634 -1.226249 -0.2094399 -0.772121 -0.19634 -1.226249 -0.18326 -1.226249 -0.18326 -0.772121 -0.19634 -0.772825 -0.1764219 -1.226249 -0.18326 -0.772825 -0.1764219 -1.226249 -0.1570799 -1.226249 -0.1570799 -0.772825 -0.1764219 -0.773628 -0.1570799 -1.226249 -0.1570799 -0.773628 -0.1570799 -0.774431 -0.137737 -1.226249 -0.1570799 -0.774431 -0.137737 -1.226249 -0.1309 -1.226249 -0.1309 -0.774431 -0.137737 -0.775134 -0.117819 -1.226249 -0.1309 -0.775134 -0.117819 -1.226249 -0.1047199 -1.226249 -0.1047199 -0.775134 -0.117819 -0.775597 -0.09789597 -1.226249 -0.1047199 -0.775597 -0.09789597 -1.226249 -0.07853996 -1.226249 -0.05235999 -1.681004 -0.05235999 -1.226249 -0.07853996 -1.226249 -0.07853996 -1.681004 -0.05235999 -1.681004 -0.07853996 -1.226249 -0.07853996 -1.681004 -0.07853996 -1.226249 -0.1047199 -1.226249 -0.1047199 -1.681004 -0.07853996 -1.681004 -0.1047199 -1.226249 -0.1047199 -1.681004 -0.1047199 -1.226249 -0.1309 -1.226249 -0.1309 -1.681004 -0.1047199 -1.681004 -0.1309 -1.226249 -0.1309 -1.681004 -0.1309 -1.681004 -0.1570799 -1.681004 -0.05235999 -1.226249 -0.05235999 -1.681004 -0.02617996 -1.681004 -0.02617996 -1.226249 -0.05235999 -1.226249 -0.02617996 -1.681004 -0.02617996 -1.226249 -0.02617996 -1.681004 0 -1.681004 0 -1.226249 -0.02617996 -1.226249 0 -1.681004 0 -1.226249 0 -1.681004 0.02617996 -1.681004 0.02617996 -1.226249 0 -1.226249 0.02617996 -1.681004 0.02617996 -1.226249 0.02617996 -1.681004 0.05235999 -1.681004 0.05235999 -1.226249 0.02617996 -1.226249 0.05235999 -1.226249 -0.1570799 -1.226249 -0.1309 -1.681004 -0.1570799 -1.226249 -0.18326 -1.226249 -0.1570799 -1.681004 -0.18326 -1.681004 -0.18326 -1.226249 -0.1570799 -1.681004 -0.1570799 -1.226249 -0.2094399 -1.226249 -0.18326 -1.681004 -0.18326 -1.681004 -0.2094399 -1.226249 -0.2094399 -1.681004 -0.18326 0.372253 1.05 1.42978 0.682299 1.734543 1.05 1.734543 1.05 1.42978 0.682299 1.573041 0.756865 1.734543 1.05 1.573041 0.756865 1.734543 0.840951 0.372253 0.133233 0.565565 0.233296 0.372253 1.05 0.372253 1.05 0.565565 0.233296 0.684702 0.295064 0.372253 1.05 0.684702 0.295064 0.823889 0.367298 0.823889 0.367298 0.988674 0.452894 0.372253 1.05 0.372253 1.05 0.988674 0.452894 1.18686 0.555923 0.372253 1.05 1.18686 0.555923 1.42978 0.682299 -0.775597 -0.09789597 -0.775758 -0.07853996 -1.226249 -0.07853996 -1.226249 -0.07853996 -0.775758 -0.07853996 -0.775597 -0.05918395 -1.226249 -0.07853996 -0.775597 -0.05918395 -1.226249 -0.05235999 -1.226249 -0.05235999 -0.775597 -0.05918395 -0.775134 -0.03926098 -1.226249 -0.05235999 -0.775134 -0.03926098 -1.226249 -0.02617996 -1.226249 -0.02617996 -0.775134 -0.03926098 -0.774431 -0.01934295 -1.226249 -0.02617996 -0.774431 -0.01934295 -1.226249 0 -1.226249 0 -0.774431 -0.01934295 -0.773628 0 -1.226249 0 -0.773628 0 -0.772825 0.01934295 -1.226249 0 -0.772825 0.01934295 -1.226249 0.02617996 -1.226249 0.02617996 -0.772825 0.01934295 -0.772121 0.03926098 -1.226249 0.02617996 -0.772121 0.03926098 -1.226249 0.05235999 -1.226249 0.05235999 -0.772121 0.03926098 -0.771657 0.05918395 -1.226249 0.05235999 -0.771657 0.05918395 -2.133785 0.07853996 -2.133785 0.07853996 -0.771657 0.05918395 -0.771495 0.07853996 -1.226249 0.05235999 -2.133785 0.07853996 -1.681004 0.05235999 -1.681004 0.05235999 -2.133785 0.07853996 -2.13386 0.05918896 -1.681004 0.05235999 -2.13386 0.05918896 -2.134074 0.03926795 -1.681004 0.05235999 -2.134074 0.03926795 -1.681004 0.02617996 -1.681004 0.02617996 -2.134074 0.03926795 -2.1344 0.01934796 -1.681004 0.02617996 -2.1344 0.01934796 -1.681004 0 -1.681004 0 -2.1344 0.01934796 -2.134772 0 -1.681004 0 -2.134772 0 -2.135144 -0.01934796 -1.681004 0 -2.135144 -0.01934796 -1.681004 -0.02617996 -1.681004 -0.02617996 -2.135144 -0.01934796 -2.135469 -0.03926795 -1.681004 -0.02617996 -2.135469 -0.03926795 -1.681004 -0.05235999 -1.681004 -0.05235999 -2.135469 -0.03926795 -2.135683 -0.05918896 -1.681004 -0.05235999 -2.135683 -0.05918896 -1.681004 -0.07853996 -1.681004 -0.07853996 -2.135683 -0.05918896 -2.135758 -0.07853996 -1.681004 -0.07853996 -2.135758 -0.07853996 -2.135683 -0.09788995 -1.681004 -0.07853996 -2.135683 -0.09788995 -1.681004 -0.1047199 -1.681004 -0.1047199 -2.135683 -0.09788995 -2.135469 -0.117812 -1.681004 -0.1047199 -2.135469 -0.117812 -1.681004 -0.1309 -1.681004 -0.1309 -2.135469 -0.117812 -2.135144 -0.137732 -1.681004 -0.1309 -2.135144 -0.137732 -1.681004 -0.1570799 -1.681004 -0.1570799 -2.135144 -0.137732 -2.134772 -0.1570799 -1.681004 -0.1570799 -2.134772 -0.1570799 -2.1344 -0.176427 -1.681004 -0.1570799 -2.1344 -0.176427 -1.681004 -0.18326 -1.681004 -0.18326 -2.1344 -0.176427 -2.134074 -0.196348 -1.681004 -0.18326 -2.134074 -0.196348 -1.681004 -0.2094399 -1.681004 -0.2094399 -2.134074 -0.196348 -2.13386 -0.216269 -1.681004 -0.2094399 -2.13386 -0.216269 -0.771495 -0.235619 -0.771495 -0.235619 -2.13386 -0.216269 -2.133785 -0.235619 -1.681004 -0.2094399 -0.771495 -0.235619 -1.226249 -0.2094399 -1.226249 -0.2094399 -0.771495 -0.235619 -0.771657 -0.2162629 -1.226249 -0.2094399 -0.771657 -0.2162629 -0.772121 -0.19634 -1.226249 -0.2094399 -0.772121 -0.19634 -1.226249 -0.18326 -1.226249 -0.18326 -0.772121 -0.19634 -0.772825 -0.1764219 -1.226249 -0.18326 -0.772825 -0.1764219 -1.226249 -0.1570799 -1.226249 -0.1570799 -0.772825 -0.1764219 -0.773628 -0.1570799 -1.226249 -0.1570799 -0.773628 -0.1570799 -0.774431 -0.137737 -1.226249 -0.1570799 -0.774431 -0.137737 -1.226249 -0.1309 -1.226249 -0.1309 -0.774431 -0.137737 -0.775134 -0.117819 -1.226249 -0.1309 -0.775134 -0.117819 -1.226249 -0.1047199 -1.226249 -0.1047199 -0.775134 -0.117819 -0.775597 -0.09789597 -1.226249 -0.1047199 -0.775597 -0.09789597 -1.226249 -0.07853996 -1.226249 -0.05235999 -1.681004 -0.05235999 -1.226249 -0.07853996 -1.226249 -0.07853996 -1.681004 -0.05235999 -1.681004 -0.07853996 -1.226249 -0.07853996 -1.681004 -0.07853996 -1.226249 -0.1047199 -1.226249 -0.1047199 -1.681004 -0.07853996 -1.681004 -0.1047199 -1.226249 -0.1047199 -1.681004 -0.1047199 -1.226249 -0.1309 -1.226249 -0.1309 -1.681004 -0.1047199 -1.681004 -0.1309 -1.226249 -0.1309 -1.681004 -0.1309 -1.681004 -0.1570799 -1.681004 -0.05235999 -1.226249 -0.05235999 -1.681004 -0.02617996 -1.681004 -0.02617996 -1.226249 -0.05235999 -1.226249 -0.02617996 -1.681004 -0.02617996 -1.226249 -0.02617996 -1.681004 0 -1.681004 0 -1.226249 -0.02617996 -1.226249 0 -1.681004 0 -1.226249 0 -1.681004 0.02617996 -1.681004 0.02617996 -1.226249 0 -1.226249 0.02617996 -1.681004 0.02617996 -1.226249 0.02617996 -1.681004 0.05235999 -1.681004 0.05235999 -1.226249 0.02617996 -1.226249 0.05235999 -1.226249 -0.1570799 -1.226249 -0.1309 -1.681004 -0.1570799 -1.226249 -0.18326 -1.226249 -0.1570799 -1.681004 -0.18326 -1.681004 -0.18326 -1.226249 -0.1570799 -1.681004 -0.1570799 -1.226249 -0.2094399 -1.226249 -0.18326 -1.681004 -0.18326 -1.681004 -0.2094399 -1.226249 -0.2094399 -1.681004 -0.18326 0.372253 1.05 1.428493 0.69473 1.734543 1.05 1.734543 1.05 1.428493 0.69473 1.572274 0.769695 1.734543 1.05 1.572274 0.769695 1.734543 0.854309 0.372253 0.144472 0.564578 0.244566 0.372253 1.05 0.372253 1.05 0.564578 0.244566 0.683294 0.306383 0.372253 1.05 0.683294 0.306383 0.822155 0.378713 0.822155 0.378713 0.986771 0.464484 0.372253 1.05 0.372253 1.05 0.986771 0.464484 1.185047 0.567821 0.372253 1.05 1.185047 0.567821 1.428493 0.69473 -0.775597 -0.09789597 -0.775758 -0.07853996 -1.226249 -0.07853996 -1.226249 -0.07853996 -0.775758 -0.07853996 -0.775597 -0.05918395 -1.226249 -0.07853996 -0.775597 -0.05918395 -1.226249 -0.05235999 -1.226249 -0.05235999 -0.775597 -0.05918395 -0.775134 -0.03926098 -1.226249 -0.05235999 -0.775134 -0.03926098 -1.226249 -0.02617996 -1.226249 -0.02617996 -0.775134 -0.03926098 -0.774431 -0.01934295 -1.226249 -0.02617996 -0.774431 -0.01934295 -1.226249 0 -1.226249 0 -0.774431 -0.01934295 -0.773628 0 -1.226249 0 -0.773628 0 -0.772825 0.01934295 -1.226249 0 -0.772825 0.01934295 -1.226249 0.02617996 -1.226249 0.02617996 -0.772825 0.01934295 -0.772121 0.03926098 -1.226249 0.02617996 -0.772121 0.03926098 -1.226249 0.05235999 -1.226249 0.05235999 -0.772121 0.03926098 -0.771657 0.05918395 -1.226249 0.05235999 -0.771657 0.05918395 -2.133785 0.07853996 -2.133785 0.07853996 -0.771657 0.05918395 -0.771495 0.07853996 -1.226249 0.05235999 -2.133785 0.07853996 -1.681004 0.05235999 -1.681004 0.05235999 -2.133785 0.07853996 -2.13386 0.05918896 -1.681004 0.05235999 -2.13386 0.05918896 -2.134074 0.03926795 -1.681004 0.05235999 -2.134074 0.03926795 -1.681004 0.02617996 -1.681004 0.02617996 -2.134074 0.03926795 -2.1344 0.01934796 -1.681004 0.02617996 -2.1344 0.01934796 -1.681004 0 -1.681004 0 -2.1344 0.01934796 -2.134772 0 -1.681004 0 -2.134772 0 -2.135144 -0.01934796 -1.681004 0 -2.135144 -0.01934796 -1.681004 -0.02617996 -1.681004 -0.02617996 -2.135144 -0.01934796 -2.135469 -0.03926795 -1.681004 -0.02617996 -2.135469 -0.03926795 -1.681004 -0.05235999 -1.681004 -0.05235999 -2.135469 -0.03926795 -2.135683 -0.05918896 -1.681004 -0.05235999 -2.135683 -0.05918896 -1.681004 -0.07853996 -1.681004 -0.07853996 -2.135683 -0.05918896 -2.135758 -0.07853996 -1.681004 -0.07853996 -2.135758 -0.07853996 -2.135683 -0.09788995 -1.681004 -0.07853996 -2.135683 -0.09788995 -1.681004 -0.1047199 -1.681004 -0.1047199 -2.135683 -0.09788995 -2.135469 -0.117812 -1.681004 -0.1047199 -2.135469 -0.117812 -1.681004 -0.1309 -1.681004 -0.1309 -2.135469 -0.117812 -2.135144 -0.137732 -1.681004 -0.1309 -2.135144 -0.137732 -1.681004 -0.1570799 -1.681004 -0.1570799 -2.135144 -0.137732 -2.134772 -0.1570799 -1.681004 -0.1570799 -2.134772 -0.1570799 -2.1344 -0.176427 -1.681004 -0.1570799 -2.1344 -0.176427 -1.681004 -0.18326 -1.681004 -0.18326 -2.1344 -0.176427 -2.134074 -0.196348 -1.681004 -0.18326 -2.134074 -0.196348 -1.681004 -0.2094399 -1.681004 -0.2094399 -2.134074 -0.196348 -2.13386 -0.216269 -1.681004 -0.2094399 -2.13386 -0.216269 -0.771495 -0.235619 -0.771495 -0.235619 -2.13386 -0.216269 -2.133785 -0.235619 -1.681004 -0.2094399 -0.771495 -0.235619 -1.226249 -0.2094399 -1.226249 -0.2094399 -0.771495 -0.235619 -0.771657 -0.2162629 -1.226249 -0.2094399 -0.771657 -0.2162629 -0.772121 -0.19634 -1.226249 -0.2094399 -0.772121 -0.19634 -1.226249 -0.18326 -1.226249 -0.18326 -0.772121 -0.19634 -0.772825 -0.1764219 -1.226249 -0.18326 -0.772825 -0.1764219 -1.226249 -0.1570799 -1.226249 -0.1570799 -0.772825 -0.1764219 -0.773628 -0.1570799 -1.226249 -0.1570799 -0.773628 -0.1570799 -0.774431 -0.137737 -1.226249 -0.1570799 -0.774431 -0.137737 -1.226249 -0.1309 -1.226249 -0.1309 -0.774431 -0.137737 -0.775134 -0.117819 -1.226249 -0.1309 -0.775134 -0.117819 -1.226249 -0.1047199 -1.226249 -0.1047199 -0.775134 -0.117819 -0.775597 -0.09789597 -1.226249 -0.1047199 -0.775597 -0.09789597 -1.226249 -0.07853996 -1.226249 -0.05235999 -1.681004 -0.05235999 -1.226249 -0.07853996 -1.226249 -0.07853996 -1.681004 -0.05235999 -1.681004 -0.07853996 -1.226249 -0.07853996 -1.681004 -0.07853996 -1.226249 -0.1047199 -1.226249 -0.1047199 -1.681004 -0.07853996 -1.681004 -0.1047199 -1.226249 -0.1047199 -1.681004 -0.1047199 -1.226249 -0.1309 -1.226249 -0.1309 -1.681004 -0.1047199 -1.681004 -0.1309 -1.226249 -0.1309 -1.681004 -0.1309 -1.681004 -0.1570799 -1.681004 -0.05235999 -1.226249 -0.05235999 -1.681004 -0.02617996 -1.681004 -0.02617996 -1.226249 -0.05235999 -1.226249 -0.02617996 -1.681004 -0.02617996 -1.226249 -0.02617996 -1.681004 0 -1.681004 0 -1.226249 -0.02617996 -1.226249 0 -1.681004 0 -1.226249 0 -1.681004 0.02617996 -1.681004 0.02617996 -1.226249 0 -1.226249 0.02617996 -1.681004 0.02617996 -1.226249 0.02617996 -1.681004 0.05235999 -1.681004 0.05235999 -1.226249 0.02617996 -1.226249 0.05235999 -1.226249 -0.1570799 -1.226249 -0.1309 -1.681004 -0.1570799 -1.226249 -0.18326 -1.226249 -0.1570799 -1.681004 -0.18326 -1.681004 -0.18326 -1.226249 -0.1570799 -1.681004 -0.1570799 -1.226249 -0.2094399 -1.226249 -0.18326 -1.681004 -0.18326 -1.681004 -0.2094399 -1.226249 -0.2094399 -1.681004 -0.18326 0.372253 1.05 1.421986 0.675027 1.734543 1.05 1.734543 1.05 1.421986 0.675027 1.568346 0.751397 1.734543 1.05 1.568346 0.751397 1.734543 0.83812 0.372253 0.127317 0.560088 0.225314 0.372253 1.05 0.372253 1.05 0.560088 0.225314 0.676766 0.286189 0.372253 1.05 0.676766 0.286189 0.813951 0.357765 0.813951 0.357765 0.977572 0.443137 0.372253 1.05 0.372253 1.05 0.977572 0.443137 1.176085 0.546718 0.372253 1.05 1.176085 0.546718 1.421986 0.675027 -0.775597 -0.09789597 -0.775758 -0.07853996 -1.226249 -0.07853996 -1.226249 -0.07853996 -0.775758 -0.07853996 -0.775597 -0.05918395 -1.226249 -0.07853996 -0.775597 -0.05918395 -1.226249 -0.05235999 -1.226249 -0.05235999 -0.775597 -0.05918395 -0.775134 -0.03926098 -1.226249 -0.05235999 -0.775134 -0.03926098 -1.226249 -0.02617996 -1.226249 -0.02617996 -0.775134 -0.03926098 -0.774431 -0.01934295 -1.226249 -0.02617996 -0.774431 -0.01934295 -1.226249 0 -1.226249 0 -0.774431 -0.01934295 -0.773628 0 -1.226249 0 -0.773628 0 -0.772825 0.01934295 -1.226249 0 -0.772825 0.01934295 -1.226249 0.02617996 -1.226249 0.02617996 -0.772825 0.01934295 -0.772121 0.03926098 -1.226249 0.02617996 -0.772121 0.03926098 -1.226249 0.05235999 -1.226249 0.05235999 -0.772121 0.03926098 -0.771657 0.05918395 -1.226249 0.05235999 -0.771657 0.05918395 -2.133785 0.07853996 -2.133785 0.07853996 -0.771657 0.05918395 -0.771495 0.07853996 -1.226249 0.05235999 -2.133785 0.07853996 -1.681004 0.05235999 -1.681004 0.05235999 -2.133785 0.07853996 -2.13386 0.05918896 -1.681004 0.05235999 -2.13386 0.05918896 -2.134074 0.03926795 -1.681004 0.05235999 -2.134074 0.03926795 -1.681004 0.02617996 -1.681004 0.02617996 -2.134074 0.03926795 -2.1344 0.01934796 -1.681004 0.02617996 -2.1344 0.01934796 -1.681004 0 -1.681004 0 -2.1344 0.01934796 -2.134772 0 -1.681004 0 -2.134772 0 -2.135144 -0.01934796 -1.681004 0 -2.135144 -0.01934796 -1.681004 -0.02617996 -1.681004 -0.02617996 -2.135144 -0.01934796 -2.135469 -0.03926795 -1.681004 -0.02617996 -2.135469 -0.03926795 -1.681004 -0.05235999 -1.681004 -0.05235999 -2.135469 -0.03926795 -2.135683 -0.05918896 -1.681004 -0.05235999 -2.135683 -0.05918896 -1.681004 -0.07853996 -1.681004 -0.07853996 -2.135683 -0.05918896 -2.135758 -0.07853996 -1.681004 -0.07853996 -2.135758 -0.07853996 -2.135683 -0.09788995 -1.681004 -0.07853996 -2.135683 -0.09788995 -1.681004 -0.1047199 -1.681004 -0.1047199 -2.135683 -0.09788995 -2.135469 -0.117812 -1.681004 -0.1047199 -2.135469 -0.117812 -1.681004 -0.1309 -1.681004 -0.1309 -2.135469 -0.117812 -2.135144 -0.137732 -1.681004 -0.1309 -2.135144 -0.137732 -1.681004 -0.1570799 -1.681004 -0.1570799 -2.135144 -0.137732 -2.134772 -0.1570799 -1.681004 -0.1570799 -2.134772 -0.1570799 -2.1344 -0.176427 -1.681004 -0.1570799 -2.1344 -0.176427 -1.681004 -0.18326 -1.681004 -0.18326 -2.1344 -0.176427 -2.134074 -0.196348 -1.681004 -0.18326 -2.134074 -0.196348 -1.681004 -0.2094399 -1.681004 -0.2094399 -2.134074 -0.196348 -2.13386 -0.216269 -1.681004 -0.2094399 -2.13386 -0.216269 -0.771495 -0.235619 -0.771495 -0.235619 -2.13386 -0.216269 -2.133785 -0.235619 -1.681004 -0.2094399 -0.771495 -0.235619 -1.226249 -0.2094399 -1.226249 -0.2094399 -0.771495 -0.235619 -0.771657 -0.2162629 -1.226249 -0.2094399 -0.771657 -0.2162629 -0.772121 -0.19634 -1.226249 -0.2094399 -0.772121 -0.19634 -1.226249 -0.18326 -1.226249 -0.18326 -0.772121 -0.19634 -0.772825 -0.1764219 -1.226249 -0.18326 -0.772825 -0.1764219 -1.226249 -0.1570799 -1.226249 -0.1570799 -0.772825 -0.1764219 -0.773628 -0.1570799 -1.226249 -0.1570799 -0.773628 -0.1570799 -0.774431 -0.137737 -1.226249 -0.1570799 -0.774431 -0.137737 -1.226249 -0.1309 -1.226249 -0.1309 -0.774431 -0.137737 -0.775134 -0.117819 -1.226249 -0.1309 -0.775134 -0.117819 -1.226249 -0.1047199 -1.226249 -0.1047199 -0.775134 -0.117819 -0.775597 -0.09789597 -1.226249 -0.1047199 -0.775597 -0.09789597 -1.226249 -0.07853996 -1.226249 -0.05235999 -1.681004 -0.05235999 -1.226249 -0.07853996 -1.226249 -0.07853996 -1.681004 -0.05235999 -1.681004 -0.07853996 -1.226249 -0.07853996 -1.681004 -0.07853996 -1.226249 -0.1047199 -1.226249 -0.1047199 -1.681004 -0.07853996 -1.681004 -0.1047199 -1.226249 -0.1047199 -1.681004 -0.1047199 -1.226249 -0.1309 -1.226249 -0.1309 -1.681004 -0.1047199 -1.681004 -0.1309 -1.226249 -0.1309 -1.681004 -0.1309 -1.681004 -0.1570799 -1.681004 -0.05235999 -1.226249 -0.05235999 -1.681004 -0.02617996 -1.681004 -0.02617996 -1.226249 -0.05235999 -1.226249 -0.02617996 -1.681004 -0.02617996 -1.226249 -0.02617996 -1.681004 0 -1.681004 0 -1.226249 -0.02617996 -1.226249 0 -1.681004 0 -1.226249 0 -1.681004 0.02617996 -1.681004 0.02617996 -1.226249 0 -1.226249 0.02617996 -1.681004 0.02617996 -1.226249 0.02617996 -1.681004 0.05235999 -1.681004 0.05235999 -1.226249 0.02617996 -1.226249 0.05235999 -1.226249 -0.1570799 -1.226249 -0.1309 -1.681004 -0.1570799 -1.226249 -0.18326 -1.226249 -0.1570799 -1.681004 -0.18326 -1.681004 -0.18326 -1.226249 -0.1570799 -1.681004 -0.1570799 -1.226249 -0.2094399 -1.226249 -0.18326 -1.681004 -0.18326 -1.681004 -0.2094399 -1.226249 -0.2094399 -1.681004 -0.18326 1.734543 1.05 0.372253 1.05 1.734543 0.801134 1.734543 0.801134 0.372253 1.05 0.372253 0.09023797 -0.775597 -0.09789597 -0.775758 -0.07853996 -1.226249 -0.07853996 -1.226249 -0.07853996 -0.775758 -0.07853996 -0.775597 -0.05918395 -1.226249 -0.07853996 -0.775597 -0.05918395 -1.226249 -0.05235999 -1.226249 -0.05235999 -0.775597 -0.05918395 -0.775134 -0.03926098 -1.226249 -0.05235999 -0.775134 -0.03926098 -1.226249 -0.02617996 -1.226249 -0.02617996 -0.775134 -0.03926098 -0.774431 -0.01934295 -1.226249 -0.02617996 -0.774431 -0.01934295 -1.226249 0 -1.226249 0 -0.774431 -0.01934295 -0.773628 0 -1.226249 0 -0.773628 0 -0.772825 0.01934295 -1.226249 0 -0.772825 0.01934295 -1.226249 0.02617996 -1.226249 0.02617996 -0.772825 0.01934295 -0.772121 0.03926098 -1.226249 0.02617996 -0.772121 0.03926098 -1.226249 0.05235999 -1.226249 0.05235999 -0.772121 0.03926098 -0.771657 0.05918395 -1.226249 0.05235999 -0.771657 0.05918395 -2.133785 0.07853996 -2.133785 0.07853996 -0.771657 0.05918395 -0.771495 0.07853996 -1.226249 0.05235999 -2.133785 0.07853996 -1.681004 0.05235999 -1.681004 0.05235999 -2.133785 0.07853996 -2.13386 0.05918896 -1.681004 0.05235999 -2.13386 0.05918896 -2.134074 0.03926795 -1.681004 0.05235999 -2.134074 0.03926795 -1.681004 0.02617996 -1.681004 0.02617996 -2.134074 0.03926795 -2.1344 0.01934796 -1.681004 0.02617996 -2.1344 0.01934796 -1.681004 0 -1.681004 0 -2.1344 0.01934796 -2.134772 0 -1.681004 0 -2.134772 0 -2.135144 -0.01934796 -1.681004 0 -2.135144 -0.01934796 -1.681004 -0.02617996 -1.681004 -0.02617996 -2.135144 -0.01934796 -2.135469 -0.03926795 -1.681004 -0.02617996 -2.135469 -0.03926795 -1.681004 -0.05235999 -1.681004 -0.05235999 -2.135469 -0.03926795 -2.135683 -0.05918896 -1.681004 -0.05235999 -2.135683 -0.05918896 -1.681004 -0.07853996 -1.681004 -0.07853996 -2.135683 -0.05918896 -2.135758 -0.07853996 -1.681004 -0.07853996 -2.135758 -0.07853996 -2.135683 -0.09788995 -1.681004 -0.07853996 -2.135683 -0.09788995 -1.681004 -0.1047199 -1.681004 -0.1047199 -2.135683 -0.09788995 -2.135469 -0.117812 -1.681004 -0.1047199 -2.135469 -0.117812 -1.681004 -0.1309 -1.681004 -0.1309 -2.135469 -0.117812 -2.135144 -0.137732 -1.681004 -0.1309 -2.135144 -0.137732 -1.681004 -0.1570799 -1.681004 -0.1570799 -2.135144 -0.137732 -2.134772 -0.1570799 -1.681004 -0.1570799 -2.134772 -0.1570799 -2.1344 -0.176427 -1.681004 -0.1570799 -2.1344 -0.176427 -1.681004 -0.18326 -1.681004 -0.18326 -2.1344 -0.176427 -2.134074 -0.196348 -1.681004 -0.18326 -2.134074 -0.196348 -1.681004 -0.2094399 -1.681004 -0.2094399 -2.134074 -0.196348 -2.13386 -0.216269 -1.681004 -0.2094399 -2.13386 -0.216269 -0.771495 -0.235619 -0.771495 -0.235619 -2.13386 -0.216269 -2.133785 -0.235619 -1.681004 -0.2094399 -0.771495 -0.235619 -1.226249 -0.2094399 -1.226249 -0.2094399 -0.771495 -0.235619 -0.771657 -0.2162629 -1.226249 -0.2094399 -0.771657 -0.2162629 -0.772121 -0.19634 -1.226249 -0.2094399 -0.772121 -0.19634 -1.226249 -0.18326 -1.226249 -0.18326 -0.772121 -0.19634 -0.772825 -0.1764219 -1.226249 -0.18326 -0.772825 -0.1764219 -1.226249 -0.1570799 -1.226249 -0.1570799 -0.772825 -0.1764219 -0.773628 -0.1570799 -1.226249 -0.1570799 -0.773628 -0.1570799 -0.774431 -0.137737 -1.226249 -0.1570799 -0.774431 -0.137737 -1.226249 -0.1309 -1.226249 -0.1309 -0.774431 -0.137737 -0.775134 -0.117819 -1.226249 -0.1309 -0.775134 -0.117819 -1.226249 -0.1047199 -1.226249 -0.1047199 -0.775134 -0.117819 -0.775597 -0.09789597 -1.226249 -0.1047199 -0.775597 -0.09789597 -1.226249 -0.07853996 -1.226249 -0.05235999 -1.681004 -0.05235999 -1.226249 -0.07853996 -1.226249 -0.07853996 -1.681004 -0.05235999 -1.681004 -0.07853996 -1.226249 -0.07853996 -1.681004 -0.07853996 -1.226249 -0.1047199 -1.226249 -0.1047199 -1.681004 -0.07853996 -1.681004 -0.1047199 -1.226249 -0.1047199 -1.681004 -0.1047199 -1.226249 -0.1309 -1.226249 -0.1309 -1.681004 -0.1047199 -1.681004 -0.1309 -1.226249 -0.1309 -1.681004 -0.1309 -1.681004 -0.1570799 -1.681004 -0.05235999 -1.226249 -0.05235999 -1.681004 -0.02617996 -1.681004 -0.02617996 -1.226249 -0.05235999 -1.226249 -0.02617996 -1.681004 -0.02617996 -1.226249 -0.02617996 -1.681004 0 -1.681004 0 -1.226249 -0.02617996 -1.226249 0 -1.681004 0 -1.226249 0 -1.681004 0.02617996 -1.681004 0.02617996 -1.226249 0 -1.226249 0.02617996 -1.681004 0.02617996 -1.226249 0.02617996 -1.681004 0.05235999 -1.681004 0.05235999 -1.226249 0.02617996 -1.226249 0.05235999 -1.226249 -0.1570799 -1.226249 -0.1309 -1.681004 -0.1570799 -1.226249 -0.18326 -1.226249 -0.1570799 -1.681004 -0.18326 -1.681004 -0.18326 -1.226249 -0.1570799 -1.681004 -0.1570799 -1.226249 -0.2094399 -1.226249 -0.18326 -1.681004 -0.18326 -1.681004 -0.2094399 -1.226249 -0.2094399 -1.681004 -0.18326 0.372253 1.05 1.406336 0.593068 1.734543 1.05 1.734543 1.05 1.406336 0.593068 1.558797 0.672621 1.734543 1.05 1.558797 0.672621 1.734543 0.764325 0.372253 0.053541 0.549983 0.14626 0.372253 1.05 0.372253 1.05 0.549983 0.14626 0.661931 0.204664 0.372253 1.05 0.661931 0.204664 0.795104 0.274145 0.795104 0.274145 0.956171 0.358182 0.372253 1.05 0.372253 1.05 0.956171 0.358182 1.154922 0.461884 0.372253 1.05 1.154922 0.461884 1.272819 0.523401 1.272819 0.523401 1.406336 0.593068 0.372253 1.05 -0.775597 -0.09789597 -0.775758 -0.07853996 -1.226249 -0.07853996 -1.226249 -0.07853996 -0.775758 -0.07853996 -0.775597 -0.05918395 -1.226249 -0.07853996 -0.775597 -0.05918395 -1.226249 -0.05235999 -1.226249 -0.05235999 -0.775597 -0.05918395 -0.775134 -0.03926098 -1.226249 -0.05235999 -0.775134 -0.03926098 -1.226249 -0.02617996 -1.226249 -0.02617996 -0.775134 -0.03926098 -0.774431 -0.01934295 -1.226249 -0.02617996 -0.774431 -0.01934295 -1.226249 0 -1.226249 0 -0.774431 -0.01934295 -0.773628 0 -1.226249 0 -0.773628 0 -0.772825 0.01934295 -1.226249 0 -0.772825 0.01934295 -1.226249 0.02617996 -1.226249 0.02617996 -0.772825 0.01934295 -0.772121 0.03926098 -1.226249 0.02617996 -0.772121 0.03926098 -1.226249 0.05235999 -1.226249 0.05235999 -0.772121 0.03926098 -0.771657 0.05918395 -1.226249 0.05235999 -0.771657 0.05918395 -2.133785 0.07853996 -2.133785 0.07853996 -0.771657 0.05918395 -0.771495 0.07853996 -1.226249 0.05235999 -2.133785 0.07853996 -1.681004 0.05235999 -1.681004 0.05235999 -2.133785 0.07853996 -2.13386 0.05918896 -1.681004 0.05235999 -2.13386 0.05918896 -2.134074 0.03926795 -1.681004 0.05235999 -2.134074 0.03926795 -1.681004 0.02617996 -1.681004 0.02617996 -2.134074 0.03926795 -2.1344 0.01934796 -1.681004 0.02617996 -2.1344 0.01934796 -1.681004 0 -1.681004 0 -2.1344 0.01934796 -2.134772 0 -1.681004 0 -2.134772 0 -2.135144 -0.01934796 -1.681004 0 -2.135144 -0.01934796 -1.681004 -0.02617996 -1.681004 -0.02617996 -2.135144 -0.01934796 -2.135469 -0.03926795 -1.681004 -0.02617996 -2.135469 -0.03926795 -1.681004 -0.05235999 -1.681004 -0.05235999 -2.135469 -0.03926795 -2.135683 -0.05918896 -1.681004 -0.05235999 -2.135683 -0.05918896 -1.681004 -0.07853996 -1.681004 -0.07853996 -2.135683 -0.05918896 -2.135758 -0.07853996 -1.681004 -0.07853996 -2.135758 -0.07853996 -2.135683 -0.09788995 -1.681004 -0.07853996 -2.135683 -0.09788995 -1.681004 -0.1047199 -1.681004 -0.1047199 -2.135683 -0.09788995 -2.135469 -0.117812 -1.681004 -0.1047199 -2.135469 -0.117812 -1.681004 -0.1309 -1.681004 -0.1309 -2.135469 -0.117812 -2.135144 -0.137732 -1.681004 -0.1309 -2.135144 -0.137732 -1.681004 -0.1570799 -1.681004 -0.1570799 -2.135144 -0.137732 -2.134772 -0.1570799 -1.681004 -0.1570799 -2.134772 -0.1570799 -2.1344 -0.176427 -1.681004 -0.1570799 -2.1344 -0.176427 -1.681004 -0.18326 -1.681004 -0.18326 -2.1344 -0.176427 -2.134074 -0.196348 -1.681004 -0.18326 -2.134074 -0.196348 -1.681004 -0.2094399 -1.681004 -0.2094399 -2.134074 -0.196348 -2.13386 -0.216269 -1.681004 -0.2094399 -2.13386 -0.216269 -0.771495 -0.235619 -0.771495 -0.235619 -2.13386 -0.216269 -2.133785 -0.235619 -1.681004 -0.2094399 -0.771495 -0.235619 -1.226249 -0.2094399 -1.226249 -0.2094399 -0.771495 -0.235619 -0.771657 -0.2162629 -1.226249 -0.2094399 -0.771657 -0.2162629 -0.772121 -0.19634 -1.226249 -0.2094399 -0.772121 -0.19634 -1.226249 -0.18326 -1.226249 -0.18326 -0.772121 -0.19634 -0.772825 -0.1764219 -1.226249 -0.18326 -0.772825 -0.1764219 -1.226249 -0.1570799 -1.226249 -0.1570799 -0.772825 -0.1764219 -0.773628 -0.1570799 -1.226249 -0.1570799 -0.773628 -0.1570799 -0.774431 -0.137737 -1.226249 -0.1570799 -0.774431 -0.137737 -1.226249 -0.1309 -1.226249 -0.1309 -0.774431 -0.137737 -0.775134 -0.117819 -1.226249 -0.1309 -0.775134 -0.117819 -1.226249 -0.1047199 -1.226249 -0.1047199 -0.775134 -0.117819 -0.775597 -0.09789597 -1.226249 -0.1047199 -0.775597 -0.09789597 -1.226249 -0.07853996 -1.226249 -0.05235999 -1.681004 -0.05235999 -1.226249 -0.07853996 -1.226249 -0.07853996 -1.681004 -0.05235999 -1.681004 -0.07853996 -1.226249 -0.07853996 -1.681004 -0.07853996 -1.226249 -0.1047199 -1.226249 -0.1047199 -1.681004 -0.07853996 -1.681004 -0.1047199 -1.226249 -0.1047199 -1.681004 -0.1047199 -1.226249 -0.1309 -1.226249 -0.1309 -1.681004 -0.1047199 -1.681004 -0.1309 -1.226249 -0.1309 -1.681004 -0.1309 -1.681004 -0.1570799 -1.681004 -0.05235999 -1.226249 -0.05235999 -1.681004 -0.02617996 -1.681004 -0.02617996 -1.226249 -0.05235999 -1.226249 -0.02617996 -1.681004 -0.02617996 -1.226249 -0.02617996 -1.681004 0 -1.681004 0 -1.226249 -0.02617996 -1.226249 0 -1.681004 0 -1.226249 0 -1.681004 0.02617996 -1.681004 0.02617996 -1.226249 0 -1.226249 0.02617996 -1.681004 0.02617996 -1.226249 0.02617996 -1.681004 0.05235999 -1.681004 0.05235999 -1.226249 0.02617996 -1.226249 0.05235999 -1.226249 -0.1570799 -1.226249 -0.1309 -1.681004 -0.1570799 -1.226249 -0.18326 -1.226249 -0.1570799 -1.681004 -0.18326 -1.681004 -0.18326 -1.226249 -0.1570799 -1.681004 -0.1570799 -1.226249 -0.2094399 -1.226249 -0.18326 -1.681004 -0.18326 -1.681004 -0.2094399 -1.226249 -0.2094399 -1.681004 -0.18326 0.372253 1.05 1.420205 0.586147 1.734543 1.05 1.734543 1.05 1.420205 0.586147 1.575055 0.66687 1.734543 1.05 1.575055 0.66687 1.734543 0.76 1.734543 0.76 1.575055 0.66687 1.753679 0.76 0.372253 0.04048496 0.552134 0.134006 0.372253 1.05 0.372253 1.05 0.552134 0.134006 0.665472 0.192977 0.372253 1.05 0.665472 0.192977 0.800345 0.263188 0.800345 0.263188 0.963547 0.348183 0.372253 1.05 0.372253 1.05 0.963547 0.348183 1.165065 0.453173 0.372253 1.05 1.165065 0.453173 1.284677 0.515507 1.284677 0.515507 1.420205 0.586147 0.372253 1.05 0.372253 1.05 1.416011 0.601553 1.734543 1.05 1.734543 1.05 1.416011 0.601553 1.5647 0.678916 1.734543 1.05 1.5647 0.678916 1.734543 0.767319 0.372253 0.06020897 0.556307 0.1552799 0.372253 1.05 0.372253 1.05 0.556307 0.1552799 0.671181 0.2147459 0.372253 1.05 0.671181 0.2147459 0.806819 0.285051 0.806819 0.285051 0.969439 0.369442 0.372253 1.05 0.372253 1.05 0.969439 0.369442 1.168018 0.472602 0.372253 1.05 1.168018 0.472602 1.416011 0.601553 -0.154101 0.05918395 0.300491 0.05235999 -0.154263 0.07853996 -0.154263 0.07853996 0.300491 0.05235999 0.755246 0.05235999 -0.154263 0.07853996 0.755246 0.05235999 1.208102 0.05918896 1.208102 0.05918896 0.755246 0.05235999 1.208316 0.03926795 1.208316 0.03926795 0.755246 0.05235999 0.755246 0.02617996 1.208316 0.03926795 0.755246 0.02617996 1.208642 0.01934796 1.208642 0.01934796 0.755246 0.02617996 0.755246 0 1.208642 0.01934796 0.755246 0 1.209014 0 1.209014 0 0.755246 0 1.209385 -0.01934796 1.209385 -0.01934796 0.755246 0 0.755246 -0.02617996 1.209385 -0.01934796 0.755246 -0.02617996 1.209711 -0.03926795 1.209711 -0.03926795 0.755246 -0.02617996 0.755246 -0.05235999 1.209711 -0.03926795 0.755246 -0.05235999 1.209925 -0.05918896 1.209925 -0.05918896 0.755246 -0.05235999 0.755246 -0.07853996 1.209925 -0.05918896 0.755246 -0.07853996 1.21 -0.07853996 1.21 -0.07853996 0.755246 -0.07853996 1.209925 -0.09788995 1.209925 -0.09788995 0.755246 -0.07853996 0.755246 -0.1047199 1.209925 -0.09788995 0.755246 -0.1047199 1.209711 -0.117812 1.209711 -0.117812 0.755246 -0.1047199 0.755246 -0.1309 1.209711 -0.117812 0.755246 -0.1309 1.209385 -0.137732 1.209385 -0.137732 0.755246 -0.1309 0.755246 -0.1570799 1.209385 -0.137732 0.755246 -0.1570799 1.209014 -0.1570799 1.209014 -0.1570799 0.755246 -0.1570799 1.208642 -0.176427 1.208642 -0.176427 0.755246 -0.1570799 0.755246 -0.18326 1.208642 -0.176427 0.755246 -0.18326 1.208316 -0.196348 1.208316 -0.196348 0.755246 -0.18326 0.755246 -0.2094399 1.208316 -0.196348 0.755246 -0.2094399 1.208102 -0.216269 1.208102 -0.216269 0.755246 -0.2094399 1.208027 -0.235619 1.208027 -0.235619 0.755246 -0.2094399 0.300491 -0.2094399 1.208027 -0.235619 0.300491 -0.2094399 -0.154101 -0.2162629 -0.154101 -0.2162629 0.300491 -0.2094399 -0.153638 -0.19634 -0.153638 -0.19634 0.300491 -0.2094399 0.300491 -0.18326 -0.153638 -0.19634 0.300491 -0.18326 -0.152933 -0.1764219 -0.152933 -0.1764219 0.300491 -0.18326 0.300491 -0.1570799 -0.152933 -0.1764219 0.300491 -0.1570799 -0.15213 -0.1570799 -0.15213 -0.1570799 0.300491 -0.1570799 -0.151327 -0.137737 -0.151327 -0.137737 0.300491 -0.1570799 0.300491 -0.1309 -0.151327 -0.137737 0.300491 -0.1309 -0.150624 -0.117819 -0.150624 -0.117819 0.300491 -0.1309 0.300491 -0.1047199 -0.150624 -0.117819 0.300491 -0.1047199 -0.150161 -0.09789597 -0.150161 -0.09789597 0.300491 -0.1047199 0.300491 -0.07853996 -0.150161 -0.09789597 0.300491 -0.07853996 -0.15 -0.07853996 -0.15 -0.07853996 0.300491 -0.07853996 -0.150161 -0.05918395 -0.150161 -0.05918395 0.300491 -0.07853996 0.300491 -0.05235999 -0.150161 -0.05918395 0.300491 -0.05235999 -0.150624 -0.03926098 -0.150624 -0.03926098 0.300491 -0.05235999 0.300491 -0.02617996 -0.150624 -0.03926098 0.300491 -0.02617996 -0.151327 -0.01934295 -0.151327 -0.01934295 0.300491 -0.02617996 0.300491 0 -0.151327 -0.01934295 0.300491 0 -0.15213 0 -0.15213 0 0.300491 0 -0.152933 0.01934295 -0.152933 0.01934295 0.300491 0 0.300491 0.02617996 -0.152933 0.01934295 0.300491 0.02617996 -0.153638 0.03926098 -0.153638 0.03926098 0.300491 0.02617996 0.300491 0.05235999 -0.153638 0.03926098 0.300491 0.05235999 -0.154101 0.05918395 -0.154101 -0.2162629 -0.154263 -0.235619 1.208027 -0.235619 1.208102 0.05918896 1.208027 0.07853996 -0.154263 0.07853996 0.755246 0.02617996 0.755246 0.05235999 0.300491 0.05235999 0.300491 0.05235999 0.300491 0.02617996 0.755246 0.02617996 0.755246 0.02617996 0.300491 0.02617996 0.300491 0 0.755246 0.02617996 0.300491 0 0.755246 0 0.755246 0 0.300491 0 0.300491 -0.02617996 0.755246 0 0.300491 -0.02617996 0.755246 -0.02617996 0.755246 -0.02617996 0.300491 -0.02617996 0.755246 -0.05235999 0.755246 -0.07853996 0.755246 -0.05235999 0.300491 -0.05235999 0.300491 -0.05235999 0.755246 -0.05235999 0.300491 -0.02617996 0.755246 -0.1047199 0.755246 -0.07853996 0.300491 -0.07853996 0.300491 -0.07853996 0.755246 -0.07853996 0.300491 -0.05235999 0.755246 -0.1309 0.755246 -0.1047199 0.300491 -0.1047199 0.300491 -0.1047199 0.755246 -0.1047199 0.300491 -0.07853996 0.755246 -0.1570799 0.755246 -0.1309 0.300491 -0.1309 0.300491 -0.1309 0.755246 -0.1309 0.300491 -0.1047199 0.755246 -0.18326 0.755246 -0.1570799 0.300491 -0.1570799 0.300491 -0.1570799 0.755246 -0.1570799 0.300491 -0.1309 0.755246 -0.2094399 0.755246 -0.18326 0.300491 -0.18326 0.300491 -0.18326 0.755246 -0.18326 0.300491 -0.1570799 0.300491 -0.2094399 0.755246 -0.2094399 0.300491 -0.18326 1.013925 0 0.991333 -0.247759 1.013925 -0.274411 1.013925 -0.274411 0.991333 -0.247759 0.968471 -0.498279 1.013925 -0.274411 0.968471 -0.498279 1.013925 -0.548822 1.013925 -0.548822 0.968471 -0.498279 0.948119 -0.744789 1.013925 -0.548822 0.948119 -0.744789 1.013925 -0.823233 1.013925 -0.823233 0.948119 -0.744789 0.930373 -0.980769 1.013925 -0.823233 0.930373 -0.980769 1.013925 -1.097644 1.013925 -1.097644 0.930373 -0.980769 0.91632 -1.215515 1.013925 -1.097644 0.91632 -1.215515 1.013925 -1.372055 1.013925 -1.372055 0.91632 -1.215515 0.905113 -1.453923 1.013925 -1.372055 0.905113 -1.453923 1.013925 -1.646466 1.013925 -1.646466 0.905113 -1.453923 0.898803 -1.690809 1.013925 -1.646466 0.898803 -1.690809 1.013925 -1.920877 1.013925 -1.920877 0.898803 -1.690809 0.89632 -1.920877 1.013925 -1.920877 0.89632 -1.920877 0.898803 -2.150945 1.013925 -1.920877 0.898803 -2.150945 1.013925 -2.195288 1.013925 -2.195288 0.898803 -2.150945 0.905113 -2.387831 1.013925 -2.195288 0.905113 -2.387831 1.013925 -2.469699 1.013925 -2.469699 0.905113 -2.387831 0.91632 -2.62624 1.013925 -2.469699 0.91632 -2.62624 1.013925 -2.74411 1.013925 -2.74411 0.91632 -2.62624 0.930373 -2.860986 1.013925 -2.74411 0.930373 -2.860986 1.013925 -3.018521 1.013925 -3.018521 0.930373 -2.860986 0.948119 -3.096966 1.013925 -3.018521 0.948119 -3.096966 1.013925 -3.292933 1.013925 -3.292933 0.948119 -3.096966 0.968471 -3.343476 1.013925 -3.292933 0.968471 -3.343476 1.013925 -3.567344 1.013925 -3.567344 0.968471 -3.343476 0.991333 -3.593996 1.013925 -3.567344 0.991333 -3.593996 1.013925 -3.841755 -0.03535497 1.655881 0.03535497 1.655881 -0.03535497 1.806416 -0.03535497 1.806416 0.03535497 1.655881 0.03535497 1.806416 -0.03535497 -1.806416 0.03535497 -1.806416 -0.03535497 -1.655881 -0.03535497 -1.655881 0.03535497 -1.806416 0.03535497 -1.655881 -0.03535497 -1.655881 0.03535497 -1.655881 -0.03535497 -1.505346 -0.03535497 -1.505346 0.03535497 -1.655881 0.03535497 -1.505346 -0.03535497 -1.505346 0.03535497 -1.505346 -0.03535497 -1.354812 -0.03535497 -1.354812 0.03535497 -1.505346 0.03535497 -1.354812 -0.03535497 -1.354812 0.03535497 -1.354812 -0.03535497 -1.204277 -0.03535497 -1.204277 0.03535497 -1.354812 0.03535497 -1.204277 -0.03535497 -1.204277 0.03535497 -1.204277 -0.03535497 -1.053743 -0.03535497 -1.053743 0.03535497 -1.204277 0.03535497 -1.053743 -0.03535497 -1.053743 0.03535497 -1.053743 -0.03535497 -0.903208 -0.03535497 -0.903208 0.03535497 -1.053743 0.03535497 -0.903208 -0.03535497 -0.903208 0.03535497 -0.903208 -0.03535497 -0.752673 -0.03535497 -0.752673 0.03535497 -0.903208 0.03535497 -0.752673 -0.03535497 -0.752673 0.03535497 -0.752673 -0.03535497 -0.602139 -0.03535497 -0.602139 0.03535497 -0.752673 0.03535497 -0.602139 -0.03535497 -0.602139 0.03535497 -0.602139 -0.03535497 -0.451604 -0.03535497 -0.451604 0.03535497 -0.602139 0.03535497 -0.451604 -0.03535497 -0.451604 0.03535497 -0.451604 -0.03535497 -0.301069 -0.03535497 -0.301069 0.03535497 -0.451604 0.03535497 -0.301069 -0.03535497 -0.301069 0.03535497 -0.301069 -0.03535497 -0.150535 -0.03535497 -0.150535 0.03535497 -0.301069 0.03535497 -0.150535 -0.03535497 -0.150535 0.03535497 -0.150535 -0.03535497 0 -0.03535497 0 0.03535497 -0.150535 0.03535497 0 -0.03535497 0 0.03535497 0 -0.03535497 0.150535 -0.03535497 0.150535 0.03535497 0 0.03535497 0.150535 -0.03535497 0.150535 0.03535497 0.150535 -0.03535497 0.301069 -0.03535497 0.301069 0.03535497 0.150535 0.03535497 0.301069 -0.03535497 0.301069 0.03535497 0.301069 -0.03535497 0.451604 -0.03535497 0.451604 0.03535497 0.301069 0.03535497 0.451604 -0.03535497 0.451604 0.03535497 0.451604 -0.03535497 0.602139 -0.03535497 0.602139 0.03535497 0.451604 0.03535497 0.602139 -0.03535497 0.602139 0.03535497 0.602139 -0.03535497 0.752673 -0.03535497 0.752673 0.03535497 0.602139 0.03535497 0.752673 -0.03535497 0.752673 0.03535497 0.752673 -0.03535497 0.903208 -0.03535497 0.903208 0.03535497 0.752673 0.03535497 0.903208 -0.03535497 0.903208 0.03535497 0.903208 -0.03535497 1.053743 -0.03535497 1.053743 0.03535497 0.903208 0.03535497 1.053743 -0.03535497 1.053743 0.03535497 1.053743 -0.03535497 1.204277 -0.03535497 1.204277 0.03535497 1.053743 0.03535497 1.204277 -0.03535497 1.204277 0.03535497 1.204277 -0.03535497 1.354812 -0.03535497 1.354812 0.03535497 1.204277 0.03535497 1.354812 -0.03535497 1.354812 0.03535497 1.354812 -0.03535497 1.505346 -0.03535497 1.505346 0.03535497 1.354812 0.03535497 1.505346 -0.03535497 1.505346 0.03535497 1.505346 -0.03535497 1.655881 -0.03535497 1.655881 0.03535497 1.505346 0.03535497 1.655881 0 1.583886 1.1 1.583886 0 1.727876 0 1.727876 1.1 1.583886 1.1 1.727876 0 -1.727876 1.1 -1.727876 0 -1.583886 0 -1.583886 1.1 -1.727876 1.1 -1.583886 0 -1.583886 1.1 -1.583886 0 -1.439897 0 -1.439897 1.1 -1.583886 1.1 -1.439897 0 -1.439897 1.1 -1.439897 0 -1.295907 0 -1.295907 1.1 -1.439897 1.1 -1.295907 0 -1.295907 1.1 -1.295907 0 -1.151917 0 -1.151917 1.1 -1.295907 1.1 -1.151917 0 -1.151917 1.1 -1.151917 0 -1.007928 0 -1.007928 1.1 -1.151917 1.1 -1.007928 0 -1.007928 1.1 -1.007928 0 -0.863938 0 -0.863938 1.1 -1.007928 1.1 -0.863938 0 -0.863938 1.1 -0.863938 0 -0.719948 0 -0.719948 1.1 -0.863938 1.1 -0.719948 0 -0.719948 1.1 -0.719948 0 -0.575959 0 -0.575959 1.1 -0.719948 1.1 -0.575959 0 -0.575959 1.1 -0.575959 0 -0.431969 0 -0.431969 1.1 -0.575959 1.1 -0.431969 0 -0.431969 1.1 -0.431969 0 -0.287979 0 -0.287979 1.1 -0.431969 1.1 -0.287979 0 -0.287979 1.1 -0.287979 0 -0.14399 0 -0.14399 1.1 -0.287979 1.1 -0.14399 0 -0.14399 1.1 -0.14399 0 0 0 0 1.1 -0.14399 1.1 0 0 0 1.1 0 0 0.14399 0 0.14399 1.1 0 1.1 0.14399 0 0.14399 1.1 0.14399 0 0.287979 0 0.287979 1.1 0.14399 1.1 0.287979 0 0.287979 1.1 0.287979 0 0.431969 0 0.431969 1.1 0.287979 1.1 0.431969 0 0.431969 1.1 0.431969 0 0.575959 0 0.575959 1.1 0.431969 1.1 0.575959 0 0.575959 1.1 0.575959 0 0.719948 0 0.719948 1.1 0.575959 1.1 0.719948 0 0.719948 1.1 0.719948 0 0.863938 0 0.863938 1.1 0.719948 1.1 0.863938 0 0.863938 1.1 0.863938 0 1.007928 0 1.007928 1.1 0.863938 1.1 1.007928 0 1.007928 1.1 1.007928 0 1.151917 0 1.151917 1.1 1.007928 1.1 1.151917 0 1.151917 1.1 1.151917 0 1.295907 0 1.295907 1.1 1.151917 1.1 1.295907 0 1.295907 1.1 1.295907 0 1.439897 0 1.439897 1.1 1.295907 1.1 1.439897 0 1.439897 1.1 1.439897 0 1.583886 0 1.583886 1.1 1.439897 1.1 1.583886 -1.15 -2.768529 -1.15 -2.999239 -1.148106 -2.78776 -1.148106 -2.78776 -1.15 -2.999239 -1.142384 -2.806812 -1.142384 -2.806812 -1.15 -2.999239 -1.132962 -2.824334 -1.132962 -2.824334 -1.15 -2.999239 -1.120711 -2.839282 -1.120711 -2.839282 -1.15 -2.999239 -1.105785 -2.85156 -1.105785 -2.85156 -1.15 -2.999239 -1.088277 -2.861008 -1.088277 -2.861008 -1.15 -2.999239 -1.06923 -2.866749 -1.06923 -2.866749 -1.15 -2.999239 -1.05 -2.86865 -1.05 -2.86865 -1.15 -2.999239 -0.06020897 -2.86865 -0.06020897 -2.86865 -1.15 -2.999239 0 -3.054153 -0.06020897 -2.86865 0 -3.054153 0 -2.785605 -1.15 -2.999239 -1.15 -3.22995 0 -3.054153 0 -3.054153 -1.15 -3.22995 0 -3.322702 0 -3.322702 -1.15 -3.22995 -1.15 -3.460661 0 -3.322702 -1.15 -3.460661 0 -3.59125 0 -3.59125 -1.15 -3.460661 -0.09023797 -3.59125 0 -3.59125 -0.09023797 -3.59125 -0.09908795 -3.791492 -1.15 -3.691371 -1.148106 -3.67214 -1.15 -3.460661 -1.15 -3.460661 -1.148106 -3.67214 -1.142384 -3.653088 -1.15 -3.460661 -1.142384 -3.653088 -1.132962 -3.635565 -1.132962 -3.635565 -1.120711 -3.620618 -1.15 -3.460661 -1.15 -3.460661 -1.120711 -3.620618 -1.105785 -3.60834 -1.15 -3.460661 -1.105785 -3.60834 -1.088277 -3.598891 -1.088277 -3.598891 -1.06923 -3.593151 -1.15 -3.460661 -1.15 -3.460661 -1.06923 -3.593151 -1.05 -3.59125 -1.15 -3.460661 -1.05 -3.59125 -0.09023797 -3.59125 0 -3.59125 -0.09908795 -3.791492 -0.01058596 -3.831336 -0.01058596 3.551407 -0.09908795 3.59125 -1.05 3.59125 -0.01058596 3.551407 -1.05 3.59125 -1.15 3.460661 -1.15 3.460661 -1.05 3.59125 -1.06923 3.593151 -1.15 3.460661 -1.06923 3.593151 -1.088277 3.598891 -1.088277 3.598891 -1.105785 3.60834 -1.15 3.460661 -1.15 3.460661 -1.105785 3.60834 -1.120711 3.620618 -1.15 3.460661 -1.120711 3.620618 -1.132962 3.635565 -1.132962 3.635565 -1.142384 3.653088 -1.15 3.460661 -1.15 3.460661 -1.142384 3.653088 -1.148106 3.67214 -1.15 3.460661 -1.148106 3.67214 -1.15 3.691371 -0.01058596 3.551407 -1.15 3.460661 -0.02102994 3.304504 -0.02102994 3.304504 -1.15 3.460661 -1.15 3.22995 -0.02102994 3.304504 -1.15 3.22995 -0.03057396 3.057846 -0.03057396 3.057846 -1.15 3.22995 -1.15 2.999239 -0.03057396 3.057846 -1.15 2.999239 -0.127317 2.86865 -0.127317 2.86865 -1.15 2.999239 -1.05 2.86865 -1.05 2.86865 -1.15 2.999239 -1.06923 2.866749 -1.06923 2.866749 -1.15 2.999239 -1.088277 2.861008 -1.088277 2.861008 -1.15 2.999239 -1.105785 2.85156 -1.105785 2.85156 -1.15 2.999239 -1.120711 2.839282 -1.120711 2.839282 -1.15 2.999239 -1.132962 2.824334 -1.132962 2.824334 -1.15 2.999239 -1.142384 2.806812 -1.142384 2.806812 -1.15 2.999239 -1.148106 2.78776 -1.148106 2.78776 -1.15 2.999239 -1.15 2.768529 -0.03057396 3.057846 -0.127317 2.86865 -0.03865796 2.818561 -0.03865796 2.818561 -0.127317 2.86865 -0.133233 2.668407 -0.03865796 2.818561 -0.133233 2.668407 -0.04529196 2.578009 -0.04529196 2.578009 -0.133233 2.668407 -1.05 2.668407 -0.04529196 2.578009 -1.05 2.668407 -1.15 2.537818 -1.15 2.537818 -1.05 2.668407 -1.06923 2.670308 -1.15 2.537818 -1.06923 2.670308 -1.088277 2.676049 -1.088277 2.676049 -1.105785 2.685497 -1.15 2.537818 -1.15 2.537818 -1.105785 2.685497 -1.120711 2.697775 -1.15 2.537818 -1.120711 2.697775 -1.132962 2.712723 -1.132962 2.712723 -1.142384 2.730245 -1.15 2.537818 -1.15 2.537818 -1.142384 2.730245 -1.148106 2.749297 -1.15 2.537818 -1.148106 2.749297 -1.15 2.768529 -0.04529196 2.578009 -1.15 2.537818 -0.05034196 2.331631 -0.05034196 2.331631 -1.15 2.537818 -1.15 2.307107 -0.05034196 2.331631 -1.15 2.307107 -0.05339598 2.085457 -0.05339598 2.085457 -1.15 2.307107 -1.15 2.076396 -0.05339598 2.085457 -1.15 2.076396 -1.05 1.945807 -1.05 1.945807 -1.15 2.076396 -1.06923 1.943906 -1.06923 1.943906 -1.15 2.076396 -1.088277 1.938166 -1.088277 1.938166 -1.15 2.076396 -1.105785 1.928717 -1.105785 1.928717 -1.15 2.076396 -1.120711 1.916439 -1.120711 1.916439 -1.15 2.076396 -1.132962 1.901492 -1.132962 1.901492 -1.15 2.076396 -1.142384 1.883969 -1.142384 1.883969 -1.15 2.076396 -1.148106 1.864917 -1.148106 1.864917 -1.15 2.076396 -1.15 1.845686 -1.05 1.945807 -0.144472 1.945807 -0.05339598 2.085457 -0.05339598 2.085457 -0.144472 1.945807 -0.05440896 1.845686 -0.05440896 1.845686 -0.144472 1.945807 -0.144472 1.745565 -0.05440896 1.845686 -0.144472 1.745565 -0.05339598 1.605914 -0.05339598 1.605914 -0.144472 1.745565 -1.15 1.614975 -0.05339598 1.605914 -1.15 1.614975 -1.15 1.384264 -0.144472 1.745565 -1.05 1.745565 -1.15 1.614975 -1.15 1.614975 -1.05 1.745565 -1.06923 1.747465 -1.15 1.614975 -1.06923 1.747465 -1.088277 1.753206 -1.088277 1.753206 -1.105785 1.762655 -1.15 1.614975 -1.15 1.614975 -1.105785 1.762655 -1.120711 1.774932 -1.15 1.614975 -1.120711 1.774932 -1.132962 1.78988 -1.132962 1.78988 -1.142384 1.807402 -1.15 1.614975 -1.15 1.614975 -1.142384 1.807402 -1.148106 1.826455 -1.15 1.614975 -1.148106 1.826455 -1.15 1.845686 -0.05339598 1.605914 -1.15 1.384264 -0.05034196 1.35974 -0.05034196 1.35974 -1.15 1.384264 -1.15 1.153554 -0.05034196 1.35974 -1.15 1.153554 -0.04529196 1.113363 -0.04529196 1.113363 -1.15 1.153554 -1.05 1.022964 -0.04529196 1.113363 -1.05 1.022964 -0.133233 1.022964 -1.15 0.922843 -1.148106 0.942074 -1.15 1.153554 -1.15 1.153554 -1.148106 0.942074 -1.142384 0.961126 -1.15 1.153554 -1.142384 0.961126 -1.132962 0.978649 -1.132962 0.978649 -1.120711 0.993596 -1.15 1.153554 -1.15 1.153554 -1.120711 0.993596 -1.105785 1.005874 -1.15 1.153554 -1.105785 1.005874 -1.088277 1.015323 -1.088277 1.015323 -1.06923 1.021063 -1.15 1.153554 -1.15 1.153554 -1.06923 1.021063 -1.05 1.022964 -0.04529196 1.113363 -0.133233 1.022964 -0.03865796 0.872811 -0.03865796 0.872811 -0.133233 1.022964 -0.127317 0.822722 -0.03865796 0.872811 -0.127317 0.822722 -0.03057396 0.633525 -0.03057396 0.633525 -0.127317 0.822722 -1.15 0.692132 -0.03057396 0.633525 -1.15 0.692132 -1.15 0.461421 -0.127317 0.822722 -1.05 0.822722 -1.15 0.692132 -1.15 0.692132 -1.05 0.822722 -1.06923 0.824623 -1.15 0.692132 -1.06923 0.824623 -1.088277 0.830363 -1.088277 0.830363 -1.105785 0.839812 -1.15 0.692132 -1.15 0.692132 -1.105785 0.839812 -1.120711 0.852089 -1.15 0.692132 -1.120711 0.852089 -1.132962 0.867037 -1.132962 0.867037 -1.142384 0.884559 -1.15 0.692132 -1.15 0.692132 -1.142384 0.884559 -1.148106 0.903612 -1.15 0.692132 -1.148106 0.903612 -1.15 0.922843 -0.03057396 0.633525 -1.15 0.461421 -0.02102994 0.386868 -0.02102994 0.386868 -1.15 0.461421 -1.15 0.230711 -0.02102994 0.386868 -1.15 0.230711 -0.01058596 0.139964 -0.01058596 0.139964 -1.15 0.230711 -1.05 0.100121 -0.01058596 0.139964 -1.05 0.100121 -0.09908795 0.100121 -1.15 0 -1.148106 0.01923096 -1.15 0.230711 -1.15 0.230711 -1.148106 0.01923096 -1.142384 0.038284 -1.15 0.230711 -1.142384 0.038284 -1.132962 0.05580598 -1.132962 0.05580598 -1.120711 0.07075297 -1.15 0.230711 -1.15 0.230711 -1.120711 0.07075297 -1.105785 0.08303099 -1.15 0.230711 -1.105785 0.08303099 -1.088277 0.09248 -1.088277 0.09248 -1.06923 0.09821999 -1.15 0.230711 -1.15 0.230711 -1.06923 0.09821999 -1.05 0.100121 -0.01058596 0.139964 -0.09908795 0.100121 0 -0.100121 0 -0.100121 -0.09908795 0.100121 -0.09023797 -0.100121 0 -0.100121 -0.09023797 -0.100121 0 -0.36867 0 -0.36867 -0.09023797 -0.100121 -1.15 -0.230711 0 -0.36867 -1.15 -0.230711 -1.15 -0.461421 -0.09023797 -0.100121 -1.05 -0.100121 -1.15 -0.230711 -1.15 -0.230711 -1.05 -0.100121 -1.06923 -0.09821999 -1.15 -0.230711 -1.06923 -0.09821999 -1.088277 -0.09248 -1.088277 -0.09248 -1.105785 -0.08303099 -1.15 -0.230711 -1.15 -0.230711 -1.105785 -0.08303099 -1.120711 -0.07075297 -1.15 -0.230711 -1.120711 -0.07075297 -1.132962 -0.05580598 -1.132962 -0.05580598 -1.142384 -0.038284 -1.15 -0.230711 -1.15 -0.230711 -1.142384 -0.038284 -1.148106 -0.01923096 -1.15 -0.230711 -1.148106 -0.01923096 -1.15 0 0 -0.36867 -1.15 -0.461421 0 -0.637218 0 -0.637218 -1.15 -0.461421 -1.15 -0.692132 0 -0.637218 -1.15 -0.692132 -0.06020897 -0.822722 -0.06020897 -0.822722 -1.15 -0.692132 -1.05 -0.822722 -1.05 -0.822722 -1.15 -0.692132 -1.06923 -0.824623 -1.06923 -0.824623 -1.15 -0.692132 -1.088277 -0.830363 -1.088277 -0.830363 -1.15 -0.692132 -1.105785 -0.839812 -1.105785 -0.839812 -1.15 -0.692132 -1.120711 -0.852089 -1.120711 -0.852089 -1.15 -0.692132 -1.132962 -0.867037 -1.132962 -0.867037 -1.15 -0.692132 -1.142384 -0.884559 -1.142384 -0.884559 -1.15 -0.692132 -1.148106 -0.903612 -1.148106 -0.903612 -1.15 -0.692132 -1.15 -0.922843 0 -0.637218 -0.06020897 -0.822722 0 -0.905766 0 -0.905766 -0.06020897 -0.822722 -0.053541 -1.022964 0 -0.905766 -0.053541 -1.022964 0 -1.174315 0 -1.174315 -0.053541 -1.022964 -1.15 -1.153554 0 -1.174315 -1.15 -1.153554 -1.15 -1.384264 -0.053541 -1.022964 -1.05 -1.022964 -1.15 -1.153554 -1.15 -1.153554 -1.05 -1.022964 -1.06923 -1.021063 -1.15 -1.153554 -1.06923 -1.021063 -1.088277 -1.015323 -1.088277 -1.015323 -1.105785 -1.005874 -1.15 -1.153554 -1.15 -1.153554 -1.105785 -1.005874 -1.120711 -0.993596 -1.15 -1.153554 -1.120711 -0.993596 -1.132962 -0.978649 -1.132962 -0.978649 -1.142384 -0.961126 -1.15 -1.153554 -1.15 -1.153554 -1.142384 -0.961126 -1.148106 -0.942074 -1.15 -1.153554 -1.148106 -0.942074 -1.15 -0.922843 0 -1.174315 -1.15 -1.384264 0 -1.442863 0 -1.442863 -1.15 -1.384264 -1.15 -1.614975 0 -1.442863 -1.15 -1.614975 0 -1.711411 0 -1.711411 -1.15 -1.614975 -1.05 -1.745565 0 -1.711411 -1.05 -1.745565 -0.04048496 -1.745565 -1.15 -1.845686 -1.148106 -1.826455 -1.15 -1.614975 -1.15 -1.614975 -1.148106 -1.826455 -1.142384 -1.807402 -1.15 -1.614975 -1.142384 -1.807402 -1.132962 -1.78988 -1.132962 -1.78988 -1.120711 -1.774932 -1.15 -1.614975 -1.15 -1.614975 -1.120711 -1.774932 -1.105785 -1.762655 -1.15 -1.614975 -1.105785 -1.762655 -1.088277 -1.753206 -1.088277 -1.753206 -1.06923 -1.747465 -1.15 -1.614975 -1.15 -1.614975 -1.06923 -1.747465 -1.05 -1.745565 0 -1.711411 -0.04048496 -1.745565 0 -1.97996 0 -1.97996 -0.04048496 -1.745565 -0.04048496 -1.945807 0 -1.97996 -0.04048496 -1.945807 -1.05 -1.945807 0 -1.97996 -1.05 -1.945807 -1.15 -2.076396 -1.15 -2.076396 -1.05 -1.945807 -1.06923 -1.943906 -1.15 -2.076396 -1.06923 -1.943906 -1.088277 -1.938166 -1.088277 -1.938166 -1.105785 -1.928717 -1.15 -2.076396 -1.15 -2.076396 -1.105785 -1.928717 -1.120711 -1.916439 -1.15 -2.076396 -1.120711 -1.916439 -1.132962 -1.901492 -1.132962 -1.901492 -1.142384 -1.883969 -1.15 -2.076396 -1.15 -2.076396 -1.142384 -1.883969 -1.148106 -1.864917 -1.15 -2.076396 -1.148106 -1.864917 -1.15 -1.845686 0 -1.97996 -1.15 -2.076396 0 -2.248508 0 -2.248508 -1.15 -2.076396 -1.15 -2.307107 0 -2.248508 -1.15 -2.307107 0 -2.517057 0 -2.517057 -1.15 -2.307107 -1.15 -2.537818 0 -2.517057 -1.15 -2.537818 -1.05 -2.668407 -1.05 -2.668407 -1.15 -2.537818 -1.06923 -2.670308 -1.06923 -2.670308 -1.15 -2.537818 -1.088277 -2.676049 -1.088277 -2.676049 -1.15 -2.537818 -1.105785 -2.685497 -1.105785 -2.685497 -1.15 -2.537818 -1.120711 -2.697775 -1.120711 -2.697775 -1.15 -2.537818 -1.132962 -2.712723 -1.132962 -2.712723 -1.15 -2.537818 -1.142384 -2.730245 -1.142384 -2.730245 -1.15 -2.537818 -1.148106 -2.749297 -1.148106 -2.749297 -1.15 -2.537818 -1.15 -2.768529 -1.05 -2.668407 -0.053541 -2.668407 0 -2.517057 0 -2.517057 -0.053541 -2.668407 0 -2.785605 0 -2.785605 -0.053541 -2.668407 -0.06020897 -2.86865 1.037085 1.126689 1.051498 1.448901 0.831587 1.165571 0.831587 1.165571 1.051498 1.448901 0.70305 1.184738 0.70305 1.184738 1.051498 1.448901 0.851085 1.442297 0.70305 1.184738 0.851085 1.442297 0.551083 1.203725 0.551083 1.203725 0.851085 1.442297 0.724841 1.439003 0.551083 1.203725 0.724841 1.439003 0.574657 1.435716 0.574657 1.435716 0.393008 1.432435 0.551083 1.203725 0.551083 1.203725 0.393008 1.432435 0.36867 1.222532 0.36867 1.222532 0.393008 1.432435 0.168853 1.429159 0.36867 1.222532 0.168853 1.429159 0.03588396 1.427524 0.03588396 1.427524 -0.114704 1.42589 0.36867 1.222532 0.36867 1.222532 -0.114704 1.42589 -0.286661 1.424257 0.36867 1.222532 -0.286661 1.424257 -0.484881 1.422626 -0.491351 1.277895 -0.300267 1.268777 -0.484881 1.422626 -0.484881 1.422626 -0.300267 1.268777 -0.133045 1.259615 -0.484881 1.422626 -0.133045 1.259615 0.145687 1.241162 0.145687 1.241162 0.36867 1.222532 -0.484881 1.422626 0.116973 1.05 0.44518 0.593068 1.479263 1.05 1.479263 1.05 0.44518 0.593068 0.578697 0.523401 1.479263 1.05 0.578697 0.523401 0.696594 0.461884 0.116973 0.764325 0.292719 0.672621 0.116973 1.05 0.116973 1.05 0.292719 0.672621 0.44518 0.593068 0.696594 0.461884 0.895345 0.358182 1.479263 1.05 1.479263 1.05 0.895345 0.358182 1.056412 0.274145 1.479263 1.05 1.056412 0.274145 1.189585 0.204664 1.189585 0.204664 1.301533 0.14626 1.479263 1.05 1.479263 1.05 1.301533 0.14626 1.479263 0.053541 0.879241 -1.775464 0.892029 -1.466911 0.662954 -1.740367 0.662954 -1.740367 0.892029 -1.466911 0.529441 -1.723028 0.529441 -1.723028 0.892029 -1.466911 0.680208 -1.472878 0.529441 -1.723028 0.680208 -1.472878 0.373304 -1.705829 0.373304 -1.705829 0.680208 -1.472878 0.548624 -1.475855 0.373304 -1.705829 0.548624 -1.475855 0.393909 -1.478827 0.373304 -1.705829 0.393909 -1.478827 0.188286 -1.688767 0.188286 -1.688767 0.393909 -1.478827 0.209375 -1.481795 0.188286 -1.688767 0.209375 -1.481795 -0.01451599 -1.484759 -0.01451599 -1.484759 -0.29186 -1.487718 0.188286 -1.688767 0.188286 -1.688767 -0.29186 -1.487718 -0.456937 -1.489195 0.188286 -1.688767 -0.456937 -1.489195 -0.644389 -1.490672 -0.650509 -1.638398 -0.468756 -1.646708 -0.644389 -1.490672 -0.644389 -1.490672 -0.468756 -1.646708 -0.307579 -1.655052 -0.644389 -1.490672 -0.307579 -1.655052 -0.03441399 -1.671842 -0.03441399 -1.671842 0.188286 -1.688767 -0.644389 -1.490672 0.116973 1.05 0.42953 0.675027 1.479263 1.05 1.479263 1.05 0.42953 0.675027 0.675431 0.546718 1.479263 1.05 0.675431 0.546718 0.873945 0.443137 0.116973 0.83812 0.28317 0.751397 0.116973 1.05 0.116973 1.05 0.28317 0.751397 0.42953 0.675027 0.873945 0.443137 1.037565 0.357765 1.479263 1.05 1.479263 1.05 1.037565 0.357765 1.17475 0.286189 1.479263 1.05 1.17475 0.286189 1.291428 0.225314 1.291428 0.225314 1.479263 0.127317 1.479263 1.05 0.116973 1.05 0.423023 0.69473 1.479263 1.05 1.479263 1.05 0.423023 0.69473 0.666469 0.567821 1.479263 1.05 0.666469 0.567821 0.864745 0.464484 0.116973 0.854309 0.279242 0.769695 0.116973 1.05 0.116973 1.05 0.279242 0.769695 0.423023 0.69473 0.864745 0.464484 1.029361 0.378713 1.479263 1.05 1.479263 1.05 1.029361 0.378713 1.168222 0.306383 1.479263 1.05 1.168222 0.306383 1.286938 0.244566 1.286938 0.244566 1.479263 0.144472 1.479263 1.05 0.879241 -4.273862 0.662954 -4.30896 0.892029 -4.582416 0.892029 -4.582416 0.662954 -4.30896 0.529441 -4.326298 0.892029 -4.582416 0.529441 -4.326298 0.373304 -4.343498 0.373304 -4.343498 0.188286 -4.36056 0.892029 -4.582416 0.892029 -4.582416 0.188286 -4.36056 -0.03441399 -4.377485 0.892029 -4.582416 -0.03441399 -4.377485 -0.307579 -4.394274 0.892029 -4.582416 -0.307579 -4.394274 0.680208 -4.576449 0.680208 -4.576449 -0.307579 -4.394274 -0.468756 -4.402618 0.680208 -4.576449 -0.468756 -4.402618 0.548624 -4.573472 0.548624 -4.573472 -0.468756 -4.402618 -0.650509 -4.410928 0.548624 -4.573472 -0.650509 -4.410928 0.393909 -4.570499 0.393909 -4.570499 -0.650509 -4.410928 0.209375 -4.567531 0.209375 -4.567531 -0.650509 -4.410928 -0.01451599 -4.564568 -0.01451599 -4.564568 -0.650509 -4.410928 -0.29186 -4.561609 -0.29186 -4.561609 -0.650509 -4.410928 -0.456937 -4.560131 -0.456937 -4.560131 -0.650509 -4.410928 -0.644389 -4.558654 0.116973 1.05 0.421736 0.682299 1.479263 1.05 1.479263 1.05 0.421736 0.682299 0.664656 0.555923 1.479263 1.05 0.664656 0.555923 0.862842 0.452894 0.116973 0.840951 0.278475 0.756865 0.116973 1.05 0.116973 1.05 0.278475 0.756865 0.421736 0.682299 0.862842 0.452894 1.027628 0.367298 1.479263 1.05 1.479263 1.05 1.027628 0.367298 1.166815 0.295064 1.479263 1.05 1.166815 0.295064 1.285951 0.233296 1.285951 0.233296 1.479263 0.133233 1.479263 1.05 0.116973 1.05 0.426397 0.644349 1.479263 1.05 1.479263 1.05 0.426397 0.644349 0.671054 0.517254 1.479263 1.05 0.671054 0.517254 0.869385 0.414339 0.116973 0.805248 0.281292 0.719784 0.116973 1.05 0.116973 1.05 0.281292 0.719784 0.426397 0.644349 0.869385 0.414339 1.033438 0.329319 1.479263 1.05 1.479263 1.05 1.033438 0.329319 1.171416 0.257911 1.479263 1.05 1.171416 0.257911 1.2891 0.1971 1.2891 0.1971 1.479263 0.09908795 1.479263 1.05 0.116973 1.05 0.435505 0.601553 1.479263 1.05 1.479263 1.05 0.435505 0.601553 0.683498 0.472602 1.479263 1.05 0.683498 0.472602 0.882077 0.369442 0.116973 0.767319 0.286816 0.678916 0.116973 1.05 0.116973 1.05 0.286816 0.678916 0.435505 0.601553 0.882077 0.369442 1.044697 0.285051 1.479263 1.05 1.479263 1.05 1.044697 0.285051 1.180335 0.2147459 1.479263 1.05 1.180335 0.2147459 1.295209 0.1552799 1.295209 0.1552799 1.479263 0.06020897 1.479263 1.05 1.079719 2.936484 0.877572 2.912954 1.079719 2.607796 1.079719 2.607796 0.877572 2.912954 0.877572 2.631325 0.877572 2.631325 0.877572 2.912954 0.750103 2.901297 0.877572 2.631325 0.750103 2.901297 0.750103 2.642983 0.750103 2.642983 0.750103 2.901297 0.598341 2.889711 0.750103 2.642983 0.598341 2.889711 0.414623 2.878195 0.414623 2.878195 0.187683 2.86675 0.750103 2.642983 0.750103 2.642983 0.187683 2.86675 -0.475531 2.748163 0.750103 2.642983 -0.475531 2.748163 0.598341 2.654569 0.598341 2.654569 -0.475531 2.748163 0.414623 2.666084 0.414623 2.666084 -0.475531 2.748163 0.187683 2.67753 0.187683 2.67753 -0.475531 2.748163 0.05294597 2.683226 0.05294597 2.683226 -0.475531 2.748163 -0.09974396 2.688905 -0.09974396 2.688905 -0.475531 2.748163 -0.274229 2.694566 -0.274229 2.694566 -0.475531 2.748163 -0.475531 2.700211 -0.475531 2.748163 0.187683 2.86675 -0.475531 2.796116 -0.475531 2.796116 0.187683 2.86675 0.05294597 2.861054 -0.475531 2.796116 0.05294597 2.861054 -0.09974396 2.855375 -0.09974396 2.855375 -0.274229 2.849713 -0.475531 2.796116 -0.475531 2.796116 -0.274229 2.849713 -0.475531 2.844069 0.116973 1.05 0.431311 0.586147 1.479263 1.05 1.479263 1.05 0.431311 0.586147 0.566839 0.515507 1.479263 1.05 0.566839 0.515507 0.686451 0.453173 0.431311 0.586147 0.116973 1.05 0.276461 0.66687 0.276461 0.66687 0.116973 1.05 0.116973 0.76 0.276461 0.66687 0.116973 0.76 0.09783697 0.76 0.686451 0.453173 0.887969 0.348183 1.479263 1.05 1.479263 1.05 0.887969 0.348183 1.051171 0.263188 1.479263 1.05 1.051171 0.263188 1.186044 0.192977 1.186044 0.192977 1.299382 0.134006 1.479263 1.05 1.479263 1.05 1.299382 0.134006 1.479263 0.04048496 -0.531259 0.14235 -1.170737 0.1 -0.55 0 -0.55 0 -1.170737 0.1 -1.141384 -0.160513 -0.55 0 -1.141384 -0.160513 -0.531259 -0.14235 -0.531259 -0.14235 -1.141384 -0.160513 -1.054798 -0.407964 -0.531259 -0.14235 -1.054798 -0.407964 -0.476314 -0.275 -0.476314 -0.275 -1.054798 -0.407964 -0.915319 -0.629943 -0.476314 -0.275 -0.915319 -0.629943 -0.388909 -0.388909 -0.388909 -0.388909 -0.915319 -0.629943 -0.729943 -0.815319 -0.388909 -0.388909 -0.729943 -0.815319 -0.275 -0.476314 -0.275 -0.476314 -0.729943 -0.815319 -0.507964 -0.954798 -0.275 -0.476314 -0.507964 -0.954798 -0.14235 -0.531259 -0.14235 -0.531259 -0.507964 -0.954798 -0.260513 -1.041384 -0.14235 -0.531259 -0.260513 -1.041384 0 -0.55 0 -0.55 -0.260513 -1.041384 0 -1.070737 0 -0.55 0 -1.070737 0.260513 -1.041384 -1.170737 0.1 -0.531259 0.14235 -1.117636 0.36265 -1.117636 0.36265 -0.531259 0.14235 -0.476314 0.275 -1.117636 0.36265 -0.476314 0.275 -1.006408 0.606439 -1.006408 0.606439 -0.476314 0.275 -0.388909 0.388909 -1.006408 0.606439 -0.388909 0.388909 -0.842837 0.818688 -0.842837 0.818688 -0.388909 0.388909 -0.275 0.476314 -0.842837 0.818688 -0.275 0.476314 -0.635432 0.988358 -0.635432 0.988358 -0.275 0.476314 -0.394978 1.106624 -0.394978 1.106624 -0.275 0.476314 -0.14235 0.531259 -0.394978 1.106624 -0.14235 0.531259 -0.133982 1.167336 -0.133982 1.167336 -0.14235 0.531259 0 0.55 -0.133982 1.167336 0 0.55 0.133982 1.167336 0.133982 1.167336 0 0.55 0.14235 0.531259 0.133982 1.167336 0.14235 0.531259 0.394978 1.106624 0.394978 1.106624 0.14235 0.531259 0.275 0.476314 0.394978 1.106624 0.275 0.476314 0.635432 0.988358 0.635432 0.988358 0.275 0.476314 0.842837 0.818688 0.842837 0.818688 0.275 0.476314 0.388909 0.388909 0.842837 0.818688 0.388909 0.388909 1.006408 0.606439 1.006408 0.606439 0.388909 0.388909 0.476314 0.275 1.006408 0.606439 0.476314 0.275 1.117636 0.36265 1.117636 0.36265 0.476314 0.275 0.531259 0.14235 1.117636 0.36265 0.531259 0.14235 1.170737 0.1 1.170737 0.1 0.531259 0.14235 0.55 0 1.170737 0.1 0.55 0 1.141384 -0.160513 1.141384 -0.160513 0.55 0 0.531259 -0.14235 1.141384 -0.160513 0.531259 -0.14235 1.054798 -0.407964 1.054798 -0.407964 0.531259 -0.14235 0.476314 -0.275 1.054798 -0.407964 0.476314 -0.275 0.915319 -0.629943 0.915319 -0.629943 0.476314 -0.275 0.388909 -0.388909 0.915319 -0.629943 0.388909 -0.388909 0.729943 -0.815319 0.729943 -0.815319 0.388909 -0.388909 0.275 -0.476314 0.729943 -0.815319 0.275 -0.476314 0.507964 -0.954798 0.507964 -0.954798 0.275 -0.476314 0.14235 -0.531259 0.507964 -0.954798 0.14235 -0.531259 0.260513 -1.041384 0.260513 -1.041384 0.14235 -0.531259 0 -0.55 0.116973 1.05 0.116973 0.801134 1.479263 1.05 1.479263 1.05 0.116973 0.801134 1.479263 0.09023797 0.953047 -0.314004 0.972178 0 0.741191 -0.270796 0.741191 -0.270796 0.972178 0 0.609748 -0.249513 0.609748 -0.249513 0.972178 0 0.455398 -0.22844 0.455398 -0.22844 0.972178 0 0.271624 -0.207577 0.271624 -0.207577 0.972178 0 0.04917097 -0.186922 0.04917097 -0.186922 0.972178 0 -0.564444 0 0.04917097 -0.186922 -0.564444 0 -0.225548 -0.166472 -0.225548 -0.166472 -0.564444 0 -0.388604 -0.156324 -0.388604 -0.156324 -0.564444 0 -0.573336 -0.146227 0.85495 -2.91707 0.638594 -2.937183 0.85495 -3.224101 0.85495 -3.224101 0.638594 -2.937183 0.638594 -3.203988 0.638594 -3.203988 0.638594 -2.937183 0.504974 -2.947167 0.638594 -3.203988 0.504974 -2.947167 0.504974 -3.194003 0.504974 -3.194003 0.504974 -2.947167 0.34863 -2.957104 0.504974 -3.194003 0.34863 -2.957104 0.34863 -3.184066 0.34863 -3.184066 0.34863 -2.957104 0.1632339 -2.966994 0.34863 -3.184066 0.1632339 -2.966994 0.1632339 -3.174177 0.1632339 -3.174177 0.1632339 -2.966994 -0.06013095 -2.976836 0.1632339 -3.174177 -0.06013095 -2.976836 -0.06013095 -3.164335 -0.06013095 -3.164335 -0.06013095 -2.976836 -0.334449 -2.986631 -0.06013095 -3.164335 -0.334449 -2.986631 -0.334449 -3.154539 -0.334449 -3.154539 -0.334449 -2.986631 -0.496488 -2.991511 -0.334449 -3.154539 -0.496488 -2.991511 -0.679382 -2.99638 -0.679382 -3.144791 -0.496488 -3.149659 -0.679382 -2.99638 -0.679382 -2.99638 -0.496488 -3.149659 -0.334449 -3.154539 0.953047 -5.516238 0.741191 -5.559446 0.972178 -5.830242 0.972178 -5.830242 0.741191 -5.559446 0.609748 -5.580729 0.972178 -5.830242 0.609748 -5.580729 0.455398 -5.601801 0.455398 -5.601801 0.271624 -5.622664 0.972178 -5.830242 0.972178 -5.830242 0.271624 -5.622664 0.04917097 -5.64332 0.972178 -5.830242 0.04917097 -5.64332 -0.225548 -5.663769 -0.225548 -5.663769 -0.388604 -5.673918 0.972178 -5.830242 0.972178 -5.830242 -0.388604 -5.673918 -0.573336 -5.684015 0.972178 -5.830242 -0.573336 -5.684015 -0.564444 -5.830242 1.037085 4.478922 0.831587 4.44004 1.051498 4.15671 1.051498 4.15671 0.831587 4.44004 0.70305 4.420873 1.051498 4.15671 0.70305 4.420873 0.551083 4.401887 0.551083 4.401887 0.36867 4.383079 1.051498 4.15671 1.051498 4.15671 0.36867 4.383079 0.145687 4.364449 1.051498 4.15671 0.145687 4.364449 0.851085 4.163314 0.851085 4.163314 0.145687 4.364449 -0.133045 4.345996 0.851085 4.163314 -0.133045 4.345996 0.724841 4.166608 0.724841 4.166608 -0.133045 4.345996 -0.300267 4.336834 0.724841 4.166608 -0.300267 4.336834 0.574657 4.169895 0.574657 4.169895 -0.300267 4.336834 -0.491351 4.327716 0.574657 4.169895 -0.491351 4.327716 0.393008 4.173176 0.393008 4.173176 -0.491351 4.327716 0.168853 4.176452 0.168853 4.176452 -0.491351 4.327716 0.03588396 4.178087 0.03588396 4.178087 -0.491351 4.327716 -0.114704 4.179721 -0.114704 4.179721 -0.491351 4.327716 -0.286661 4.181354 -0.286661 4.181354 -0.491351 4.327716 -0.484881 4.182985 2.625675 5.872927 2.63 6.072979 2.622681 6.072979 2.622681 6.072979 2.63 6.072979 0 6.330309 2.622681 6.072979 0 6.330309 2.34 6.072979 2.34 6.072979 0 6.330309 0 5.921902 2.34 6.072979 0 5.921902 2.320775 6.071085 2.320775 6.071085 0 5.921902 2.30173 6.065361 2.30173 6.065361 0 5.921902 2.284219 6.055932 2.284219 6.055932 0 5.921902 2.269289 6.043673 2.269289 6.043673 0 5.921902 2.257035 6.028738 2.257035 6.028738 0 5.921902 2.247613 6.011225 2.247613 6.011225 0 5.921902 2.241893 5.992178 2.241893 5.992178 0 5.921902 2.24 5.972953 2.24 5.972953 0 5.921902 2.241893 5.953728 2.241893 5.953728 0 5.921902 2.247613 5.934681 2.247613 5.934681 0 5.921902 2.257035 5.917168 2.257035 5.917168 0 5.921902 2.269289 5.902233 2.269289 5.902233 0 5.921902 2.284219 5.889974 2.284219 5.889974 0 5.921902 2.30173 5.880545 2.30173 5.880545 0 5.921902 2.320775 5.874821 2.320775 5.874821 0 5.921902 0 5.513495 2.320775 5.874821 0 5.513495 2.63 5.649061 2.63 5.649061 0 5.513495 2.63 5.425194 2.63 5.425194 0 5.513495 2.63 5.201327 2.63 5.201327 0 5.513495 0 5.105088 2.63 5.201327 0 5.105088 2.63 4.977461 2.63 4.977461 0 5.105088 0 4.696681 2.63 4.977461 0 4.696681 2.63 4.753594 2.63 4.753594 0 4.696681 2.63 4.529728 2.63 4.529728 0 4.696681 0 4.288274 2.63 4.529728 0 4.288274 2.63 4.305861 2.63 4.305861 0 4.288274 2.63 4.081995 2.63 4.081995 0 4.288274 2.34 4.081995 2.34 4.081995 0 4.288274 0 3.879867 2.34 4.081995 0 3.879867 2.320775 4.0801 2.320775 4.0801 0 3.879867 2.30173 4.074376 2.30173 4.074376 0 3.879867 2.284219 4.064948 2.284219 4.064948 0 3.879867 2.269289 4.052689 2.269289 4.052689 0 3.879867 2.257035 4.037754 2.257035 4.037754 0 3.879867 2.247613 4.02024 2.247613 4.02024 0 3.879867 2.241893 4.001194 2.241893 4.001194 0 3.879867 2.24 3.981969 2.24 3.981969 0 3.879867 2.241893 3.962744 2.241893 3.962744 0 3.879867 2.247613 3.943697 2.247613 3.943697 0 3.879867 2.257035 3.926183 2.257035 3.926183 0 3.879867 2.269289 3.911249 2.269289 3.911249 0 3.879867 2.284219 3.898989 2.284219 3.898989 0 3.879867 2.30173 3.889561 2.30173 3.889561 0 3.879867 2.320775 3.883837 2.320775 3.883837 0 3.879867 2.34 3.881943 2.34 3.881943 0 3.879867 2.63 3.658076 2.34 3.881943 2.63 3.658076 2.63 3.881943 2.34 5.872927 2.63 5.649061 2.625675 5.872927 2.625675 5.872927 2.63 5.649061 2.63 5.872927 2.625675 5.872927 2.63 5.872927 2.63 6.072979 2.34 5.872927 2.320775 5.874821 2.63 5.649061 2.588866 -8.063963 2.63 -8.019606 2.584752 -7.863911 2.584752 -7.863911 2.63 -8.019606 2.63 -7.652548 2.584752 -7.863911 2.63 -7.652548 2.34 -7.863911 2.34 -7.863911 2.63 -7.652548 0 -7.55553 2.34 -7.863911 0 -7.55553 0 -7.963937 2.34 7.863911 0 7.55553 2.588866 7.863911 2.588866 7.863911 0 7.55553 2.63 7.541211 2.588866 7.863911 2.63 7.541211 2.63 7.908269 2.34 7.863911 2.320775 7.865806 0 7.55553 0 7.55553 2.320775 7.865806 2.30173 7.87153 0 7.55553 2.30173 7.87153 0 7.963937 0 7.963937 2.30173 7.87153 2.284219 7.880958 0 7.963937 2.284219 7.880958 2.269289 7.893218 2.269289 7.893218 2.257035 7.908152 0 7.963937 0 7.963937 2.257035 7.908152 2.247613 7.925666 0 7.963937 2.247613 7.925666 2.241893 7.944713 2.241893 7.944713 2.24 7.963937 0 7.963937 0 -7.963937 2.24 -7.963937 2.241893 -7.944713 0 -7.963937 2.241893 -7.944713 2.247613 -7.925666 2.247613 -7.925666 2.257035 -7.908152 0 -7.963937 0 -7.963937 2.257035 -7.908152 2.269289 -7.893218 0 -7.963937 2.269289 -7.893218 2.284219 -7.880958 2.284219 -7.880958 2.30173 -7.87153 0 -7.963937 0 -7.963937 2.30173 -7.87153 2.320775 -7.865806 0 -7.963937 2.320775 -7.865806 2.34 -7.863911 2.34 -5.872927 2.549049 -5.872927 2.63 -5.817258 2.63 -5.817258 2.549049 -5.872927 2.55188 -6.072979 2.63 -5.817258 2.55188 -6.072979 2.63 -6.184316 2.63 -6.184316 2.55188 -6.072979 2.34 -6.072979 2.63 -6.184316 2.34 -6.072979 2.320775 -6.071085 2.63 -6.184316 2.320775 -6.071085 0 -6.330309 0 -6.330309 2.320775 -6.071085 2.30173 -6.065361 0 -6.330309 2.30173 -6.065361 2.284219 -6.055932 0 -6.330309 2.284219 -6.055932 0 -5.921902 0 -5.921902 2.284219 -6.055932 2.269289 -6.043673 0 -5.921902 2.269289 -6.043673 2.257035 -6.028738 2.257035 -6.028738 2.247613 -6.011225 0 -5.921902 0 -5.921902 2.247613 -6.011225 2.241893 -5.992178 0 -5.921902 2.241893 -5.992178 2.24 -5.972953 2.24 -5.972953 2.241893 -5.953728 0 -5.921902 0 -5.921902 2.241893 -5.953728 2.247613 -5.934681 0 -5.921902 2.247613 -5.934681 2.257035 -5.917168 2.257035 -5.917168 2.269289 -5.902233 0 -5.921902 0 -5.921902 2.269289 -5.902233 2.284219 -5.889974 0 -5.921902 2.284219 -5.889974 2.30173 -5.880545 2.30173 -5.880545 2.320775 -5.874821 0 -5.921902 0 -5.921902 2.320775 -5.874821 2.34 -5.872927 0 -5.921902 2.34 -5.872927 2.63 -5.817258 2.535691 -4.081995 2.63 -3.981969 2.535691 -3.881943 2.535691 -3.881943 2.63 -3.981969 2.63 -3.614911 2.535691 -3.881943 2.63 -3.614911 0 -3.879867 0 -3.879867 2.63 -3.614911 0 -3.47146 0 -3.47146 2.63 -3.614911 2.63 -3.247853 0 -3.47146 2.63 -3.247853 0 -3.063053 0 -3.063053 2.63 -3.247853 2.63 -2.880795 0 -3.063053 2.63 -2.880795 0 -2.654646 0 -2.654646 2.63 -2.880795 2.63 -2.513737 0 -2.654646 2.63 -2.513737 0 -2.246239 0 -2.246239 2.63 -2.513737 2.63 -2.146679 0 -2.246239 2.63 -2.146679 2.320775 -2.089116 2.320775 -2.089116 2.63 -2.146679 2.34 -2.09101 2.34 -2.09101 2.63 -2.146679 2.549049 -2.09101 2.549049 -2.09101 2.63 -2.146679 2.55188 -1.890958 2.55188 -1.890958 2.63 -2.146679 2.63 -1.779621 2.55188 -1.890958 2.63 -1.779621 0 -1.837832 0 -1.837832 2.63 -1.779621 0 -1.429425 0 -1.429425 2.63 -1.779621 2.63 -1.412563 0 -1.429425 2.63 -1.412563 2.63 -1.045505 2.34 -4.081995 0 -4.288274 2.535691 -4.081995 2.535691 -4.081995 0 -4.288274 2.63 -4.349027 2.535691 -4.081995 2.63 -4.349027 2.63 -3.981969 2.34 -4.081995 2.320775 -4.0801 0 -4.288274 0 -4.288274 2.320775 -4.0801 2.30173 -4.074376 0 -4.288274 2.30173 -4.074376 2.284219 -4.064948 2.284219 -4.064948 2.269289 -4.052689 0 -4.288274 0 -4.288274 2.269289 -4.052689 0 -3.879867 0 -3.879867 2.269289 -4.052689 2.257035 -4.037754 0 -3.879867 2.257035 -4.037754 2.247613 -4.02024 2.247613 -4.02024 2.241893 -4.001194 0 -3.879867 0 -3.879867 2.241893 -4.001194 2.24 -3.981969 0 -3.879867 2.24 -3.981969 2.241893 -3.962744 2.241893 -3.962744 2.247613 -3.943697 0 -3.879867 0 -3.879867 2.247613 -3.943697 2.257035 -3.926183 0 -3.879867 2.257035 -3.926183 2.269289 -3.911249 2.269289 -3.911249 2.284219 -3.898989 0 -3.879867 0 -3.879867 2.284219 -3.898989 2.30173 -3.889561 0 -3.879867 2.30173 -3.889561 2.320775 -3.883837 2.320775 -3.883837 2.34 -3.881943 0 -3.879867 0 -3.879867 2.34 -3.881943 2.535691 -3.881943 2.320775 -2.089116 2.30173 -2.083392 0 -2.246239 0 -2.246239 2.30173 -2.083392 2.284219 -2.073964 0 -2.246239 2.284219 -2.073964 2.269289 -2.061704 2.269289 -2.061704 2.257035 -2.04677 0 -2.246239 0 -2.246239 2.257035 -2.04677 2.247613 -2.029256 0 -2.246239 2.247613 -2.029256 0 -1.837832 0 -1.837832 2.247613 -2.029256 2.241893 -2.010209 0 -1.837832 2.241893 -2.010209 2.24 -1.990984 2.24 -1.990984 2.241893 -1.97176 0 -1.837832 0 -1.837832 2.241893 -1.97176 2.247613 -1.952713 0 -1.837832 2.247613 -1.952713 2.257035 -1.935199 2.257035 -1.935199 2.269289 -1.920264 0 -1.837832 0 -1.837832 2.269289 -1.920264 2.284219 -1.908005 0 -1.837832 2.284219 -1.908005 2.30173 -1.898577 2.30173 -1.898577 2.320775 -1.892853 0 -1.837832 0 -1.837832 2.320775 -1.892853 2.34 -1.890958 0 -1.837832 2.34 -1.890958 2.55188 -1.890958 2.584752 -0.100026 2.63 0.05566895 2.588866 0.100026 2.588866 0.100026 2.63 0.05566895 2.63 0.422727 2.588866 0.100026 2.63 0.422727 0 0.204204 0 0.204204 2.63 0.422727 0 0.612611 0 0.612611 2.63 0.422727 2.63 0.789785 0 0.612611 2.63 0.789785 0 1.021018 0 1.021018 2.63 0.789785 2.63 1.156843 0 1.021018 2.63 1.156843 0 1.429425 0 1.429425 2.63 1.156843 2.63 1.5239 0 1.429425 2.63 1.5239 0 1.837832 0 1.837832 2.63 1.5239 2.622681 1.890958 0 1.837832 2.622681 1.890958 2.34 1.890958 2.34 -0.100026 0 -0.204204 2.584752 -0.100026 2.584752 -0.100026 0 -0.204204 2.63 -0.311389 2.584752 -0.100026 2.63 -0.311389 2.63 0.05566895 2.34 -0.100026 2.320775 -0.09813195 0 -0.204204 0 -0.204204 2.320775 -0.09813195 2.30173 -0.092408 0 -0.204204 2.30173 -0.092408 2.284219 -0.08297896 2.284219 -0.08297896 2.269289 -0.07071995 0 -0.204204 0 -0.204204 2.269289 -0.07071995 2.257035 -0.055785 0 -0.204204 2.257035 -0.055785 2.247613 -0.03827196 2.247613 -0.03827196 2.241893 -0.019225 0 -0.204204 0 -0.204204 2.241893 -0.019225 2.24 0 0 -0.204204 2.24 0 0 0.204204 0 0.204204 2.24 0 2.241893 0.019225 0 0.204204 2.241893 0.019225 2.247613 0.03827196 2.247613 0.03827196 2.257035 0.055785 0 0.204204 0 0.204204 2.257035 0.055785 2.269289 0.07071995 0 0.204204 2.269289 0.07071995 2.284219 0.08297896 2.284219 0.08297896 2.30173 0.092408 0 0.204204 0 0.204204 2.30173 0.092408 2.320775 0.09813195 0 0.204204 2.320775 0.09813195 2.34 0.100026 2.34 0.100026 2.588866 0.100026 0 0.204204 2.622681 1.890958 2.63 1.890958 2.625675 2.09101 2.625675 2.09101 2.63 1.890958 2.63 2.09101 2.625675 2.09101 2.63 2.09101 0 2.246239 0 2.246239 2.63 2.09101 2.63 2.314877 0 2.246239 2.63 2.314877 2.63 2.538743 2.34 1.890958 2.320775 1.892853 0 1.837832 0 1.837832 2.320775 1.892853 2.30173 1.898577 0 1.837832 2.30173 1.898577 2.284219 1.908005 2.284219 1.908005 2.269289 1.920264 0 1.837832 0 1.837832 2.269289 1.920264 2.257035 1.935199 0 1.837832 2.257035 1.935199 2.247613 1.952713 2.247613 1.952713 2.241893 1.97176 0 1.837832 0 1.837832 2.241893 1.97176 2.24 1.990984 0 1.837832 2.24 1.990984 2.241893 2.010209 2.241893 2.010209 2.247613 2.029256 0 1.837832 0 1.837832 2.247613 2.029256 2.257035 2.04677 0 1.837832 2.257035 2.04677 0 2.246239 0 2.246239 2.257035 2.04677 2.269289 2.061704 0 2.246239 2.269289 2.061704 2.284219 2.073964 2.284219 2.073964 2.30173 2.083392 0 2.246239 0 2.246239 2.30173 2.083392 2.320775 2.089116 0 2.246239 2.320775 2.089116 2.34 2.09101 2.34 2.09101 2.625675 2.09101 0 2.246239 2.63 7.541211 0 7.55553 2.63 7.174153 2.63 7.174153 0 7.55553 0 7.147123 2.63 7.174153 0 7.147123 2.63 6.807095 2.63 6.807095 0 7.147123 0 6.738716 2.63 6.807095 0 6.738716 2.63 6.440037 2.63 6.440037 0 6.738716 0 6.330309 2.63 6.440037 0 6.330309 2.63 6.072979 0 3.879867 0 3.47146 2.63 3.658076 2.63 3.658076 0 3.47146 2.63 3.43421 2.63 3.43421 0 3.47146 2.63 3.210343 2.63 3.210343 0 3.47146 0 3.063053 2.63 3.210343 0 3.063053 2.63 2.986477 2.63 2.986477 0 3.063053 2.63 2.76261 2.63 2.76261 0 3.063053 0 2.654646 2.63 2.76261 0 2.654646 2.63 2.538743 2.63 2.538743 0 2.654646 0 2.246239 0 -0.204204 0 -0.612611 2.63 -0.311389 2.63 -0.311389 0 -0.612611 2.63 -0.678447 2.63 -0.678447 0 -0.612611 0 -1.021018 2.63 -0.678447 0 -1.021018 2.63 -1.045505 2.63 -1.045505 0 -1.021018 0 -1.429425 0 -4.288274 0 -4.696681 2.63 -4.349027 2.63 -4.349027 0 -4.696681 2.63 -4.716085 2.63 -4.716085 0 -4.696681 2.63 -5.083143 2.63 -5.083143 0 -4.696681 0 -5.105088 2.63 -5.083143 0 -5.105088 2.63 -5.4502 2.63 -5.4502 0 -5.105088 0 -5.513495 2.63 -5.4502 0 -5.513495 2.63 -5.817258 2.63 -5.817258 0 -5.513495 0 -5.921902 2.63 -6.184316 0 -6.330309 2.63 -6.551374 2.63 -6.551374 0 -6.330309 0 -6.738716 2.63 -6.551374 0 -6.738716 2.63 -6.918432 2.63 -6.918432 0 -6.738716 0 -7.147123 2.63 -6.918432 0 -7.147123 2.63 -7.28549 2.63 -7.28549 0 -7.147123 0 -7.55553 2.63 -7.28549 0 -7.55553 2.63 -7.652548 2.63 1.5239 2.63 1.890958 2.622681 1.890958 2.737537 -0.422839 2.77 0 2.7 0 2.7 0 2.77 0 2.737537 0.422839 2.7 0 2.737537 0.422839 2.666759 0.422373 2.666759 0.422373 2.737537 0.422839 2.640908 0.835766 2.666759 0.422373 2.640908 0.835766 2.567853 0.834346 2.567853 0.834346 2.640908 0.835766 2.482379 1.229104 2.567853 0.834346 2.482379 1.229104 2.405718 1.225774 2.405718 1.225774 2.482379 1.229104 2.265664 1.593633 2.405718 1.225774 2.265664 1.593633 2.184346 1.58702 2.184346 1.58702 2.265664 1.593633 1.995845 1.920808 2.184346 1.58702 1.995845 1.920808 1.909188 1.909188 1.909188 1.909188 1.995845 1.920808 1.679244 2.202961 1.909188 1.909188 1.679244 2.202961 1.58702 2.184346 1.58702 2.184346 1.679244 2.202961 1.323284 2.433479 1.58702 2.184346 1.323284 2.433479 1.225774 2.405718 1.225774 2.405718 1.323284 2.433479 0.936307 2.606958 1.225774 2.405718 0.936307 2.606958 0.834346 2.567853 0.834346 2.567853 0.936307 2.606958 0.527383 2.719332 0.834346 2.567853 0.527383 2.719332 0.422373 2.666759 0.422373 2.666759 0.527383 2.719332 0.106099 2.767967 0.422373 2.666759 0.106099 2.767967 0 2.7 0 2.7 0.106099 2.767967 -0.317673 2.751724 0 2.7 -0.317673 2.751724 -0.422373 2.666759 -0.422373 2.666759 -0.317673 2.751724 -0.733999 2.670982 -0.422373 2.666759 -0.733999 2.670982 -0.834346 2.567853 -0.834346 2.567853 -0.733999 2.670982 -1.13312 2.527635 -0.834346 2.567853 -1.13312 2.527635 -1.225774 2.405718 -1.225774 2.405718 -1.13312 2.527635 -1.505682 2.325042 -1.225774 2.405718 -1.505682 2.325042 -1.58702 2.184346 -1.58702 2.184346 -1.505682 2.325042 -1.842952 2.067952 -1.58702 2.184346 -1.842952 2.067952 -1.909188 1.909188 -1.909188 1.909188 -1.842952 2.067952 -2.137025 1.762392 -1.909188 1.909188 -2.137025 1.762392 -2.184346 1.58702 -2.184346 1.58702 -2.137025 1.762392 -2.381008 1.415522 -2.184346 1.58702 -2.381008 1.415522 -2.405718 1.225774 -2.405718 1.225774 -2.381008 1.415522 -2.569182 1.035473 -2.405718 1.225774 -2.569182 1.035473 -2.567853 0.834346 -2.567853 0.834346 -2.569182 1.035473 -2.697136 0.631154 -2.567853 0.834346 -2.697136 0.631154 -2.666759 0.422373 -2.666759 0.422373 -2.697136 0.631154 -2.761872 0.212041 -2.666759 0.422373 -2.761872 0.212041 -2.7 0 -2.7 0 -2.761872 0.212041 -2.761872 -0.212041 -2.7 0 -2.761872 -0.212041 -2.666759 -0.422373 -2.666759 -0.422373 -2.761872 -0.212041 -2.697136 -0.631154 -2.666759 -0.422373 -2.697136 -0.631154 -2.567853 -0.834346 -2.567853 -0.834346 -2.697136 -0.631154 -2.569182 -1.035473 -2.567853 -0.834346 -2.569182 -1.035473 -2.405718 -1.225774 -2.405718 -1.225774 -2.569182 -1.035473 -2.381008 -1.415522 -2.405718 -1.225774 -2.381008 -1.415522 -2.184346 -1.58702 -2.184346 -1.58702 -2.381008 -1.415522 -2.137025 -1.762392 -2.184346 -1.58702 -2.137025 -1.762392 -1.909188 -1.909188 -1.909188 -1.909188 -2.137025 -1.762392 -1.842952 -2.067952 -1.909188 -1.909188 -1.842952 -2.067952 -1.58702 -2.184346 -1.58702 -2.184346 -1.842952 -2.067952 -1.505682 -2.325042 -1.58702 -2.184346 -1.505682 -2.325042 -1.225774 -2.405718 -1.225774 -2.405718 -1.505682 -2.325042 -1.13312 -2.527635 -1.225774 -2.405718 -1.13312 -2.527635 -0.834346 -2.567853 -0.834346 -2.567853 -1.13312 -2.527635 -0.733999 -2.670982 -0.834346 -2.567853 -0.733999 -2.670982 -0.422373 -2.666759 -0.422373 -2.666759 -0.733999 -2.670982 -0.317673 -2.751724 -0.422373 -2.666759 -0.317673 -2.751724 0 -2.7 0 -2.7 -0.317673 -2.751724 0.106099 -2.767967 0 -2.7 0.106099 -2.767967 0.422373 -2.666759 0.422373 -2.666759 0.106099 -2.767967 0.527383 -2.719332 0.422373 -2.666759 0.527383 -2.719332 0.834346 -2.567853 0.834346 -2.567853 0.527383 -2.719332 0.936307 -2.606958 0.834346 -2.567853 0.936307 -2.606958 1.225774 -2.405718 1.225774 -2.405718 0.936307 -2.606958 1.323284 -2.433479 1.225774 -2.405718 1.323284 -2.433479 1.58702 -2.184346 1.58702 -2.184346 1.323284 -2.433479 1.679244 -2.202961 1.58702 -2.184346 1.679244 -2.202961 1.909188 -1.909188 1.909188 -1.909188 1.679244 -2.202961 1.995845 -1.920808 1.909188 -1.909188 1.995845 -1.920808 2.184346 -1.58702 2.184346 -1.58702 1.995845 -1.920808 2.265664 -1.593633 2.184346 -1.58702 2.265664 -1.593633 2.405718 -1.225774 2.405718 -1.225774 2.265664 -1.593633 2.482379 -1.229104 2.405718 -1.225774 2.482379 -1.229104 2.567853 -0.834346 2.567853 -0.834346 2.482379 -1.229104 2.640908 -0.835766 2.567853 -0.834346 2.640908 -0.835766 2.666759 -0.422373 2.666759 -0.422373 2.640908 -0.835766 2.737537 -0.422839 2.666759 -0.422373 2.737537 -0.422839 2.7 0 -0.2 8.277714 0 8.277714 -0.2 8.702213 -0.2 8.702213 0 8.277714 0 8.702213 -0.2 -8.702213 0 -8.702213 -0.2 -8.277714 -0.2 -8.277714 0 -8.702213 0 -8.277714 -0.2 -8.277714 0 -8.277714 0 -7.853215 -0.2 8.277714 -0.2 7.853215 0 8.277714 0 8.277714 -0.2 7.853215 0 7.853215 0 7.853215 -0.2 7.853215 -0.2 7.428717 0 7.853215 -0.2 7.428717 0 7.428717 0 7.428717 -0.2 7.428717 -0.2 7.004219 0 7.428717 -0.2 7.004219 0 7.004219 0 7.004219 -0.2 7.004219 -0.2 6.579721 0 7.004219 -0.2 6.579721 0 6.579721 0 6.579721 -0.2 6.579721 -0.2 6.155223 0 6.579721 -0.2 6.155223 0 6.155223 0 6.155223 -0.2 6.155223 -0.2 5.730725 0 6.155223 -0.2 5.730725 0 5.730725 0 5.730725 -0.2 5.730725 -0.2 5.306227 0 5.730725 -0.2 5.306227 0 5.306227 0 5.306227 -0.2 5.306227 -0.2 4.881728 0 5.306227 -0.2 4.881728 0 4.881728 0 4.881728 -0.2 4.881728 -0.2 4.45723 0 4.881728 -0.2 4.45723 0 4.45723 0 4.45723 -0.2 4.45723 -0.2 4.032732 0 4.45723 -0.2 4.032732 0 4.032732 0 4.032732 -0.2 4.032732 -0.2 3.608234 0 4.032732 -0.2 3.608234 0 3.608234 0 3.608234 -0.2 3.608234 -0.2 3.183736 0 3.608234 -0.2 3.183736 0 3.183736 0 3.183736 -0.2 3.183736 -0.2 2.759238 0 3.183736 -0.2 2.759238 0 2.759238 0 2.759238 -0.2 2.759238 -0.2 2.33474 0 2.759238 -0.2 2.33474 0 2.33474 0 2.33474 -0.2 2.33474 -0.2 1.910242 0 2.33474 -0.2 1.910242 0 1.910242 0 1.910242 -0.2 1.910242 -0.2 1.485743 0 1.910242 -0.2 1.485743 0 1.485743 0 1.485743 -0.2 1.485743 -0.2 1.061245 0 1.485743 -0.2 1.061245 0 1.061245 0 1.061245 -0.2 1.061245 -0.2 0.636747 0 1.061245 -0.2 0.636747 0 0.636747 0 0.636747 -0.2 0.636747 -0.2 0.212249 0 0.636747 -0.2 0.212249 0 0.212249 0 0.212249 -0.2 0.212249 -0.2 -0.212249 0 0.212249 -0.2 -0.212249 0 -0.212249 0 -0.212249 -0.2 -0.212249 -0.2 -0.636747 0 -0.212249 -0.2 -0.636747 0 -0.636747 0 -0.636747 -0.2 -0.636747 -0.2 -1.061245 0 -0.636747 -0.2 -1.061245 0 -1.061245 0 -1.061245 -0.2 -1.061245 -0.2 -1.485743 0 -1.061245 -0.2 -1.485743 0 -1.485743 0 -1.485743 -0.2 -1.485743 -0.2 -1.910242 0 -1.485743 -0.2 -1.910242 0 -1.910242 0 -1.910242 -0.2 -1.910242 -0.2 -2.33474 0 -1.910242 -0.2 -2.33474 0 -2.33474 0 -2.33474 -0.2 -2.33474 -0.2 -2.759238 0 -2.33474 -0.2 -2.759238 0 -2.759238 0 -2.759238 -0.2 -2.759238 -0.2 -3.183736 0 -2.759238 -0.2 -3.183736 0 -3.183736 0 -3.183736 -0.2 -3.183736 -0.2 -3.608234 0 -3.183736 -0.2 -3.608234 0 -3.608234 0 -3.608234 -0.2 -3.608234 -0.2 -4.032732 0 -3.608234 -0.2 -4.032732 0 -4.032732 0 -4.032732 -0.2 -4.032732 -0.2 -4.45723 0 -4.032732 -0.2 -4.45723 0 -4.45723 0 -4.45723 -0.2 -4.45723 -0.2 -4.881728 0 -4.45723 -0.2 -4.881728 0 -4.881728 0 -4.881728 -0.2 -4.881728 -0.2 -5.306227 0 -4.881728 -0.2 -5.306227 0 -5.306227 0 -5.306227 -0.2 -5.306227 -0.2 -5.730725 0 -5.306227 -0.2 -5.730725 0 -5.730725 0 -5.730725 -0.2 -5.730725 -0.2 -6.155223 0 -5.730725 -0.2 -6.155223 0 -6.155223 0 -6.155223 -0.2 -6.155223 -0.2 -6.579721 0 -6.155223 -0.2 -6.579721 0 -6.579721 0 -6.579721 -0.2 -6.579721 -0.2 -7.004219 0 -6.579721 -0.2 -7.004219 0 -7.004219 0 -7.004219 -0.2 -7.004219 -0.2 -7.428717 0 -7.004219 -0.2 -7.428717 0 -7.428717 0 -7.428717 -0.2 -7.428717 -0.2 -7.853215 0 -7.428717 -0.2 -7.853215 0 -7.853215 0 -7.853215 -0.2 -7.853215 -0.2 -8.277714 0.1 2.533027 0.323012 2.514337 0.1 2.552163 0.1 2.552163 0.323012 2.514337 0.317673 2.751724 0.1 2.552163 0.317673 2.751724 -0.106099 2.767967 0.323012 2.514337 0.543507 2.47605 0.317673 2.751724 0.317673 2.751724 0.543507 2.47605 0.733999 2.670982 0.733999 2.670982 0.543507 2.47605 0.759765 2.418467 0.733999 2.670982 0.759765 2.418467 1.13312 2.527635 1.13312 2.527635 0.759765 2.418467 0.970103 2.342035 1.13312 2.527635 0.970103 2.342035 1.172879 2.247349 1.13312 2.527635 1.172879 2.247349 1.505682 2.325042 1.505682 2.325042 1.172879 2.247349 1.366515 2.135149 1.505682 2.325042 1.366515 2.135149 1.5495 2.006308 1.505682 2.325042 1.5495 2.006308 1.842952 2.067952 1.842952 2.067952 1.5495 2.006308 1.72041 1.861831 1.842952 2.067952 1.72041 1.861831 1.861831 1.72041 1.842952 2.067952 1.861831 1.72041 2.137025 1.762392 2.137025 1.762392 1.861831 1.72041 2.090587 1.433762 2.137025 1.762392 2.090587 1.433762 2.381008 1.415522 2.381008 1.415522 2.090587 1.433762 2.275588 1.117106 2.381008 1.415522 2.275588 1.117106 2.569182 1.035473 2.569182 1.035473 2.275588 1.117106 2.412962 0.77707 2.569182 1.035473 2.412962 0.77707 2.697136 0.631154 2.697136 0.631154 2.412962 0.77707 2.499835 0.42077 2.697136 0.631154 2.499835 0.42077 2.761872 0.212041 2.761872 0.212041 2.499835 0.42077 2.534389 0.055664 2.761872 0.212041 2.534389 0.055664 2.761872 -0.212041 2.761872 -0.212041 2.534389 0.055664 2.515899 -0.310607 2.761872 -0.212041 2.515899 -0.310607 2.697136 -0.631154 2.697136 -0.631154 2.515899 -0.310607 2.444754 -0.670377 2.697136 -0.631154 2.444754 -0.670377 2.569182 -1.035473 2.569182 -1.035473 2.444754 -0.670377 2.322441 -1.016117 2.569182 -1.035473 2.322441 -1.016117 2.381008 -1.415522 2.381008 -1.415522 2.322441 -1.016117 2.151521 -1.34059 2.381008 -1.415522 2.151521 -1.34059 2.137025 -1.762392 2.137025 -1.762392 2.151521 -1.34059 1.935572 -1.637005 2.137025 -1.762392 1.935572 -1.637005 1.842952 -2.067952 1.842952 -2.067952 1.935572 -1.637005 1.679112 -1.899159 1.842952 -2.067952 1.679112 -1.899159 1.38751 -2.121566 1.842952 -2.067952 1.38751 -2.121566 1.505682 -2.325042 1.505682 -2.325042 1.38751 -2.121566 1.066868 -2.299569 1.505682 -2.325042 1.066868 -2.299569 1.13312 -2.527635 1.13312 -2.527635 1.066868 -2.299569 0.723898 -2.429444 1.13312 -2.527635 0.723898 -2.429444 0.733999 -2.670982 0.733999 -2.670982 0.723898 -2.429444 0.365777 -2.508472 0.733999 -2.670982 0.365777 -2.508472 0.317673 -2.751724 0.317673 -2.751724 0.365777 -2.508472 0 -2.535 0.317673 -2.751724 0 -2.535 -0.106099 -2.767967 -0.106099 -2.767967 0 -2.535 -0.365777 -2.508472 -0.106099 -2.767967 -0.365777 -2.508472 -0.527383 -2.719332 -0.527383 -2.719332 -0.365777 -2.508472 -0.723898 -2.429444 -0.527383 -2.719332 -0.723898 -2.429444 -0.936307 -2.606958 -0.936307 -2.606958 -0.723898 -2.429444 -1.066868 -2.299569 -0.936307 -2.606958 -1.066868 -2.299569 -1.323284 -2.433479 -1.323284 -2.433479 -1.066868 -2.299569 -1.38751 -2.121566 -1.323284 -2.433479 -1.38751 -2.121566 -1.679244 -2.202961 -1.679244 -2.202961 -1.38751 -2.121566 -1.679112 -1.899159 -1.679244 -2.202961 -1.679112 -1.899159 -1.995845 -1.920808 -1.995845 -1.920808 -1.679112 -1.899159 -1.935572 -1.637005 -1.995845 -1.920808 -1.935572 -1.637005 -2.265664 -1.593633 -2.265664 -1.593633 -1.935572 -1.637005 -2.151521 -1.34059 -2.265664 -1.593633 -2.151521 -1.34059 -2.482379 -1.229104 -2.482379 -1.229104 -2.151521 -1.34059 -2.322441 -1.016117 -2.482379 -1.229104 -2.322441 -1.016117 -2.640908 -0.835766 -2.640908 -0.835766 -2.322441 -1.016117 -2.444754 -0.670377 -2.640908 -0.835766 -2.444754 -0.670377 -2.737537 -0.422839 -2.737537 -0.422839 -2.444754 -0.670377 -2.515899 -0.310607 -2.737537 -0.422839 -2.515899 -0.310607 -2.77 0 -2.77 0 -2.515899 -0.310607 -2.534389 0.055664 -2.77 0 -2.534389 0.055664 -2.737537 0.422839 -2.737537 0.422839 -2.534389 0.055664 -2.499835 0.42077 -2.737537 0.422839 -2.499835 0.42077 -2.640908 0.835766 -2.640908 0.835766 -2.499835 0.42077 -2.412962 0.77707 -2.640908 0.835766 -2.412962 0.77707 -2.482379 1.229104 -2.482379 1.229104 -2.412962 0.77707 -2.275588 1.117106 -2.482379 1.229104 -2.275588 1.117106 -2.090587 1.433762 -2.482379 1.229104 -2.090587 1.433762 -2.265664 1.593633 -2.265664 1.593633 -2.090587 1.433762 -1.861831 1.72041 -2.265664 1.593633 -1.861831 1.72041 -1.995845 1.920808 -1.995845 1.920808 -1.861831 1.72041 -1.72041 1.861831 -1.995845 1.920808 -1.72041 1.861831 -1.679244 2.202961 -1.679244 2.202961 -1.72041 1.861831 -1.5495 2.006308 -1.679244 2.202961 -1.5495 2.006308 -1.366515 2.135149 -1.679244 2.202961 -1.366515 2.135149 -1.323284 2.433479 -1.323284 2.433479 -1.366515 2.135149 -1.172879 2.247349 -1.323284 2.433479 -1.172879 2.247349 -0.970103 2.342035 -1.323284 2.433479 -0.970103 2.342035 -0.936307 2.606958 -0.936307 2.606958 -0.970103 2.342035 -0.759765 2.418467 -0.936307 2.606958 -0.759765 2.418467 -0.527383 2.719332 -0.527383 2.719332 -0.759765 2.418467 -0.543507 2.47605 -0.527383 2.719332 -0.543507 2.47605 -0.323012 2.514337 -0.1 2.533027 -0.1 2.552163 -0.323012 2.514337 -0.323012 2.514337 -0.1 2.552163 -0.106099 2.767967 -0.323012 2.514337 -0.106099 2.767967 -0.527383 2.719332 -0.1 2.552163 -0.033342 2.553975 -0.106099 2.767967 -0.106099 2.767967 -0.033342 2.553975 0.033342 2.553975 -0.106099 2.767967 0.033342 2.553975 0.1 2.552163 -2.23 -8.058185 -2.23 -8.4823 0 -8.4823 0 8.4823 -2.23 8.4823 -2.23 8.058185 0 8.4823 -2.23 8.058185 0 8.058185 0 8.058185 -2.23 8.058185 0 7.63407 0 7.63407 -2.23 8.058185 -2.23 7.63407 0 7.63407 -2.23 7.63407 0 7.209955 0 7.209955 -2.23 7.63407 -2.23 7.209955 0 7.209955 -2.23 7.209955 0 6.78584 0 6.78584 -2.23 7.209955 -2.23 6.78584 0 6.78584 -2.23 6.78584 0 6.361725 0 6.361725 -2.23 6.78584 -2.23 6.361725 0 6.361725 -2.23 6.361725 0 5.93761 0 5.93761 -2.23 6.361725 -2.23 5.93761 0 5.93761 -2.23 5.93761 0 5.513495 0 5.513495 -2.23 5.93761 -2.23 5.513495 0 5.513495 -2.23 5.513495 0 5.08938 0 5.08938 -2.23 5.513495 -2.23 5.08938 0 5.08938 -2.23 5.08938 0 4.665265 0 4.665265 -2.23 5.08938 -2.23 4.665265 0 4.665265 -2.23 4.665265 0 4.24115 0 4.24115 -2.23 4.665265 -2.23 4.24115 0 4.24115 -2.23 4.24115 0 3.817035 0 3.817035 -2.23 4.24115 -2.23 3.817035 0 3.817035 -2.23 3.817035 0 3.39292 0 3.39292 -2.23 3.817035 -2.23 3.39292 0 3.39292 -2.23 3.39292 0 2.968805 0 2.968805 -2.23 3.39292 -2.23 2.968805 0 2.968805 -2.23 2.968805 0 2.54469 0 2.54469 -2.23 2.968805 -2.23 2.54469 0 2.54469 -2.23 2.54469 0 2.120575 0 2.120575 -2.23 2.54469 -2.23 2.120575 0 2.120575 -2.23 2.120575 0 1.69646 0 1.69646 -2.23 2.120575 -2.23 1.69646 0 1.69646 -2.23 1.69646 0 1.272345 0 1.272345 -2.23 1.69646 -2.23 1.272345 0 1.272345 -2.23 1.272345 0 0.84823 0 0.84823 -2.23 1.272345 -2.23 0.84823 0 0.84823 -2.23 0.84823 0 0.424115 0 0.424115 -2.23 0.84823 -2.23 0.424115 0 0.424115 -2.23 0.424115 0 0 0 0 -2.23 0.424115 -2.23 0 0 0 -2.23 0 0 -0.424115 0 -0.424115 -2.23 0 -2.23 -0.424115 0 -0.424115 -2.23 -0.424115 0 -0.84823 0 -0.84823 -2.23 -0.424115 -2.23 -0.84823 0 -0.84823 -2.23 -0.84823 0 -1.272345 0 -1.272345 -2.23 -0.84823 -2.23 -1.272345 0 -1.272345 -2.23 -1.272345 0 -1.69646 0 -1.69646 -2.23 -1.272345 -2.23 -1.69646 0 -1.69646 -2.23 -1.69646 0 -2.120575 0 -2.120575 -2.23 -1.69646 -2.23 -2.120575 0 -2.120575 -2.23 -2.120575 0 -2.54469 0 -2.54469 -2.23 -2.120575 -2.23 -2.54469 0 -2.54469 -2.23 -2.54469 0 -2.968805 0 -2.968805 -2.23 -2.54469 -2.23 -2.968805 0 -2.968805 -2.23 -2.968805 0 -3.39292 0 -3.39292 -2.23 -2.968805 -2.23 -3.39292 0 -3.39292 -2.23 -3.39292 0 -3.817035 0 -3.817035 -2.23 -3.39292 -2.23 -3.817035 0 -3.817035 -2.23 -3.817035 0 -4.24115 0 -4.24115 -2.23 -3.817035 -2.23 -4.24115 0 -4.24115 -2.23 -4.24115 0 -4.665265 0 -4.665265 -2.23 -4.24115 -2.23 -4.665265 0 -4.665265 -2.23 -4.665265 0 -5.08938 0 -5.08938 -2.23 -4.665265 -2.23 -5.08938 0 -5.08938 -2.23 -5.08938 0 -5.513495 0 -5.513495 -2.23 -5.08938 -2.23 -5.513495 0 -5.513495 -2.23 -5.513495 0 -5.93761 0 -5.93761 -2.23 -5.513495 -2.23 -5.93761 0 -5.93761 -2.23 -5.93761 0 -6.361725 0 -6.361725 -2.23 -5.93761 -2.23 -6.361725 0 -6.361725 -2.23 -6.361725 0 -6.78584 0 -6.78584 -2.23 -6.361725 -2.23 -6.78584 0 -6.78584 -2.23 -6.78584 0 -7.209955 0 -7.209955 -2.23 -6.78584 -2.23 -7.209955 0 -7.209955 -2.23 -7.209955 0 -7.63407 0 -7.63407 -2.23 -7.209955 -2.23 -7.63407 0 -7.63407 -2.23 -7.63407 0 -8.058185 0 -8.058185 -2.23 -7.63407 -2.23 -8.058185 0 -8.058185 -2.23 -8.058185 0 -8.4823 -0.2 8.277714 0 8.277714 -0.2 8.702213 -0.2 8.702213 0 8.277714 0 8.702213 -0.2 -8.702213 0 -8.702213 -0.2 -8.277714 -0.2 -8.277714 0 -8.702213 0 -8.277714 -0.2 -8.277714 0 -8.277714 0 -7.853215 -0.2 8.277714 -0.2 7.853215 0 8.277714 0 8.277714 -0.2 7.853215 0 7.853215 0 7.853215 -0.2 7.853215 -0.2 7.428717 0 7.853215 -0.2 7.428717 0 7.428717 0 7.428717 -0.2 7.428717 -0.2 7.004219 0 7.428717 -0.2 7.004219 0 7.004219 0 7.004219 -0.2 7.004219 -0.2 6.579721 0 7.004219 -0.2 6.579721 0 6.579721 0 6.579721 -0.2 6.579721 -0.2 6.155223 0 6.579721 -0.2 6.155223 0 6.155223 0 6.155223 -0.2 6.155223 -0.2 5.730725 0 6.155223 -0.2 5.730725 0 5.730725 0 5.730725 -0.2 5.730725 -0.2 5.306227 0 5.730725 -0.2 5.306227 0 5.306227 0 5.306227 -0.2 5.306227 -0.2 4.881728 0 5.306227 -0.2 4.881728 0 4.881728 0 4.881728 -0.2 4.881728 -0.2 4.45723 0 4.881728 -0.2 4.45723 0 4.45723 0 4.45723 -0.2 4.45723 -0.2 4.032732 0 4.45723 -0.2 4.032732 0 4.032732 0 4.032732 -0.2 4.032732 -0.2 3.608234 0 4.032732 -0.2 3.608234 0 3.608234 0 3.608234 -0.2 3.608234 -0.2 3.183736 0 3.608234 -0.2 3.183736 0 3.183736 0 3.183736 -0.2 3.183736 -0.2 2.759238 0 3.183736 -0.2 2.759238 0 2.759238 0 2.759238 -0.2 2.759238 -0.2 2.33474 0 2.759238 -0.2 2.33474 0 2.33474 0 2.33474 -0.2 2.33474 -0.2 1.910242 0 2.33474 -0.2 1.910242 0 1.910242 0 1.910242 -0.2 1.910242 -0.2 1.485743 0 1.910242 -0.2 1.485743 0 1.485743 0 1.485743 -0.2 1.485743 -0.2 1.061245 0 1.485743 -0.2 1.061245 0 1.061245 0 1.061245 -0.2 1.061245 -0.2 0.636747 0 1.061245 -0.2 0.636747 0 0.636747 0 0.636747 -0.2 0.636747 -0.2 0.212249 0 0.636747 -0.2 0.212249 0 0.212249 0 0.212249 -0.2 0.212249 -0.2 -0.212249 0 0.212249 -0.2 -0.212249 0 -0.212249 0 -0.212249 -0.2 -0.212249 -0.2 -0.636747 0 -0.212249 -0.2 -0.636747 0 -0.636747 0 -0.636747 -0.2 -0.636747 -0.2 -1.061245 0 -0.636747 -0.2 -1.061245 0 -1.061245 0 -1.061245 -0.2 -1.061245 -0.2 -1.485743 0 -1.061245 -0.2 -1.485743 0 -1.485743 0 -1.485743 -0.2 -1.485743 -0.2 -1.910242 0 -1.485743 -0.2 -1.910242 0 -1.910242 0 -1.910242 -0.2 -1.910242 -0.2 -2.33474 0 -1.910242 -0.2 -2.33474 0 -2.33474 0 -2.33474 -0.2 -2.33474 -0.2 -2.759238 0 -2.33474 -0.2 -2.759238 0 -2.759238 0 -2.759238 -0.2 -2.759238 -0.2 -3.183736 0 -2.759238 -0.2 -3.183736 0 -3.183736 0 -3.183736 -0.2 -3.183736 -0.2 -3.608234 0 -3.183736 -0.2 -3.608234 0 -3.608234 0 -3.608234 -0.2 -3.608234 -0.2 -4.032732 0 -3.608234 -0.2 -4.032732 0 -4.032732 0 -4.032732 -0.2 -4.032732 -0.2 -4.45723 0 -4.032732 -0.2 -4.45723 0 -4.45723 0 -4.45723 -0.2 -4.45723 -0.2 -4.881728 0 -4.45723 -0.2 -4.881728 0 -4.881728 0 -4.881728 -0.2 -4.881728 -0.2 -5.306227 0 -4.881728 -0.2 -5.306227 0 -5.306227 0 -5.306227 -0.2 -5.306227 -0.2 -5.730725 0 -5.306227 -0.2 -5.730725 0 -5.730725 0 -5.730725 -0.2 -5.730725 -0.2 -6.155223 0 -5.730725 -0.2 -6.155223 0 -6.155223 0 -6.155223 -0.2 -6.155223 -0.2 -6.579721 0 -6.155223 -0.2 -6.579721 0 -6.579721 0 -6.579721 -0.2 -6.579721 -0.2 -7.004219 0 -6.579721 -0.2 -7.004219 0 -7.004219 0 -7.004219 -0.2 -7.004219 -0.2 -7.428717 0 -7.004219 -0.2 -7.428717 0 -7.428717 0 -7.428717 -0.2 -7.428717 -0.2 -7.853215 0 -7.428717 -0.2 -7.853215 0 -7.853215 0 -7.853215 -0.2 -7.853215 -0.2 -8.277714 -2.666759 0.422373 -2.737537 0.422839 -2.7 0 -2.7 0 -2.737537 0.422839 -2.77 0 -2.7 0 -2.77 0 -2.737537 -0.422839 -2.737537 0.422839 -2.666759 0.422373 -2.640908 0.835766 -2.640908 0.835766 -2.666759 0.422373 -2.567853 0.834346 -2.640908 0.835766 -2.567853 0.834346 -2.482379 1.229104 -2.482379 1.229104 -2.567853 0.834346 -2.405718 1.225774 -2.482379 1.229104 -2.405718 1.225774 -2.265664 1.593633 -2.265664 1.593633 -2.405718 1.225774 -2.184346 1.58702 -2.265664 1.593633 -2.184346 1.58702 -1.995845 1.920808 -1.995845 1.920808 -2.184346 1.58702 -1.909188 1.909188 -1.995845 1.920808 -1.909188 1.909188 -1.679244 2.202961 -1.679244 2.202961 -1.909188 1.909188 -1.58702 2.184346 -1.679244 2.202961 -1.58702 2.184346 -1.323284 2.433479 -1.323284 2.433479 -1.58702 2.184346 -1.225774 2.405718 -1.323284 2.433479 -1.225774 2.405718 -0.936307 2.606958 -0.936307 2.606958 -1.225774 2.405718 -0.834346 2.567853 -0.936307 2.606958 -0.834346 2.567853 -0.527383 2.719332 -0.527383 2.719332 -0.834346 2.567853 -0.422373 2.666759 -0.527383 2.719332 -0.422373 2.666759 -0.106099 2.767967 -0.106099 2.767967 -0.422373 2.666759 0 2.7 -0.106099 2.767967 0 2.7 0.317673 2.751724 0.317673 2.751724 0 2.7 0.422373 2.666759 0.317673 2.751724 0.422373 2.666759 0.733999 2.670982 0.733999 2.670982 0.422373 2.666759 0.834346 2.567853 0.733999 2.670982 0.834346 2.567853 1.13312 2.527635 1.13312 2.527635 0.834346 2.567853 1.225774 2.405718 1.13312 2.527635 1.225774 2.405718 1.505682 2.325042 1.505682 2.325042 1.225774 2.405718 1.58702 2.184346 1.505682 2.325042 1.58702 2.184346 1.842952 2.067952 1.842952 2.067952 1.58702 2.184346 1.909188 1.909188 1.842952 2.067952 1.909188 1.909188 2.137025 1.762392 2.137025 1.762392 1.909188 1.909188 2.184346 1.58702 2.137025 1.762392 2.184346 1.58702 2.381008 1.415522 2.381008 1.415522 2.184346 1.58702 2.405718 1.225774 2.381008 1.415522 2.405718 1.225774 2.569182 1.035473 2.569182 1.035473 2.405718 1.225774 2.567853 0.834346 2.569182 1.035473 2.567853 0.834346 2.697136 0.631154 2.697136 0.631154 2.567853 0.834346 2.666759 0.422373 2.697136 0.631154 2.666759 0.422373 2.761872 0.212041 2.761872 0.212041 2.666759 0.422373 2.7 0 2.761872 0.212041 2.7 0 2.761872 -0.212041 2.761872 -0.212041 2.7 0 2.666759 -0.422373 2.761872 -0.212041 2.666759 -0.422373 2.697136 -0.631154 2.697136 -0.631154 2.666759 -0.422373 2.567853 -0.834346 2.697136 -0.631154 2.567853 -0.834346 2.569182 -1.035473 2.569182 -1.035473 2.567853 -0.834346 2.405718 -1.225774 2.569182 -1.035473 2.405718 -1.225774 2.381008 -1.415522 2.381008 -1.415522 2.405718 -1.225774 2.184346 -1.58702 2.381008 -1.415522 2.184346 -1.58702 2.137025 -1.762392 2.137025 -1.762392 2.184346 -1.58702 1.909188 -1.909188 2.137025 -1.762392 1.909188 -1.909188 1.842952 -2.067952 1.842952 -2.067952 1.909188 -1.909188 1.58702 -2.184346 1.842952 -2.067952 1.58702 -2.184346 1.505682 -2.325042 1.505682 -2.325042 1.58702 -2.184346 1.225774 -2.405718 1.505682 -2.325042 1.225774 -2.405718 1.13312 -2.527635 1.13312 -2.527635 1.225774 -2.405718 0.834346 -2.567853 1.13312 -2.527635 0.834346 -2.567853 0.733999 -2.670982 0.733999 -2.670982 0.834346 -2.567853 0.422373 -2.666759 0.733999 -2.670982 0.422373 -2.666759 0.317673 -2.751724 0.317673 -2.751724 0.422373 -2.666759 0 -2.7 0.317673 -2.751724 0 -2.7 -0.106099 -2.767967 -0.106099 -2.767967 0 -2.7 -0.422373 -2.666759 -0.106099 -2.767967 -0.422373 -2.666759 -0.527383 -2.719332 -0.527383 -2.719332 -0.422373 -2.666759 -0.834346 -2.567853 -0.527383 -2.719332 -0.834346 -2.567853 -0.936307 -2.606958 -0.936307 -2.606958 -0.834346 -2.567853 -1.225774 -2.405718 -0.936307 -2.606958 -1.225774 -2.405718 -1.323284 -2.433479 -1.323284 -2.433479 -1.225774 -2.405718 -1.58702 -2.184346 -1.323284 -2.433479 -1.58702 -2.184346 -1.679244 -2.202961 -1.679244 -2.202961 -1.58702 -2.184346 -1.909188 -1.909188 -1.679244 -2.202961 -1.909188 -1.909188 -1.995845 -1.920808 -1.995845 -1.920808 -1.909188 -1.909188 -2.184346 -1.58702 -1.995845 -1.920808 -2.184346 -1.58702 -2.265664 -1.593633 -2.265664 -1.593633 -2.184346 -1.58702 -2.405718 -1.225774 -2.265664 -1.593633 -2.405718 -1.225774 -2.482379 -1.229104 -2.482379 -1.229104 -2.405718 -1.225774 -2.567853 -0.834346 -2.482379 -1.229104 -2.567853 -0.834346 -2.640908 -0.835766 -2.640908 -0.835766 -2.567853 -0.834346 -2.666759 -0.422373 -2.640908 -0.835766 -2.666759 -0.422373 -2.737537 -0.422839 -2.737537 -0.422839 -2.666759 -0.422373 -2.7 0 2.502172 -0.406643 2.737537 -0.422839 2.535 0 2.535 0 2.737537 -0.422839 2.77 0 2.535 0 2.77 0 2.737537 0.422839 2.737537 -0.422839 2.502172 -0.406643 2.640908 -0.835766 2.640908 -0.835766 2.502172 -0.406643 2.40454 -0.802753 2.640908 -0.835766 2.40454 -0.802753 2.482379 -1.229104 2.482379 -1.229104 2.40454 -0.802753 2.244631 -1.178073 2.482379 -1.229104 2.244631 -1.178073 2.265664 -1.593633 2.265664 -1.593633 2.244631 -1.178073 2.026587 -1.522882 2.265664 -1.593633 2.026587 -1.522882 1.995845 -1.920808 1.995845 -1.920808 2.026587 -1.522882 1.756056 -1.828248 1.995845 -1.920808 1.756056 -1.828248 1.679244 -2.202961 1.679244 -2.202961 1.756056 -1.828248 1.440044 -2.086264 1.679244 -2.202961 1.440044 -2.086264 1.323284 -2.433479 1.323284 -2.433479 1.440044 -2.086264 1.086736 -2.290247 1.323284 -2.433479 1.086736 -2.290247 0.936307 -2.606958 0.936307 -2.606958 1.086736 -2.290247 0.705281 -2.434913 0.936307 -2.606958 0.705281 -2.434913 0.527383 -2.719332 0.527383 -2.719332 0.705281 -2.434913 0.30556 -2.516517 0.527383 -2.719332 0.30556 -2.516517 0.106099 -2.767967 0.106099 -2.767967 0.30556 -2.516517 -0.102074 -2.532944 0.106099 -2.767967 -0.102074 -2.532944 -0.317673 -2.751724 -0.317673 -2.751724 -0.102074 -2.532944 -0.507065 -2.483769 -0.317673 -2.751724 -0.507065 -2.483769 -0.733999 -2.670982 -0.733999 -2.670982 -0.507065 -2.483769 -0.898923 -2.370266 -0.733999 -2.670982 -0.898923 -2.370266 -1.13312 -2.527635 -1.13312 -2.527635 -0.898923 -2.370266 -1.2675 -2.195374 -1.13312 -2.527635 -1.2675 -2.195374 -1.505682 -2.325042 -1.505682 -2.325042 -1.2675 -2.195374 -1.603249 -1.963624 -1.505682 -2.325042 -1.603249 -1.963624 -1.842952 -2.067952 -1.842952 -2.067952 -1.603249 -1.963624 -1.897475 -1.681016 -1.842952 -2.067952 -1.897475 -1.681016 -2.137025 -1.762392 -2.137025 -1.762392 -1.897475 -1.681016 -2.142557 -1.354871 -2.137025 -1.762392 -2.142557 -1.354871 -2.381008 -1.415522 -2.381008 -1.415522 -2.142557 -1.354871 -2.332148 -0.993635 -2.381008 -1.415522 -2.332148 -0.993635 -2.569182 -1.035473 -2.569182 -1.035473 -2.332148 -0.993635 -2.461338 -0.606665 -2.569182 -1.035473 -2.461338 -0.606665 -2.697136 -0.631154 -2.697136 -0.631154 -2.461338 -0.606665 -2.52678 -0.203983 -2.697136 -0.631154 -2.52678 -0.203983 -2.761872 -0.212041 -2.761872 -0.212041 -2.52678 -0.203983 -2.52678 0.203983 -2.761872 -0.212041 -2.52678 0.203983 -2.761872 0.212041 -2.761872 0.212041 -2.52678 0.203983 -2.697136 0.631154 -2.697136 0.631154 -2.52678 0.203983 -2.461338 0.606665 -2.697136 0.631154 -2.461338 0.606665 -2.569182 1.035473 -2.569182 1.035473 -2.461338 0.606665 -2.332148 0.993635 -2.569182 1.035473 -2.332148 0.993635 -2.381008 1.415522 -2.381008 1.415522 -2.332148 0.993635 -2.142557 1.354871 -2.381008 1.415522 -2.142557 1.354871 -2.137025 1.762392 -2.137025 1.762392 -2.142557 1.354871 -1.897475 1.681016 -2.137025 1.762392 -1.897475 1.681016 -1.842952 2.067952 -1.842952 2.067952 -1.897475 1.681016 -1.603249 1.963624 -1.842952 2.067952 -1.603249 1.963624 -1.505682 2.325042 -1.505682 2.325042 -1.603249 1.963624 -1.2675 2.195374 -1.505682 2.325042 -1.2675 2.195374 -1.13312 2.527635 -1.13312 2.527635 -1.2675 2.195374 -0.898923 2.370266 -1.13312 2.527635 -0.898923 2.370266 -0.733999 2.670982 -0.733999 2.670982 -0.898923 2.370266 -0.507065 2.483769 -0.733999 2.670982 -0.507065 2.483769 -0.317673 2.751724 -0.317673 2.751724 -0.507065 2.483769 -0.102074 2.532944 -0.317673 2.751724 -0.102074 2.532944 0.106099 2.767967 0.106099 2.767967 -0.102074 2.532944 0.30556 2.516517 0.106099 2.767967 0.30556 2.516517 0.527383 2.719332 0.527383 2.719332 0.30556 2.516517 0.705281 2.434913 0.527383 2.719332 0.705281 2.434913 0.936307 2.606958 0.936307 2.606958 0.705281 2.434913 1.086736 2.290247 0.936307 2.606958 1.086736 2.290247 1.323284 2.433479 1.323284 2.433479 1.086736 2.290247 1.440044 2.086264 1.323284 2.433479 1.440044 2.086264 1.679244 2.202961 1.679244 2.202961 1.440044 2.086264 1.756056 1.828248 1.679244 2.202961 1.756056 1.828248 1.995845 1.920808 1.995845 1.920808 1.756056 1.828248 2.026587 1.522882 1.995845 1.920808 2.026587 1.522882 2.265664 1.593633 2.265664 1.593633 2.026587 1.522882 2.244631 1.178073 2.265664 1.593633 2.244631 1.178073 2.482379 1.229104 2.482379 1.229104 2.244631 1.178073 2.40454 0.802753 2.482379 1.229104 2.40454 0.802753 2.640908 0.835766 2.640908 0.835766 2.40454 0.802753 2.502172 0.406643 2.640908 0.835766 2.502172 0.406643 2.737537 0.422839 2.737537 0.422839 2.502172 0.406643 2.535 0</float_array>
          <technique_common>
            <accessor source="#EDF_housing-mesh-map-0-array" count="6432" stride="2">
              <param name="S" type="float"/>
              <param name="T" type="float"/>
            </accessor>
          </technique_common>
        </source>
        <vertices id="EDF_housing-mesh-vertices">
          <input semantic="POSITION" source="#EDF_housing-mesh-positions"/>
        </vertices>
        <triangles material="Plastic_-_Matte__Black__001-material" count="2144">
          <input semantic="VERTEX" source="#EDF_housing-mesh-vertices" offset="0"/>
          <input semantic="NORMAL" source="#EDF_housing-mesh-normals" offset="1"/>
          <input semantic="TEXCOORD" source="#EDF_housing-mesh-map-0" offset="2" set="0"/>
          <p>1 0 0 55 0 1 0 0 2 0 0 3 55 0 4 24 0 5 0 0 6 24 0 7 25 0 8 55 1 9 1 1 10 54 1 11 54 2 12 1 2 13 2 2 14 54 0 15 2 0 16 53 0 17 53 0 18 2 0 19 3 0 20 53 3 21 3 3 22 52 3 23 52 4 24 3 4 25 51 4 26 51 5 27 3 5 28 4 5 29 51 0 30 4 0 31 50 0 32 50 6 33 4 6 34 5 6 35 50 0 36 5 0 37 49 0 38 49 7 39 5 7 40 6 7 41 49 8 42 6 8 43 48 8 44 48 4 45 6 4 46 47 4 47 47 9 48 6 9 49 7 9 50 47 0 51 7 0 52 46 0 53 46 10 54 7 10 55 8 10 56 46 0 57 8 0 58 45 0 59 45 11 60 8 11 61 9 11 62 45 3 63 9 3 64 44 3 65 44 12 66 9 12 67 43 12 68 43 0 69 9 0 70 10 0 71 43 13 72 10 13 73 42 13 74 42 14 75 10 14 76 11 14 77 42 15 78 11 15 79 41 15 80 41 16 81 11 16 82 12 16 83 41 0 84 12 0 85 40 0 86 40 0 87 12 0 88 39 0 89 39 16 90 12 16 91 13 16 92 39 17 93 13 17 94 38 17 95 38 14 96 13 14 97 14 14 98 38 0 99 14 0 100 37 0 101 37 0 102 14 0 103 15 0 104 37 12 105 15 12 106 36 12 107 36 8 108 15 8 109 35 8 110 35 11 111 15 11 112 16 11 113 35 0 114 16 0 115 34 0 116 34 10 117 16 10 118 17 10 119 34 0 120 17 0 121 33 0 122 33 9 123 17 9 124 18 9 125 33 4 126 18 4 127 32 4 128 32 8 129 18 8 130 31 8 131 31 7 132 18 7 133 19 7 134 31 0 135 19 0 136 30 0 137 30 6 138 19 6 139 20 6 140 30 0 141 20 0 142 29 0 143 29 5 144 20 5 145 21 5 146 29 12 147 21 12 148 28 12 149 28 3 150 21 3 151 27 3 152 27 0 153 21 0 154 22 0 155 27 18 156 22 18 157 26 18 158 26 2 159 22 2 160 23 2 161 26 19 162 23 19 163 25 19 164 25 20 165 23 20 166 0 20 167 88 21 168 24 22 169 92 23 170 92 24 171 24 25 172 56 26 173 92 27 174 56 28 175 89 29 176 89 30 177 56 31 178 57 32 179 89 33 180 57 34 181 93 35 182 93 36 183 57 37 184 58 38 185 93 39 186 58 40 187 95 41 188 95 42 189 58 43 190 59 44 191 95 45 192 59 46 193 60 47 194 95 48 195 60 49 196 97 50 197 97 51 198 60 52 199 61 53 200 97 54 201 61 55 202 99 56 203 99 57 204 61 58 205 62 59 206 99 60 207 62 61 208 64 62 209 64 63 210 62 64 211 63 65 212 99 66 213 64 67 214 100 68 215 100 69 216 64 70 217 65 71 218 100 72 219 65 73 220 66 74 221 100 75 222 66 76 223 98 77 224 98 78 225 66 79 226 67 80 227 98 81 228 67 82 229 96 83 230 96 84 231 67 85 232 68 86 233 96 87 234 68 88 235 69 89 236 96 90 237 69 91 238 94 92 239 94 93 240 69 94 241 70 95 242 94 96 243 70 97 244 90 98 245 90 99 246 70 100 247 71 101 248 90 102 249 71 103 250 91 104 251 91 105 252 71 106 253 72 107 254 91 108 255 72 109 256 73 110 257 91 111 258 73 112 259 101 113 260 101 114 261 73 115 262 74 116 263 101 117 264 74 118 265 103 119 266 103 120 267 74 121 268 75 122 269 103 123 270 75 124 271 105 125 272 105 126 273 75 127 274 76 128 275 105 129 276 76 130 277 77 131 278 105 132 279 77 133 280 107 134 281 107 135 282 77 136 283 78 137 284 107 138 285 78 139 286 109 140 287 109 141 288 78 142 289 79 143 290 109 144 291 79 145 292 81 146 293 81 147 294 79 148 295 80 149 296 109 150 297 81 151 298 110 152 299 110 153 300 81 154 301 82 155 302 110 156 303 82 157 304 83 158 305 110 159 306 83 160 307 108 161 308 108 162 309 83 163 310 84 164 311 108 165 312 84 166 313 106 167 314 106 168 315 84 169 316 85 170 317 106 171 318 85 172 319 86 173 320 106 174 321 86 175 322 104 176 323 104 177 324 86 178 325 87 179 326 104 180 327 87 181 328 102 182 329 102 183 330 87 184 331 88 185 332 102 186 333 88 187 334 92 188 335 89 189 336 90 190 337 92 191 338 92 192 339 90 193 340 91 194 341 92 195 342 91 196 343 102 197 344 102 198 345 91 199 346 101 200 347 102 201 348 101 202 349 104 203 350 104 204 351 101 205 352 103 206 353 104 207 354 103 208 355 105 209 356 90 210 357 89 211 358 94 212 359 94 213 360 89 214 361 93 215 362 94 216 363 93 217 364 96 218 365 96 219 366 93 220 367 95 221 368 96 222 369 95 223 370 98 224 371 98 225 372 95 226 373 97 227 374 98 228 375 97 229 376 100 230 377 100 231 378 97 232 379 99 233 380 106 234 381 104 235 382 105 236 383 108 237 384 106 238 385 107 239 386 107 240 387 106 241 388 105 242 389 110 243 390 108 244 391 107 245 392 109 246 393 110 247 394 107 248 395 63 249 396 117 249 397 64 249 398 64 250 399 117 250 400 118 250 401 64 251 402 118 251 403 119 251 404 111 251 405 112 251 406 63 251 407 63 251 408 112 251 409 113 251 410 63 252 411 113 252 412 114 252 413 114 253 414 115 253 415 63 253 416 63 254 417 115 254 418 116 254 419 63 255 420 116 255 421 117 255 422 152 256 423 52 257 424 156 258 425 156 259 426 52 260 427 120 261 428 156 262 429 120 263 430 153 264 431 153 265 432 120 266 433 121 267 434 153 268 435 121 269 436 157 270 437 157 271 438 121 272 439 122 273 440 157 274 441 122 275 442 159 276 443 159 277 444 122 278 445 123 279 446 159 280 447 123 281 448 124 282 449 159 283 450 124 284 451 161 285 452 161 286 453 124 287 454 125 288 455 161 289 456 125 290 457 163 291 458 163 292 459 125 293 460 126 294 461 163 295 462 126 296 463 128 297 464 128 298 465 126 299 466 127 300 467 163 301 468 128 302 469 164 303 470 164 304 471 128 305 472 129 306 473 164 307 474 129 308 475 130 309 476 164 310 477 130 311 478 162 312 479 162 313 480 130 314 481 131 315 482 162 316 483 131 317 484 160 318 485 160 319 486 131 320 487 132 321 488 160 322 489 132 323 490 133 324 491 160 325 492 133 326 493 158 327 494 158 328 495 133 329 496 134 330 497 158 331 498 134 332 499 154 333 500 154 334 501 134 335 502 135 336 503 154 337 504 135 338 505 155 339 506 155 340 507 135 341 508 136 342 509 155 343 510 136 344 511 137 345 512 155 346 513 137 347 514 165 348 515 165 349 516 137 350 517 138 351 518 165 352 519 138 353 520 167 354 521 167 355 522 138 356 523 139 357 524 167 358 525 139 359 526 169 360 527 169 361 528 139 362 529 140 363 530 169 364 531 140 365 532 141 366 533 169 367 534 141 368 535 171 369 536 171 370 537 141 371 538 142 372 539 171 373 540 142 374 541 173 375 542 173 376 543 142 377 544 143 378 545 173 379 546 143 380 547 145 381 548 145 382 549 143 383 550 144 384 551 173 385 552 145 386 553 174 387 554 174 388 555 145 389 556 146 390 557 174 391 558 146 392 559 147 393 560 174 394 561 147 395 562 172 396 563 172 397 564 147 398 565 148 399 566 172 400 567 148 401 568 170 402 569 170 403 570 148 404 571 149 405 572 170 406 573 149 407 574 150 408 575 170 409 576 150 410 577 168 411 578 168 412 579 150 413 580 151 414 581 168 415 582 151 416 583 166 417 584 166 418 585 151 419 586 152 420 587 166 421 588 152 422 589 156 423 590 153 424 591 154 425 592 156 426 593 156 427 594 154 428 595 155 429 596 156 430 597 155 431 598 166 432 599 166 433 600 155 434 601 165 435 602 166 436 603 165 437 604 168 438 605 168 439 606 165 440 607 167 441 608 168 442 609 167 443 610 169 444 611 154 445 612 153 446 613 158 447 614 158 448 615 153 449 616 157 450 617 158 451 618 157 452 619 160 453 620 160 454 621 157 455 622 159 456 623 160 457 624 159 458 625 162 459 626 162 460 627 159 461 628 161 462 629 162 463 630 161 464 631 164 465 632 164 466 633 161 467 634 163 468 635 170 469 636 168 470 637 169 471 638 172 472 639 170 473 640 171 474 641 171 475 642 170 476 643 169 477 644 174 478 645 172 479 646 171 480 647 173 481 648 174 482 649 171 483 650 127 484 651 181 484 652 128 484 653 128 485 654 181 485 655 182 485 656 128 486 657 182 486 658 183 486 659 175 487 660 176 487 661 127 487 662 127 488 663 176 488 664 177 488 665 127 489 666 177 489 667 178 489 668 178 490 669 179 490 670 127 490 671 127 491 672 179 491 673 180 491 674 127 492 675 180 492 676 181 492 677 216 493 678 48 494 679 220 495 680 220 496 681 48 497 682 184 498 683 220 499 684 184 500 685 217 501 686 217 502 687 184 503 688 185 504 689 217 505 690 185 506 691 221 507 692 221 508 693 185 509 694 186 510 695 221 511 696 186 512 697 223 513 698 223 514 699 186 515 700 187 516 701 223 517 702 187 518 703 188 519 704 223 520 705 188 521 706 225 522 707 225 523 708 188 524 709 189 525 710 225 526 711 189 527 712 227 528 713 227 529 714 189 530 715 190 531 716 227 532 717 190 533 718 192 534 719 192 535 720 190 536 721 191 537 722 227 538 723 192 539 724 228 540 725 228 541 726 192 542 727 193 543 728 228 544 729 193 545 730 194 546 731 228 547 732 194 548 733 226 549 734 226 550 735 194 551 736 195 552 737 226 553 738 195 554 739 224 555 740 224 556 741 195 557 742 196 558 743 224 559 744 196 560 745 197 561 746 224 562 747 197 563 748 222 564 749 222 565 750 197 566 751 198 567 752 222 568 753 198 569 754 218 570 755 218 571 756 198 572 757 199 573 758 218 574 759 199 575 760 219 576 761 219 577 762 199 578 763 200 579 764 219 580 765 200 581 766 201 582 767 219 583 768 201 584 769 229 585 770 229 586 771 201 587 772 202 588 773 229 589 774 202 590 775 231 591 776 231 592 777 202 593 778 203 594 779 231 595 780 203 596 781 233 597 782 233 598 783 203 599 784 204 600 785 233 601 786 204 602 787 205 603 788 233 604 789 205 605 790 235 606 791 235 607 792 205 608 793 206 609 794 235 610 795 206 611 796 237 612 797 237 613 798 206 614 799 207 615 800 237 616 801 207 617 802 209 618 803 209 619 804 207 620 805 208 621 806 237 622 807 209 623 808 238 624 809 238 625 810 209 626 811 210 627 812 238 628 813 210 629 814 211 630 815 238 631 816 211 632 817 236 633 818 236 634 819 211 635 820 212 636 821 236 637 822 212 638 823 234 639 824 234 640 825 212 641 826 213 642 827 234 643 828 213 644 829 214 645 830 234 646 831 214 647 832 232 648 833 232 649 834 214 650 835 215 651 836 232 652 837 215 653 838 230 654 839 230 655 840 215 656 841 216 657 842 230 658 843 216 659 844 220 660 845 217 661 846 218 662 847 220 663 848 220 664 849 218 665 850 219 666 851 220 667 852 219 668 853 230 669 854 230 670 855 219 671 856 229 672 857 230 673 858 229 674 859 232 675 860 232 676 861 229 677 862 231 678 863 232 679 864 231 680 865 233 681 866 218 682 867 217 683 868 222 684 869 222 685 870 217 686 871 221 687 872 222 688 873 221 689 874 224 690 875 224 691 876 221 692 877 223 693 878 224 694 879 223 695 880 226 696 881 226 697 882 223 698 883 225 699 884 226 700 885 225 701 886 228 702 887 228 703 888 225 704 889 227 705 890 234 706 891 232 707 892 233 708 893 236 709 894 234 710 895 235 711 896 235 712 897 234 713 898 233 714 899 238 715 900 236 716 901 235 717 902 237 718 903 238 719 904 235 720 905 191 721 906 245 721 907 192 721 908 192 722 909 245 722 910 246 722 911 192 723 912 246 723 913 247 723 914 239 721 915 240 721 916 191 721 917 191 724 918 240 724 919 241 724 920 191 725 921 241 725 922 242 725 923 242 726 924 243 726 925 191 726 926 191 727 927 243 727 928 244 727 929 191 721 930 244 721 931 245 721 932 280 728 933 44 729 934 284 730 935 284 731 936 44 732 937 248 733 938 284 734 939 248 735 940 281 736 941 281 737 942 248 738 943 249 739 944 281 740 945 249 741 946 285 742 947 285 743 948 249 744 949 250 745 950 285 746 951 250 747 952 287 748 953 287 749 954 250 750 955 251 751 956 287 752 957 251 753 958 252 754 959 287 755 960 252 756 961 289 757 962 289 758 963 252 759 964 253 760 965 289 761 966 253 762 967 291 763 968 291 764 969 253 765 970 254 766 971 291 767 972 254 768 973 256 769 974 256 770 975 254 771 976 255 772 977 291 773 978 256 774 979 292 775 980 292 776 981 256 777 982 257 778 983 292 779 984 257 780 985 258 781 986 292 782 987 258 783 988 290 784 989 290 785 990 258 786 991 259 787 992 290 788 993 259 789 994 288 790 995 288 791 996 259 792 997 260 793 998 288 794 999 260 795 1000 261 796 1001 288 797 1002 261 798 1003 286 799 1004 286 800 1005 261 801 1006 262 802 1007 286 803 1008 262 804 1009 282 805 1010 282 806 1011 262 807 1012 263 808 1013 282 809 1014 263 810 1015 283 811 1016 283 812 1017 263 813 1018 264 814 1019 283 815 1020 264 816 1021 265 817 1022 283 818 1023 265 819 1024 293 820 1025 293 821 1026 265 822 1027 266 823 1028 293 824 1029 266 825 1030 295 826 1031 295 827 1032 266 828 1033 267 829 1034 295 830 1035 267 831 1036 297 832 1037 297 833 1038 267 834 1039 268 835 1040 297 836 1041 268 837 1042 269 838 1043 297 839 1044 269 840 1045 299 841 1046 299 842 1047 269 843 1048 270 844 1049 299 845 1050 270 846 1051 301 847 1052 301 848 1053 270 849 1054 271 850 1055 301 851 1056 271 852 1057 273 853 1058 273 854 1059 271 855 1060 272 856 1061 301 857 1062 273 858 1063 302 859 1064 302 860 1065 273 861 1066 274 862 1067 302 863 1068 274 864 1069 275 865 1070 302 866 1071 275 867 1072 300 868 1073 300 869 1074 275 870 1075 276 871 1076 300 872 1077 276 873 1078 298 874 1079 298 875 1080 276 876 1081 277 877 1082 298 878 1083 277 879 1084 278 880 1085 298 881 1086 278 882 1087 296 883 1088 296 884 1089 278 885 1090 279 886 1091 296 887 1092 279 888 1093 294 889 1094 294 890 1095 279 891 1096 280 892 1097 294 893 1098 280 894 1099 284 895 1100 281 896 1101 282 897 1102 284 898 1103 284 899 1104 282 900 1105 283 901 1106 284 902 1107 283 903 1108 294 904 1109 294 905 1110 283 906 1111 293 907 1112 294 908 1113 293 909 1114 296 910 1115 296 911 1116 293 912 1117 295 913 1118 296 914 1119 295 915 1120 297 916 1121 282 917 1122 281 918 1123 286 919 1124 286 920 1125 281 921 1126 285 922 1127 286 923 1128 285 924 1129 288 925 1130 288 926 1131 285 927 1132 287 928 1133 288 929 1134 287 930 1135 290 931 1136 290 932 1137 287 933 1138 289 934 1139 290 935 1140 289 936 1141 292 937 1142 292 938 1143 289 939 1144 291 940 1145 298 941 1146 296 942 1147 297 943 1148 300 944 1149 298 945 1150 299 946 1151 299 947 1152 298 948 1153 297 949 1154 302 950 1155 300 951 1156 299 952 1157 301 953 1158 302 954 1159 299 955 1160 255 956 1161 309 956 1162 256 956 1163 256 957 1164 309 957 1165 310 957 1166 256 958 1167 310 958 1168 311 958 1169 303 959 1170 304 959 1171 255 959 1172 255 960 1173 304 960 1174 305 960 1175 255 961 1176 305 961 1177 306 961 1178 306 962 1179 307 962 1180 255 962 1181 255 963 1182 307 963 1183 308 963 1184 255 964 1185 308 964 1186 309 964 1187 344 965 1188 40 966 1189 348 967 1190 348 968 1191 40 969 1192 312 970 1193 348 971 1194 312 972 1195 345 973 1196 345 974 1197 312 975 1198 313 976 1199 345 977 1200 313 978 1201 349 979 1202 349 980 1203 313 981 1204 314 982 1205 349 983 1206 314 984 1207 351 985 1208 351 986 1209 314 987 1210 315 988 1211 351 989 1212 315 990 1213 316 991 1214 351 992 1215 316 993 1216 353 994 1217 353 995 1218 316 996 1219 317 997 1220 353 998 1221 317 999 1222 355 1000 1223 355 1001 1224 317 1002 1225 318 1003 1226 355 1004 1227 318 1005 1228 320 1006 1229 320 1007 1230 318 1008 1231 319 1009 1232 355 1010 1233 320 1011 1234 356 1012 1235 356 1013 1236 320 1014 1237 321 1015 1238 356 1016 1239 321 1017 1240 322 1018 1241 356 1019 1242 322 1020 1243 354 1021 1244 354 1022 1245 322 1023 1246 323 1024 1247 354 1025 1248 323 1026 1249 352 1027 1250 352 1028 1251 323 1029 1252 324 1030 1253 352 1031 1254 324 1032 1255 325 1033 1256 352 1034 1257 325 1035 1258 350 1036 1259 350 1037 1260 325 1038 1261 326 1039 1262 350 1040 1263 326 1041 1264 346 1042 1265 346 1043 1266 326 1044 1267 327 1045 1268 346 1046 1269 327 1047 1270 347 1048 1271 347 1049 1272 327 1050 1273 328 1051 1274 347 1052 1275 328 1053 1276 329 1054 1277 347 1055 1278 329 1056 1279 357 1057 1280 357 1058 1281 329 1059 1282 330 1060 1283 357 1061 1284 330 1062 1285 359 1063 1286 359 1064 1287 330 1065 1288 331 1066 1289 359 1067 1290 331 1068 1291 361 1069 1292 361 1070 1293 331 1071 1294 332 1072 1295 361 1073 1296 332 1074 1297 333 1075 1298 361 1076 1299 333 1077 1300 363 1078 1301 363 1079 1302 333 1080 1303 334 1081 1304 363 1082 1305 334 1083 1306 365 1084 1307 365 1085 1308 334 1086 1309 335 1087 1310 365 1088 1311 335 1089 1312 337 1090 1313 337 1091 1314 335 1092 1315 336 1093 1316 365 1094 1317 337 1095 1318 366 1096 1319 366 1097 1320 337 1098 1321 338 1099 1322 366 1100 1323 338 1101 1324 339 1102 1325 366 1103 1326 339 1104 1327 364 1105 1328 364 1106 1329 339 1107 1330 340 1108 1331 364 1109 1332 340 1110 1333 362 1111 1334 362 1112 1335 340 1113 1336 341 1114 1337 362 1115 1338 341 1116 1339 342 1117 1340 362 1118 1341 342 1119 1342 360 1120 1343 360 1121 1344 342 1122 1345 343 1123 1346 360 1124 1347 343 1125 1348 358 1126 1349 358 1127 1350 343 1128 1351 344 1129 1352 358 1130 1353 344 1131 1354 348 1132 1355 345 1133 1356 346 1134 1357 348 1135 1358 348 1136 1359 346 1137 1360 347 1138 1361 348 1139 1362 347 1140 1363 358 1141 1364 358 1142 1365 347 1143 1366 357 1144 1367 358 1145 1368 357 1146 1369 360 1147 1370 360 1148 1371 357 1149 1372 359 1150 1373 360 1151 1374 359 1152 1375 361 1153 1376 346 1154 1377 345 1155 1378 350 1156 1379 350 1157 1380 345 1158 1381 349 1159 1382 350 1160 1383 349 1161 1384 352 1162 1385 352 1163 1386 349 1164 1387 351 1165 1388 352 1166 1389 351 1167 1390 354 1168 1391 354 1169 1392 351 1170 1393 353 1171 1394 354 1172 1395 353 1173 1396 356 1174 1397 356 1175 1398 353 1176 1399 355 1177 1400 362 1178 1401 360 1179 1402 361 1180 1403 364 1181 1404 362 1182 1405 363 1183 1406 363 1184 1407 362 1185 1408 361 1186 1409 366 1187 1410 364 1188 1411 363 1189 1412 365 1190 1413 366 1191 1414 363 1192 1415 320 1193 1416 319 1193 1417 368 1193 1418 368 1193 1419 319 1193 1420 367 1193 1421 401 1194 1422 36 1195 1423 405 1196 1424 405 1197 1425 36 1198 1426 369 1199 1427 405 1200 1428 369 1201 1429 402 1202 1430 402 1203 1431 369 1204 1432 370 1205 1433 402 1206 1434 370 1207 1435 406 1208 1436 406 1209 1437 370 1210 1438 371 1211 1439 406 1212 1440 371 1213 1441 408 1214 1442 408 1215 1443 371 1216 1444 372 1217 1445 408 1218 1446 372 1219 1447 373 1220 1448 408 1221 1449 373 1222 1450 410 1223 1451 410 1224 1452 373 1225 1453 374 1226 1454 410 1227 1455 374 1228 1456 412 1229 1457 412 1230 1458 374 1231 1459 375 1232 1460 412 1233 1461 375 1234 1462 377 1235 1463 377 1236 1464 375 1237 1465 376 1238 1466 412 1239 1467 377 1240 1468 413 1241 1469 413 1242 1470 377 1243 1471 378 1244 1472 413 1245 1473 378 1246 1474 379 1247 1475 413 1248 1476 379 1249 1477 411 1250 1478 411 1251 1479 379 1252 1480 380 1253 1481 411 1254 1482 380 1255 1483 409 1256 1484 409 1257 1485 380 1258 1486 381 1259 1487 409 1260 1488 381 1261 1489 382 1262 1490 409 1263 1491 382 1264 1492 407 1265 1493 407 1266 1494 382 1267 1495 383 1268 1496 407 1269 1497 383 1270 1498 403 1271 1499 403 1272 1500 383 1273 1501 384 1274 1502 403 1275 1503 384 1276 1504 404 1277 1505 404 1278 1506 384 1279 1507 385 1280 1508 404 1281 1509 385 1282 1510 386 1283 1511 404 1284 1512 386 1285 1513 414 1286 1514 414 1287 1515 386 1288 1516 387 1289 1517 414 1290 1518 387 1291 1519 416 1292 1520 416 1293 1521 387 1294 1522 388 1295 1523 416 1296 1524 388 1297 1525 418 1298 1526 418 1299 1527 388 1300 1528 389 1301 1529 418 1302 1530 389 1303 1531 390 1304 1532 418 1305 1533 390 1306 1534 420 1307 1535 420 1308 1536 390 1309 1537 391 1310 1538 420 1311 1539 391 1312 1540 422 1313 1541 422 1314 1542 391 1315 1543 392 1316 1544 422 1317 1545 392 1318 1546 394 1319 1547 394 1320 1548 392 1321 1549 393 1322 1550 422 1323 1551 394 1324 1552 423 1325 1553 423 1326 1554 394 1327 1555 395 1328 1556 423 1329 1557 395 1330 1558 396 1331 1559 423 1332 1560 396 1333 1561 421 1334 1562 421 1335 1563 396 1336 1564 397 1337 1565 421 1338 1566 397 1339 1567 419 1340 1568 419 1341 1569 397 1342 1570 398 1343 1571 419 1344 1572 398 1345 1573 399 1346 1574 419 1347 1575 399 1348 1576 417 1349 1577 417 1350 1578 399 1351 1579 400 1352 1580 417 1353 1581 400 1354 1582 415 1355 1583 415 1356 1584 400 1357 1585 401 1358 1586 415 1359 1587 401 1360 1588 405 1361 1589 402 1362 1590 403 1363 1591 405 1364 1592 405 1365 1593 403 1366 1594 404 1367 1595 405 1368 1596 404 1369 1597 415 1370 1598 415 1371 1599 404 1372 1600 414 1373 1601 415 1374 1602 414 1375 1603 417 1376 1604 417 1377 1605 414 1378 1606 416 1379 1607 417 1380 1608 416 1381 1609 418 1382 1610 403 1383 1611 402 1384 1612 407 1385 1613 407 1386 1614 402 1387 1615 406 1388 1616 407 1389 1617 406 1390 1618 409 1391 1619 409 1392 1620 406 1393 1621 408 1394 1622 409 1395 1623 408 1396 1624 411 1397 1625 411 1398 1626 408 1399 1627 410 1400 1628 411 1401 1629 410 1402 1630 413 1403 1631 413 1404 1632 410 1405 1633 412 1406 1634 419 1407 1635 417 1408 1636 418 1409 1637 421 1410 1638 419 1411 1639 420 1412 1640 420 1413 1641 419 1414 1642 418 1415 1643 423 1416 1644 421 1417 1645 420 1418 1646 422 1419 1647 423 1420 1648 420 1421 1649 376 1422 1650 431 1422 1651 377 1422 1652 377 1423 1653 431 1423 1654 432 1423 1655 377 1424 1656 432 1424 1657 433 1424 1658 424 1425 1659 425 1425 1660 376 1425 1661 376 1426 1662 425 1426 1663 426 1426 1664 376 1427 1665 426 1427 1666 427 1427 1667 427 1428 1668 428 1428 1669 376 1428 1670 376 1429 1671 428 1429 1672 429 1429 1673 376 1430 1674 429 1430 1675 430 1430 1676 430 1431 1677 431 1431 1678 376 1431 1679 466 1432 1680 32 1433 1681 470 1434 1682 470 1435 1683 32 1436 1684 434 1437 1685 470 1438 1686 434 1439 1687 467 1440 1688 467 1441 1689 434 1442 1690 435 1443 1691 467 1444 1692 435 1445 1693 471 1446 1694 471 1447 1695 435 1448 1696 436 1449 1697 471 1450 1698 436 1451 1699 473 1452 1700 473 1453 1701 436 1454 1702 437 1455 1703 473 1456 1704 437 1457 1705 438 1458 1706 473 1459 1707 438 1460 1708 475 1461 1709 475 1462 1710 438 1463 1711 439 1464 1712 475 1465 1713 439 1466 1714 477 1467 1715 477 1468 1716 439 1469 1717 440 1470 1718 477 1471 1719 440 1472 1720 442 1473 1721 442 1474 1722 440 1475 1723 441 1476 1724 477 1477 1725 442 1478 1726 478 1479 1727 478 1480 1728 442 1481 1729 443 1482 1730 478 1483 1731 443 1484 1732 444 1485 1733 478 1486 1734 444 1487 1735 476 1488 1736 476 1489 1737 444 1490 1738 445 1491 1739 476 1492 1740 445 1493 1741 474 1494 1742 474 1495 1743 445 1496 1744 446 1497 1745 474 1498 1746 446 1499 1747 447 1500 1748 474 1501 1749 447 1502 1750 472 1503 1751 472 1504 1752 447 1505 1753 448 1506 1754 472 1507 1755 448 1508 1756 468 1509 1757 468 1510 1758 448 1511 1759 449 1512 1760 468 1513 1761 449 1514 1762 469 1515 1763 469 1516 1764 449 1517 1765 450 1518 1766 469 1519 1767 450 1520 1768 451 1521 1769 469 1522 1770 451 1523 1771 479 1524 1772 479 1525 1773 451 1526 1774 452 1527 1775 479 1528 1776 452 1529 1777 481 1530 1778 481 1531 1779 452 1532 1780 453 1533 1781 481 1534 1782 453 1535 1783 483 1536 1784 483 1537 1785 453 1538 1786 454 1539 1787 483 1540 1788 454 1541 1789 455 1542 1790 483 1543 1791 455 1544 1792 485 1545 1793 485 1546 1794 455 1547 1795 456 1548 1796 485 1549 1797 456 1550 1798 487 1551 1799 487 1552 1800 456 1553 1801 457 1554 1802 487 1555 1803 457 1556 1804 459 1557 1805 459 1558 1806 457 1559 1807 458 1560 1808 487 1561 1809 459 1562 1810 488 1563 1811 488 1564 1812 459 1565 1813 460 1566 1814 488 1567 1815 460 1568 1816 461 1569 1817 488 1570 1818 461 1571 1819 486 1572 1820 486 1573 1821 461 1574 1822 462 1575 1823 486 1576 1824 462 1577 1825 484 1578 1826 484 1579 1827 462 1580 1828 463 1581 1829 484 1582 1830 463 1583 1831 464 1584 1832 484 1585 1833 464 1586 1834 482 1587 1835 482 1588 1836 464 1589 1837 465 1590 1838 482 1591 1839 465 1592 1840 480 1593 1841 480 1594 1842 465 1595 1843 466 1596 1844 480 1597 1845 466 1598 1846 470 1599 1847 467 1600 1848 468 1601 1849 470 1602 1850 470 1603 1851 468 1604 1852 469 1605 1853 470 1606 1854 469 1607 1855 480 1608 1856 480 1609 1857 469 1610 1858 479 1611 1859 480 1612 1860 479 1613 1861 482 1614 1862 482 1615 1863 479 1616 1864 481 1617 1865 482 1618 1866 481 1619 1867 483 1620 1868 468 1621 1869 467 1622 1870 472 1623 1871 472 1624 1872 467 1625 1873 471 1626 1874 472 1627 1875 471 1628 1876 474 1629 1877 474 1630 1878 471 1631 1879 473 1632 1880 474 1633 1881 473 1634 1882 476 1635 1883 476 1636 1884 473 1637 1885 475 1638 1886 476 1639 1887 475 1640 1888 478 1641 1889 478 1642 1890 475 1643 1891 477 1644 1892 484 1645 1893 482 1646 1894 483 1647 1895 486 1648 1896 484 1649 1897 485 1650 1898 485 1651 1899 484 1652 1900 483 1653 1901 488 1654 1902 486 1655 1903 485 1656 1904 487 1657 1905 488 1658 1906 485 1659 1907 441 1660 1908 496 1660 1909 442 1660 1910 442 1661 1911 496 1661 1912 497 1661 1913 442 1662 1914 497 1662 1915 499 1662 1916 499 1660 1917 497 1660 1918 498 1660 1919 489 1660 1920 490 1660 1921 441 1660 1922 441 1663 1923 490 1663 1924 491 1663 1925 441 1664 1926 491 1664 1927 492 1664 1928 492 1660 1929 493 1660 1930 441 1660 1931 441 1660 1932 493 1660 1933 494 1660 1934 441 1665 1935 494 1665 1936 495 1665 1937 495 1660 1938 496 1660 1939 441 1660 1940 501 1666 1941 508 1666 1942 500 1666 1943 500 1667 1944 508 1667 1945 509 1667 1946 500 1668 1947 509 1668 1948 510 1668 1949 502 1669 1950 503 1669 1951 501 1669 1952 501 1670 1953 503 1670 1954 504 1670 1955 501 1671 1956 504 1671 1957 505 1671 1958 505 1672 1959 506 1672 1960 501 1672 1961 501 1673 1962 506 1673 1963 507 1673 1964 501 1674 1965 507 1674 1966 508 1674 1967 512 1675 1968 542 1676 1969 511 1677 1970 511 1678 1971 542 1679 1972 543 1680 1973 511 1681 1974 543 1682 1975 540 1683 1976 540 1684 1977 543 1685 1978 539 1686 1979 539 1687 1980 543 1688 1981 545 1689 1982 539 1690 1983 545 1691 1984 538 1692 1985 538 1693 1986 545 1694 1987 547 1695 1988 538 1696 1989 547 1697 1990 537 1698 1991 537 1699 1992 547 1700 1993 536 1701 1994 536 1702 1995 547 1703 1996 549 1704 1997 536 1705 1998 549 1706 1999 535 1707 2000 535 1708 2001 549 1709 2002 551 1710 2003 535 1711 2004 551 1712 2005 534 1713 2006 534 1714 2007 551 1715 2008 553 1716 2009 534 1717 2010 553 1718 2011 533 1719 2012 533 1720 2013 553 1721 2014 532 1722 2015 532 1723 2016 553 1724 2017 555 1725 2018 532 1726 2019 555 1727 2020 531 1728 2021 531 1729 2022 555 1730 2023 557 1731 2024 531 1732 2025 557 1733 2026 530 1734 2027 530 1735 2028 557 1736 2029 559 1737 2030 530 1738 2031 559 1739 2032 529 1740 2033 529 1741 2034 559 1742 2035 528 1743 2036 528 1744 2037 559 1745 2038 561 1746 2039 528 1747 2040 561 1748 2041 527 1749 2042 527 1750 2043 561 1751 2044 563 1752 2045 527 1753 2046 563 1754 2047 526 1755 2048 526 1756 2049 563 1757 2050 500 1758 2051 500 1759 2052 563 1760 2053 562 1761 2054 500 1762 2055 562 1763 2056 525 1764 2057 525 1765 2058 562 1766 2059 524 1767 2060 524 1768 2061 562 1769 2062 560 1770 2063 524 1771 2064 560 1772 2065 523 1773 2066 523 1774 2067 560 1775 2068 558 1776 2069 523 1777 2070 558 1778 2071 522 1779 2072 522 1780 2073 558 1781 2074 521 1782 2075 521 1783 2076 558 1784 2077 556 1785 2078 521 1786 2079 556 1787 2080 520 1788 2081 520 1789 2082 556 1790 2083 554 1791 2084 520 1792 2085 554 1793 2086 519 1794 2087 519 1795 2088 554 1796 2089 552 1797 2090 519 1798 2091 552 1799 2092 28 1800 2093 28 1801 2094 552 1802 2095 518 1803 2096 518 1804 2097 552 1805 2098 550 1806 2099 518 1807 2100 550 1808 2101 517 1809 2102 517 1810 2103 550 1811 2104 548 1812 2105 517 1813 2106 548 1814 2107 516 1815 2108 516 1816 2109 548 1817 2110 546 1818 2111 516 1819 2112 546 1820 2113 515 1821 2114 515 1822 2115 546 1823 2116 514 1824 2117 514 1825 2118 546 1826 2119 544 1827 2120 514 1828 2121 544 1829 2122 513 1830 2123 513 1831 2124 544 1832 2125 542 1833 2126 513 1834 2127 542 1835 2128 512 1836 2129 525 1837 2130 501 1838 2131 500 1839 2132 540 1840 2133 541 1841 2134 511 1842 2135 545 1843 2136 543 1844 2137 542 1845 2138 542 1846 2139 544 1847 2140 545 1848 2141 545 1849 2142 544 1850 2143 546 1851 2144 545 1852 2145 546 1853 2146 547 1854 2147 547 1855 2148 546 1856 2149 548 1857 2150 547 1858 2151 548 1859 2152 549 1860 2153 549 1861 2154 548 1862 2155 551 1863 2156 553 1864 2157 551 1865 2158 550 1866 2159 550 1867 2160 551 1868 2161 548 1869 2162 555 1870 2163 553 1871 2164 552 1872 2165 552 1873 2166 553 1874 2167 550 1875 2168 557 1876 2169 555 1877 2170 554 1878 2171 554 1879 2172 555 1880 2173 552 1881 2174 559 1882 2175 557 1883 2176 556 1884 2177 556 1885 2178 557 1886 2179 554 1887 2180 561 1888 2181 559 1889 2182 558 1890 2183 558 1891 2184 559 1892 2185 556 1893 2186 563 1894 2187 561 1895 2188 560 1896 2189 560 1897 2190 561 1898 2191 558 1899 2192 562 1900 2193 563 1901 2194 560 1902 2195 564 1903 2196 565 1904 2197 593 1905 2198 593 1906 2199 565 1907 2200 566 1908 2201 593 1909 2202 566 1910 2203 592 1911 2204 592 1912 2205 566 1913 2206 567 1914 2207 592 1915 2208 567 1916 2209 591 1917 2210 591 1918 2211 567 1919 2212 568 1920 2213 591 1921 2214 568 1922 2215 590 1923 2216 590 1924 2217 568 1925 2218 569 1926 2219 590 1927 2220 569 1928 2221 589 1929 2222 589 1930 2223 569 1931 2224 570 1932 2225 589 1933 2226 570 1934 2227 588 1935 2228 588 1936 2229 570 1937 2230 571 1938 2231 588 1939 2232 571 1940 2233 587 1941 2234 587 1942 2235 571 1943 2236 572 1944 2237 587 1945 2238 572 1946 2239 573 1947 2240 587 1948 2241 573 1949 2242 586 1950 2243 586 1951 2244 573 1952 2245 574 1953 2246 586 1954 2247 574 1955 2248 585 1956 2249 585 1957 2250 574 1958 2251 575 1959 2252 585 1960 2253 575 1961 2254 584 1962 2255 584 1963 2256 575 1964 2257 576 1965 2258 584 1966 2259 576 1967 2260 583 1968 2261 583 1969 2262 576 1970 2263 577 1971 2264 583 1972 2265 577 1973 2266 582 1974 2267 582 1975 2268 577 1976 2269 578 1977 2270 582 1978 2271 578 1979 2272 581 1980 2273 581 1981 2274 578 1982 2275 579 1983 2276 581 1984 2277 579 1985 2278 580 1986 2279 595 1987 2280 1 1988 2281 594 1989 2282 594 1990 2283 1 1991 2284 0 1992 2285 594 1993 2286 0 1994 2287 617 1995 2288 617 1996 2289 0 1997 2290 23 1998 2291 617 1999 2292 23 2000 2293 616 2001 2294 616 2002 2295 23 2003 2296 22 2004 2297 616 2005 2298 22 2006 2299 615 2007 2300 615 2008 2301 22 2009 2302 21 2010 2303 615 2011 2304 21 2012 2305 614 2013 2306 614 2014 2307 21 2015 2308 20 2016 2309 614 2017 2310 20 2018 2311 613 2019 2312 613 2020 2313 20 2021 2314 19 2022 2315 613 2023 2316 19 2024 2317 612 2025 2318 612 2026 2319 19 2027 2320 18 2028 2321 612 2029 2322 18 2030 2323 611 2031 2324 611 2032 2325 18 2033 2326 17 2034 2327 611 2035 2328 17 2036 2329 610 2037 2330 610 2038 2331 17 2039 2332 16 2040 2333 610 2041 2334 16 2042 2335 609 2043 2336 609 2044 2337 16 2045 2338 15 2046 2339 609 2047 2340 15 2048 2341 608 2049 2342 608 2050 2343 15 2051 2344 14 2052 2345 608 2053 2346 14 2054 2347 607 2055 2348 607 2056 2349 14 2057 2350 13 2058 2351 607 2059 2352 13 2060 2353 606 2061 2354 606 2062 2355 13 2063 2356 12 2064 2357 606 2065 2358 12 2066 2359 605 2067 2360 605 2068 2361 12 2069 2362 11 2070 2363 605 2071 2364 11 2072 2365 604 2073 2366 604 2074 2367 11 2075 2368 10 2076 2369 604 2077 2370 10 2078 2371 603 2079 2372 603 2080 2373 10 2081 2374 9 2082 2375 603 2083 2376 9 2084 2377 602 2085 2378 602 2086 2379 9 2087 2380 8 2088 2381 602 2089 2382 8 2090 2383 601 2091 2384 601 2092 2385 8 2093 2386 7 2094 2387 601 2095 2388 7 2096 2389 600 2097 2390 600 2098 2391 7 2099 2392 6 2100 2393 600 2101 2394 6 2102 2395 599 2103 2396 599 2104 2397 6 2105 2398 5 2106 2399 599 2107 2400 5 2108 2401 598 2109 2402 598 2110 2403 5 2111 2404 4 2112 2405 598 2113 2406 4 2114 2407 597 2115 2408 597 2116 2409 4 2117 2410 3 2118 2411 597 2119 2412 3 2120 2413 596 2121 2414 596 2122 2415 3 2123 2416 2 2124 2417 596 2125 2418 2 2126 2419 595 2127 2420 595 2128 2421 2 2129 2422 1 2130 2423 619 2131 2424 595 2132 2425 618 2133 2426 618 2134 2427 595 2135 2428 594 2136 2429 618 2137 2430 594 2138 2431 641 2139 2432 641 2140 2433 594 2141 2434 617 2142 2435 641 2143 2436 617 2144 2437 640 2145 2438 640 2146 2439 617 2147 2440 616 2148 2441 640 2149 2442 616 2150 2443 639 2151 2444 639 2152 2445 616 2153 2446 615 2154 2447 639 2155 2448 615 2156 2449 638 2157 2450 638 2158 2451 615 2159 2452 614 2160 2453 638 2161 2454 614 2162 2455 637 2163 2456 637 2164 2457 614 2165 2458 613 2166 2459 637 2167 2460 613 2168 2461 636 2169 2462 636 2170 2463 613 2171 2464 612 2172 2465 636 2173 2466 612 2174 2467 635 2175 2468 635 2176 2469 612 2177 2470 611 2178 2471 635 2179 2472 611 2180 2473 634 2181 2474 634 2182 2475 611 2183 2476 610 2184 2477 634 2185 2478 610 2186 2479 633 2187 2480 633 2188 2481 610 2189 2482 609 2190 2483 633 2191 2484 609 2192 2485 632 2193 2486 632 2194 2487 609 2195 2488 608 2196 2489 632 2197 2490 608 2198 2491 631 2199 2492 631 2200 2493 608 2201 2494 607 2202 2495 631 2203 2496 607 2204 2497 630 2205 2498 630 2206 2499 607 2207 2500 606 2208 2501 630 2209 2502 606 2210 2503 629 2211 2504 629 2212 2505 606 2213 2506 605 2214 2507 629 2215 2508 605 2216 2509 628 2217 2510 628 2218 2511 605 2219 2512 604 2220 2513 628 2221 2514 604 2222 2515 627 2223 2516 627 2224 2517 604 2225 2518 603 2226 2519 627 2227 2520 603 2228 2521 626 2229 2522 626 2230 2523 603 2231 2524 602 2232 2525 626 2233 2526 602 2234 2527 625 2235 2528 625 2236 2529 602 2237 2530 601 2238 2531 625 2239 2532 601 2240 2533 624 2241 2534 624 2242 2535 601 2243 2536 600 2244 2537 624 2245 2538 600 2246 2539 623 2247 2540 623 2248 2541 600 2249 2542 599 2250 2543 623 2251 2544 599 2252 2545 622 2253 2546 622 2254 2547 599 2255 2548 598 2256 2549 622 2257 2550 598 2258 2551 621 2259 2552 621 2260 2553 598 2261 2554 597 2262 2555 621 2263 2556 597 2264 2557 620 2265 2558 620 2266 2559 597 2267 2560 596 2268 2561 620 2269 2562 596 2270 2563 619 2271 2564 619 2272 2565 596 2273 2566 595 2274 2567 28 2275 2568 27 2276 2569 519 2277 2570 519 2278 2571 27 2279 2572 520 2280 2573 520 2281 2574 27 2282 2575 521 2283 2576 521 2284 2577 27 2285 2578 522 2286 2579 522 2287 2580 27 2288 2581 523 2289 2582 523 2290 2583 27 2291 2584 524 2292 2585 524 2293 2586 27 2294 2587 525 2295 2588 525 2296 2589 27 2297 2590 501 2298 2591 501 2299 2592 27 2300 2593 502 2301 2594 502 2302 2595 27 2303 2596 651 2304 2597 502 2305 2598 651 2306 2599 652 2307 2600 27 2308 2601 26 2309 2602 651 2310 2603 651 2311 2604 26 2312 2605 650 2313 2606 650 2314 2607 26 2315 2608 25 2316 2609 650 2317 2610 25 2318 2611 564 2319 2612 564 2320 2613 25 2321 2614 642 2322 2615 564 2323 2616 642 2324 2617 111 2325 2618 24 2326 2619 88 2327 2620 25 2328 2621 25 2329 2622 88 2330 2623 87 2331 2624 25 2332 2625 87 2333 2626 86 2334 2627 86 2335 2628 85 2336 2629 25 2337 2630 25 2338 2631 85 2339 2632 84 2340 2633 25 2341 2634 84 2342 2635 83 2343 2636 83 2344 2637 82 2345 2638 25 2346 2639 25 2347 2640 82 2348 2641 81 2349 2642 25 2350 2643 81 2351 2644 642 2352 2645 564 2353 2646 111 2354 2647 565 2355 2648 565 2356 2649 111 2357 2650 63 2358 2651 565 2359 2652 63 2360 2653 55 2361 2654 55 2362 2655 63 2363 2656 62 2364 2657 55 2365 2658 62 2366 2659 61 2367 2660 61 2368 2661 60 2369 2662 55 2370 2663 55 2371 2664 60 2372 2665 59 2373 2666 55 2374 2667 59 2375 2668 58 2376 2669 58 2377 2670 57 2378 2671 55 2379 2672 55 2380 2673 57 2381 2674 56 2382 2675 55 2383 2676 56 2384 2677 24 2385 2678 565 2386 2679 55 2387 2680 566 2388 2681 566 2389 2682 55 2390 2683 54 2391 2684 566 2392 2685 54 2393 2686 567 2394 2687 567 2395 2688 54 2396 2689 53 2397 2690 567 2398 2691 53 2399 2692 643 2400 2693 643 2401 2694 53 2402 2695 145 2403 2696 145 2404 2697 53 2405 2698 146 2406 2699 146 2407 2700 53 2408 2701 147 2409 2702 147 2410 2703 53 2411 2704 148 2412 2705 148 2413 2706 53 2414 2707 149 2415 2708 149 2416 2709 53 2417 2710 150 2418 2711 150 2419 2712 53 2420 2713 151 2421 2714 151 2422 2715 53 2423 2716 152 2424 2717 152 2425 2718 53 2426 2719 52 2427 2720 567 2428 2721 643 2429 2722 568 2430 2723 568 2431 2724 643 2432 2725 175 2433 2726 568 2434 2727 175 2435 2728 569 2436 2729 569 2437 2730 175 2438 2731 127 2439 2732 569 2440 2733 127 2441 2734 51 2442 2735 51 2443 2736 127 2444 2737 126 2445 2738 51 2446 2739 126 2447 2740 125 2448 2741 125 2449 2742 124 2450 2743 51 2451 2744 51 2452 2745 124 2453 2746 123 2454 2747 51 2455 2748 123 2456 2749 122 2457 2750 122 2458 2751 121 2459 2752 51 2460 2753 51 2461 2754 121 2462 2755 120 2463 2756 51 2464 2757 120 2465 2758 52 2466 2759 569 2467 2760 51 2468 2761 570 2469 2762 570 2470 2763 51 2471 2764 50 2472 2765 570 2473 2766 50 2474 2767 571 2475 2768 571 2476 2769 50 2477 2770 49 2478 2771 571 2479 2772 49 2480 2773 209 2481 2774 209 2482 2775 49 2483 2776 210 2484 2777 210 2485 2778 49 2486 2779 211 2487 2780 211 2488 2781 49 2489 2782 212 2490 2783 212 2491 2784 49 2492 2785 213 2493 2786 213 2494 2787 49 2495 2788 214 2496 2789 214 2497 2790 49 2498 2791 215 2499 2792 215 2500 2793 49 2501 2794 216 2502 2795 216 2503 2796 49 2504 2797 48 2505 2798 209 2506 2799 644 2507 2800 571 2508 2801 571 2509 2802 644 2510 2803 572 2511 2804 572 2512 2805 644 2513 2806 239 2514 2807 572 2515 2808 239 2516 2809 573 2517 2810 573 2518 2811 239 2519 2812 47 2520 2813 573 2521 2814 47 2522 2815 46 2523 2816 239 2524 2817 191 2525 2818 47 2526 2819 47 2527 2820 191 2528 2821 190 2529 2822 47 2530 2823 190 2531 2824 189 2532 2825 189 2533 2826 188 2534 2827 47 2535 2828 47 2536 2829 188 2537 2830 187 2538 2831 47 2539 2832 187 2540 2833 186 2541 2834 186 2542 2835 185 2543 2836 47 2544 2837 47 2545 2838 185 2546 2839 184 2547 2840 47 2548 2841 184 2549 2842 48 2550 2843 573 2551 2844 46 2552 2845 574 2553 2846 574 2554 2847 46 2555 2848 45 2556 2849 574 2557 2850 45 2558 2851 575 2559 2852 575 2560 2853 45 2561 2854 273 2562 2855 575 2563 2856 273 2564 2857 645 2565 2858 44 2566 2859 280 2567 2860 45 2568 2861 45 2569 2862 280 2570 2863 279 2571 2864 45 2572 2865 279 2573 2866 278 2574 2867 278 2575 2868 277 2576 2869 45 2577 2870 45 2578 2871 277 2579 2872 276 2580 2873 45 2581 2874 276 2582 2875 275 2583 2876 275 2584 2877 274 2585 2878 45 2586 2879 45 2587 2880 274 2588 2881 273 2589 2882 575 2590 2883 645 2591 2884 576 2592 2885 576 2593 2886 645 2594 2887 303 2595 2888 576 2596 2889 303 2597 2890 577 2598 2891 577 2599 2892 303 2600 2893 43 2601 2894 577 2602 2895 43 2603 2896 42 2604 2897 303 2605 2898 255 2606 2899 43 2607 2900 43 2608 2901 255 2609 2902 254 2610 2903 43 2611 2904 254 2612 2905 253 2613 2906 253 2614 2907 252 2615 2908 43 2616 2909 43 2617 2910 252 2618 2911 251 2619 2912 43 2620 2913 251 2621 2914 250 2622 2915 250 2623 2916 249 2624 2917 43 2625 2918 43 2626 2919 249 2627 2920 248 2628 2921 43 2629 2922 248 2630 2923 44 2631 2924 577 2632 2925 42 2633 2926 578 2634 2927 578 2635 2928 42 2636 2929 41 2637 2930 578 2638 2931 41 2639 2932 579 2640 2933 579 2641 2934 41 2642 2935 337 2643 2936 579 2644 2937 337 2645 2938 646 2646 2939 40 2647 2940 344 2648 2941 41 2649 2942 41 2650 2943 344 2651 2944 343 2652 2945 41 2653 2946 343 2654 2947 342 2655 2948 342 2656 2949 341 2657 2950 41 2658 2951 41 2659 2952 341 2660 2953 340 2661 2954 41 2662 2955 340 2663 2956 339 2664 2957 339 2665 2958 338 2666 2959 41 2667 2960 41 2668 2961 338 2669 2962 337 2670 2963 579 2671 2964 646 2672 2965 580 2673 2966 580 2674 2967 646 2675 2968 367 2676 2969 580 2677 2970 367 2678 2971 661 2679 2972 661 2680 2973 367 2681 2974 39 2682 2975 661 2683 2976 39 2684 2977 38 2685 2978 367 2686 2979 319 2687 2980 39 2688 2981 39 2689 2982 319 2690 2983 318 2691 2984 39 2692 2985 318 2693 2986 317 2694 2987 317 2695 2988 316 2696 2989 39 2697 2990 39 2698 2991 316 2699 2992 315 2700 2993 39 2701 2994 315 2702 2995 314 2703 2996 314 2704 2997 313 2705 2998 39 2706 2999 39 2707 3000 313 2708 3001 312 2709 3002 39 2710 3003 312 2711 3004 40 2712 3005 661 2713 3006 38 2714 3007 660 2715 3008 660 2716 3009 38 2717 3010 37 2718 3011 660 2719 3012 37 2720 3013 647 2721 3014 647 2722 3015 37 2723 3016 394 2724 3017 394 2725 3018 37 2726 3019 395 2727 3020 395 2728 3021 37 2729 3022 396 2730 3023 396 2731 3024 37 2732 3025 397 2733 3026 397 2734 3027 37 2735 3028 398 2736 3029 398 2737 3030 37 2738 3031 399 2739 3032 399 2740 3033 37 2741 3034 400 2742 3035 400 2743 3036 37 2744 3037 401 2745 3038 401 2746 3039 37 2747 3040 36 2748 3041 660 2749 3042 647 2750 3043 659 2751 3044 659 2752 3045 647 2753 3046 424 2754 3047 659 2755 3048 424 2756 3049 658 2757 3050 658 2758 3051 424 2759 3052 35 2760 3053 658 2761 3054 35 2762 3055 34 2763 3056 424 2764 3057 376 2765 3058 35 2766 3059 35 2767 3060 376 2768 3061 375 2769 3062 35 2770 3063 375 2771 3064 374 2772 3065 374 2773 3066 373 2774 3067 35 2775 3068 35 2776 3069 373 2777 3070 372 2778 3071 35 2779 3072 372 2780 3073 371 2781 3074 371 2782 3075 370 2783 3076 35 2784 3077 35 2785 3078 370 2786 3079 369 2787 3080 35 2788 3081 369 2789 3082 36 2790 3083 658 2791 3084 34 2792 3085 657 2793 3086 657 2794 3087 34 2795 3088 33 2796 3089 657 2797 3090 33 2798 3091 656 2799 3092 656 2800 3093 33 2801 3094 459 2802 3095 656 2803 3096 459 2804 3097 648 2805 3098 32 2806 3099 466 2807 3100 33 2808 3101 33 2809 3102 466 2810 3103 465 2811 3104 33 2812 3105 465 2813 3106 464 2814 3107 464 2815 3108 463 2816 3109 33 2817 3110 33 2818 3111 463 2819 3112 462 2820 3113 33 2821 3114 462 2822 3115 461 2823 3116 461 2824 3117 460 2825 3118 33 2826 3119 33 2827 3120 460 2828 3121 459 2829 3122 656 2830 3123 648 2831 3124 655 2832 3125 655 2833 3126 648 2834 3127 489 2835 3128 655 2836 3129 489 2837 3130 441 2838 3131 655 2839 3132 441 2840 3133 31 2841 3134 31 2842 3135 441 2843 3136 440 2844 3137 31 2845 3138 440 2846 3139 439 2847 3140 439 2848 3141 438 2849 3142 31 2850 3143 31 2851 3144 438 2852 3145 437 2853 3146 31 2854 3147 437 2855 3148 436 2856 3149 436 2857 3150 435 2858 3151 31 2859 3152 31 2860 3153 435 2861 3154 434 2862 3155 31 2863 3156 434 2864 3157 32 2865 3158 655 2866 3159 31 2867 3160 654 2868 3161 654 2869 3162 31 2870 3163 30 2871 3164 654 2872 3165 30 2873 3166 653 2874 3167 653 2875 3168 30 2876 3169 29 2877 3170 653 2878 3171 29 2879 3172 511 2880 3173 511 2881 3174 29 2882 3175 512 2883 3176 512 2884 3177 29 2885 3178 513 2886 3179 513 2887 3180 29 2888 3181 514 2889 3182 514 2890 3183 29 2891 3184 515 2892 3185 515 2893 3186 29 2894 3187 516 2895 3188 516 2896 3189 29 2897 3190 517 2898 3191 517 2899 3192 29 2900 3193 518 2901 3194 518 2902 3195 29 2903 3196 28 2904 3197 511 2905 3198 649 2906 3199 653 2907 3200 653 2908 3201 649 2909 3202 652 2910 3203 652 2911 3204 649 2912 3205 502 2913 3206 502 2914 3207 649 2915 3208 503 2916 3209 503 2917 3210 649 2918 3211 504 2919 3212 504 2920 3213 649 2921 3214 662 2922 3215 504 2923 3216 662 2924 3217 505 2925 3218 505 2926 3219 662 2927 3220 663 2928 3221 505 2929 3222 663 2930 3223 664 2931 3224 664 2932 3225 665 2933 3226 505 2934 3227 505 2935 3228 665 2936 3229 506 2937 3230 506 2938 3231 665 2939 3232 666 2940 3233 506 2941 3234 666 2942 3235 667 2943 3236 667 2944 3237 668 2945 3238 506 2946 3239 506 2947 3240 668 2948 3241 669 2949 3242 506 2950 3243 669 2951 3244 670 2952 3245 510 2953 3246 509 2954 3247 670 2955 3248 670 2956 3249 509 2957 3250 508 2958 3251 670 2959 3252 508 2960 3253 507 2961 3254 507 2962 3255 506 2963 3256 670 2964 3257 541 2965 3258 668 2965 3259 511 2965 3260 511 2966 3261 668 2966 3262 667 2966 3263 511 2967 3264 667 2967 3265 666 2967 3266 670 2968 3267 669 2968 3268 541 2968 3269 541 2969 3270 669 2969 3271 668 2969 3272 666 2970 3273 665 2970 3274 511 2970 3275 511 2971 3276 665 2971 3277 664 2971 3278 511 2972 3279 664 2972 3280 663 2972 3281 663 2973 3282 662 2973 3283 511 2973 3284 511 2974 3285 662 2974 3286 649 2974 3287 175 2975 3288 643 2976 3289 176 2977 3290 176 2978 3291 643 2979 3292 177 2980 3293 177 2981 3294 643 2982 3295 671 2983 3296 177 2984 3297 671 2985 3298 178 2986 3299 178 2987 3300 671 2988 3301 672 2989 3302 178 2990 3303 672 2991 3304 673 2992 3305 178 2993 3306 673 2994 3307 179 2995 3308 179 2996 3309 673 2997 3310 674 2998 3311 179 2999 3312 674 3000 3313 675 3001 3314 675 3002 3315 676 3003 3316 179 3004 3317 179 3005 3318 676 3006 3319 677 3007 3320 179 3008 3321 677 3009 3322 678 3010 3323 183 3011 3324 182 3012 3325 678 3013 3326 678 3014 3327 182 3015 3328 181 3016 3329 678 3017 3330 181 3018 3331 180 3019 3332 180 3020 3333 179 3021 3334 678 3022 3335 144 3023 3336 676 3023 3337 145 3023 3338 145 3024 3339 676 3024 3340 675 3024 3341 145 3025 3342 675 3025 3343 674 3025 3344 678 3026 3345 677 3026 3346 144 3026 3347 144 3027 3348 677 3027 3349 676 3027 3350 674 3028 3351 673 3028 3352 145 3028 3353 145 3029 3354 673 3029 3355 672 3029 3356 145 3030 3357 672 3030 3358 671 3030 3359 671 3031 3360 643 3031 3361 145 3031 3362 208 1660 3363 681 1660 3364 209 1660 3365 209 1660 3366 681 1660 3367 682 1660 3368 209 3032 3369 682 3032 3370 683 3032 3371 679 1660 3372 680 1660 3373 208 1660 3374 208 3033 3375 680 3033 3376 681 3033 3377 683 1660 3378 684 1660 3379 209 1660 3380 209 3034 3381 684 3034 3382 685 3034 3383 209 3035 3384 685 3035 3385 686 3035 3386 686 1660 3387 644 1660 3388 209 1660 3389 645 3036 3390 687 3037 3391 303 3038 3392 303 3039 3393 687 3040 3394 688 3041 3395 303 3042 3396 688 3043 3397 689 3044 3398 689 3045 3399 690 3046 3400 303 3047 3401 303 3048 3402 690 3049 3403 691 3050 3404 303 3051 3405 691 3052 3406 692 3053 3407 303 3054 3408 692 3055 3409 304 3056 3410 304 3057 3411 692 3058 3412 693 3059 3413 304 3060 3414 693 3061 3415 305 3062 3416 305 3063 3417 693 3064 3418 694 3065 3419 305 3066 3420 694 3067 3421 306 3068 3422 306 3069 3423 694 3070 3424 307 3071 3425 307 3072 3426 694 3073 3427 308 3074 3428 308 3075 3429 694 3076 3430 309 3077 3431 309 3078 3432 694 3079 3433 310 3080 3434 310 3081 3435 694 3082 3436 311 3083 3437 272 3084 3438 692 3084 3439 273 3084 3440 273 3085 3441 692 3085 3442 691 3085 3443 273 3086 3444 691 3086 3445 690 3086 3446 694 3087 3447 693 3087 3448 272 3087 3449 272 3088 3450 693 3088 3451 692 3088 3452 690 3089 3453 689 3089 3454 273 3089 3455 273 3090 3456 689 3090 3457 688 3090 3458 273 3091 3459 688 3091 3460 687 3091 3461 687 3092 3462 645 3092 3463 273 3092 3464 336 251 3465 697 251 3466 337 251 3467 337 255 3468 697 255 3469 698 255 3470 337 254 3471 698 254 3472 699 254 3473 695 251 3474 696 251 3475 336 251 3476 336 250 3477 696 250 3478 697 250 3479 699 253 3480 700 253 3481 337 253 3482 337 252 3483 700 252 3484 701 252 3485 337 251 3486 701 251 3487 702 251 3488 702 251 3489 646 251 3490 337 251 3491 393 3093 3492 705 3093 3493 394 3093 3494 394 3094 3495 705 3094 3496 706 3094 3497 394 3095 3498 706 3095 3499 707 3095 3500 703 3096 3501 704 3096 3502 393 3096 3503 393 3097 3504 704 3097 3505 705 3097 3506 707 3098 3507 708 3098 3508 394 3098 3509 394 3099 3510 708 3099 3511 709 3099 3512 394 3100 3513 709 3100 3514 710 3100 3515 710 3101 3516 647 3101 3517 394 3101 3518 648 3102 3519 711 3103 3520 489 3104 3521 489 3105 3522 711 3106 3523 490 3107 3524 490 3108 3525 711 3109 3526 712 3110 3527 490 3111 3528 712 3112 3529 491 3113 3530 491 3114 3531 712 3115 3532 713 3116 3533 491 3117 3534 713 3118 3535 714 3119 3536 714 3120 3537 715 3121 3538 491 3122 3539 491 3123 3540 715 3124 3541 721 3125 3542 491 3126 3543 721 3127 3544 492 3128 3545 492 3129 3546 721 3130 3547 493 3131 3548 493 3132 3549 721 3133 3550 494 3134 3551 494 3135 3552 721 3136 3553 495 3137 3554 495 3138 3555 721 3139 3556 496 3140 3557 496 3141 3558 721 3142 3559 497 3143 3560 497 3144 3561 721 3145 3562 498 3146 3563 721 3147 3564 715 3148 3565 720 3149 3566 720 3150 3567 715 3151 3568 716 3152 3569 720 3153 3570 716 3154 3571 717 3155 3572 717 3156 3573 718 3157 3574 720 3158 3575 720 3159 3576 718 3160 3577 719 3161 3578 458 721 3579 717 721 3580 459 721 3581 459 721 3582 717 721 3583 716 721 3584 459 3162 3585 716 3162 3586 715 3162 3587 717 721 3588 458 721 3589 718 721 3590 718 3163 3591 458 3163 3592 722 3163 3593 718 721 3594 722 721 3595 719 721 3596 715 721 3597 714 721 3598 459 721 3599 459 721 3600 714 721 3601 713 721 3602 459 3164 3603 713 3164 3604 712 3164 3605 712 721 3606 711 721 3607 459 721 3608 459 721 3609 711 721 3610 648 721 3611 641 3165 3612 564 3165 3613 618 3165 3614 618 3166 3615 564 3166 3616 593 3166 3617 618 3167 3618 593 3167 3619 619 3167 3620 619 3168 3621 593 3168 3622 592 3168 3623 619 3169 3624 592 3169 3625 620 3169 3626 620 3166 3627 592 3166 3628 591 3166 3629 620 3166 3630 591 3166 3631 621 3166 3632 621 3166 3633 591 3166 3634 590 3166 3635 621 3170 3636 590 3170 3637 622 3170 3638 622 3171 3639 590 3171 3640 589 3171 3641 622 3166 3642 589 3166 3643 623 3166 3644 623 3166 3645 589 3166 3646 588 3166 3647 623 3166 3648 588 3166 3649 624 3166 3650 624 3172 3651 588 3172 3652 587 3172 3653 624 3173 3654 587 3173 3655 586 3173 3656 564 3174 3657 641 3174 3658 650 3174 3659 650 3175 3660 641 3175 3661 640 3175 3662 650 3166 3663 640 3166 3664 651 3166 3665 651 3166 3666 640 3166 3667 639 3166 3668 651 3176 3669 639 3176 3670 652 3176 3671 652 3177 3672 639 3177 3673 638 3177 3674 652 3166 3675 638 3166 3676 653 3166 3677 653 3166 3678 638 3166 3679 654 3166 3680 654 3178 3681 638 3178 3682 637 3178 3683 654 3166 3684 637 3166 3685 655 3166 3686 655 3179 3687 637 3179 3688 636 3179 3689 655 3166 3690 636 3166 3691 656 3166 3692 656 3180 3693 636 3180 3694 635 3180 3695 656 3166 3696 635 3166 3697 657 3166 3698 657 3181 3699 635 3181 3700 634 3181 3701 657 3166 3702 634 3166 3703 658 3166 3704 658 3166 3705 634 3166 3706 659 3166 3707 659 3182 3708 634 3182 3709 633 3182 3710 659 3183 3711 633 3183 3712 660 3183 3713 660 3166 3714 633 3166 3715 632 3166 3716 660 3166 3717 632 3166 3718 661 3166 3719 661 3184 3720 632 3184 3721 631 3184 3722 661 3185 3723 631 3185 3724 580 3185 3725 580 3166 3726 631 3166 3727 630 3166 3728 580 3186 3729 630 3186 3730 581 3186 3731 581 3166 3732 630 3166 3733 629 3166 3734 581 3187 3735 629 3187 3736 582 3187 3737 582 3188 3738 629 3188 3739 628 3188 3740 582 3166 3741 628 3166 3742 583 3166 3743 583 3166 3744 628 3166 3745 627 3166 3746 583 3166 3747 627 3166 3748 584 3166 3749 584 3189 3750 627 3189 3751 626 3189 3752 584 3190 3753 626 3190 3754 585 3190 3755 585 3191 3756 626 3191 3757 625 3191 3758 585 3166 3759 625 3166 3760 586 3166 3761 586 3192 3762 625 3192 3763 624 3192 3764 80 1193 3765 723 1193 3766 81 1193 3767 81 1193 3768 723 1193 3769 642 1193 3770 111 3193 3771 642 3194 3772 112 3195 3773 112 3196 3774 642 3197 3775 113 3198 3776 113 3199 3777 642 3200 3778 114 3201 3779 114 3202 3780 642 3203 3781 115 3204 3782 115 3205 3783 642 3206 3784 116 3207 3785 116 3208 3786 642 3209 3787 723 3210 3788 116 3211 3789 723 3212 3790 117 3213 3791 117 3214 3792 723 3215 3793 118 3216 3794 118 3217 3795 723 3218 3796 119 3219 3797 644 3220 3798 686 3221 3799 239 3222 3800 239 3223 3801 686 3224 3802 240 3225 3803 240 3226 3804 686 3227 3805 685 3228 3806 240 3229 3807 685 3230 3808 241 3231 3809 241 3232 3810 685 3233 3811 684 3234 3812 241 3235 3813 684 3236 3814 242 3237 3815 242 3238 3816 684 3239 3817 683 3240 3818 242 3241 3819 683 3242 3820 243 3243 3821 243 3244 3822 683 3245 3823 682 3246 3824 243 3247 3825 682 3248 3826 244 3249 3827 244 3250 3828 682 3251 3829 681 3252 3830 244 3253 3831 681 3254 3832 245 3255 3833 245 3256 3834 681 3257 3835 680 3258 3836 245 3259 3837 680 3260 3838 679 3261 3839 247 3262 3840 246 3263 3841 679 3264 3842 679 3265 3843 246 3266 3844 245 3267 3845 646 3268 3846 702 3269 3847 367 3270 3848 367 3271 3849 702 3272 3850 701 3273 3851 367 3274 3852 701 3275 3853 700 3276 3854 700 3277 3855 699 3278 3856 367 3279 3857 367 3280 3858 699 3281 3859 698 3282 3860 367 3283 3861 698 3284 3862 697 3285 3863 697 3286 3864 696 3287 3865 367 3288 3866 367 3289 3867 696 3290 3868 695 3291 3869 367 3292 3870 695 3293 3871 368 3294 3872 647 3295 3873 710 3296 3874 424 3297 3875 424 3298 3876 710 3299 3877 709 3300 3878 424 3301 3879 709 3302 3880 708 3303 3881 708 3304 3882 707 3305 3883 424 3306 3884 424 3307 3885 707 3308 3886 706 3309 3887 424 3310 3888 706 3311 3889 425 3312 3890 425 3313 3891 706 3314 3892 705 3315 3893 425 3316 3894 705 3317 3895 426 3318 3896 426 3319 3897 705 3320 3898 704 3321 3899 426 3322 3900 704 3323 3901 427 3324 3902 427 3325 3903 704 3326 3904 703 3327 3905 427 3328 3906 703 3329 3907 428 3330 3908 428 3331 3909 703 3332 3910 429 3333 3911 429 3334 3912 703 3335 3913 430 3336 3914 430 3337 3915 703 3338 3916 431 3339 3917 431 3340 3918 703 3341 3919 432 3342 3920 432 3343 3921 703 3344 3922 433 3345 3923 670 3346 3924 771 3347 3925 510 3348 3926 510 3349 3927 771 3350 3928 728 3351 3929 510 3352 3930 728 3353 3931 500 3354 3932 500 3355 3933 728 3356 3934 729 3357 3935 500 3358 3936 729 3359 3937 526 3360 3938 526 3361 3939 729 3362 3940 527 3363 3941 527 3364 3942 729 3365 3943 528 3366 3944 528 3367 3945 729 3368 3946 529 3369 3947 529 3370 3948 729 3371 3949 530 3372 3950 530 3373 3951 729 3374 3952 531 3375 3953 531 3376 3954 729 3377 3955 532 3378 3956 532 3379 3957 729 3380 3958 533 3381 3959 533 3382 3960 729 3383 3961 534 3384 3962 534 3385 3963 729 3386 3964 535 3387 3965 535 3388 3966 729 3389 3967 536 3390 3968 536 3391 3969 729 3392 3970 537 3393 3971 537 3394 3972 729 3395 3973 538 3396 3974 538 3397 3975 729 3398 3976 539 3399 3977 539 3400 3978 729 3401 3979 540 3402 3980 540 3403 3981 729 3404 3982 730 3405 3983 540 3406 3984 730 3407 3985 769 3408 3986 769 3409 3987 730 3410 3988 768 3411 3989 768 3412 3990 730 3413 3991 767 3414 3992 767 3415 3993 730 3416 3994 731 3417 3995 767 3418 3996 731 3419 3997 766 3420 3998 766 3421 3999 731 3422 4000 732 3423 4001 766 3424 4002 732 3425 4003 765 3426 4004 765 3427 4005 732 3428 4006 764 3429 4007 764 3430 4008 732 3431 4009 733 3432 4010 764 3433 4011 733 3434 4012 763 3435 4013 763 3436 4014 733 3437 4015 499 3438 4016 499 3439 4017 733 3440 4018 442 3441 4019 442 3442 4020 733 3443 4021 734 3444 4022 442 3445 4023 734 3446 4024 443 3447 4025 443 3448 4026 734 3449 4027 444 3450 4028 444 3451 4029 734 3452 4030 445 3453 4031 445 3454 4032 734 3455 4033 446 3456 4034 446 3457 4035 734 3458 4036 447 3459 4037 447 3460 4038 734 3461 4039 448 3462 4040 448 3463 4041 734 3464 4042 449 3465 4043 449 3466 4044 734 3467 4045 450 3468 4046 450 3469 4047 734 3470 4048 451 3471 4049 451 3472 4050 734 3473 4051 452 3474 4052 452 3475 4053 734 3476 4054 453 3477 4055 453 3478 4056 734 3479 4057 454 3480 4058 454 3481 4059 734 3482 4060 455 3483 4061 455 3484 4062 734 3485 4063 456 3486 4064 456 3487 4065 734 3488 4066 457 3489 4067 457 3490 4068 734 3491 4069 458 3492 4070 458 3493 4071 734 3494 4072 811 3495 4073 458 3496 4074 811 3497 4075 722 3498 4076 541 3499 4077 769 3500 4078 670 3501 4079 670 3502 4080 769 3503 4081 770 3504 4082 670 3505 4083 770 3506 4084 771 3507 4085 541 3508 4086 540 3509 4087 769 3510 4088 723 3511 4089 776 3512 4090 119 3513 4091 119 3514 4092 776 3515 4093 777 3516 4094 119 3517 4095 777 3518 4096 64 3519 4097 64 3520 4098 777 3521 4099 762 3522 4100 64 3523 4101 762 3524 4102 724 3525 4103 80 3526 4104 725 3527 4105 723 3528 4106 723 3529 4107 725 3530 4108 775 3531 4109 723 3532 4110 775 3533 4111 776 3534 4112 80 3535 4113 79 3536 4114 725 3537 4115 725 3538 4116 79 3539 4117 78 3540 4118 725 3541 4119 78 3542 4120 724 3543 4121 724 3544 4122 78 3545 4123 77 3546 4124 724 3547 4125 77 3548 4126 76 3549 4127 76 3550 4128 75 3551 4129 724 3552 4130 724 3553 4131 75 3554 4132 74 3555 4133 724 3556 4134 74 3557 4135 73 3558 4136 73 3559 4137 72 3560 4138 724 3561 4139 724 3562 4140 72 3563 4141 71 3564 4142 724 3565 4143 71 3566 4144 70 3567 4145 70 3568 4146 69 3569 4147 724 3570 4148 724 3571 4149 69 3572 4150 68 3573 4151 724 3574 4152 68 3575 4153 67 3576 4154 67 3577 4155 66 3578 4156 724 3579 4157 724 3580 4158 66 3581 4159 65 3582 4160 724 3583 4161 65 3584 4162 64 3585 4163 128 3586 4164 183 3587 4165 782 3588 4166 782 3589 4167 183 3590 4168 678 3591 4169 782 3592 4170 678 3593 4171 781 3594 4172 781 3595 4173 678 3596 4174 144 3597 4175 781 3598 4176 144 3599 4177 143 3600 4178 781 3601 4179 143 3602 4180 759 3603 4181 759 3604 4182 143 3605 4183 142 3606 4184 759 3607 4185 142 3608 4186 141 3609 4187 759 3610 4188 141 3611 4189 758 3612 4190 758 3613 4191 141 3614 4192 140 3615 4193 758 3616 4194 140 3617 4195 139 3618 4196 139 3619 4197 138 3620 4198 758 3621 4199 758 3622 4200 138 3623 4201 137 3624 4202 758 3625 4203 137 3626 4204 136 3627 4205 136 3628 4206 135 3629 4207 758 3630 4208 758 3631 4209 135 3632 4210 134 3633 4211 758 3634 4212 134 3635 4213 133 3636 4214 133 3637 4215 132 3638 4216 758 3639 4217 758 3640 4218 132 3641 4219 131 3642 4220 758 3643 4221 131 3644 4222 130 3645 4223 130 3646 4224 129 3647 4225 758 3648 4226 758 3649 4227 129 3650 4228 128 3651 4229 758 3652 4230 128 3653 4231 782 3654 4232 679 3655 4233 787 3656 4234 247 3657 4235 247 3658 4236 787 3659 4237 788 3660 4238 247 3661 4239 788 3662 4240 753 3663 4241 753 3664 4242 788 3665 4243 752 3666 4244 752 3667 4245 788 3668 4246 789 3669 4247 752 3670 4248 789 3671 4249 751 3672 4250 751 3673 4251 789 3674 4252 790 3675 4253 751 3676 4254 790 3677 4255 750 3678 4256 750 3679 4257 790 3680 4258 791 3681 4259 750 3682 4260 791 3683 4261 749 3684 4262 749 3685 4263 791 3686 4264 792 3687 4265 749 3688 4266 792 3689 4267 271 3690 4268 271 3691 4269 792 3692 4270 272 3693 4271 272 3694 4272 792 3695 4273 694 3696 4274 694 3697 4275 792 3698 4276 311 3699 4277 311 3700 4278 792 3701 4279 793 3702 4280 311 3703 4281 793 3704 4282 748 3705 4283 748 3706 4284 793 3707 4285 747 3708 4286 747 3709 4287 793 3710 4288 794 3711 4289 747 3712 4290 794 3713 4291 795 3714 4292 208 3715 4293 754 3716 4294 679 3717 4295 679 3718 4296 754 3719 4297 786 3720 4298 679 3721 4299 786 3722 4300 787 3723 4301 208 3724 4302 207 3725 4303 754 3726 4304 754 3727 4305 207 3728 4306 206 3729 4307 754 3730 4308 206 3731 4309 205 3732 4310 205 3733 4311 204 3734 4312 754 3735 4313 754 3736 4314 204 3737 4315 753 3738 4316 753 3739 4317 204 3740 4318 203 3741 4319 753 3742 4320 203 3743 4321 202 3744 4322 202 3745 4323 201 3746 4324 753 3747 4325 753 3748 4326 201 3749 4327 200 3750 4328 753 3751 4329 200 3752 4330 199 3753 4331 199 3754 4332 198 3755 4333 753 3756 4334 753 3757 4335 198 3758 4336 197 3759 4337 753 3760 4338 197 3761 4339 196 3762 4340 196 3763 4341 195 3764 4342 753 3765 4343 753 3766 4344 195 3767 4345 194 3768 4346 753 3769 4347 194 3770 4348 193 3771 4349 193 3772 4350 192 3773 4351 753 3774 4352 753 3775 4353 192 3776 4354 247 3777 4355 271 3778 4356 270 3779 4357 749 3780 4358 749 3781 4359 270 3782 4360 269 3783 4361 749 3784 4362 269 3785 4363 268 3786 4364 268 3787 4365 267 3788 4366 749 3789 4367 749 3790 4368 267 3791 4369 266 3792 4370 749 3793 4371 266 3794 4372 748 3795 4373 748 3796 4374 266 3797 4375 265 3798 4376 748 3799 4377 265 3800 4378 264 3801 4379 264 3802 4380 263 3803 4381 748 3804 4382 748 3805 4383 263 3806 4384 262 3807 4385 748 3808 4386 262 3809 4387 261 3810 4388 261 3811 4389 260 3812 4390 748 3813 4391 748 3814 4392 260 3815 4393 259 3816 4394 748 3817 4395 259 3818 4396 258 3819 4397 258 3820 4398 257 3821 4399 748 3822 4400 748 3823 4401 257 3824 4402 256 3825 4403 748 3826 4404 256 3827 4405 311 3828 4406 695 3829 4407 798 3830 4408 368 3831 4409 368 3832 4410 798 3833 4411 799 3834 4412 368 3835 4413 799 3836 4414 743 3837 4415 743 3838 4416 799 3839 4417 742 3840 4418 742 3841 4419 799 3842 4420 800 3843 4421 742 3844 4422 800 3845 4423 741 3846 4424 741 3847 4425 800 3848 4426 801 3849 4427 741 3850 4428 801 3851 4429 740 3852 4430 740 3853 4431 801 3854 4432 802 3855 4433 740 3856 4434 802 3857 4435 739 3858 4436 739 3859 4437 802 3860 4438 703 3861 4439 739 3862 4440 703 3863 4441 393 3864 4442 336 3865 4443 744 3866 4444 695 3867 4445 695 3868 4446 744 3869 4447 797 3870 4448 695 3871 4449 797 3872 4450 798 3873 4451 336 3874 4452 335 3875 4453 744 3876 4454 744 3877 4455 335 3878 4456 334 3879 4457 744 3880 4458 334 3881 4459 333 3882 4460 333 3883 4461 332 3884 4462 744 3885 4463 744 3886 4464 332 3887 4465 331 3888 4466 744 3889 4467 331 3890 4468 330 3891 4469 330 3892 4470 329 3893 4471 744 3894 4472 744 3895 4473 329 3896 4474 328 3897 4475 744 3898 4476 328 3899 4477 743 3900 4478 743 3901 4479 328 3902 4480 327 3903 4481 743 3904 4482 327 3905 4483 326 3906 4484 326 3907 4485 325 3908 4486 743 3909 4487 743 3910 4488 325 3911 4489 324 3912 4490 743 3913 4491 324 3914 4492 323 3915 4493 323 3916 4494 322 3917 4495 743 3918 4496 743 3919 4497 322 3920 4498 321 3921 4499 743 3922 4500 321 3923 4501 320 3924 4502 320 3925 4503 368 3926 4504 743 3927 4505 703 3928 4506 803 3929 4507 433 3930 4508 433 3931 4509 803 3932 4510 804 3933 4511 433 3934 4512 804 3935 4513 738 3936 4514 738 3937 4515 804 3938 4516 805 3939 4517 738 3940 4518 805 3941 4519 806 3942 4520 393 3943 4521 392 3944 4522 739 3945 4523 739 3946 4524 392 3947 4525 391 3948 4526 739 3949 4527 391 3950 4528 390 3951 4529 390 3952 4530 389 3953 4531 739 3954 4532 739 3955 4533 389 3956 4534 388 3957 4535 739 3958 4536 388 3959 4537 387 3960 4538 387 3961 4539 386 3962 4540 739 3963 4541 739 3964 4542 386 3965 4543 385 3966 4544 739 3967 4545 385 3968 4546 384 3969 4547 384 3970 4548 383 3971 4549 739 3972 4550 739 3973 4551 383 3974 4552 382 3975 4553 739 3976 4554 382 3977 4555 738 3978 4556 738 3979 4557 382 3980 4558 381 3981 4559 738 3982 4560 381 3983 4561 380 3984 4562 380 3985 4563 379 3986 4564 738 3987 4565 738 3988 4566 379 3989 4567 378 3990 4568 738 3991 4569 378 3992 4570 377 3993 4571 377 3994 4572 433 3995 4573 738 3996 4574 775 3997 4575 725 3998 4576 774 3999 4577 774 4000 4578 725 4001 4579 726 4002 4580 774 4003 4581 726 4004 4582 773 4005 4583 773 4006 4584 726 4007 4585 727 4008 4586 773 4009 4587 727 4010 4588 772 4011 4589 772 4012 4590 727 4013 4591 728 4014 4592 772 4015 4593 728 4016 4594 771 4017 4595 734 4018 4596 735 4019 4597 811 4020 4598 811 4021 4599 735 4022 4600 810 4023 4601 810 4024 4602 735 4025 4603 809 4026 4604 809 4027 4605 735 4028 4606 736 4029 4607 809 4030 4608 736 4031 4609 808 4032 4610 808 4033 4611 736 4034 4612 807 4035 4613 807 4036 4614 736 4037 4615 737 4038 4616 807 4039 4617 737 4040 4618 806 4041 4619 806 4042 4620 737 4043 4621 738 4044 4622 744 4045 4623 745 4046 4624 797 4047 4625 797 4048 4626 745 4049 4627 796 4050 4628 796 4051 4629 745 4052 4630 746 4053 4631 796 4054 4632 746 4055 4633 795 4056 4634 795 4057 4635 746 4058 4636 747 4059 4637 754 4060 4638 755 4061 4639 786 4062 4640 786 4063 4641 755 4064 4642 785 4065 4643 785 4066 4644 755 4067 4645 784 4068 4646 784 4069 4647 755 4070 4648 756 4071 4649 784 4072 4650 756 4073 4651 783 4074 4652 783 4075 4653 756 4076 4654 757 4077 4655 783 4078 4656 757 4079 4657 782 4080 4658 782 4081 4659 757 4082 4660 758 4083 4661 781 4084 4662 759 4085 4663 780 4086 4664 780 4087 4665 759 4088 4666 760 4089 4667 780 4090 4668 760 4091 4669 779 4092 4670 779 4093 4671 760 4094 4672 761 4095 4673 779 4096 4674 761 4097 4675 778 4098 4676 778 4099 4677 761 4100 4678 762 4101 4679 778 4102 4680 762 4103 4681 777 4104 4682 802 4105 4683 803 4106 4684 703 4107 4685 852 0 4686 812 0 4687 853 0 4688 853 0 4689 812 0 4690 813 0 4691 853 4108 4692 813 4108 4693 892 4108 4694 892 0 4695 813 0 4696 814 0 4697 892 4109 4698 814 4109 4699 891 4109 4700 891 0 4701 814 0 4702 815 0 4703 891 4110 4704 815 4110 4705 890 4110 4706 890 0 4707 815 0 4708 816 0 4709 890 4111 4710 816 4111 4711 889 4111 4712 889 0 4713 816 0 4714 817 0 4715 889 4112 4716 817 4112 4717 888 4112 4718 888 4113 4719 817 4113 4720 818 4113 4721 888 4114 4722 818 4114 4723 887 4114 4724 887 0 4725 818 0 4726 819 0 4727 887 4115 4728 819 4115 4729 886 4115 4730 886 4116 4731 819 4116 4732 820 4116 4733 886 0 4734 820 0 4735 885 0 4736 885 0 4737 820 0 4738 821 0 4739 885 4117 4740 821 4117 4741 884 4117 4742 884 4118 4743 821 4118 4744 822 4118 4745 884 4119 4746 822 4119 4747 883 4119 4748 883 4120 4749 822 4120 4750 823 4120 4751 883 4121 4752 823 4121 4753 882 4121 4754 882 4122 4755 823 4122 4756 824 4122 4757 882 0 4758 824 0 4759 881 0 4760 881 0 4761 824 0 4762 825 0 4763 881 0 4764 825 0 4765 880 0 4766 880 0 4767 825 0 4768 826 0 4769 880 0 4770 826 0 4771 879 0 4772 879 0 4773 826 0 4774 827 0 4775 879 4123 4776 827 4123 4777 878 4123 4778 878 0 4779 827 0 4780 828 0 4781 878 4124 4782 828 4124 4783 877 4124 4784 877 4125 4785 828 4125 4786 829 4125 4787 877 4126 4788 829 4126 4789 876 4126 4790 876 0 4791 829 0 4792 830 0 4793 876 4127 4794 830 4127 4795 875 4127 4796 875 0 4797 830 0 4798 831 0 4799 875 4128 4800 831 4128 4801 874 4128 4802 874 0 4803 831 0 4804 832 0 4805 874 4129 4806 832 4129 4807 873 4129 4808 873 0 4809 832 0 4810 833 0 4811 873 4129 4812 833 4129 4813 872 4129 4814 872 0 4815 833 0 4816 834 0 4817 872 4130 4818 834 4130 4819 871 4130 4820 871 0 4821 834 0 4822 835 0 4823 871 4127 4824 835 4127 4825 870 4127 4826 870 0 4827 835 0 4828 836 0 4829 870 4131 4830 836 4131 4831 869 4131 4832 869 4125 4833 836 4125 4834 837 4125 4835 869 4132 4836 837 4132 4837 868 4132 4838 868 0 4839 837 0 4840 838 0 4841 868 4133 4842 838 4133 4843 867 4133 4844 867 0 4845 838 0 4846 839 0 4847 867 4134 4848 839 4134 4849 866 4134 4850 866 0 4851 839 0 4852 840 0 4853 866 0 4854 840 0 4855 865 0 4856 865 0 4857 840 0 4858 841 0 4859 865 4135 4860 841 4135 4861 864 4135 4862 864 4122 4863 841 4122 4864 842 4122 4865 864 4136 4866 842 4136 4867 863 4136 4868 863 4120 4869 842 4120 4870 843 4120 4871 863 0 4872 843 0 4873 862 0 4874 862 4118 4875 843 4118 4876 844 4118 4877 862 4137 4878 844 4137 4879 861 4137 4880 861 0 4881 844 0 4882 845 0 4883 861 0 4884 845 0 4885 860 0 4886 860 4116 4887 845 4116 4888 846 4116 4889 860 0 4890 846 0 4891 859 0 4892 859 0 4893 846 0 4894 847 0 4895 859 4138 4896 847 4138 4897 858 4138 4898 858 4113 4899 847 4113 4900 848 4113 4901 858 0 4902 848 0 4903 857 0 4904 857 0 4905 848 0 4906 849 0 4907 857 0 4908 849 0 4909 856 0 4910 856 0 4911 849 0 4912 850 0 4913 856 0 4914 850 0 4915 855 0 4916 855 0 4917 850 0 4918 851 0 4919 855 0 4920 851 0 4921 854 0 4922 854 0 4923 851 0 4924 852 0 4925 854 0 4926 852 0 4927 853 0 4928 894 4139 4929 813 4140 4930 893 4141 4931 893 4142 4932 813 4143 4933 812 4144 4934 893 4145 4935 812 4146 4936 933 4147 4937 933 4148 4938 812 4149 4939 852 4150 4940 933 4151 4941 852 4152 4942 851 4153 4943 894 4154 4944 895 4155 4945 813 4156 4946 813 4157 4947 895 4158 4948 814 4159 4949 814 4160 4950 895 4161 4951 896 4162 4952 814 4163 4953 896 4164 4954 815 4165 4955 815 4166 4956 896 4167 4957 897 4168 4958 815 4169 4959 897 4170 4960 816 4171 4961 816 4172 4962 897 4173 4963 898 4174 4964 816 4175 4965 898 4176 4966 817 4177 4967 817 4178 4968 898 4179 4969 899 4180 4970 817 4181 4971 899 4182 4972 818 4183 4973 818 4184 4974 899 4185 4975 900 4186 4976 818 4187 4977 900 4188 4978 819 4189 4979 819 4190 4980 900 4191 4981 901 4192 4982 819 4193 4983 901 4194 4984 820 4195 4985 820 4196 4986 901 4197 4987 902 4198 4988 820 4199 4989 902 4200 4990 821 4201 4991 821 4202 4992 902 4203 4993 903 4204 4994 821 4205 4995 903 4206 4996 822 4207 4997 822 4208 4998 903 4209 4999 904 4210 5000 822 4211 5001 904 4212 5002 823 4213 5003 823 4214 5004 904 4215 5005 905 4216 5006 823 4217 5007 905 4218 5008 824 4219 5009 824 4220 5010 905 4221 5011 906 4222 5012 824 4223 5013 906 4224 5014 825 4225 5015 825 4226 5016 906 4227 5017 907 4228 5018 825 4229 5019 907 4230 5020 826 4231 5021 826 4232 5022 907 4233 5023 908 4234 5024 826 4235 5025 908 4236 5026 827 4237 5027 827 4238 5028 908 4239 5029 909 4240 5030 827 4241 5031 909 4242 5032 828 4243 5033 828 4244 5034 909 4245 5035 910 4246 5036 828 4247 5037 910 4248 5038 829 4249 5039 829 4250 5040 910 4251 5041 911 4252 5042 829 4253 5043 911 4254 5044 830 4255 5045 830 4256 5046 911 4257 5047 912 4258 5048 830 4259 5049 912 4260 5050 831 4261 5051 831 4262 5052 912 4263 5053 913 4264 5054 831 4265 5055 913 4266 5056 832 4267 5057 832 4268 5058 913 4269 5059 914 4270 5060 832 4271 5061 914 4272 5062 833 4273 5063 833 4274 5064 914 4275 5065 915 4276 5066 833 4277 5067 915 4278 5068 834 4279 5069 834 4280 5070 915 4281 5071 916 4282 5072 834 4283 5073 916 4284 5074 835 4285 5075 835 4286 5076 916 4287 5077 917 4288 5078 835 4289 5079 917 4290 5080 836 4291 5081 836 4292 5082 917 4293 5083 918 4294 5084 836 4295 5085 918 4296 5086 837 4297 5087 837 4298 5088 918 4299 5089 919 4300 5090 837 4301 5091 919 4302 5092 838 4303 5093 838 4304 5094 919 4305 5095 920 4306 5096 838 4307 5097 920 4308 5098 839 4309 5099 839 4310 5100 920 4311 5101 921 4312 5102 839 4313 5103 921 4314 5104 840 4315 5105 840 4316 5106 921 4317 5107 922 4318 5108 840 4319 5109 922 4320 5110 841 4321 5111 841 4322 5112 922 4323 5113 923 4324 5114 841 4325 5115 923 4326 5116 842 4327 5117 842 4328 5118 923 4329 5119 924 4330 5120 842 4331 5121 924 4332 5122 843 4333 5123 843 4334 5124 924 4335 5125 925 4336 5126 843 4337 5127 925 4338 5128 844 4339 5129 844 4340 5130 925 4341 5131 926 4342 5132 844 4343 5133 926 4344 5134 845 4345 5135 845 4346 5136 926 4347 5137 927 4348 5138 845 4349 5139 927 4350 5140 846 4351 5141 846 4352 5142 927 4353 5143 928 4354 5144 846 4355 5145 928 4356 5146 847 4357 5147 847 4358 5148 928 4359 5149 929 4360 5150 847 4361 5151 929 4362 5152 848 4363 5153 848 4364 5154 929 4365 5155 930 4366 5156 848 4367 5157 930 4368 5158 849 4369 5159 849 4370 5160 930 4371 5161 931 4372 5162 849 4373 5163 931 4374 5164 850 4375 5165 850 4376 5166 931 4377 5167 932 4378 5168 850 4379 5169 932 4380 5170 851 4381 5171 851 4382 5172 932 4383 5173 933 4384 5174 722 3166 5175 811 3166 5176 719 3166 5177 719 4385 5178 811 4385 5179 904 4385 5180 719 4386 5181 904 4386 5182 903 4386 5183 811 3166 5184 810 3166 5185 904 3166 5186 904 3166 5187 810 3166 5188 905 3166 5189 905 4387 5190 810 4387 5191 809 4387 5192 905 3166 5193 809 3166 5194 906 3166 5195 906 4388 5196 809 4388 5197 808 4388 5198 906 3166 5199 808 3166 5200 807 3166 5201 906 4389 5202 807 4389 5203 907 4389 5204 907 3166 5205 807 3166 5206 806 3166 5207 907 3166 5208 806 3166 5209 805 3166 5210 907 4390 5211 805 4390 5212 908 4390 5213 908 4391 5214 805 4391 5215 804 4391 5216 908 3166 5217 804 3166 5218 803 3166 5219 908 4392 5220 803 4392 5221 909 4392 5222 909 4393 5223 803 4393 5224 802 4393 5225 909 4394 5226 802 4394 5227 910 4394 5228 910 3166 5229 802 3166 5230 801 3166 5231 910 4395 5232 801 4395 5233 911 4395 5234 911 3166 5235 801 3166 5236 800 3166 5237 911 4396 5238 800 4396 5239 912 4396 5240 912 3166 5241 800 3166 5242 799 3166 5243 912 4397 5244 799 4397 5245 913 4397 5246 913 3166 5247 799 3166 5248 798 3166 5249 913 4398 5250 798 4398 5251 914 4398 5252 914 3166 5253 798 3166 5254 797 3166 5255 914 4399 5256 797 4399 5257 915 4399 5258 915 3166 5259 797 3166 5260 796 3166 5261 915 3166 5262 796 3166 5263 916 3166 5264 916 3166 5265 796 3166 5266 795 3166 5267 916 3166 5268 795 3166 5269 917 3166 5270 917 4400 5271 795 4400 5272 794 4400 5273 917 4401 5274 794 4401 5275 918 4401 5276 918 4402 5277 794 4402 5278 793 4402 5279 918 4403 5280 793 4403 5281 919 4403 5282 919 4404 5283 793 4404 5284 792 4404 5285 919 4405 5286 792 4405 5287 791 4405 5288 919 4406 5289 791 4406 5290 920 4406 5291 920 4407 5292 791 4407 5293 790 4407 5294 920 3166 5295 790 3166 5296 921 3166 5297 921 4408 5298 790 4408 5299 789 4408 5300 921 3166 5301 789 3166 5302 922 3166 5303 922 4409 5304 789 4409 5305 788 4409 5306 922 3166 5307 788 3166 5308 923 3166 5309 923 4410 5310 788 4410 5311 787 4410 5312 923 4411 5313 787 4411 5314 924 4411 5315 924 4412 5316 787 4412 5317 786 4412 5318 924 3166 5319 786 3166 5320 925 3166 5321 925 3166 5322 786 3166 5323 785 3166 5324 925 4413 5325 785 4413 5326 926 4413 5327 926 3166 5328 785 3166 5329 784 3166 5330 926 3166 5331 784 3166 5332 927 3166 5333 927 3166 5334 784 3166 5335 783 3166 5336 927 4414 5337 783 4414 5338 928 4414 5339 928 4415 5340 783 4415 5341 782 4415 5342 928 4416 5343 782 4416 5344 929 4416 5345 929 4417 5346 782 4417 5347 781 4417 5348 929 4418 5349 781 4418 5350 930 4418 5351 930 3166 5352 781 3166 5353 780 3166 5354 930 4419 5355 780 4419 5356 931 4419 5357 931 3166 5358 780 3166 5359 779 3166 5360 931 3166 5361 779 3166 5362 932 3166 5363 932 3166 5364 779 3166 5365 778 3166 5366 932 3166 5367 778 3166 5368 933 3166 5369 933 3166 5370 778 3166 5371 777 3166 5372 933 3166 5373 777 3166 5374 893 3166 5375 893 4420 5376 777 4420 5377 776 4420 5378 893 4421 5379 776 4421 5380 894 4421 5381 894 4422 5382 776 4422 5383 775 4422 5384 894 3166 5385 775 3166 5386 895 3166 5387 895 3166 5388 775 3166 5389 774 3166 5390 895 3166 5391 774 3166 5392 896 3166 5393 896 4423 5394 774 4423 5395 773 4423 5396 896 3166 5397 773 3166 5398 772 3166 5399 896 4424 5400 772 4424 5401 897 4424 5402 897 3166 5403 772 3166 5404 771 3166 5405 897 3166 5406 771 3166 5407 898 3166 5408 898 3166 5409 771 3166 5410 770 3166 5411 898 3166 5412 770 3166 5413 899 3166 5414 899 4425 5415 770 4425 5416 769 4425 5417 899 4426 5418 769 4426 5419 768 4426 5420 899 3166 5421 768 3166 5422 900 3166 5423 900 4427 5424 768 4427 5425 767 4427 5426 900 3166 5427 767 3166 5428 766 3166 5429 900 4428 5430 766 4428 5431 901 4428 5432 901 4429 5433 766 4429 5434 765 4429 5435 901 3166 5436 765 3166 5437 902 3166 5438 902 4430 5439 765 4430 5440 764 4430 5441 902 4431 5442 764 4431 5443 763 4431 5444 499 3166 5445 498 3166 5446 763 3166 5447 763 3166 5448 498 3166 5449 903 3166 5450 763 3166 5451 903 3166 5452 902 3166 5453 498 4432 5454 721 4432 5455 903 4432 5456 903 3166 5457 721 3166 5458 720 3166 5459 903 4433 5460 720 4433 5461 719 4433 5462 973 4434 5463 934 4435 5464 853 4436 5465 853 4437 5466 934 4438 5467 935 4439 5468 853 4440 5469 935 4441 5470 854 4442 5471 854 4443 5472 935 4444 5473 855 4445 5474 855 4446 5475 935 4447 5476 936 4448 5477 855 4449 5478 936 4450 5479 856 4451 5480 856 4452 5481 936 4453 5482 937 4454 5483 856 4455 5484 937 4456 5485 857 4457 5486 857 4458 5487 937 4459 5488 938 4460 5489 857 4461 5490 938 4462 5491 858 4463 5492 858 4464 5493 938 4465 5494 939 4466 5495 858 4467 5496 939 4468 5497 859 4469 5498 859 4470 5499 939 4471 5500 940 4472 5501 859 4473 5502 940 4474 5503 860 4475 5504 860 4476 5505 940 4477 5506 941 4478 5507 860 4479 5508 941 4480 5509 861 4481 5510 861 4482 5511 941 4483 5512 942 4484 5513 861 4485 5514 942 4486 5515 862 4487 5516 862 4488 5517 942 4489 5518 943 4490 5519 862 4491 5520 943 4492 5521 863 4493 5522 863 4494 5523 943 4495 5524 944 4496 5525 863 4497 5526 944 4498 5527 864 4499 5528 864 4500 5529 944 4501 5530 945 4502 5531 864 4503 5532 945 4504 5533 865 4505 5534 865 4506 5535 945 4507 5536 946 4508 5537 865 4509 5538 946 4510 5539 866 4511 5540 866 4512 5541 946 4513 5542 947 4514 5543 866 4515 5544 947 4516 5545 867 4517 5546 867 4518 5547 947 4519 5548 948 4520 5549 867 4521 5550 948 4522 5551 868 4523 5552 868 4524 5553 948 4525 5554 949 4526 5555 868 4527 5556 949 4528 5557 869 4529 5558 869 4530 5559 949 4531 5560 950 4532 5561 869 4533 5562 950 4534 5563 870 4535 5564 870 4536 5565 950 4537 5566 951 4538 5567 870 4539 5568 951 4540 5569 871 4541 5570 871 4542 5571 951 4543 5572 952 4544 5573 871 4545 5574 952 4546 5575 872 4547 5576 872 4548 5577 952 4549 5578 953 4550 5579 872 4551 5580 953 4552 5581 873 4553 5582 873 4554 5583 953 4555 5584 954 4556 5585 873 4557 5586 954 4558 5587 874 4559 5588 874 4560 5589 954 4561 5590 955 4562 5591 874 4563 5592 955 4564 5593 875 4565 5594 875 4566 5595 955 4567 5596 956 4568 5597 875 4569 5598 956 4570 5599 876 4571 5600 876 4572 5601 956 4573 5602 957 4574 5603 876 4575 5604 957 4576 5605 877 4577 5606 877 4578 5607 957 4579 5608 958 4580 5609 877 4581 5610 958 4582 5611 878 4583 5612 878 4584 5613 958 4585 5614 959 4586 5615 878 4587 5616 959 4588 5617 879 4589 5618 879 4590 5619 959 4591 5620 960 4592 5621 879 4593 5622 960 4594 5623 880 4595 5624 880 4596 5625 960 4597 5626 961 4598 5627 880 4599 5628 961 4600 5629 881 4601 5630 881 4602 5631 961 4603 5632 962 4604 5633 881 4605 5634 962 4606 5635 882 4607 5636 882 4608 5637 962 4609 5638 963 4610 5639 882 4611 5640 963 4612 5641 883 4613 5642 883 4614 5643 963 4615 5644 964 4616 5645 883 4617 5646 964 4618 5647 884 4619 5648 884 4620 5649 964 4621 5650 965 4622 5651 884 4623 5652 965 4624 5653 885 4625 5654 885 4626 5655 965 4627 5656 966 4628 5657 885 4629 5658 966 4630 5659 886 4631 5660 886 4632 5661 966 4633 5662 967 4634 5663 886 4635 5664 967 4636 5665 887 4637 5666 887 4638 5667 967 4639 5668 968 4640 5669 887 4641 5670 968 4642 5671 888 4643 5672 888 4644 5673 968 4645 5674 969 4646 5675 888 4647 5676 969 4648 5677 889 4649 5678 889 4650 5679 969 4651 5680 970 4652 5681 889 4653 5682 970 4654 5683 890 4655 5684 890 4656 5685 970 4657 5686 971 4658 5687 890 4659 5688 971 4660 5689 891 4661 5690 891 4662 5691 971 4663 5692 972 4664 5693 891 4665 5694 972 4666 5695 892 4667 5696 892 4668 5697 972 4669 5698 973 4670 5699 892 4671 5700 973 4672 5701 853 4673 5702 975 4674 5703 1055 4675 5704 974 4676 5705 974 4677 5706 1055 4678 5707 1015 4679 5708 974 4680 5709 1015 4681 5710 1014 4147 5711 1014 4682 5712 1015 4683 5713 1016 4684 5714 1014 4685 5715 1016 4686 5716 1017 4687 5717 975 4688 5718 976 4689 5719 1055 4690 5720 1055 4691 5721 976 4692 5722 1054 4693 5723 1054 4694 5724 976 4695 5725 977 4696 5726 1054 4697 5727 977 4698 5728 1053 4699 5729 1053 4700 5730 977 4701 5731 978 4702 5732 1053 4703 5733 978 4704 5734 1052 4705 5735 1052 4706 5736 978 4707 5737 979 4708 5738 1052 4709 5739 979 4710 5740 1051 4711 5741 1051 4712 5742 979 4713 5743 980 4714 5744 1051 4715 5745 980 4716 5746 1050 4717 5747 1050 4718 5748 980 4719 5749 981 4720 5750 1050 4721 5751 981 4722 5752 1049 4723 5753 1049 4724 5754 981 4725 5755 982 4726 5756 1049 4727 5757 982 4728 5758 1048 4729 5759 1048 4730 5760 982 4731 5761 983 4732 5762 1048 4733 5763 983 4734 5764 1047 4735 5765 1047 4202 5766 983 4203 5767 984 4736 5768 1047 4737 5769 984 4738 5770 1046 4739 5771 1046 4740 5772 984 4741 5773 985 4742 5774 1046 4743 5775 985 4744 5776 1045 4745 5777 1045 4746 5778 985 4747 5779 986 4748 5780 1045 4749 5781 986 4750 5782 1044 4751 5783 1044 4752 5784 986 4753 5785 987 4754 5786 1044 4755 5787 987 4756 5788 1043 4757 5789 1043 4758 5790 987 4759 5791 988 4760 5792 1043 4761 5793 988 4762 5794 1042 4763 5795 1042 4764 5796 988 4765 5797 989 4766 5798 1042 4767 5799 989 4768 5800 1041 4769 5801 1041 4770 5802 989 4771 5803 990 4772 5804 1041 4773 5805 990 4774 5806 1040 4775 5807 1040 4776 5808 990 4777 5809 991 4778 5810 1040 4779 5811 991 4780 5812 1039 4781 5813 1039 4782 5814 991 4783 5815 992 4784 5816 1039 4785 5817 992 4786 5818 1038 4787 5819 1038 4788 5820 992 4789 5821 993 4790 5822 1038 4791 5823 993 4792 5824 1037 4793 5825 1037 4794 5826 993 4795 5827 994 4796 5828 1037 4797 5829 994 4798 5830 1036 4799 5831 1036 4268 5832 994 4269 5833 995 4800 5834 1036 4801 5835 995 4272 5836 1035 4273 5837 1035 4802 5838 995 4803 5839 996 4804 5840 1035 4805 5841 996 4806 5842 1034 4807 5843 1034 4808 5844 996 4809 5845 997 4810 5846 1034 4811 5847 997 4812 5848 1033 4813 5849 1033 4814 5850 997 4815 5851 998 4816 5852 1033 4817 5853 998 4818 5854 1032 4819 5855 1032 4820 5856 998 4821 5857 999 4822 5858 1032 4823 5859 999 4824 5860 1031 4825 5861 1031 4826 5862 999 4827 5863 1000 4828 5864 1031 4829 5865 1000 4830 5866 1030 4831 5867 1030 4832 5868 1000 4833 5869 1001 4834 5870 1030 4835 5871 1001 4836 5872 1029 4837 5873 1029 4838 5874 1001 4839 5875 1002 4840 5876 1029 4841 5877 1002 4842 5878 1028 4843 5879 1028 4844 5880 1002 4845 5881 1003 4846 5882 1028 4847 5883 1003 4848 5884 1027 4849 5885 1027 4850 5886 1003 4851 5887 1004 4852 5888 1027 4853 5889 1004 4854 5890 1026 4855 5891 1026 4856 5892 1004 4857 5893 1005 4858 5894 1026 4859 5895 1005 4860 5896 1025 4861 5897 1025 4862 5898 1005 4863 5899 1006 4864 5900 1025 4865 5901 1006 4866 5902 1024 4867 5903 1024 4868 5904 1006 4869 5905 1007 4870 5906 1024 4871 5907 1007 4872 5908 1023 4873 5909 1023 4874 5910 1007 4875 5911 1008 4876 5912 1023 4877 5913 1008 4878 5914 1022 4879 5915 1022 4880 5916 1008 4881 5917 1009 4882 5918 1022 4883 5919 1009 4884 5920 1021 4885 5921 1021 4886 5922 1009 4887 5923 1010 4888 5924 1021 4889 5925 1010 4890 5926 1020 4891 5927 1020 4892 5928 1010 4893 5929 1011 4894 5930 1020 4895 5931 1011 4896 5932 1019 4897 5933 1019 4898 5934 1011 4899 5935 1012 4900 5936 1019 4901 5937 1012 4902 5938 1018 4903 5939 1018 4904 5940 1012 4905 5941 1013 4906 5942 1018 4907 5943 1013 4908 5944 1017 4909 5945 1017 4910 5946 1013 4911 5947 1014 4912 5948 973 3166 5949 975 3166 5950 934 3166 5951 934 3166 5952 975 3166 5953 974 3166 5954 934 3166 5955 974 3166 5956 1014 3166 5957 975 3166 5958 973 3166 5959 976 3166 5960 976 4913 5961 973 4913 5962 972 4913 5963 976 4914 5964 972 4914 5965 977 4914 5966 977 3166 5967 972 3166 5968 971 3166 5969 977 3166 5970 971 3166 5971 978 3166 5972 978 3166 5973 971 3166 5974 970 3166 5975 978 4915 5976 970 4915 5977 979 4915 5978 979 3166 5979 970 3166 5980 969 3166 5981 979 3166 5982 969 3166 5983 980 3166 5984 980 3166 5985 969 3166 5986 968 3166 5987 980 4916 5988 968 4916 5989 981 4916 5990 981 3166 5991 968 3166 5992 967 3166 5993 981 3166 5994 967 3166 5995 982 3166 5996 982 4917 5997 967 4917 5998 966 4917 5999 982 3166 6000 966 3166 6001 983 3166 6002 983 4918 6003 966 4918 6004 965 4918 6005 983 4919 6006 965 4919 6007 984 4919 6008 984 4920 6009 965 4920 6010 964 4920 6011 984 3166 6012 964 3166 6013 985 3166 6014 985 4921 6015 964 4921 6016 963 4921 6017 985 4922 6018 963 4922 6019 986 4922 6020 986 4923 6021 963 4923 6022 962 4923 6023 986 4924 6024 962 4924 6025 987 4924 6026 987 4925 6027 962 4925 6028 961 4925 6029 987 4926 6030 961 4926 6031 988 4926 6032 988 3166 6033 961 3166 6034 960 3166 6035 988 3166 6036 960 3166 6037 989 3166 6038 989 4927 6039 960 4927 6040 959 4927 6041 989 4928 6042 959 4928 6043 990 4928 6044 990 3166 6045 959 3166 6046 958 3166 6047 990 4929 6048 958 4929 6049 991 4929 6050 991 4930 6051 958 4930 6052 957 4930 6053 991 3166 6054 957 3166 6055 992 3166 6056 992 3166 6057 957 3166 6058 956 3166 6059 992 3166 6060 956 3166 6061 993 3166 6062 993 3166 6063 956 3166 6064 955 3166 6065 993 3166 6066 955 3166 6067 994 3166 6068 994 3166 6069 955 3166 6070 954 3166 6071 994 3166 6072 954 3166 6073 995 3166 6074 995 3166 6075 954 3166 6076 953 3166 6077 995 3166 6078 953 3166 6079 996 3166 6080 996 3166 6081 953 3166 6082 952 3166 6083 996 3166 6084 952 3166 6085 997 3166 6086 997 3166 6087 952 3166 6088 951 3166 6089 997 3166 6090 951 3166 6091 998 3166 6092 998 4930 6093 951 4930 6094 950 4930 6095 998 4931 6096 950 4931 6097 999 4931 6098 999 3166 6099 950 3166 6100 949 3166 6101 999 4932 6102 949 4932 6103 1000 4932 6104 1000 4927 6105 949 4927 6106 948 4927 6107 1000 3166 6108 948 3166 6109 1001 3166 6110 1001 3166 6111 948 3166 6112 947 3166 6113 1001 4933 6114 947 4933 6115 1002 4933 6116 1002 4925 6117 947 4925 6118 946 4925 6119 1002 4934 6120 946 4934 6121 1003 4934 6122 1003 4923 6123 946 4923 6124 945 4923 6125 1003 4935 6126 945 4935 6127 1004 4935 6128 1004 4921 6129 945 4921 6130 944 4921 6131 1004 3166 6132 944 3166 6133 1005 3166 6134 1005 4920 6135 944 4920 6136 943 4920 6137 1005 4936 6138 943 4936 6139 1006 4936 6140 1006 4918 6141 943 4918 6142 942 4918 6143 1006 3166 6144 942 3166 6145 1007 3166 6146 1007 4917 6147 942 4917 6148 941 4917 6149 1007 4937 6150 941 4937 6151 1008 4937 6152 1008 3166 6153 941 3166 6154 940 3166 6155 1008 4938 6156 940 4938 6157 1009 4938 6158 1009 3166 6159 940 3166 6160 939 3166 6161 1009 3166 6162 939 3166 6163 1010 3166 6164 1010 3166 6165 939 3166 6166 938 3166 6167 1010 4939 6168 938 4939 6169 1011 4939 6170 1011 3166 6171 938 3166 6172 937 3166 6173 1011 4940 6174 937 4940 6175 1012 4940 6176 1012 3166 6177 937 3166 6178 936 3166 6179 1012 4941 6180 936 4941 6181 1013 4941 6182 1013 4913 6183 936 4913 6184 935 4913 6185 1013 4942 6186 935 4942 6187 1014 4942 6188 1014 3166 6189 935 3166 6190 934 3166 6191 762 0 6192 1016 0 6193 724 0 6194 724 0 6195 1016 0 6196 1015 0 6197 724 0 6198 1015 0 6199 1055 0 6200 1016 0 6201 762 0 6202 1017 0 6203 1017 0 6204 762 0 6205 761 0 6206 1017 0 6207 761 0 6208 1018 0 6209 1018 0 6210 761 0 6211 760 0 6212 1018 0 6213 760 0 6214 1019 0 6215 1019 0 6216 760 0 6217 759 0 6218 1019 0 6219 759 0 6220 1020 0 6221 1020 0 6222 759 0 6223 758 0 6224 1020 0 6225 758 0 6226 1021 0 6227 1021 0 6228 758 0 6229 757 0 6230 1021 0 6231 757 0 6232 1022 0 6233 1022 0 6234 757 0 6235 756 0 6236 1022 0 6237 756 0 6238 1023 0 6239 1023 0 6240 756 0 6241 755 0 6242 1023 0 6243 755 0 6244 1024 0 6245 1024 0 6246 755 0 6247 754 0 6248 1024 0 6249 754 0 6250 1025 0 6251 1025 0 6252 754 0 6253 753 0 6254 1025 0 6255 753 0 6256 1026 0 6257 1026 0 6258 753 0 6259 752 0 6260 1026 0 6261 752 0 6262 1027 0 6263 1027 0 6264 752 0 6265 751 0 6266 1027 0 6267 751 0 6268 1028 0 6269 1028 0 6270 751 0 6271 750 0 6272 1028 0 6273 750 0 6274 1029 0 6275 1029 0 6276 750 0 6277 749 0 6278 1029 0 6279 749 0 6280 1030 0 6281 1030 0 6282 749 0 6283 748 0 6284 1030 0 6285 748 0 6286 1031 0 6287 1031 0 6288 748 0 6289 747 0 6290 1031 0 6291 747 0 6292 1032 0 6293 1032 0 6294 747 0 6295 746 0 6296 1032 0 6297 746 0 6298 1033 0 6299 1033 0 6300 746 0 6301 745 0 6302 1033 0 6303 745 0 6304 1034 0 6305 1034 0 6306 745 0 6307 744 0 6308 1034 0 6309 744 0 6310 1035 0 6311 1035 0 6312 744 0 6313 743 0 6314 1035 0 6315 743 0 6316 1036 0 6317 1036 0 6318 743 0 6319 1037 0 6320 1037 0 6321 743 0 6322 742 0 6323 1037 0 6324 742 0 6325 1038 0 6326 1038 0 6327 742 0 6328 741 0 6329 1038 0 6330 741 0 6331 1039 0 6332 1039 0 6333 741 0 6334 740 0 6335 1039 0 6336 740 0 6337 1040 0 6338 1040 0 6339 740 0 6340 739 0 6341 1040 0 6342 739 0 6343 1041 0 6344 1041 0 6345 739 0 6346 738 0 6347 1041 0 6348 738 0 6349 1042 0 6350 1042 0 6351 738 0 6352 737 0 6353 1042 0 6354 737 0 6355 1043 0 6356 1043 0 6357 737 0 6358 736 0 6359 1043 0 6360 736 0 6361 1044 0 6362 1044 0 6363 736 0 6364 735 0 6365 1044 0 6366 735 0 6367 1045 0 6368 1045 0 6369 735 0 6370 734 0 6371 1045 0 6372 734 0 6373 1046 0 6374 1046 0 6375 734 0 6376 733 0 6377 1046 0 6378 733 0 6379 1047 0 6380 1047 0 6381 733 0 6382 732 0 6383 1047 0 6384 732 0 6385 1048 0 6386 1048 0 6387 732 0 6388 731 0 6389 1048 0 6390 731 0 6391 1049 0 6392 1049 0 6393 731 0 6394 730 0 6395 1049 0 6396 730 0 6397 1050 0 6398 1050 0 6399 730 0 6400 729 0 6401 1050 0 6402 729 0 6403 1051 0 6404 1051 0 6405 729 0 6406 728 0 6407 1051 0 6408 728 0 6409 1052 0 6410 1052 0 6411 728 0 6412 727 0 6413 1052 0 6414 727 0 6415 1053 0 6416 1053 0 6417 727 0 6418 726 0 6419 1053 0 6420 726 0 6421 1054 0 6422 1054 0 6423 726 0 6424 725 0 6425 1054 0 6426 725 0 6427 1055 0 6428 1055 0 6429 725 0 6430 724 0 6431</p>
        </triangles>
      </mesh>
    </geometry>
  </library_geometries>
  <library_visual_scenes>
    <visual_scene id="Scene" name="Scene">
      <node id="EDF_housing" name="EDF_housing" type="NODE">
        <matrix sid="transform">-0.01 0 -8.74228e-10 0 -8.74228e-10 -7.54979e-10 0.01 0 0 0.01 7.54979e-10 0 0 0 0 1</matrix>
        <instance_geometry url="#EDF_housing-mesh" name="EDF_housing">
          <bind_material>
            <technique_common>
              <instance_material symbol="Plastic_-_Matte__Black__001-material" target="#Plastic_-_Matte__Black__001-material">
                <bind_vertex_input semantic="UVMap" input_semantic="TEXCOORD" input_set="0"/>
              </instance_material>
            </technique_common>
          </bind_material>
        </instance_geometry>
      </node>
      <node id="Camera" name="Camera" type="NODE">
        <matrix sid="transform">0.6859207 -0.3240135 0.6515582 7.358891 0.7276763 0.3054208 -0.6141704 -6.925791 0 0.8953956 0.4452714 4.958309 0 0 0 1</matrix>
        <instance_camera url="#Camera-camera"/>
      </node>
      <node id="Light" name="Light" type="NODE">
        <matrix sid="transform">-0.2908646 -0.7711008 0.5663932 4.076245 0.9551712 -0.1998834 0.2183912 1.005454 -0.05518906 0.6045247 0.7946723 5.903862 0 0 0 1</matrix>
        <instance_light url="#Light-light"/>
      </node>
    </visual_scene>
  </library_visual_scenes>
  <scene>
    <instance_visual_scene url="#Scene"/>
  </scene>
</COLLADA>