<?xml version="1.0" encoding="utf-8"?>
<COLLADA xmlns="http://www.collada.org/2005/11/COLLADASchema" version="1.4.1" xmlns:xsi="http://www.w3.org/2001/XMLSchema-instance">
  <asset>
    <contributor>
      <author>Blender User</author>
      <authoring_tool>Blender 4.1.1 commit date:2024-04-15, commit time:15:11, hash:e1743a0317bc</authoring_tool>
    </contributor>
    <created>2024-10-07T01:22:02</created>
    <modified>2024-10-07T01:22:02</modified>
    <unit name="meter" meter="1"/>
    <up_axis>Z_UP</up_axis>
  </asset>
  <library_effects>
    <effect id="Acetal_Resin__White__003-effect">
      <profile_COMMON>
        <technique sid="common">
          <lambert>
            <emission>
              <color sid="emission">0 0 0 1</color>
            </emission>
            <diffuse>
              <color sid="diffuse">0.976471 0.980392 0.937255 1</color>
            </diffuse>
            <index_of_refraction>
              <float sid="ior">1.5</float>
            </index_of_refraction>
          </lambert>
        </technique>
      </profile_COMMON>
    </effect>
  </library_effects>
  <library_images/>
  <library_materials>
    <material id="Acetal_Resin__White__003-material" name="Acetal_Resin_(White).003">
      <instance_effect url="#Acetal_Resin__White__003-effect"/>
    </material>
  </library_materials>
  <library_geometries>
    <geometry id="front_tosional_manipulator_v4_001-mesh" name="front_tosional_manipulator v4.001">
      <mesh>
        <source id="front_tosional_manipulator_v4_001-mesh-positions">
          <float_array id="front_tosional_manipulator_v4_001-mesh-positions-array" count="1356">4.612433 6.638963 -0.75 4.469952 5.828023 -0.75 4.548724 5.115829 -0.75 4.562433 5.102369 -1.75 4.472972 5.920857 -1.75 4.612433 6.638963 -1.75 2.13757 6.502365 -0.75 2.89113 6.834133 -0.75 3.443299 7.313963 -0.75 3.443299 7.313963 -1.75 2.812244 6.7851 -1.75 2.13757 6.502365 -1.75 1.612224 4.139378 -0.75 1.60773 4.686156 -0.75 1.41825 5.534015 -0.75 1.04475 6.209545 -0.75 1.04475 6.209545 -1.75 1.452172 5.442227 -1.75 1.60773 4.686156 -1.75 1.612224 4.139379 -1.75 4.855254 4.009549 -0.75 4.308457 4.011342 -0.75 3.458471 3.83162 -0.75 2.778689 3.465906 -0.75 2.785451 3.462155 -1.75 3.550645 3.864485 -1.75 4.308457 4.011342 -1.75 4.977389 3.96433 -1.75 5.350173 4.635407 -1.75 5.46965 4.317343 -1.75 5.271255 4.009222 -1.75 2.569901 3.112127 -1.75 2.265705 2.952351 -1.75 1.842731 2.972087 -1.75 1.509301 3.25299 -1.75 1.397785 3.577987 -1.75 1.453204 3.917091 -1.75 0.898004 6.33996 -1.75 0.846827 6.648406 -1.75 0.9919099 6.869824 -1.75 1.278857 6.971052 -1.75 3.065435 6.659483 -1.75 4.234569 5.984483 -1.75 5.017045 3.94575 -0.45 5.359562 4.62802 -0.45 5.465525 4.28601 -0.45 5.292992 4.030512 -0.45 4.400642 5.166169 -0.45 4.042104 5.021674 -0.45 3.961718 4.712801 -0.45 4.058125 4.483899 -0.45 4.300408 5.154191 -0.75 4.109602 5.069825 -0.75 3.986543 4.90136 -0.75 3.964202 4.693937 -0.75 4.062096 4.483975 -0.75 1.808684 5.776423 -0.75 2.030008 5.758044 -0.75 2.251426 5.903126 -0.75 2.335793 6.093932 -0.75 2.297994 6.34824 -0.75 2.137562 6.502369 -0.45 2.284304 6.371954 -0.45 2.335477 6.063508 -0.45 2.190392 5.842092 -0.45 1.903447 5.740867 -0.45 1.044742 6.209549 -0.45 0.919293 6.318223 -0.45 0.844027 6.512802 -0.45 0.8980039 6.771958 -0.45 1.099344 6.931851 -0.45 1.330119 6.952051 -0.45 6.08457 9.188778 -0.75 4.915437 9.86378 -0.75 2.469047 4.95235 -0.75 2.743709 4.987368 -0.75 2.962788 4.843993 -0.75 3.057101 4.617182 -0.75 5.711909 11.24295 -11.11301 6.87549 10.55869 -11.113 5.172035 7.608222 -9.149834 4.619182 7.959375 -9.148313 4.002902 8.283224 -9.149829 3.065435 6.659483 -6.15 4.234569 5.984483 -6.15 4.061364 6.084483 -2.4 4.061364 6.084483 -3.35 3.23864 6.559483 -3.35 3.23864 6.559483 -2.4 5.615435 11.07621 -2.15 5.915435 11.59583 -2.15 5.915435 11.59583 -11.113 4.012737 8.299612 -6.150001 3.242155 6.965571 -2.830415 3.256738 6.99083 -2.983302 3.342539 7.139442 -3.021355 3.39523 7.230707 -2.881431 3.355934 7.162642 -2.744972 3.288331 7.045549 -2.728645 3.856737 8.03006 -2.9833 3.942539 8.178673 -3.021355 3.99523 8.269938 -2.881431 3.948013 8.188156 -2.73318 3.852489 8.022702 -2.769803 5.172035 7.608222 -6.15 7.084569 10.92083 -11.113 7.084569 10.92083 -2.15 6.78457 10.40121 -2.15 4.55215 6.53455 -2.947106 4.497685 6.440214 -3.028851 4.424508 6.313467 -2.974644 4.411392 6.290749 -2.820793 4.471454 6.394778 -2.721148 4.552067 6.534406 -2.789636 5.157747 7.583474 -2.929211 5.097685 7.479444 -3.028851 5.032253 7.366113 -2.986893 5.00666 7.321784 -2.839907 5.081354 7.451158 -2.715409 5.149583 7.569335 -2.794003 6.911364 11.02083 -3.35 6.08864 11.49583 -3.35 4.258766 6.426393 -3.000893 4.356484 6.595646 -3.002339 4.388389 6.650907 -2.818573 4.304124 6.504955 -2.719601 4.240454 6.394677 -2.809842 4.83512 7.424667 -2.827485 4.855419 7.459826 -2.979634 4.918605 7.569269 -3.030398 4.982274 7.679546 -2.940159 4.978945 7.67378 -2.802893 4.914579 7.562295 -2.715409 6.911364 11.02083 -2.4 6.08864 11.49583 -2.4 4.159353 8.154205 -2.949228 4.081399 8.019186 -3.030398 4.023626 7.91912 -2.955999 4.015462 7.90498 -2.820791 4.095956 8.0444 -2.711596 4.157754 8.151436 -2.813881 3.563249 7.121723 -2.909671 3.512398 7.033647 -3.027489 3.414226 6.863606 -2.94403 3.438818 6.906202 -2.754877 3.535828 7.074228 -2.740805 1.612216 4.13937 -0.45 2.708977 3.267054 -0.45 2.315471 2.957398 -0.45 1.801435 2.98957 -0.45 1.443088 3.359508 -0.45 1.427292 3.874306 -0.45 3.054334 4.614434 -0.45 2.9743 4.829123 -0.45 2.769818 4.980291 -0.45 2.470044 4.95612 -0.45 -6.489635 -3.02285 -0.75 -6.641663 -3.048499 -0.75 -6.746469 -2.916606 -0.75 -6.665956 -2.772089 -0.75 -6.540174 -2.757023 -0.75 -6.436597 -2.871069 -0.75 -8.254812 -1.233097 -0.75 -8.383767 -1.226961 -0.75 -8.468404 -1.115205 -0.75 -8.420538 -0.9750333 -0.75 -8.297758 -0.9394735 -0.75 -8.197285 -0.9908306 -0.75 -8.166918 -1.118499 -0.75 -7.042299 -0.8787675 -0.75 -7.165283 -0.9333022 -0.75 -7.296865 -0.8498893 -0.75 -7.272313 -0.6736524 -0.75 -7.089042 -0.6334108 -0.75 -7.004575 -0.7686401 -0.75 -7.676106 -3.353235 -0.75 -7.831079 -3.344237 -0.75 -7.896764 -3.235459 -0.75 -7.873162 -3.125118 -0.75 -7.739646 -3.059959 -0.75 -7.614121 -3.136106 -0.75 -7.597755 -3.249265 -0.75 -10.45048 -3.499007 -0.75 -9.173723 -3.1569 -0.75 -8.633865 -3.172458 -0.75 -8.252878 -3.304521 -0.75 -7.823266 -3.573087 -0.75 -6.395616 -3.201907 -0.75 -6.229307 -2.969185 -0.75 -6.859369 -0.5867325 -0.75 -7.092092 -0.4204214 -0.75 -8.496715 -0.785013 -0.75 -8.614307 -0.9071346 -0.75 -8.799464 -1.264635 -0.75 -9.104936 -1.604096 -0.75 -9.523126 -1.8529 -0.75 -10.79989 -2.195007 -0.75 -11.97856 -3.908455 -11.113 -12.33821 -2.607387 -11.11301 -9.037009 -1.722644 -9.149833 -8.893604 -2.364888 -9.148197 -8.687603 -3.026644 -9.149907 -7.699054 -3.36274 -1.75 -7.827971 -3.344624 -1.75 -7.909821 -3.213735 -1.75 -7.800744 -3.069549 -1.75 -7.688051 -3.07531 -1.75 -7.59883 -3.166676 -1.75 -7.607686 -3.273519 -1.75 -7.056607 -0.8942548 -1.75 -7.189629 -0.9321756 -1.75 -7.312417 -0.8067855 -1.75 -7.240927 -0.6487198 -1.75 -7.107594 -0.6350746 -1.75 -7.000802 -0.7500912 -1.75 -8.262166 -1.235915 -1.75 -8.419829 -1.204355 -1.75 -8.468231 -1.078833 -1.75 -8.400039 -0.9593033 -1.75 -8.245403 -0.9519755 -1.75 -8.156201 -1.103262 -1.75 -6.479853 -3.014215 -1.75 -6.569243 -3.0541 -1.75 -6.673081 -3.030159 -1.75 -6.745465 -2.887666 -1.75 -6.642071 -2.757659 -1.75 -6.502565 -2.776951 -1.75 -6.433224 -2.896687 -1.75 -6.392278 -3.202871 -1.75 -6.232507 -2.96462 -1.75 -6.87933 -0.5432603 -1.75 -7.13972 -0.4248712 -1.75 -8.56169 -0.8172422 -1.75 -8.799464 -1.264635 -1.75 -9.063372 -1.569495 -1.75 -9.523126 -1.8529 -1.75 -9.173723 -3.1569 -1.75 -8.687161 -3.163275 -1.75 -8.252878 -3.304521 -1.75 -7.828712 -3.569896 -1.75 -6.876556 -2.541376 -1.75 -7.225961 -1.237376 -1.75 -7.174198 -1.430561 -2.4 -7.174198 -1.430561 -3.35 -6.92832 -2.348191 -3.35 -6.92832 -2.348191 -2.4 -6.876556 -2.541376 -6.15 -7.225961 -1.237376 -6.15 -7.218151 -2.632906 -2.929208 -7.33418 -2.663995 -3.028851 -7.460585 -2.697866 -2.986894 -7.509623 -2.711005 -2.860519 -7.437757 -2.691749 -2.744972 -7.268359 -2.646359 -2.740805 -8.368529 -2.941148 -2.889481 -8.491434 -2.974081 -3.036624 -8.644227 -3.015021 -2.956001 -8.659999 -3.019248 -2.820791 -8.561697 -2.992908 -2.728439 -8.431466 -2.958013 -2.747661 -8.706141 -3.031295 -6.150001 -11.80278 -3.861353 -2.15 -12.38233 -4.016644 -2.15 -12.38233 -4.016644 -11.113 -7.831923 -1.399743 -2.965241 -7.713882 -1.368115 -3.028106 -7.592894 -1.335695 -2.974643 -7.567556 -1.328906 -2.820791 -7.683585 -1.359996 -2.721149 -7.839319 -1.401724 -2.789636 -9.024153 -1.7192 -2.846844 -8.930974 -1.694233 -3.01682 -8.763422 -1.649338 -2.992393 -8.726669 -1.639489 -2.820788 -8.861826 -1.675704 -2.715409 -12.73174 -2.712645 -11.113 -12.73174 -2.712645 -2.15 -12.15218 -2.557353 -2.15 -9.037009 -1.722644 -6.15 -12.67997 -2.90583 -3.35 -12.4341 -3.823459 -3.35 -7.594223 -1.543107 -3.01682 -7.761771 -1.588001 -2.992395 -7.786783 -1.594703 -2.780624 -7.604799 -1.545941 -2.728645 -7.503008 -1.518666 -2.86857 -8.789075 -1.863266 -3.036624 -8.963564 -1.910021 -2.922517 -8.912521 -1.896343 -2.754876 -8.763913 -1.856524 -2.728644 -8.66212 -1.829249 -2.86857 -12.67997 -2.90583 -2.4 -12.4341 -3.823459 -2.4 -8.711764 -2.826063 -2.929207 -8.556259 -2.784396 -3.038404 -8.412558 -2.745891 -2.860367 -8.527326 -2.776643 -2.72844 -8.675006 -2.816214 -2.757605 -7.559891 -2.51742 -2.848767 -7.519362 -2.50656 -2.979633 -7.377384 -2.468517 -3.030817 -7.25713 -2.436295 -2.881431 -7.333046 -2.456637 -2.744971 -7.463644 -2.49163 -2.728645 3.023306 -6.494899 -0.75 3.058036 -6.60226 -0.75 2.996976 -6.707154 -0.75 2.889617 -6.741884 -0.75 2.760478 -6.649426 -0.75 2.773321 -6.503232 -0.75 2.911959 -6.432364 -0.75 1.233097 -8.254812 -0.75 1.220252 -8.401005 -0.75 1.061341 -8.474638 -0.75 0.94475 -8.365878 -0.75 0.958867 -8.231747 -0.75 1.097579 -8.162051 -0.75 0.8787675 -7.042299 -0.75 0.9287681 -7.136402 -0.75 0.9096696 -7.241892 -0.75 0.7805263 -7.311562 -0.75 0.6878111 -7.277934 -0.75 0.6313349 -7.198553 -0.75 0.6516386 -7.067022 -0.75 0.7686401 -7.004575 -0.75 3.329121 -7.642807 -0.75 3.354104 -7.820984 -0.75 3.206651 -7.902471 -0.75 3.070299 -7.809652 -0.75 3.088409 -7.657494 -0.75 3.20426 -7.594285 -0.75 3.499007 -10.45048 -0.75 3.1569 -9.173723 -0.75 3.172458 -8.633865 -0.75 3.304521 -8.252878 -0.75 3.573087 -7.823266 -0.75 3.201907 -6.395616 -0.75 2.969185 -6.229307 -0.75 0.5867325 -6.859369 -0.75 0.4204214 -7.092092 -0.75 0.8227285 -8.564811 -0.75 1.264635 -8.799464 -0.75 1.604096 -9.104936 -0.75 1.8529 -9.523126 -0.75 2.195007 -10.79989 -0.75 3.908455 -11.97856 -11.113 2.607387 -12.33821 -11.11301 1.722644 -9.037009 -9.149833 2.364888 -8.893604 -9.148197 3.026644 -8.687603 -9.149907 3.344853 -7.663309 -1.75 3.363237 -7.788403 -1.75 3.305764 -7.867643 -1.75 3.182026 -7.899229 -1.75 3.069549 -7.800744 -1.75 3.091439 -7.649082 -1.75 3.225327 -7.595118 -1.75 0.8942548 -7.056607 -1.75 0.9321756 -7.189629 -1.75 0.8268988 -7.305406 -1.75 0.6447815 -7.251639 -1.75 0.656265 -7.060647 -1.75 0.789707 -7.005409 -1.75 1.195769 -8.205158 -1.75 1.242759 -8.348739 -1.75 1.118445 -8.472837 -1.75 0.9459068 -8.384774 -1.75 0.9739875 -8.212041 -1.75 1.094694 -8.163269 -1.75 3.002744 -6.468772 -1.75 3.0541 -6.569243 -1.75 3.023105 -6.686591 -1.75 2.880818 -6.743466 -1.75 2.757659 -6.642071 -1.75 2.788442 -6.483528 -1.75 2.892892 -6.43752 -1.75 3.202871 -6.392278 -1.75 2.96462 -6.232507 -1.75 0.5432603 -6.87933 -1.75 0.4248712 -7.13972 -1.75 0.8172422 -8.56169 -1.75 1.264635 -8.799464 -1.75 1.569495 -9.063372 -1.75 1.8529 -9.523126 -1.75 3.1569 -9.173723 -1.75 3.163275 -8.687161 -1.75 3.304521 -8.252878 -1.75 3.569896 -7.828712 -1.75 2.541376 -6.876556 -1.75 1.237376 -7.225961 -1.75 1.430561 -7.174198 -2.4 1.430561 -7.174198 -3.35 2.348191 -6.92832 -3.35 2.348191 -6.92832 -2.4 2.541376 -6.876556 -6.15 1.237376 -7.225961 -6.15 2.632906 -7.218151 -2.929208 2.663995 -7.33418 -3.028851 2.697866 -7.460585 -2.986894 2.711005 -7.509623 -2.860519 2.691749 -7.437757 -2.744972 2.646359 -7.268359 -2.740805 2.941148 -8.368529 -2.889481 2.974081 -8.491434 -3.036624 3.015021 -8.644227 -2.956001 3.019248 -8.659999 -2.820791 2.992908 -8.561697 -2.728439 2.958013 -8.431466 -2.747661 3.031295 -8.706141 -6.150001 3.861353 -11.80278 -2.15 4.016644 -12.38233 -2.15 4.016644 -12.38233 -11.113 1.399743 -7.831923 -2.965241 1.368115 -7.713882 -3.028106 1.335695 -7.592894 -2.974643 1.328906 -7.567556 -2.820791 1.359996 -7.683585 -2.721149 1.401724 -7.839319 -2.789636 1.7192 -9.024153 -2.846844 1.694233 -8.930974 -3.01682 1.649338 -8.763422 -2.992393 1.639489 -8.726669 -2.820788 1.675704 -8.861826 -2.715409 2.712645 -12.73174 -11.113 2.712645 -12.73174 -2.15 2.557353 -12.15218 -2.15 1.722644 -9.037009 -6.15 2.90583 -12.67997 -3.35 3.823459 -12.4341 -3.35 1.543107 -7.594223 -3.01682 1.588001 -7.761771 -2.992395 1.594703 -7.786783 -2.780624 1.545941 -7.604799 -2.728645 1.518666 -7.503008 -2.86857 1.863266 -8.789075 -3.036624 1.910021 -8.963564 -2.922517 1.896343 -8.912521 -2.754876 1.856524 -8.763913 -2.728644 1.829249 -8.66212 -2.86857 2.90583 -12.67997 -2.4 3.823459 -12.4341 -2.4 2.826063 -8.711764 -2.929207 2.784396 -8.556259 -3.038404 2.745891 -8.412558 -2.860367 2.776643 -8.527326 -2.72844 2.816214 -8.675006 -2.757605 2.51742 -7.559891 -2.848767 2.50656 -7.519362 -2.979633 2.468517 -7.377384 -3.030817 2.436295 -7.25713 -2.881431 2.456637 -7.333046 -2.744971 2.49163 -7.463644 -2.728645</float_array>
          <technique_common>
            <accessor source="#front_tosional_manipulator_v4_001-mesh-positions-array" count="452" stride="3">
              <param name="X" type="float"/>
              <param name="Y" type="float"/>
              <param name="Z" type="float"/>
            </accessor>
          </technique_common>
        </source>
        <source id="front_tosional_manipulator_v4_001-mesh-normals">
          <float_array id="front_tosional_manipulator_v4_001-mesh-normals-array" count="2427">0.9602362 -0.2791889 0 0.9632294 -0.2685675 -0.007789373 0.9989285 -0.04617273 0.003183603 0.999716 -0.02383095 4.86822e-4 0.9798895 0.1991391 0.01266121 0.9797371 0.1999226 0.0120933 -0.3010116 0.9536205 0 -0.3114157 0.9502419 -0.007789373 -0.5162461 0.8564344 0.003183364 -0.5394505 0.8420113 -0.003183841 -0.7142343 0.6998634 0.007788956 -0.7219026 0.6919947 0 -0.9969429 0.07813477 0 -0.9969429 0.07813417 0 -0.9944331 -0.1053713 0 -0.9938942 -0.1102715 -0.00382477 -0.9424983 -0.3341974 0.00302869 -0.9333226 -0.3590263 -0.00302881 -0.8356845 -0.5491577 0.007576346 -0.8301054 -0.5576068 0 0.03812175 -0.998713 0.03345239 -0.3168801 -0.9478811 0.03329491 0.07122009 -0.9973817 0.01254796 0.09883785 -0.9950963 -0.00382483 0.3266444 -0.9451414 0.003372669 0.3499571 -0.9367653 -9.50459e-4 0.7198731 -0.6940677 -0.007267236 0.7647405 -0.6443322 0.002873241 3.39284e-7 0 -1 -1.60711e-7 0 -1 -3.01988e-7 0 -1 -5.99803e-7 0 -1 0 0 -1 0 0 -1 0 0 -1 -4.57214e-7 0 -1 9.33414e-7 0 -1 0 0 -1 -0.5133131 -0.8581729 -0.007011353 -0.4879015 -0.8693851 0.07824176 0.9361228 0.3516412 -0.004762709 0.9523072 0.3050428 0.007744491 0.9945216 -0.1042982 -0.006976485 0.9885421 -0.1509271 0.00236231 0.5460866 -0.837624 -0.01325219 0.5990751 -0.8006869 0.003095328 0.1059286 -0.9942681 -0.014494 0 0 1 4.1341e-7 0 1 0 0 1 0 0 1 -1.33333e-7 0 1 0.4871967 0.8681305 0.09480923 0.5151976 0.8570707 0.001149475 0.50992 0.8602097 -0.004588425 -0.177488 0.9839195 0.02001529 0.152055 0.9842566 -0.09010213 -0.1771828 0.9841411 0.00852555 -0.7521775 0.6573588 0.04591882 -0.5920854 0.8058661 -0.003870069 -0.9406835 0.3390283 -0.01320898 -0.9955938 -0.08829855 0.03156578 -0.9861052 -0.1659686 -0.007149636 -0.9153566 -0.4026166 0.00469321 -0.9062646 -0.4225378 -0.01210206 0.1808091 -0.9833154 0.01997953 -0.08240932 -0.9923816 -0.09158372 0.257783 -0.9657574 -0.02933472 0.6206273 -0.7831415 0.03887701 0.7676051 -0.6405148 -0.02287352 0.9795098 -0.1999391 0.02418977 0.9931559 -0.1163015 -0.01074677 0.8950077 0.4460501 8.18446e-4 0.8700295 0.4928913 0.01034432 0.5804529 0.8141393 -0.01586747 0.5611165 0.827737 -2.04152e-6 0.5130133 0.8583808 7.58081e-6 0.5130544 0.8583561 4.73594e-6 0.5130133 0.8583807 -4.06992e-6 0.4865446 0.8736322 -0.006417274 0.4790868 0.8777675 5.33119e-7 -0.561105 -0.8277447 4.94897e-6 -0.5516469 -0.834076 -0.001723408 -0.8725156 -0.4885059 -0.008857905 -0.815869 -0.5782251 0.003692805 -0.9963114 -0.08494287 0.01217681 -0.978326 0.206301 -0.01784443 -0.850264 0.5261391 0.01513075 -0.6165131 0.787158 -0.01714283 -0.3713107 0.9284024 0.01405119 -0.3065607 0.9517536 -0.01363265 -0.0871824 0.9960299 0.01799511 -1.98989e-7 0 1 0 0 1 0 0 1 4.80064e-7 0 1 -1.45712e-7 0 1 -2.83658e-7 0 1 -0.492524 -0.8687065 0.05262202 -0.4790865 -0.8777678 0 -0.5007899 -0.8655689 1.34123e-6 -0.5007899 -0.8655689 2.99478e-6 -0.5007899 -0.8655689 -3.48552e-6 -0.4337798 -0.746278 -0.5048805 -0.3877699 -0.7712429 -0.5047959 -0.2498661 -0.4360982 -0.8645146 -0.2515553 -0.4370784 -0.8635291 -0.4753535 -0.7193264 -0.5065655 -0.5000005 -0.8660252 -5.43404e-7 -0.500002 -0.8660243 0 -0.4999997 -0.8660256 0 -0.5000004 -0.8660253 2.52295e-7 -0.5 -0.8660254 3.58524e-7 -0.4999998 -0.8660256 0 -0.5000013 -0.8660247 0 -0.4999998 -0.8660255 -1.54441e-6 -0.8660253 0.5000002 0 -0.8660255 0.4999999 0 -0.8660251 0.5000005 -1.71507e-7 -0.866014 0.5000199 -9.91699e-5 -0.8661438 0.4997949 1.09553e-4 -0.8660045 0.5000361 -1.8842e-5 -0.8660279 0.4999959 -1.98614e-5 -0.8662468 0.4996165 0 -0.8659402 0.5001477 -3.0256e-5 -0.8660237 0.5000032 -1.02415e-4 -0.8660255 0.5000001 -2.55653e-6 -0.8660262 0.4999988 0 -0.8660256 0.4999998 0 -0.8660255 0.4999998 -6.44732e-7 -0.8660323 0.4999881 -1.19083e-5 -0.8660247 0.5000014 6.40942e-7 -0.8660253 0.5000002 9.3134e-7 -0.866029 0.4999939 1.16824e-6 -0.8660278 0.4999961 0 -0.8660236 0.5000032 1.75634e-6 -0.8660367 0.4999806 -1.05178e-4 -0.8659642 0.5001059 -9.8126e-5 -0.8660233 0.5000036 4.02288e-6 -0.8660268 0.4999977 1.16104e-6 0.8660254 -0.5000002 4.87282e-7 0.8660267 -0.499998 0 0.8660103 -0.5000262 2.83084e-6 0.8660252 -0.5000004 1.22225e-7 0.866025 -0.500001 0 0.8660256 -0.4999998 -4.42406e-7 0.8660284 -0.499995 -2.66002e-7 0.8660243 -0.5000022 0 0.8660253 -0.5000002 0 0.8660252 -0.5000005 3.37824e-7 0.8660216 -0.5000067 6.66427e-6 0.8660276 -0.4999963 0 0.8660253 -0.5000004 0 0.8660257 -0.4999997 0 0.8660246 -0.5000017 0 0.8660251 -0.5000006 0 0.8660252 -0.5000005 -3.55441e-6 0.8660269 -0.4999974 -4.28498e-7 0.8660256 -0.4999997 3.15148e-7 0.8660247 -0.5000014 -1.58863e-6 0.866026 -0.4999992 -1.22815e-7 0.8660258 -0.4999993 -7.27482e-7 0.8660313 -0.4999898 -3.38882e-7 0.8660213 -0.5000072 0 0.8660292 -0.4999934 0 0 -2.18027e-7 -1 1.13059e-6 -1.76649e-7 -1 0.3535548 0.6123729 0.7071057 0.3535536 0.6123732 0.7071061 -0.5116649 -0.8591803 0.00286436 -0.5365014 -0.8438829 -0.00529915 3.4683e-6 1.01373e-5 -1 5.06879e-6 5.52939e-7 -1 -0.8660258 0.4999994 -2.70276e-6 -0.8660255 0.4999998 0 -0.8660244 0.500002 5.64231e-6 -0.8660257 0.4999997 0 -0.8660258 0.4999995 3.9232e-6 -0.8660262 0.4999988 2.34776e-6 -0.8660255 0.4999998 -2.01897e-6 -0.8660142 0.5000197 6.17986e-5 -0.8660249 0.5000011 0 -0.8660262 0.4999988 3.12175e-6 -0.8660249 0.500001 -1.80888e-6 -0.8660257 0.4999997 -2.094e-6 -0.8660254 0.5 0 -0.8660256 0.4999997 0 -0.8660259 0.4999992 4.98855e-6 -0.8660249 0.5000011 -7.64205e-6 -0.8660258 0.4999994 2.12183e-6 -5.88685e-7 0 1 2.94342e-7 0 1 0.5000034 0.8660235 0 0.499999 0.866026 2.58629e-7 0.5000002 0.8660253 0 0.5000016 0.8660245 0 0.500003 0.8660237 0 0.500001 0.8660249 5.6514e-6 0.4999986 0.8660263 -8.03093e-6 0.5000009 0.8660249 0 2.64176e-7 0 -1 0.8660255 -0.5000001 0 0.8660236 -0.5000032 -1.59912e-6 0.8660255 -0.4999998 -1.047e-6 0.8660261 -0.4999991 -2.58721e-6 0.8660256 -0.4999997 0 0.8660258 -0.4999994 0 0.8660249 -0.500001 -7.61545e-6 0.8660245 -0.5000016 6.36119e-6 0.8660251 -0.5000007 -4.21259e-6 0.8660263 -0.4999987 2.28809e-6 0.8660254 -0.5000001 0 0.866025 -0.5000008 -3.04043e-6 0.8660261 -0.4999989 0 0.8660261 -0.4999988 0 0.866025 -0.5000008 4.00788e-6 0.8660258 -0.4999993 7.27994e-6 0.866025 -0.5000008 2.18694e-6 -0.4407656 -0.6904925 -0.5735381 -0.411611 -0.8408058 -0.3515992 -0.476086 -0.7588907 0.4443276 -0.2038202 -0.549116 0.8105116 -0.0965535 -0.1075648 0.9894985 0.3708974 0.5445881 0.752236 0.3827828 0.7015293 0.6011107 0.4813147 0.81417 -0.3247517 0.4814283 0.7913576 -0.3768025 0.05708587 0.1379414 -0.9887939 0.05451148 0.02947956 -0.9980779 -0.4314022 -0.7149149 -0.5502626 -0.4217424 -0.7638149 -0.4885902 -0.479698 -0.7973056 0.3663246 -0.434955 -0.7861933 0.4389926 -0.109973 -0.1576557 0.9813514 -0.04198831 -0.1062878 0.9934486 0.3344287 0.6125832 0.7161699 0.3877784 0.639356 0.6639668 0.464365 0.84654 -0.2602598 0.4859831 0.8035773 -0.3436335 0.027933 0.08655071 -0.9958559 0.01906633 -0.009213387 -0.9997758 0.509743 0.8137708 -0.2791759 0.3732149 0.8177224 0.4382244 0.3733375 0.5856196 0.7194921 -0.1467785 -0.2245768 0.9633386 -0.1655484 -0.3198796 0.9328831 -0.4933163 -0.8666115 0.07499015 -0.4987805 -0.8319486 0.2430628 -0.3256444 -0.4635007 -0.8240891 -0.2235509 -0.4944437 -0.8399706 0.1752231 0.2789573 -0.944182 0.235678 0.5969282 -0.766898 0.4464768 0.6457555 -0.6194016 0.4483175 0.8209958 -0.3535217 0.4486679 0.6244457 0.6393471 0.42294 0.758314 0.4960662 -0.01194256 0.07756292 0.996916 -0.1125376 -0.3341327 0.9357835 -0.4752295 -0.7196594 0.5062087 -0.4298182 -0.9025329 0.02628308 -0.4864982 -0.7524703 -0.4439683 -0.1301363 -0.4052477 -0.9048972 -0.06778872 -0.02999228 -0.9972489 -0.6882839 0.7254094 -0.006829261 -0.689554 0.7242343 2.2397e-6 -0.6864484 0.7271786 1.19297e-6 -0.6864484 0.7271786 9.90497e-7 -0.6864484 0.7271786 5.17927e-7 0.7414087 -0.670869 0.0157541 0.6790658 -0.7338981 -0.01622617 0.2927281 -0.9560511 0.01662844 0.2105421 -0.9775756 -0.004264235 -0.35999 -0.932955 -0.001471102 -0.4162021 -0.9091686 0.01372367 -0.8227307 -0.5683009 -0.01217865 -0.9196844 -0.3920168 0.0224362 -0.9965718 -0.08179217 -0.01243889 -0.955718 0.2940265 0.01231551 -0.922214 0.3866384 -0.005657076 -0.7370581 0.675825 0.002469718 -0.7436981 0.6685157 -6.27938e-6 -1.74268e-7 0 1 0 0 1 -4.68572e-7 0 1 0.9696058 -0.2344789 0.06988716 0.968664 -0.2482858 0.006659567 0.9369405 0.3492885 0.01184087 0.9291655 0.3696346 -0.004681169 0.800533 0.5992316 0.008291423 0.7704228 0.6374112 -0.01248276 0.2806763 0.9597084 0.01344341 0.2169854 0.9761347 -0.008860468 -0.1022638 0.9947038 0.01032346 -0.1264634 0.9918982 -0.01204264 0 0 1 1.68309e-7 0 1 -9.40983e-7 0 1 4.8893e-7 0 1 -4.86343e-7 0 1 8.59219e-7 0 1 0 0 1 -3.28632e-7 0 1 0 0 1 0.8343304 0.2214371 -0.504835 0.819418 0.27194 -0.5045818 0.4836068 0.1436372 -0.8634194 0.4868636 0.1303742 -0.8636935 0.8443915 0.172489 -0.5071987 -0.3088681 0.9510943 0.004493236 -0.4212501 0.9068987 -0.009125649 -0.9048975 0.4255461 0.008434593 -0.9411733 -0.3377972 0.009264528 -0.8343757 -0.5510567 -0.01239675 -0.4122228 -0.9110151 0.01113152 0.4189396 -0.9078204 0.01875913 -0.04705411 -0.9987501 -0.01686102 0.7877483 -0.6157643 -0.0169453 0.9991958 -0.03744512 0.01434022 0.5438536 0.839179 0.001365482 0.5194604 0.8544774 -0.005426943 -0.9682848 0.2496953 -0.008764207 0.9852382 0.1709443 -0.009150683 -0.6739478 0.7387371 0.007874727 -0.739628 0.6730098 -0.002869069 -0.9824429 -0.1862179 0.01134771 -0.3890548 -0.9210758 -0.01599234 -0.3480146 -0.9374549 0.008016288 0.5794281 -0.814974 0.008970618 0.7331187 -0.6797778 -0.02095514 0.9845732 0.1738561 0.01974248 0.9060063 0.4228999 -0.01756131 0.252735 0.9674369 0.01382607 0.07252573 0.9973089 -0.01072895 -0.9940251 -0.109 -0.005772054 -0.3458118 0.9382475 0.0102902 -0.4220865 0.9065548 -0.001147031 -0.9970009 0.07618105 0.01363331 -0.7860822 -0.6179967 -0.01244658 -0.4733361 -0.8806552 0.01998668 -0.09409981 -0.9955074 -0.01050686 0.5238432 -0.8517139 0.01311147 0.6897134 -0.7240028 -0.01075291 0.997025 -0.07619088 0.01167148 0.9873779 0.1577866 -0.01372134 0.6447453 0.7642576 0.01462602 0.4628641 0.886385 -0.008862912 -0.9769358 0.2134111 -0.007218301 -0.9976491 -0.06850582 0.001772463 -0.9800295 -0.1983663 -0.01388961 -0.5589515 -0.8291106 0.01219749 -0.34865 -0.9371604 -0.01317548 0.3730171 -0.9277367 0.01276767 0.55661 -0.8306803 -0.01247715 0.9946895 -0.102153 0.01256364 0.9965699 0.08153766 -0.01414304 0.6152198 0.7882632 0.01208329 0.3592281 0.9331002 -0.01671326 -0.09857958 0.9951082 0.006468653 -0.6462553 0.7629562 -0.01587593 -0.7239461 0.6898557 -0.001124918 0.8305286 -0.5569519 -0.005200266 0.8166636 -0.5771114 0.001770317 0.8275852 -0.5613282 -0.003697872 0.8135979 -0.5814187 0.003276526 0.9667319 0.2556614 -0.008182168 0.9661211 0.2580823 -0.001913428 0.4137725 0.9100703 -0.02375704 0.5536312 0.8326175 0.01551413 0.4442546 0.8957663 -0.01551443 0.5812599 0.8133712 0.02375674 -0.2512124 0.9678178 -0.01486951 -0.2659849 0.9639408 0.008378863 -0.8896885 0.4565662 -0.001314818 -0.7686899 0.6367383 0.06066519 -0.7201249 0.6934139 0.02444165 -0.4539719 0.891016 0 -0.6279222 0.778272 -0.002537608 -0.4640203 0.885808 0.005426764 -0.6466183 0.7628093 0.002645134 -0.8268751 0.5623781 -0.002954065 -0.8272284 0.5618658 0 -0.923605 0.3833455 -6.8415e-6 -0.8373378 0.5466694 -0.00425136 -0.5997329 -0.8002003 1.80528e-4 -0.4518726 -0.8920825 1.74355e-4 -0.5990957 -0.8006011 -0.01106488 -0.6000207 -0.7999844 5.73322e-6 -0.4400124 -0.8979918 0 -0.4302507 -0.9027046 0.002953588 -0.1786251 -0.9839137 -0.002646207 -0.1546588 -0.9879648 0.002537429 0.0410518 -0.9991423 -0.005426824 0.05235731 -0.9986285 0 0.2516276 -0.9678226 0.001772701 0.2475553 -0.9688637 -0.004439651 -3.79482e-7 0 -1 -6.13978e-7 0 -1 -2.09394e-6 0 -1 -1.72087e-4 0 -1 3.03947e-6 0 -1 5.66425e-7 0 -1 -1.02733e-6 0 -1 5.73053e-7 0 -1 1.19416e-6 0 -1 7.65347e-7 0 -1 -1.71857e-7 0 -1 3.43278e-7 0 -1 -1.61953e-7 0 -1 0.9659262 0.2588176 0 0.9659259 0.2588191 -8.15106e-7 0.965926 0.2588185 -5.30891e-7 0.9659262 0.2588177 0 0.9659259 0.258819 0 0.9659257 0.2588198 1.34446e-7 0.9659261 0.2588182 1.89221e-7 0.965927 0.2588148 0 0.2588181 -0.9659262 9.31886e-7 0.2588191 -0.9659259 0 0.2588148 -0.9659271 -5.64796e-7 0.2588213 -0.9659253 7.66983e-7 0.2586634 -0.9659676 -3.09611e-5 0.2588231 -0.9659248 -9.83455e-5 0.2588188 -0.9659259 6.32805e-6 0.2588178 -0.9659262 1.30891e-6 0.2588194 -0.9659258 -7.45096e-6 0.2588193 -0.9659259 -4.77158e-6 0.2588188 -0.965926 -2.3328e-7 0.2588209 -0.9659253 -1.38559e-6 0.2587732 -0.9659381 -9.47095e-5 0.2587961 -0.965932 -9.52229e-5 0.2588188 -0.9659259 -4.08512e-7 0.2588191 -0.9659259 -1.17357e-6 0.2588196 -0.9659257 0 0.2588192 -0.9659258 0 0.2588243 -0.9659245 -3.77032e-7 0.2588103 -0.9659282 -3.98223e-6 0.2588193 -0.9659258 4.01947e-7 0.258818 -0.9659262 0 0.2588202 -0.9659255 1.33002e-7 0.2589089 -0.9659018 -1.68317e-6 0.258763 -0.965941 1.01147e-4 -0.2588191 0.9659258 7.60928e-7 -0.25882 0.9659256 0 -0.2588192 0.9659258 1.5699e-7 -0.2588188 0.9659259 0 -0.258817 0.9659264 1.19294e-6 -0.2588201 0.9659256 -1.42579e-7 -0.2588193 0.9659259 0 -0.2588227 0.9659249 -1.69836e-6 -0.2588195 0.9659258 0 -0.2588134 0.9659274 -1.92071e-6 -0.2588198 0.9659257 2.54917e-7 -0.2588194 0.9659258 5.97538e-7 -0.2588195 0.9659258 1.73632e-7 -0.2588189 0.9659259 0 -0.2588114 0.965928 0 -0.2588191 0.9659259 2.20429e-7 -0.2588174 0.9659263 -1.52075e-6 -0.2588191 0.9659259 7.26907e-7 -0.2588189 0.9659259 4.72632e-7 -0.2588602 0.9659148 -1.9372e-5 -0.2588176 0.9659262 -2.0349e-5 -0.2583861 0.9660418 0 -0.2588191 0.9659258 -5.86783e-7 -0.2588186 0.9659261 0 7.45944e-7 0 -1 -7.53718e-7 3.41254e-7 -1 -0.6830111 -0.1830145 0.7071079 -0.6830149 -0.1830098 0.7071053 0.9693344 0.2457289 0.002861857 0.976078 0.2173569 -0.005289793 -3.38039e-6 -3.33765e-6 -1 -6.93648e-6 -3.0296e-6 -1 -3.52234e-7 0 1 1.76118e-7 0 1 0.2588205 -0.9659254 0 0.258819 -0.9659259 1.22883e-6 0.2588188 -0.9659259 1.2091e-6 0.25882 -0.9659256 -7.64467e-6 0.2588199 -0.9659256 -9.3202e-7 0.2588195 -0.9659258 0 0.258818 -0.9659261 1.06283e-5 0.2588186 -0.9659261 1.37878e-6 0.2588195 -0.9659258 1.15104e-6 0.258819 -0.9659259 -1.75217e-6 0.2588193 -0.9659258 0 0.2588193 -0.9659258 3.69461e-6 0.2588194 -0.9659258 0 0.2588194 -0.9659258 0 0.2588211 -0.9659253 -1.21555e-5 0.2588194 -0.9659258 -1.01819e-6 4.41512e-7 0 1 -0.9659217 -0.2588348 0 -0.9659279 -0.2588115 -1.03452e-6 -0.9659252 -0.2588216 7.13774e-7 -0.9659155 -0.258858 0 -0.9659212 -0.2588365 0 -0.9659254 -0.2588208 -2.18991e-5 -0.9659272 -0.2588141 3.21239e-5 -0.9659163 -0.2588549 0 1.76117e-7 0 -1 -1.76118e-7 0 -1 -0.2588176 0.9659262 0 -0.2588187 0.965926 1.0739e-6 -0.2588189 0.9659259 0 -0.2588186 0.9659259 0 -0.2588192 0.9659259 -2.03765e-6 -0.2588148 0.965927 -1.77207e-6 -0.2588188 0.965926 -4.88011e-7 -0.2588185 0.965926 7.49932e-6 -0.2588192 0.9659259 -1.96094e-6 -0.2588193 0.9659258 -4.1104e-6 -0.2588187 0.9659259 0 -0.2588189 0.9659259 8.20693e-7 -0.2588193 0.9659258 2.63433e-6 -0.258817 0.9659264 2.22892e-6 -0.2588198 0.9659256 1.41428e-6 -0.2588191 0.9659259 2.79903e-6 0.8294929 0.2014929 -0.5209052 0.789319 0.2548868 -0.5585771 0.8322604 0.2094891 0.5132806 0.6729984 0.2500113 0.6961088 0.04909706 -0.02400916 0.9985054 -0.4199388 -0.02908545 0.9070864 -0.744947 -0.2445226 0.6206954 -0.9796061 -0.1963236 -0.04276812 -0.8862658 -0.2855941 -0.3646492 -0.3253083 -0.02775824 -0.9452005 -0.122141 -0.05584108 -0.9909406 0.968094 0.1630045 -0.190325 0.8796115 0.3257198 0.3466847 0.4505096 0.05384016 0.8911468 -0.1867393 0.05874902 0.9806514 -0.6559473 -0.2271214 0.7198258 -0.9832902 -0.1817799 -0.009822487 -0.8830381 -0.3028508 -0.3585045 -0.3802445 -0.0420553 -0.9239294 0.01234722 -0.08659172 -0.9961675 0.6118447 0.2076488 -0.7632352 -0.5792277 -0.1040491 -0.808498 -0.9542479 -0.2913478 0.06728649 -0.9212831 -0.2017496 0.3324674 -0.2298738 -0.09844881 0.9682282 -0.1758097 -0.02896153 0.9839981 0.6509637 0.1786571 0.7377859 0.6960821 0.1692515 0.6977275 0.9577808 0.2724863 -0.09168994 0.9558922 0.228621 -0.1843985 0.4793102 0.1657522 -0.8618515 0.3506572 0.07950496 -0.933123 -0.5076943 -0.1915477 -0.8399739 -0.9509308 -0.2429884 0.1915398 -0.952709 -0.3037736 -0.008204042 -0.2118849 -0.06942689 0.9748256 -0.1238734 -0.07570779 0.9894058 0.7772539 0.2349697 0.5836657 0.9083303 0.1747974 0.3799765 0.8999801 0.2791303 -0.3348464 0.6810526 0.1146957 -0.723196 0.2568004 0.1197801 -0.9590132 -0.280978 -0.1476451 -0.9482891 -0.5825287 -0.121092 -0.8037394 -0.2214369 0.8343304 -0.5048352 -0.2719367 0.8194167 -0.5045858 -0.1436367 0.4836073 -0.8634191 -0.130374 0.4868637 -0.8636934 -0.1724864 0.8443926 -0.5071977 -0.8300607 -0.5576688 -0.002221167 -0.782766 -0.622229 -0.01041573 -0.06719583 -0.9976941 0.009555041 0.06467968 -0.9978863 -0.006294608 0.788671 -0.6148063 0.003372609 0.9388458 0.34433 0.002363622 0.9117807 0.4106514 -0.004652976 0.2334395 0.9723412 0.007651686 0.04836261 0.9987094 -0.01551312 -0.5611367 0.8276683 0.009543716 -0.8951086 0.4455156 -0.01722306 -0.9730481 0.2305983 -0.001374125 0.8296176 -0.5583278 -0.002182722 -0.7659512 -0.6428382 0.00883603 -0.6487051 -0.7610123 -0.00649333 -0.0323494 -0.9994475 0.007632136 0.0808773 -0.9967138 -0.004532933 0.8128285 -0.5823428 0.01366531 0.818863 0.5736154 0.02071112 0.974739 0.2232223 -0.007474422 0.5977343 0.8016808 -0.004639983 -0.06484794 0.9978918 -0.002596139 -0.2696591 0.9627466 0.02007287 -0.8100519 0.5861815 -0.01439404 -0.97404 0.2258167 0.01590275 -0.9877296 -0.1558852 -0.009503424 0.8170018 -0.5766353 1.03926e-4 -0.003749191 -0.9999923 0.001229763 -0.72974 -0.6836429 0.01057958 -0.06436693 -0.9977926 -0.01633906 0.7789815 -0.6270177 0.006057202 0.8250111 -0.5651043 -0.003720283 0.8941383 0.4472871 0.02123588 0.1607203 0.9868362 -0.01798599 -0.1577255 0.9871228 0.02666848 -0.8189831 0.5734561 -0.02036559 -0.9723678 0.2324277 0.0218743 -0.9042452 -0.4265653 -0.01956468 0.9385033 0.3452277 -0.005437672 -0.6356675 -0.771921 0.008052825 -0.01894354 -0.9997491 -0.01196146 0.07298398 -0.9973261 0.003749966 0.7786203 -0.6274825 0.00403589 0.8305779 -0.5568569 -0.007138609 0.940234 0.3404367 0.007926046 0.9089609 0.4168506 -0.005077421 0.1553894 0.9878303 0.006740272 -0.7482717 0.6633006 0.0110417 -0.6240746 0.7813467 -0.005331158 -0.9944183 0.1051072 -0.009215831 -0.9940201 -0.1087912 0.009414136 -0.775043 -0.6318343 -0.009691238 0.1512378 0.9884932 -0.002894639 0.5569523 0.8305282 -0.005201101 0.5771112 0.8166638 0.001770198 0.5613284 0.8275849 -0.003698587 0.5814183 0.8135983 0.003276526 -0.2556615 0.9667318 -0.008182942 -0.2580819 0.9661212 -0.00191307 -0.9100705 0.413772 -0.02375715 -0.8326172 0.5536317 0.01551479 -0.8957664 0.4442543 -0.01551437 -0.8133708 0.5812606 0.02375757 -0.964645 -0.2635151 0.004469752 -0.9639408 -0.2659849 0.008379161 -0.891016 -0.4539719 0 -0.7782717 -0.6279227 -0.002537727 -0.8858082 -0.4640198 0.005426824 -0.7627801 -0.6466526 0.002645194 -0.566601 -0.8239871 -0.00295329 -0.557675 -0.8300594 0 -0.3927978 -0.919625 -5.71832e-6 -0.5466736 -0.8373458 -1.73826e-4 -0.393797 -0.9191309 0.0110656 -0.3931314 -0.9194824 -1.79998e-4 0.800201 -0.599732 1.80058e-4 0.892083 -0.4518717 1.73885e-4 0.8006017 -0.5990948 -0.01106536 0.799984 -0.6000216 5.73322e-6 0.8979917 -0.4400126 0 0.9027042 -0.4302516 0.002952992 0.9839137 -0.1786252 -0.002646267 0.9879647 -0.1546592 0.002537369 0.9991424 0.04105198 -0.005426704 0.9986284 0.05235779 0 0.9678226 0.2516274 0.001772999 0.9688636 0.2475556 -0.004439711 -1.51794e-6 0 -1 6.62128e-7 0 -1 -6.56791e-7 0 -1 1.29562e-6 0 -1 -0.2588157 0.9659268 0 -0.2588188 0.965926 -2.17362e-6 -0.258819 0.9659259 0 -0.2588204 0.9659255 0 -0.2588202 0.9659255 0 -0.2588191 0.9659259 0 -0.2588188 0.9659259 5.0459e-7 -0.2588158 0.9659267 0 0.9659261 0.2588181 0 0.9659261 0.2588183 0 0.965926 0.2588185 -2.824e-7 0.9659262 0.2588178 3.06793e-7 0.9659675 0.2586635 -3.08019e-5 0.9659248 0.2588229 -9.82016e-5 0.9659258 0.2588195 1.58202e-6 0.965926 0.2588186 2.22516e-6 0.9659258 0.2588194 -7.45097e-6 0.965926 0.2588184 -2.51135e-7 0.9659258 0.2588191 -2.3328e-7 0.9659252 0.2588217 -6.92792e-7 0.965938 0.2587739 -9.4826e-5 0.965932 0.2587963 -9.5223e-5 0.9659259 0.2588189 -5.44682e-7 0.9659258 0.2588192 -8.80174e-7 0.9659257 0.2588196 0 0.9659264 0.2588169 0 0.9659253 0.2588213 2.07365e-6 0.9659271 0.2588147 -6.47121e-6 0.9659259 0.2588191 -2.00973e-7 0.9659261 0.2588181 0 0.9659253 0.2588213 0 0.9659018 0.2589089 -1.7479e-6 0.9659408 0.2587631 1.01333e-4 -0.9659258 -0.2588195 4.4964e-7 -0.9659258 -0.2588195 0 -0.9659259 -0.2588193 1.5699e-7 -0.9659259 -0.2588189 0 -0.9659279 -0.2588115 9.37299e-7 -0.9659256 -0.2588203 -3.56449e-7 -0.9659255 -0.2588204 0 -0.9659286 -0.2588088 6.22741e-6 -0.965926 -0.2588185 -3.63746e-7 -0.965926 -0.2588185 -1.92073e-6 -0.9659258 -0.2588194 7.64749e-7 -0.9659259 -0.2588192 1.19507e-6 -0.9659259 -0.2588192 0 -0.9659257 -0.2588198 0 -0.9659278 -0.2588117 0 -0.9659258 -0.2588194 3.30644e-7 -0.9659267 -0.2588164 -4.56226e-6 -0.9659258 -0.2588193 9.34594e-7 -0.9659258 -0.2588192 7.08948e-7 -0.9659149 -0.2588601 -1.94054e-5 -0.9659259 -0.2588188 -2.02604e-5 -0.966042 -0.2583853 0 -0.9659258 -0.2588191 -7.33479e-7 -0.9659261 -0.2588185 0 0 2.43178e-7 -1 -9.42147e-7 0 -1 0.1830145 -0.6830111 0.7071079 0.1830102 -0.6830152 0.7071051 -0.2457289 0.9693345 0.002861976 -0.2173563 0.9760781 -0.005289614 3.90857e-6 -1.46762e-6 -1 1.73412e-6 -1.13065e-5 -1 0.9659253 0.2588208 0 0.9659262 0.2588178 1.22883e-6 0.9659259 0.258819 1.2091e-6 0.9659254 0.2588205 -7.64472e-6 0.9659259 0.2588187 -1.55336e-6 0.9659258 0.2588192 -1.13329e-6 0.9659249 0.2588226 1.41712e-5 0.9659259 0.2588189 1.37878e-6 0.9659258 0.2588194 0 0.9659261 0.2588183 0 0.9659258 0.2588195 -1.0678e-6 0.9659259 0.2588189 3.69461e-6 0.9659258 0.2588194 0 0.9659258 0.2588192 5.2284e-6 0.9659259 0.2588191 -2.4311e-5 0.9659258 0.2588196 -2.54548e-7 0 0 1 0.2588485 -0.965918 0 0.2588108 -0.965928 -1.29315e-6 0.2588222 -0.965925 8.64491e-7 0.2588493 -0.9659178 0 0.2588226 -0.965925 -2.8257e-5 0.2588105 -0.9659281 4.01548e-5 0.2588487 -0.965918 0 2.64177e-7 0 -1 -0.9659265 -0.2588167 0 -0.9659259 -0.258819 2.68475e-7 -0.965926 -0.2588188 -1.21309e-6 -0.9659259 -0.2588188 0 -0.965926 -0.2588186 0 -0.9659255 -0.2588204 -9.56921e-6 -0.9659259 -0.2588193 -2.07405e-6 -0.9659255 -0.2588204 7.49936e-6 -0.9659259 -0.2588192 -1.96094e-6 -0.9659261 -0.2588183 -4.11039e-6 -0.9659257 -0.2588198 0 -0.9659256 -0.2588199 4.92417e-6 -0.9659259 -0.2588189 1.31716e-6 -0.9659259 -0.2588192 4.45787e-6 -0.965926 -0.2588184 0 -0.9659262 -0.258818 2.79903e-6 -0.9659255 -0.2588208 -1.09178e-6 -0.2014956 0.8294932 -0.5209037 -0.2548871 0.7893197 -0.5585759 -0.2094883 0.8322601 0.5132816 -0.2500102 0.6729976 0.6961101 0.02401053 0.04909747 0.9985054 0.02908813 -0.4199401 0.9070855 0.244525 -0.7449449 0.620697 0.1963249 -0.9796059 -0.04276722 0.2855948 -0.8862672 -0.3646454 0.02775853 -0.3253089 -0.9452004 0.05584162 -0.1221415 -0.9909406 -0.1630021 0.9680939 -0.1903277 -0.3257164 0.8796131 0.3466841 -0.0538367 0.4505094 0.891147 -0.05874305 -0.1867374 0.9806521 0.2271257 -0.6559463 0.7198254 0.1817803 -0.9832901 -0.009823739 0.3028504 -0.8830373 -0.3585063 0.04205524 -0.3802439 -0.9239297 0.08659505 0.01234555 -0.9961672 -0.207646 0.6118441 -0.7632365 0.1040469 -0.5792275 -0.8084986 0.2913491 -0.9542475 0.06728583 0.2017475 -0.9212842 0.3324659 0.09844803 -0.2298742 0.9682282 0.02895861 -0.1758106 0.983998 -0.1786567 0.6509612 0.7377882 -0.1692522 0.6960805 0.697729 -0.2724857 0.9577812 -0.09168946 -0.2286223 0.955892 -0.1843977 -0.1657543 0.47931 -0.8618512 -0.07950812 0.3506577 -0.9331225 0.1915485 -0.5076955 -0.839973 0.2429885 -0.9509305 0.1915406 0.3037743 -0.9527087 -0.008205294 0.06943297 -0.2118869 0.9748247 0.07571154 -0.1238746 0.9894054 -0.2349717 0.7772533 0.5836656 -0.1748 0.9083306 0.3799744 -0.2791316 0.8999797 -0.3348464 -0.1146938 0.6810535 -0.7231953 -0.1197767 0.2568018 -0.9590133 0.1476467 -0.2809769 -0.9482893 0.1210934 -0.582527 -0.8037405</float_array>
          <technique_common>
            <accessor source="#front_tosional_manipulator_v4_001-mesh-normals-array" count="809" stride="3">
              <param name="X" type="float"/>
              <param name="Y" type="float"/>
              <param name="Z" type="float"/>
            </accessor>
          </technique_common>
        </source>
        <source id="front_tosional_manipulator_v4_001-mesh-map-0">
          <float_array id="front_tosional_manipulator_v4_001-mesh-map-0-array" count="5904">1 1.556738 0 1.556738 1 0.824876 1 0.824876 0 1.556738 0 0.7318639 1 0.824876 0 0.7318639 1 0 1 0 0 0.7318639 0 0 1 1.556738 0 1.556738 1 0.8248767 1 0.8248767 0 1.556738 0 0.7318648 1 0.8248767 0 0.7318648 1 0 1 0 0 0.7318648 0 0 1 2.189913 0 2.189913 1 1.642435 1 1.642435 0 2.189913 0 1.642435 1 1.642435 0 1.642435 1 0.870207 1 0.870207 0 1.642435 0 0.7722293 1 0.870207 0 0.7722293 1 0 1 0 0 0.7722293 0 0 1 2.189926 0 2.189926 1 1.642444 1 1.642444 0 2.189926 0 1.642444 1 1.642444 0 1.642444 1 0.8702129 1 0.8702129 0 1.642444 0 0.7722335 1 0.8702129 0 0.7722335 1 0 1 0 0 0.7722335 0 0 2.190084 0.4994149 1.828243 1.154893 1.412436 0.023265 1.412436 0.023265 1.828243 1.154893 1.158459 1.114293 1.412436 0.023265 1.158459 1.114293 0.4080724 1.281977 1.828243 1.154893 2.190084 0.4994149 2.286872 0.8047099 2.286872 0.8047099 2.112146 1.102148 1.828243 1.154893 1.412436 0.023265 0.4080724 1.281977 -1.542268 0.439478 -1.542268 0.439478 0.4080724 1.281977 -1.537774 0.9862558 -1.537774 0.9862558 0.4080724 1.281977 -0.3716883 1.660705 -1.537774 0.9862558 -0.3716883 1.660705 -1.68785 1.212649 -1.68785 1.212649 -0.3716883 1.660705 -1.742391 1.547037 -1.742391 1.547037 -0.3716883 1.660705 -1.632331 1.867461 -1.632331 1.867461 -0.3716883 1.660705 -0.5864952 2.006031 -1.632331 1.867461 -0.5864952 2.006031 -1.295911 2.128126 -1.295911 2.128126 -0.5864952 2.006031 -0.8863944 2.163669 -1.718566 -0.3089278 1.084571 -0.858849 -1.542268 0.439478 -1.542268 0.439478 1.084571 -0.858849 1.345044 -0.7945044 -1.542268 0.439478 1.345044 -0.7945044 1.412436 0.023265 -1.718566 -0.3089278 -1.012428 -1.37673 -0.3494102 -1.678219 -1.718566 -0.3089278 -0.3494102 -1.678219 -0.08456295 -1.533849 -0.08456295 -1.533849 -0.3494102 -1.678219 0.293301 -2.188329 -1.012428 -1.37673 -1.718566 -0.3089278 -2.105248 -1.08391 -1.012428 -1.37673 -2.105248 -1.08391 -1.874029 -1.814328 -1.874029 -1.814328 -2.105248 -1.08391 -2.237729 -1.223436 -1.874029 -1.814328 -2.237729 -1.223436 -2.286642 -1.519127 -1.874029 -1.814328 -2.286642 -1.519127 -2.154227 -1.739158 -0.08456295 -1.533849 1.084571 -0.858849 -1.718566 -0.3089278 1.462436 -1.513329 1.345044 -0.7945044 1.084571 -0.858849 0.8 0 0 0 0.8 -0.3 0.8 -0.3 0 0 0 -0.3 -1 0.1151396 0.3 0.1268313 -1 0.4556924 -1 0.4556924 0.3 0.1268313 0.3 0.486781 -1 0.4556924 0.3 0.486781 -1 0.8246728 -1 0.8246728 0.3 0.486781 0.3 0.7949345 -1 0.8246728 0.3 0.7949345 0.3 1.084121 -1 0.8246728 0.3 1.084121 -1 1.126313 -1 1.126313 0.3 1.084121 0 1.256637 0.3107146 -0.5861521 0.6410276 -0.4450682 0.7408369 -0.1576693 0.7408369 -0.1576693 0.6394346 0.06210958 0.3107146 -0.5861521 0.3107146 -0.5861521 0.6394346 0.06210958 -0.6394346 -0.06211036 -0.6394346 -0.06211036 0.6394346 0.06210958 -0.3107151 0.5861521 -0.6394346 -0.06211036 -0.3107151 0.5861521 -0.7240908 0.2649242 -0.7240908 0.2649242 -0.3107151 0.5861521 -0.5802872 0.5204153 0 -0.3 0.8 -0.3 0 0 0 0 0.8 -0.3 0.8 1 0 0 0.8 1 0 1 0.3 -1.429153 0 -1.274505 0 -1.527979 0.3 -1.429153 0 -1.527979 0.3 -1.817052 0.3 -1.817052 0 -1.527979 0 -1.737419 0.3 -1.817052 0 -1.737419 0 -1.946856 0.3 -1.817052 0 -1.946856 0.3 -2.137213 0.3 -2.137213 0 -1.946856 0 -2.156294 0.3 -2.137213 0 -2.156294 0.3 -2.386442 0.3 -2.386442 0 -2.156294 0 -2.388987 0.3 -1.433554 0 -1.335246 0 -1.55657 0.3 -1.433554 0 -1.55657 0.3 -1.737417 0.3 -1.737417 0 -1.55657 0 -1.82305 0.3 -1.737417 0 -1.82305 0.3 -2.003896 0.3 -2.003896 0 -1.82305 0 -2.03249 0.3 -2.003896 0 -2.03249 0 -2.289604 0.3 -2.003896 0 -2.289604 0.3 -2.316912 0.3 -2.316912 0 -2.289604 0 -2.513265 0.3 -2.316912 0 -2.513265 0.3 -2.513274 0.3 -2.513274 0 -2.513265 -1 -2.513265 0 -0.3 0.8 -0.3 0 1 0 1 0.8 -0.3 0.8 1 -1 0 0.3 0 -1 0.1963565 -1 0.1963565 0.3 0 0.3 0.1666197 -1 0.1963565 0.3 0.1666197 0.3 0.3760623 -1 0.1963565 0.3 0.3760623 -1 0.510516 -1 0.510516 0.3 0.3760623 0.3 0.6414015 -1 0.510516 0.3 0.6414015 -1 0.7758546 -1 0.7758546 0.3 0.6414015 0.3 0.8996627 -1 0.7758546 0.3 0.8996627 -1 1.07972 -1 1.07972 0.3 0.8996627 0.3 1.132351 -0.3151835 0.5840027 -0.5953795 0.5088348 -0.7270964 0.2874501 -0.3151835 0.5840027 -0.7270964 0.2874501 -0.6788856 -0.006884157 -0.3151835 0.5840027 -0.6788856 -0.006884157 -0.54641 -0.14641 -0.3151835 0.5840027 -0.54641 -0.14641 0.54641 0.14641 0.54641 0.14641 -0.54641 -0.14641 0.2633709 -0.5846443 0.54641 0.14641 0.2633709 -0.5846443 0.6668273 0.03387463 0.6668273 0.03387463 0.2633709 -0.5846443 0.7408371 -0.1576706 0.7408371 -0.1576706 0.2633709 -0.5846443 0.6788831 -0.4068885 0.6788831 -0.4068885 0.2633709 -0.5846443 0.489381 -0.5700321 0 0 0 -0.3 0.799991 0 0.799991 0 0 -0.3 0.8 -0.3 0.799991 0 0.8 -0.3 0.7999913 1 1.903772 -0.868203 0.7346385 -0.1932021 0.431636 -3.418018 0.431636 -3.418018 0.7346385 -0.1932021 -0.737498 -2.743018 0.431636 -3.418018 -0.737498 -2.743018 0.3112241 -4.229676 0.3112241 -4.229676 -0.737498 -2.743018 -1.301324 -3.204094 0.3112241 -4.229676 -1.301324 -3.204094 -0.06733453 -4.992188 -0.06733453 -4.992188 -1.301324 -3.204094 -1.222916 -5.216787 -0.06733453 -4.992188 -1.222916 -5.216787 -0.1883947 -5.158048 -0.1883947 -5.158048 -1.222916 -5.216787 -1.138375 -5.44088 -0.1883947 -5.158048 -1.138375 -5.44088 -0.2103074 -5.362216 -0.2103074 -5.362216 -1.138375 -5.44088 -0.7149003 -6.246188 -0.7149003 -6.246188 -1.138375 -5.44088 -1.402108 -6.591075 -1.222916 -5.216787 -1.301324 -3.204094 -1.442027 -5.086457 -1.442027 -5.086457 -1.301324 -3.204094 -1.851292 -3.962222 -1.851292 -3.962222 -1.301324 -3.204094 -1.898149 -3.718031 -1.898149 -3.718031 -1.301324 -3.204094 -2.043227 -3.554616 -1.442027 -5.086457 -1.851292 -3.962222 -1.934403 -4.149994 -1.442027 -5.086457 -1.934403 -4.149994 -1.706753 -5.114914 -1.706753 -5.114914 -1.934403 -4.149994 -2.15579 -4.281711 -1.706753 -5.114914 -2.15579 -4.281711 -2.783286 -4.53063 -2.783286 -4.53063 -2.15579 -4.281711 -2.370816 -4.277429 -3.136048 -3.847437 -2.783286 -4.53063 -2.370816 -4.277429 -2.783286 -4.53063 -2.573067 -5.370825 -1.706753 -5.114914 -1.706753 -5.114914 -2.573067 -5.370825 -2.568573 -5.917603 0.12766 -6.04564 -0.1099567 -5.565257 -0.7149003 -6.246188 0.12766 -6.04564 0.674456 -6.047432 -0.1099567 -5.565257 -0.1099567 -5.565257 -0.2103074 -5.362216 -0.7149003 -6.246188 0.3112241 -4.229676 -0.06733453 -4.992188 0.1204388 -4.909079 0.1204388 -4.909079 0.3651757 -4.947793 0.3112241 -4.229676 2.136196 -0.02449631 2.136281 0.8018417 -1.789861 0.5830551 2.136196 -0.02449631 -1.789861 0.5830551 -1.78986 -0.5834805 -1.78986 -0.5834805 2.136278 -0.8018415 2.136196 -0.02449631 -2 0.25 -1.35 1.4 -2 1.6 -2 1.6 -1.35 1.4 -0.4 1.4 -2 1.6 -0.4 1.4 2.4 1.6 2.4 1.6 -0.4 1.4 2.4 0.25 2.4 0.25 -0.4 1.4 -0.4 0.45 2.4 0.25 -0.4 0.45 -2 0.25 -2 0.25 -0.4 0.45 -1.35 0.45 -2 0.25 -1.35 0.45 -1.35 1.4 3 -1.944272 3 1.000002 2 -1.944272 2 -1.944272 3 1.000002 0.9620787 -1.104042 0.8685652 -0.8601493 3 1.000002 1.6 2.400001 0.8685652 -0.8601493 1.6 2.400001 -2.4 -0.825068 -2.4 -0.825068 1.6 2.400001 -5.399958 -0.8251417 -5.399958 -0.8251417 1.6 2.400001 -7.363029 2.581828 -7.363029 2.581828 1.6 2.400001 1.6 3 -7.363029 2.581828 1.6 3 -7.363 3 -2.4 -2.7 0.7401708 -2.15027 -2.4 -0.825068 -2.4 -0.825068 0.7401708 -2.15027 0.7806603 -1.10344 0.7806603 -1.10344 0.7401708 -2.15027 0.868566 -2.060148 0.7806603 -1.10344 0.868566 -2.060148 0.9620787 -1.104042 2 -2.7 0.7810066 -2.303363 -2.4 -2.7 2 -1.944272 1.009829 -2.249731 2 -2.7 2 -2.7 0.9179788 -2.340028 0.7810066 -2.303363 -2.4 -2.7 0.7810066 -2.303363 0.7401708 -2.15027 0.868566 -2.060148 2 -1.944272 0.9620787 -1.104042 0.868566 -2.060148 0.9991336 -2.122244 2 -1.944272 0.9991336 -2.122244 1.009829 -2.249731 2 -1.944272 1.009829 -2.249731 0.9179788 -2.340028 2 -2.7 -2.4 -0.825068 0.7806603 -1.10344 0.7401706 -0.950271 0.7401706 -0.950271 0.8685652 -0.8601493 -2.4 -0.825068 0.8685652 -0.8601493 1.005503 -0.9398261 3 1.000002 3 1.000002 1.005503 -0.9398261 0.9620787 -1.104042 -2 0.5 -1.01663 0.9756523 -2 1.255728 2.4 0.5 -0.7830979 0.8895193 -2 0.5 -2 0.5 -0.7830979 0.8895193 -0.9247286 0.8651711 2.4 2.374932 -0.73337 1.024348 2.4 0.5 2.4 2.374932 5.399959 2.374861 -1.6 5.600001 -1.6 5.600001 5.399959 2.374861 7.363028 5.781826 -1.6 5.600001 7.363028 5.781826 -1.6 6.2 -1.6 6.2 7.363028 5.781826 7.363 6.2 2.4 2.374932 -1.6 5.600001 -0.8252683 2.334829 -0.8252683 2.334829 -1.6 5.600001 -3 4.200001 -0.8252683 2.334829 -3 4.200001 -0.9527552 2.324135 -0.9527552 2.324135 -3 4.200001 -1.015146 2.194848 -1.015146 2.194848 -3 4.200001 -3 1.255728 -1.015146 2.194848 -3 1.255728 -2 1.255728 -1.015146 2.194848 -2 1.255728 -0.905966 2.063367 -0.905966 2.063367 -2 1.255728 -0.9504973 1.117899 -0.905966 2.063367 -0.9504973 1.117899 -0.805819 1.129528 -0.805819 1.129528 -0.7677637 2.100223 -0.905966 2.063367 -0.7677637 2.100223 -0.805819 1.129528 2.4 2.374932 2.4 2.374932 -0.805819 1.129528 -0.73337 1.024348 2.4 0.5 -0.73337 1.024348 -0.7830979 0.8895193 -2 0.5 -0.9247286 0.8651711 -1.01663 0.9756523 -1.01663 0.9756523 -0.9504973 1.117899 -2 1.255728 2.4 2.374932 -0.8252683 2.334829 -0.7333699 2.224348 -0.7333699 2.224348 -0.7677637 2.100223 2.4 2.374932 -0.06543195 1.463332 -1.003914 3.086531 -1.234567 0.788332 -1.234567 0.788332 -1.003914 3.086531 -2.172033 2.412071 -1.335944 -0.1872259 -0.290238 -1.041041 -0.08374595 1.346397 -0.08374595 1.346397 -0.290238 -1.041041 0.96196 0.492582 1.5 0.6744695 -1.5 0.675621 -1.5 -0.02064037 -1.5 -0.675621 1.5 -0.675621 -1.5 -0.02064037 -1.5 -0.02064037 1.5 -0.675621 1.5 0.6744695 -5.706756 11.2334 -5.915435 11.59583 -7.084569 10.92083 -5.706756 11.2334 -7.084569 10.92083 -6.875458 10.55864 -3.33636 -4.82875 -2.513635 -5.30375 -0.48636 0.107595 -0.48636 0.107595 -2.513635 -5.30375 0.336365 -0.367405 -2.977655 -5.438289 -3.35 -5.85 -2.814825 -5.480502 -2.814825 -5.480502 -3.35 -5.85 -2.4 -5.85 -2.814825 -5.480502 -2.4 -5.85 -2.731894 -5.363138 -2.731894 -5.363138 -2.4 -5.85 -2.735009 -4.144548 -2.731894 -5.363138 -2.735009 -4.144548 -2.828934 -5.22275 -2.828934 -5.22275 -2.735009 -4.144548 -2.832481 -4.283082 -3.35 -5.85 -2.977655 -5.438289 -3.018106 -4.136861 -3.018106 -4.136861 -2.977655 -5.438289 -2.992365 -5.267069 -3.018106 -4.136861 -2.992365 -5.267069 -2.975351 -4.257206 -2.975351 -4.257206 -2.992365 -5.267069 -2.832481 -4.283082 -2.832481 -4.283082 -2.992365 -5.267069 -2.828934 -5.22275 -3.35 -5.85 -3.018106 -4.136861 -3.35 -0.15 -3.018106 -4.136861 -2.935175 -4.019497 -3.35 -0.15 -3.35 -0.15 -2.935175 -4.019497 -2.4 -0.15 -2.4 -0.15 -2.935175 -4.019497 -2.805818 -4.020472 -2.4 -0.15 -2.805818 -4.020472 -2.735009 -4.144548 -2.4 -0.15 -2.735009 -4.144548 -2.4 -5.85 0.25 2.400001 1.6 2.400001 0.25 3 0.25 3 1.6 2.400001 1.6 3 0 0.25 -1.2 0.45 -8.963002 0.25 -8.963002 0.25 -1.2 0.45 -1.2 1.4 -8.963002 0.25 -1.2 1.4 -8.963002 1.6 -8.963002 1.6 -1.2 1.4 0 1.6 0 1.6 -1.2 1.4 -0.25 1.4 0 1.6 -0.25 1.4 0 0.25 0 0.25 -0.25 1.4 -0.25 0.45 0 0.25 -0.25 0.45 -1.2 0.45 3.33636 -4.82875 0.48636 0.107595 2.513635 -5.30375 2.513635 -5.30375 0.48636 0.107595 -0.336365 -0.367405 3.35 -5.85 2.933712 -5.472008 2.4 -5.85 2.4 -5.85 2.933712 -5.472008 2.764519 -5.4419 3.35 -0.15 3.018105 -4.163139 3.35 -5.85 3.35 -5.85 3.018105 -4.163139 3.008081 -5.30748 2.4 -0.15 2.939037 -4.025831 3.35 -0.15 2.4 -5.85 2.739773 -4.136671 2.4 -0.15 3.35 -0.15 2.939037 -4.025831 3.018105 -4.163139 3.008081 -5.30748 3.018105 -4.163139 2.952757 -4.274133 3.008081 -5.30748 2.952757 -4.274133 2.907795 -5.207242 2.907795 -5.207242 2.952757 -4.274133 2.82527 -4.284829 2.907795 -5.207242 2.82527 -4.284829 2.764009 -5.272568 2.764009 -5.272568 2.82527 -4.284829 2.739773 -4.136671 2.764009 -5.272568 2.739773 -4.136671 2.4 -5.85 2.764009 -5.272568 2.4 -5.85 2.764519 -5.4419 2.4 -0.15 2.739773 -4.136671 2.814791 -4.013969 2.814791 -4.013969 2.939037 -4.025831 2.4 -0.15 3.008081 -5.30748 2.933712 -5.472008 3.35 -5.85 4.75 -0.471239 4.95 -0.4480236 4.75 -0.3976064 4.75 -0.3976064 4.95 -0.4480236 4.95 -0.3279638 4.75 -0.3976064 4.95 -0.3279638 4.75 -0.2610841 4.75 -0.2610841 4.95 -0.3279638 4.95 -0.1293194 4.75 -0.2610841 4.95 -0.1293194 4.75 -0.1040058 4.75 -0.1040058 4.95 -0.1293194 4.75 0.05307489 4.75 0.05307489 4.95 -0.1293194 4.95 0.06473511 4.75 0.05307489 4.95 0.06473511 4.75 0.210155 4.75 0.210155 4.95 0.06473511 4.95 0.221814 4.75 0.210155 4.95 0.221814 4.75 0.3859714 4.75 0.3859714 4.95 0.221814 4.95 0.4105255 4.75 0.3873676 4.95 0.3976057 4.75 0.471239 4.75 0.471239 4.95 0.3976057 4.95 0.471239 4.75 -0.418161 4.95 -0.4065039 4.75 -0.2610841 4.75 -0.2610841 4.95 -0.4065039 4.95 -0.2494257 4.75 -0.2610841 4.95 -0.2494257 4.75 -0.1231449 4.75 -0.1231449 4.95 -0.2494257 4.95 -0.1129066 4.75 -0.1231449 4.95 -0.1129066 4.75 0.03355515 4.75 0.03355515 4.95 -0.1129066 4.95 0.04626476 4.75 0.03355515 4.95 0.04626476 4.75 0.2301577 4.75 0.2301577 4.95 0.04626476 4.95 0.2413336 4.75 0.2301577 4.95 0.2413336 4.75 0.3873676 4.75 0.3873676 4.95 0.2413336 4.95 0.3976057 6.1 0.04460299 5.900001 -0.06703203 6.1 -0.1108157 6.1 -0.1108157 5.900001 -0.06703203 5.9 -0.281885 6.1 -0.1108157 5.9 -0.281885 6.099999 -0.2886948 6.099999 -0.2886948 5.9 -0.281885 6.1 -0.4270629 6.1 -0.4270629 5.9 -0.281885 5.9 -0.4373007 6.1 0.4504172 5.9 0.471239 5.9 0.3271311 6.1 0.4504172 5.9 0.3271311 6.1 0.3194918 6.1 0.3194918 5.9 0.3271311 6.1 0.1825428 6.1 0.1825428 5.9 0.3271311 5.9 0.1316154 6.1 0.1825428 5.9 0.1316154 6.1 0.04460299 6.1 0.04460299 5.9 0.1316154 5.900001 -0.06703203 6.1 0.1044092 5.9 0.05307668 6.099999 -0.1110801 6.099999 -0.1110801 5.9 0.05307668 5.9 -0.08387351 6.099999 -0.1110801 5.9 -0.08387351 5.9 -0.2218135 6.099999 -0.1110801 5.9 -0.2218135 6.1 -0.2886941 6.1 -0.2886941 5.9 -0.2218135 5.900001 -0.3996945 6.1 -0.2886941 5.900001 -0.3996945 6.1 -0.4270608 6.1 0.4504162 5.9 0.471239 5.9 0.4087548 6.1 0.4504162 5.9 0.4087548 6.099999 0.3003523 6.099999 0.3003523 5.9 0.4087548 5.9 0.2504338 6.099999 0.3003523 5.9 0.2504338 6.1 0.1044092 6.1 0.1044092 5.9 0.2504338 5.9 0.05307668 1.058301 0 1.2e-5 0 1.058301 -0.3 1.058301 -0.3 1.2e-5 0 0 -0.3 0 -0.3 1.2e-5 0 1.22699e-5 1 0 0 0.3 0.2088732 -1 0.001050174 -1 0.001050174 0.3 0.2088732 -1 0.4153207 -1 0.4153207 0.3 0.2088732 0.3 0.7110875 -1 0.4153207 0.3 0.7110875 -1 0.7600998 -1 0.7600998 0.3 0.7110875 -1 1.18352 -1 1.18352 0.3 0.7110875 0.3 1.228255 -1 1.18352 0.3 1.228255 -1 1.622047 -1 1.622047 0.3 1.228255 0.3 1.745421 -1 1.622047 0.3 1.745421 -1 1.96682 -1 1.96682 0.3 1.745421 0.3 2.262588 -1 1.96682 0.3 2.262588 -1 2.311599 -1 2.311599 0.3 2.262588 -1 2.585832 -1 2.585832 0.3 2.262588 0.3 2.585832 0.7730175 0.09830939 0.7576005 0.5941374 0.612782 -0.17575 0.612782 -0.17575 0.7576005 0.5941374 0.4123087 0.9503058 0.612782 -0.17575 0.4123087 0.9503058 -0.08280342 0.9810894 0.612782 -0.17575 -0.08280342 0.9810894 -0.4641259 0.6843209 0.612782 -0.17575 -0.4641259 0.6843209 -0.2514484 -0.9792465 -0.2514484 -0.9792465 -0.4641259 0.6843209 -0.8179329 -0.6500013 -0.2514484 -0.9792465 -0.8179329 -0.6500013 -0.5397837 -1.000892 -0.8179329 -0.6500013 -0.7443947 -0.861705 -0.5397837 -1.000892 1.058301 0 0 0 1.058301 -0.3 1.058301 -0.3 0 0 0 -0.3 0.3 0.912724 0 0.9102104 0.3 0.6826066 0.3 0.6826066 0 0.9102104 0 0.663749 0.3 0.6826066 0 0.663749 0.3 0.4272012 0.3 0.4272012 0 0.663749 0 0.4002222 0.3 0.4272012 0 0.4002222 0.3 0.1254448 0.3 0.1254448 0 0.4002222 0 0.1229312 -1.719975 -3.331783 -1.912487 -3.272553 -1.853249 -3.536875 -1.912487 -3.272553 -1.719975 -3.331783 -1.636321 -3.213744 -1.912487 -3.272553 -1.636321 -3.213744 -1.157819 -2.023846 -1.157819 -2.023846 -1.636321 -3.213744 -1.100056 -2.383738 -1.100056 -2.383738 -1.636321 -3.213744 -1.48564 -3.237788 -1.100056 -2.383738 -1.48564 -3.237788 -1.011945 -2.447232 -1.011945 -2.447232 -1.48564 -3.237788 -0.8783805 -2.412385 -0.8783805 -2.412385 -1.48564 -3.237788 -1.433897 -3.381343 -0.8783805 -2.412385 -1.433897 -3.381343 0.2320965 -4.337862 -0.8783805 -2.412385 0.2320965 -4.337862 0.795911 -3.35273 0.795911 -3.35273 0.2320965 -4.337862 0.8072576 -3.488519 0.8072576 -3.488519 0.2320965 -4.337862 0.3732699 -4.308868 0.8072576 -3.488519 0.3732699 -4.308868 0.915918 -3.549778 0.915918 -3.549778 0.3732699 -4.308868 0.4711748 -4.439013 0.915918 -3.549778 0.4711748 -4.439013 0.5209957 -4.722537 0.2320965 -4.337862 -1.433897 -3.381343 0.1823434 -4.455653 0.1823434 -4.455653 -1.433897 -3.381343 -1.509785 -3.474069 0.1823434 -4.455653 -1.509785 -3.474069 0.2571495 -4.78205 0.1823434 -4.455653 0.2571495 -4.78205 0.2328359 -4.555871 0.2328359 -4.555871 0.2571495 -4.78205 0.3781173 -4.576598 0.3781173 -4.576598 0.2571495 -4.78205 0.5209957 -4.722537 0.3781173 -4.576598 0.5209957 -4.722537 0.4711748 -4.439013 0.2571495 -4.78205 -1.509785 -3.474069 -1.853249 -3.536875 -1.509785 -3.474069 -1.653456 -3.466969 -1.853249 -3.536875 -1.853249 -3.536875 -1.653456 -3.466969 -1.719975 -3.331783 -0.8783805 -2.412385 0.795911 -3.35273 -0.8335538 -2.281721 -0.8335538 -2.281721 0.795911 -3.35273 -0.3264271 -1.698552 -0.8335538 -2.281721 -0.3264271 -1.698552 -0.681782 -1.884668 -0.8335538 -2.281721 -0.681782 -1.884668 -0.8862879 -2.187307 -0.8862879 -2.187307 -0.681782 -1.884668 -1.157819 -2.023846 -0.8862879 -2.187307 -1.157819 -2.023846 -1.006458 -2.164397 -1.006458 -2.164397 -1.157819 -2.023846 -1.112967 -2.26199 -1.112967 -2.26199 -1.157819 -2.023846 -1.100056 -2.383738 -0.3264271 -1.698552 0.795911 -3.35273 1.1366 -2.486052 0.795911 -3.35273 0.8817469 -3.267085 1.1366 -2.486052 1.1366 -2.486052 0.8817469 -3.267085 1.14713 -2.940591 1.14713 -2.940591 0.8817469 -3.267085 1.012991 -3.287944 1.14713 -2.940591 1.012991 -3.287944 1.266699 -3.324717 1.012991 -3.287944 1.073544 -3.412248 1.266699 -3.324717 1.266699 -3.324717 1.073544 -3.412248 1.265082 -3.491976 1.265082 -3.491976 1.073544 -3.412248 1.020763 -3.523277 1.265082 -3.491976 1.020763 -3.523277 0.915918 -3.549778 1.265082 -3.491976 0.915918 -3.549778 0.5209957 -4.722537 1.903772 -0.868203 0.734638 -0.193203 1.242872 -2.012916 1.242872 -2.012916 0.734638 -0.193203 0.07373696 -1.337916 1.242872 -2.012916 0.07373696 -1.337916 1.1366 -2.486052 1.1366 -2.486052 0.07373696 -1.337916 -0.3264271 -1.698552 2.136196 -0.02079969 2.136242 0.8018392 -1.789986 0.5834746 2.136196 -0.02079969 -1.789986 0.5834746 -1.789859 -0.5830552 -1.789859 -0.5830552 2.136279 -0.8018416 2.136196 -0.02079969 1 0.471239 0 0.471239 1 0.4134712 1 0.3067163 0 0.2731046 1 0.1778515 1 0.06459081 1 0.1778515 0 0.1245436 1 0.06459081 0 -0.0253216 1 -0.1176313 1 -0.2695559 1 -0.1176313 0 -0.2673575 1 -0.2695559 0 -0.2673575 1 -0.4001393 0 0.3873654 1 0.4134712 0 0.471239 0 -0.4245246 1 -0.4001393 0 -0.2673575 0 -0.2673575 1 -0.1176313 0 -0.13858 0 -0.0253216 0 -0.13858 1 -0.1176313 0 -0.0253216 1 0.06459081 0 0.1245436 0 0.1245436 1 0.1778515 0 0.2731046 0 0.3873654 0 0.2731046 1 0.3067163 0 0.3873654 1 0.3067163 1 0.4134712 1 0.4551827 0 0.4543889 1 0.3268637 1 0.3268637 0 0.182534 1 0.1676453 1 0.1676453 0 0.182534 1 0.03253704 1 0.03253704 0 -0.006397783 1 -0.1445668 1 -0.1445668 0 -0.188644 1 -0.3218638 1 -0.3218638 0 -0.3458958 1 -0.452651 0 -0.4602245 1 -0.452651 0 -0.3458958 0 -0.3458958 1 -0.3218638 0 -0.188644 0 -0.188644 1 -0.1445668 0 -0.006397783 0 -0.006397783 1 0.03253704 0 0.182534 0 0.182534 1 0.3268637 0 0.3432993 0 0.3432993 1 0.3268637 0 0.4543889 1 0.471239 0 0.471239 1 0.3672453 1 0.3672453 0 0.2495676 1 0.1896156 1 0.1896156 0 0.1363092 1 0.0325362 1 0.0325362 0 0.006734132 1 -0.1072496 1 -0.1072496 0 -0.1430317 1 -0.2431518 1 -0.2431518 0 -0.2850192 1 -0.4065047 1 -0.4065047 0 -0.2850192 0 -0.4142516 0 0.3821367 1 0.3672453 0 0.471239 0 -0.2850192 1 -0.2431518 0 -0.1430317 0 -0.1430317 1 -0.1072496 0 0.006734132 0 0.006734132 1 0.0325362 0 0.1363092 0 0.2495676 0 0.1363092 1 0.1896156 0 0.2495676 1 0.3672453 0 0.3821367 1 0.346696 0 0.3208937 1 0.2064812 1 0.2064812 0 0.1646125 1 0.06473374 1 0.06473374 0 0.1646125 0 0.03739029 1 0.06473374 0 0.03739029 1 -0.102466 1 -0.102466 0 -0.1305133 1 -0.2643262 1 -0.2643262 0 -0.3001154 1 -0.3719295 0 -0.4479088 1 -0.4429833 1 -0.3719295 0 -0.4479088 1 -0.3719295 0 -0.3001154 0 -0.3001154 1 -0.2643262 0 -0.1305133 0 -0.1305133 1 -0.102466 0 0.03739029 0 0.1646125 1 0.2064812 0 0.3208937 0 0.3208937 1 0.346696 0 0.4551827 0 0.4551827 1 0.346696 1 0.4558445 -1 0.8839909 0 0.8878411 -1 1.171839 -1 1.171839 0 0.8878411 0 1.174065 0 0 2.2 0 0 1 0 1 2.2 0 2.2 1 -1 0.2920104 0 0.3380623 -1 0.5782368 -1 0.5782368 0 0.3380623 0 0.6237506 0 0 1.2 0 0 1 0 1 1.2 0 1.2 1 -1 0.01710772 0 -0.08279746 0 0.08782452 -1.217001 0 -0.7615916 0 -1.217001 1 -1.217001 1 -0.7615916 0 -0.7087898 1 -0.7087898 1 -0.7615916 0 -0.30425 0 -0.7087898 1 -0.30425 0 -0.30425 1 -0.30425 1 -0.30425 0 0 0 -0.30425 1 0 0 0 1 0 0 0.304255 0 0 1 0 1 0.304255 0 0.304255 1 0.304255 1 0.304255 0 0.7088069 0 0.304255 1 0.7088069 0 0.7616099 1 0.7616099 1 0.7088069 0 1.21702 0 0.7616099 1 1.21702 0 1.21702 1 0 0 1.2 0 0 1 0 1 1.2 0 1.2 1 1.398389 -0.2768842 1.529627 -0.474638 1.589347 -0.2082274 1.529627 -0.474638 1.398389 -0.2768842 1.350171 -0.3850517 1.350171 -0.3850517 1.224391 -0.4227294 1.529627 -0.474638 1.122125 -0.3388221 0.792067 -0.330935 1.224391 -0.4227294 1.224391 -0.4227294 0.792067 -0.330935 -0.6253034 -1.714652 1.224391 -0.4227294 -0.6253034 -1.714652 1.529627 -0.474638 1.122125 -0.3388221 1.143668 -0.1903377 0.792067 -0.330935 1.143668 -0.1903377 0.7184283 0.6325712 0.792067 -0.330935 0.792067 -0.330935 0.7184283 0.6325712 0.5967636 0.6227518 0.7184283 0.6325712 1.143668 -0.1903377 0.790458 0.7047181 0.790458 0.7047181 1.143668 -0.1903377 1.280585 -0.1339658 0.790458 0.7047181 1.280585 -0.1339658 0.8317589 1.04567 0.790458 0.7047181 0.8317589 1.04567 0.7806373 0.8263843 0.7806373 0.8263843 0.8317589 1.04567 0.6854214 0.9033392 0.6854214 0.9033392 0.8317589 1.04567 0.5542415 0.8586168 0.5542415 0.8586168 0.8317589 1.04567 0.358486 1.181895 0.5542415 0.8586168 0.358486 1.181895 0.5213883 0.7003013 0.5213883 0.7003013 0.358486 1.181895 -0.04042613 1.400048 0.5213883 0.7003013 -0.04042613 1.400048 0.792067 -0.330935 0.792067 -0.330935 -0.04042613 1.400048 -0.397033 1.728647 0.8317589 1.04567 1.280585 -0.1339658 1.589347 -0.2082274 1.589347 -0.2082274 1.280585 -0.1339658 1.369924 -0.1872175 1.589347 -0.2082274 1.369924 -0.1872175 1.398389 -0.2768842 -0.377068 -1.005935 -1.122125 -0.2792444 -1.144685 -0.4288088 -0.377068 -1.005935 -1.144685 -0.4288088 -0.7335233 -1.262429 -0.7335233 -1.262429 -1.144685 -0.4288088 -1.296006 -0.477095 -0.7335233 -1.262429 -1.296006 -0.477095 -0.7935473 -1.409922 -0.7935473 -1.409922 -1.296006 -0.477095 -0.8838339 -1.633792 -0.7935473 -1.409922 -0.8838339 -1.633792 -0.7170764 -1.511167 -0.7170764 -1.511167 -0.8838339 -1.633792 -0.6253034 -1.714652 -0.7170764 -1.511167 -0.6253034 -1.714652 -0.5722311 -1.493659 -0.5722311 -1.493659 -0.6253034 -1.714652 -0.5061478 -1.368633 -0.5061478 -1.368633 -0.6253034 -1.714652 -0.377068 -1.005935 -0.5061478 -1.368633 -0.377068 -1.005935 -0.5748997 -1.258323 -0.5748997 -1.258323 -0.377068 -1.005935 -0.7335233 -1.262429 -0.8838339 -1.633792 -1.296006 -0.477095 -1.587912 -0.3558813 -1.296006 -0.477095 -1.393548 -0.3706909 -1.587912 -0.3558813 -1.587912 -0.3558813 -1.393548 -0.3706909 -1.363947 -0.2428641 -1.587912 -0.3558813 -1.363947 -0.2428641 -1.470425 0.125972 -1.470425 0.125972 -1.363947 -0.2428641 -1.245477 -0.1947552 -1.470425 0.125972 -1.245477 -0.1947552 -1.453928 0.5267698 -1.453928 0.5267698 -1.245477 -0.1947552 -1.122125 -0.2792444 -1.453928 0.5267698 -1.122125 -0.2792444 -0.377068 -1.005935 0.792067 -0.330935 0.5967636 0.6227518 0.5213883 0.7003013 0.792067 -0.330935 -0.377068 -1.005935 -0.6253034 -1.714652 -0.377068 -1.005935 -1.566168 1.053647 -1.453928 0.5267698 -0.4 1.4 -2 1.6 -1.35 1.4 -1.35 1.4 -2 1.6 -2 0.25 -1.35 1.4 -2 0.25 -1.35 0.45 -1.35 0.45 -2 0.25 -0.4 0.45 -0.4 0.45 -2 0.25 2.4 0.25 -0.4 0.45 2.4 0.25 -0.4 1.4 -0.4 1.4 2.4 0.25 2.4 1.6 -0.4 1.4 2.4 1.6 -2 1.6 0.9868499 -2.276306 0.8252707 -2.334829 2 -2.7 2 -2.7 0.8252707 -2.334829 -2.4 -2.7 0.8252707 -2.334829 0.7333701 -2.224348 -2.4 -2.7 -2.4 -2.7 0.7333701 -2.224348 0.7677907 -2.099652 -2.4 -2.7 0.7677907 -2.099652 -2.4 -0.825068 -2.4 -0.825068 0.7677907 -2.099652 0.7413577 -1.023391 0.7413577 -1.023391 0.7677907 -2.099652 0.8618624 -1.143106 0.8618624 -1.143106 0.7677907 -2.099652 0.8881381 -2.056894 0.8618624 -1.143106 0.8881381 -2.056894 0.9923645 -1.08293 0.9923645 -1.08293 0.8881381 -2.056894 0.9996784 -2.122418 0.9923645 -1.08293 0.9996784 -2.122418 2 -2.7 0.9996784 -2.122418 0.9868499 -2.276306 2 -2.7 -2.4 -0.825068 0.7413577 -1.023391 0.7974159 -0.8753231 -2.4 -0.825068 0.7974159 -0.8753231 1.6 2.400001 1.6 2.400001 0.7974159 -0.8753231 2 -0.3218 1.6 2.400001 2 -0.3218 3 1.000001 3 1.000001 2 -0.3218 3 -0.3218 0.7974159 -0.8753231 0.92473 -0.8651716 2 -0.3218 2 -0.3218 0.92473 -0.8651716 1.015028 -0.9570198 2 -0.3218 1.015028 -0.9570198 0.9923645 -1.08293 2 -0.3218 0.9923645 -1.08293 2 -2.7 -7.363 3 -7.363091 2.581936 1.6 3 1.6 3 -7.363091 2.581936 1.6 2.400001 1.6 2.400001 -7.363091 2.581936 -2.4 -0.825068 -2.4 -0.825068 -7.363091 2.581936 -5.399977 -0.8251078 -0.9247337 2.065171 -0.950515 1.117541 -0.792567 1.117629 -0.9247337 2.065171 -0.792567 1.117629 -0.7721591 2.104864 -0.7721591 2.104864 -0.792567 1.117629 2.4 2.374932 2.4 2.374932 -0.792567 1.117629 2.4 0.5 2.4 0.5 -0.792567 1.117629 -0.7286191 1.005273 2.4 0.5 -0.7286191 1.005273 -0.7830995 0.8895184 2.4 0.5 -0.7830995 0.8895184 -2 0.5 -2 0.5 -0.7830995 0.8895184 -0.9247305 0.8651711 -2 0.5 -0.9247305 0.8651711 -1.01663 0.9756515 -1.01663 0.9756515 -0.950515 1.117541 -2 0.5 -2 0.5 -0.950515 1.117541 -0.9247337 2.065171 -2 2.8782 -0.8987292 2.333235 -1.6 5.600001 -1.6 5.600001 -0.8987292 2.333235 2.4 2.374932 -1.6 5.600001 2.4 2.374932 5.399958 2.37486 2.4 2.374932 -0.8987292 2.333235 -0.744497 2.260175 2.4 2.374932 -0.744497 2.260175 -0.7721591 2.104864 -0.9247337 2.065171 -1.014991 2.194549 -2 0.5 -2 0.5 -1.014991 2.194549 -2 2.8782 -2 2.8782 -1.014991 2.194549 -0.8987292 2.333235 5.399958 2.37486 7.363028 5.781826 -1.6 5.600001 -1.6 5.600001 7.363028 5.781826 -1.6 6.2 -1.6 6.2 7.363028 5.781826 7.363 6.2 -1.6 5.600001 -3 4.200001 -2 2.8782 -2 2.8782 -3 4.200001 -3 2.8782 -0.06543195 1.463332 -1.003898 3.08654 -1.234567 0.788332 -1.234567 0.788332 -1.003898 3.08654 -2.172033 2.412071 -1.335944 -0.1872259 -0.290238 -1.041041 -0.08374595 1.346397 -0.08374595 1.346397 -0.290238 -1.041041 0.96196 0.492582 1.5 0.6744886 -1.5 0.675621 -1.5 -0.01752567 -1.5 -0.675621 1.5 -0.675621 -1.5 -0.01752567 -1.5 -0.01752567 1.5 -0.675621 1.5 0.6744886 -5.706324 11.23364 -5.915435 11.59583 -6.875038 10.55889 -6.875038 10.55889 -5.915435 11.59583 -7.084569 10.92083 -3.33636 -4.82875 -2.513635 -5.30375 -0.48636 0.107595 -0.48636 0.107595 -2.513635 -5.30375 0.336365 -0.367405 -2.868566 -5.489851 -3.35 -5.85 -2.4 -5.85 -2.868566 -5.489851 -2.4 -5.85 -2.74017 -5.39973 -2.74017 -5.39973 -2.4 -5.85 -2.74017 -4.199729 -2.74017 -5.39973 -2.74017 -4.199729 -2.797568 -5.23901 -3.35 -5.85 -2.868566 -5.489851 -3.005503 -5.410175 -3.35 -5.85 -3.005503 -5.410175 -3.008047 -4.175133 -3.008047 -4.175133 -3.005503 -5.410175 -2.97844 -5.255659 -3.008047 -4.175133 -2.97844 -5.255659 -2.868566 -4.289851 -2.868566 -4.289851 -2.97844 -5.255659 -2.797568 -5.23901 -2.868566 -4.289851 -2.797568 -5.23901 -2.74017 -4.199729 -3.35 -5.85 -3.008047 -4.175133 -3.35 -0.15 -3.008047 -4.175133 -2.917411 -4.016578 -3.35 -0.15 -3.35 -0.15 -2.917411 -4.016578 -2.4 -0.15 -2.4 -0.15 -2.917411 -4.016578 -2.764519 -4.058099 -2.764519 -4.058099 -2.74017 -4.199729 -2.4 -0.15 -2.4 -0.15 -2.74017 -4.199729 -2.4 -5.85 0.25 2.400001 1.6 2.400001 0.25 3 0.25 3 1.6 2.400001 1.6 3 0 0.25 -1.2 0.45 -8.963002 0.25 -8.963002 0.25 -1.2 0.45 -1.2 1.4 -8.963002 0.25 -1.2 1.4 -8.963002 1.6 -8.963002 1.6 -1.2 1.4 0 1.6 0 1.6 -1.2 1.4 -0.25 1.4 0 1.6 -0.25 1.4 0 0.25 0 0.25 -0.25 1.4 -0.25 0.45 0 0.25 -0.25 0.45 -1.2 0.45 3.33636 -4.82875 0.48636 0.107595 2.513635 -5.30375 2.513635 -5.30375 0.48636 0.107595 -0.336365 -0.367405 3.35 -5.85 2.880452 -5.489991 2.4 -5.85 3.35 -0.15 3.010228 -4.16333 3.35 -5.85 3.35 -5.85 3.010228 -4.16333 3.011704 -5.381296 2.4 -0.15 2.924728 -4.01517 3.35 -0.15 2.4 -5.85 2.734491 -4.192672 2.4 -0.15 2.4 -0.15 2.734491 -4.192672 2.771562 -4.055658 3.35 -0.15 2.924728 -4.01517 3.010228 -4.16333 3.011704 -5.381296 3.010228 -4.16333 2.974778 -5.242765 2.974778 -5.242765 3.010228 -4.16333 2.86167 -4.285227 2.974778 -5.242765 2.86167 -4.285227 2.850651 -5.20837 2.850651 -5.20837 2.86167 -4.285227 2.74017 -5.300269 2.74017 -5.300269 2.86167 -4.285227 2.734491 -4.192672 2.74017 -5.300269 2.734491 -4.192672 2.4 -5.85 2.74017 -5.300269 2.4 -5.85 2.750865 -5.427755 2.750865 -5.427755 2.4 -5.85 2.880452 -5.489991 2.771562 -4.055658 2.924728 -4.01517 2.4 -0.15 3.35 -5.85 3.011704 -5.381296 2.880452 -5.489991 4.75 -0.471239 4.95 -0.471239 4.75 -0.3793958 4.75 -0.3793958 4.95 -0.471239 4.95 -0.3467001 4.75 -0.3793958 4.95 -0.3467001 4.75 -0.240953 4.75 -0.240953 4.95 -0.3467001 4.95 -0.1708853 4.75 -0.240953 4.95 -0.1708853 4.75 -0.104004 4.75 -0.104004 4.95 -0.1708853 4.95 0.006728172 4.75 -0.104004 4.95 0.006728172 4.75 0.05307674 4.75 0.05307674 4.95 0.006728172 4.95 0.1825436 4.75 0.05307674 4.95 0.1825436 4.75 0.2101542 4.75 0.2101542 4.95 0.1825436 4.95 0.3797268 4.75 0.2101542 4.95 0.3797268 4.75 0.3857031 4.75 -0.4373006 4.95 -0.419198 4.75 -0.3003533 4.75 -0.3003533 4.95 -0.419198 4.95 -0.207858 4.75 -0.3003533 4.95 -0.207858 4.75 -0.1235207 4.75 -0.1235207 4.95 -0.207858 4.95 0.006728768 4.75 -0.1235207 4.95 0.006728768 4.75 0.05307978 4.75 0.05307978 4.95 0.006728768 4.95 0.182545 4.75 0.05307978 4.95 0.182545 4.75 0.2299062 4.75 0.2299062 4.95 0.182545 4.95 0.3396237 4.75 0.2299062 4.95 0.3396237 4.75 0.4283553 4.75 0.4283553 4.95 0.3396237 4.95 0.4551844 6.1 0.1455709 5.9 -0.005714654 6.1 -0.05307537 6.1 -0.05307537 5.9 -0.005714654 5.900001 -0.2018114 6.1 -0.05307537 5.900001 -0.2018114 6.099999 -0.2101545 6.099999 -0.2101545 5.900001 -0.2018114 6.1 -0.3485217 6.1 -0.3485217 5.900001 -0.2018114 5.9 -0.3587626 6.1 -0.3485217 5.9 -0.3587626 6.1 -0.4480254 6.1 -0.4480254 5.9 -0.3587626 5.9 -0.4551832 6.1 0.4451619 5.9 0.438206 6.1 0.3190633 6.1 0.3190633 5.9 0.438206 5.9 0.2886954 6.1 0.3190633 5.9 0.2886954 6.1 0.1455709 6.1 0.1455709 5.9 0.2886954 5.900001 0.1517488 6.1 0.1455709 5.900001 0.1517488 5.9 -0.005714654 6.099999 -0.01380461 5.9 0.01481479 6.1 -0.2097501 6.1 -0.2097501 5.9 0.01481479 5.9 -0.220804 6.1 -0.2097501 5.9 -0.220804 6.099999 -0.3877917 6.099999 -0.3877917 5.9 -0.220804 5.9 -0.4181647 6.099999 -0.3877917 5.9 -0.4181647 6.1 -0.471239 6.099999 0.4181625 5.9 0.471239 5.9 0.346702 6.099999 0.4181625 5.9 0.346702 6.1 0.2802234 6.1 0.2802234 5.9 0.346702 5.9 0.1914427 6.1 0.2802234 5.9 0.1914427 6.1 0.1432754 6.1 0.1432754 5.9 0.1914427 5.9 0.01481479 6.1 0.1432754 5.9 0.01481479 6.099999 -0.01380461 -1.723515 -3.326922 -1.912487 -3.272553 -1.853249 -3.536875 -1.912487 -3.272553 -1.723515 -3.326922 -1.668117 -3.234045 -1.912487 -3.272553 -1.668117 -3.234045 -1.157819 -2.023846 -1.157819 -2.023846 -1.668117 -3.234045 -1.557634 -3.197618 -1.157819 -2.023846 -1.557634 -3.197618 -1.120135 -2.299717 -1.120135 -2.299717 -1.557634 -3.197618 -1.072419 -2.41664 -1.072419 -2.41664 -1.557634 -3.197618 -1.464758 -3.253017 -1.072419 -2.41664 -1.464758 -3.253017 -0.9516636 -2.44835 -0.9516636 -2.44835 -1.464758 -3.253017 -1.442502 -3.398463 -0.9516636 -2.44835 -1.442502 -3.398463 0.2106584 -4.355576 -0.9516636 -2.44835 0.2106584 -4.355576 -0.843139 -2.358446 -0.843139 -2.358446 0.2106584 -4.355576 0.2989042 -4.304533 -0.843139 -2.358446 0.2989042 -4.304533 0.795911 -3.35273 0.795911 -3.35273 0.2989042 -4.304533 0.821983 -3.503217 0.821983 -3.503217 0.2989042 -4.304533 0.4311524 -4.340896 0.821983 -3.503217 0.4311524 -4.340896 0.9597602 -3.54666 0.9597602 -3.54666 0.4311524 -4.340896 0.4766287 -4.424678 0.9597602 -3.54666 0.4766287 -4.424678 0.5209957 -4.722537 0.5209957 -4.722537 0.4766287 -4.424678 0.4570586 -4.517301 0.2106584 -4.355576 -1.442502 -3.398463 0.1823434 -4.455653 0.1823434 -4.455653 -1.442502 -3.398463 0.2571495 -4.78205 0.1823434 -4.455653 0.2571495 -4.78205 0.2328359 -4.555871 0.2328359 -4.555871 0.2571495 -4.78205 0.3536794 -4.586843 0.3536794 -4.586843 0.2571495 -4.78205 0.5209957 -4.722537 0.3536794 -4.586843 0.5209957 -4.722537 0.4570586 -4.517301 -1.442502 -3.398463 -1.545496 -3.48589 0.2571495 -4.78205 0.2571495 -4.78205 -1.545496 -3.48589 -1.853249 -3.536875 -1.853249 -3.536875 -1.545496 -3.48589 -1.682541 -3.441901 -1.853249 -3.536875 -1.682541 -3.441901 -1.723515 -3.326922 -0.843139 -2.358446 0.795911 -3.35273 -0.3264271 -1.698552 -0.843139 -2.358446 -0.3264271 -1.698552 -0.681782 -1.884668 -0.843139 -2.358446 -0.681782 -1.884668 -0.8693046 -2.209291 -0.8693046 -2.209291 -0.681782 -1.884668 -1.157819 -2.023846 -0.8693046 -2.209291 -1.157819 -2.023846 -1.017418 -2.171124 -1.017418 -2.171124 -1.157819 -2.023846 -1.120135 -2.299717 -0.3264271 -1.698552 0.795911 -3.35273 1.1366 -2.486052 0.795911 -3.35273 0.8989067 -3.265302 1.1366 -2.486052 1.1366 -2.486052 0.8989067 -3.265302 1.14713 -2.940591 0.8989067 -3.265302 1.043614 -3.324851 1.14713 -2.940591 1.14713 -2.940591 1.043614 -3.324851 1.265792 -3.418573 1.265792 -3.418573 1.043614 -3.324851 1.061195 -3.470549 1.061195 -3.470549 0.9597602 -3.54666 1.265792 -3.418573 1.265792 -3.418573 0.9597602 -3.54666 0.5209957 -4.722537 1.903772 -0.868203 0.734638 -0.193203 1.242872 -2.012916 1.242872 -2.012916 0.734638 -0.193203 0.07373696 -1.337916 1.242872 -2.012916 0.07373696 -1.337916 1.1366 -2.486052 1.1366 -2.486052 0.07373696 -1.337916 -0.3264271 -1.698552 2.136196 -0.02079969 2.136242 0.8018392 -1.789986 0.5834746 2.136196 -0.02079969 -1.789986 0.5834746 -1.789859 -0.5830552 -1.789859 -0.5830552 2.136279 -0.8018416 2.136196 -0.02079969 1 0.4551818 0 0.4504685 1 0.3639925 1 0.3639925 0 0.3432988 1 0.2184562 1 0.06459081 1 0.2184562 0 0.05643391 1 0.06459081 0 0.05643391 1 -0.08598238 1 -0.08598238 0 -0.1103673 1 -0.2148497 0 -0.4512434 1 -0.432898 0 -0.2801775 0 -0.2801775 1 -0.432898 1 -0.3123767 0 -0.2801775 1 -0.3123767 1 -0.2148497 0 -0.2801775 1 -0.2148497 0 -0.1103673 0 -0.1103673 1 -0.08598238 0 0.05643391 0 0.2102986 0 0.05643391 1 0.2184562 0 0.2102986 1 0.2184562 0 0.3432988 0 0.3432988 1 0.3639925 0 0.4504685 1 0.4551827 0 0.4543889 1 0.3639916 1 0.3639916 0 0.3432993 1 0.2179013 1 0.0262981 1 0.2179013 0 0.07709109 1 0.0262981 0 0.07709109 0 -0.0207709 1 0.0262981 0 -0.0207709 0 -0.1195948 1 0.0262981 0 -0.1195948 1 -0.1645232 1 -0.1645232 0 -0.2674477 1 -0.3218638 1 -0.3218638 0 -0.2674477 0 -0.3741984 1 -0.3218638 0 -0.3741984 1 -0.452651 0 -0.4602245 1 -0.452651 0 -0.3741984 0 -0.2674477 1 -0.1645232 0 -0.1195948 0 0.2101554 0 0.07709109 1 0.2179013 0 0.2101554 1 0.2179013 0 0.3432993 0 0.3432993 1 0.3639916 0 0.4543889 1 0.3587636 1 0.4545708 0 0.3609617 1 0.3587636 0 0.3609617 1 0.2281745 1 0.2281745 0 0.2037906 1 0.05197197 1 0.05197197 0 -0.09235751 1 -0.1443741 1 -0.1443741 0 -0.2674453 1 -0.321865 1 -0.321865 0 -0.2674453 0 -0.4142516 1 -0.321865 0 -0.4142516 1 -0.4480224 0 0.3609617 1 0.4545708 0 0.471239 0 -0.2674453 1 -0.1443741 0 -0.09235751 0 -0.09235751 1 0.05197197 0 0.06841027 0 0.06841027 1 0.05197197 0 0.2037906 0 0.2037906 1 0.2281745 0 0.3609617 1 0.4458142 0 0.3608714 1 0.3424156 1 0.3424156 0 0.3608714 1 0.2281763 1 0.2281763 0 0.2037918 1 0.06473374 1 0.06473374 0 0.2037918 0 0.05698752 1 0.06473374 0 0.05698752 1 -0.09570372 1 -0.2495688 1 -0.09570372 0 -0.217119 1 -0.2495688 0 -0.3394794 1 -0.3719295 1 -0.4480262 1 -0.3719295 0 -0.4527398 0 0.3608714 1 0.4458142 0 0.471239 0 -0.3394794 0 -0.4527398 1 -0.3719295 0 -0.3394794 1 -0.2495688 0 -0.217119 0 -0.1038607 0 -0.217119 1 -0.09570372 0 -0.1038607 1 -0.09570372 0 0.05698752 0 0.2037918 1 0.2281763 0 0.3608714 -1 0.8839909 0 0.8878411 -1 1.171839 -1 1.171839 0 0.8878411 0 1.174065 0 0 2.2 0 0 1 0 1 2.2 0 2.2 1 -1 0.2920104 0 0.3380623 -1 0.5782368 -1 0.5782368 0 0.3380623 0 0.6237506 0 0 1.2 0 0 1 0 1 1.2 0 1.2 1 -1.217001 0 -0.7615916 0 -1.217001 1 -1.217001 1 -0.7615916 0 -0.7087898 1 -0.7087898 1 -0.7615916 0 -0.30425 0 -0.7087898 1 -0.30425 0 -0.30425 1 -0.30425 1 -0.30425 0 0 0 -0.30425 1 0 0 0 1 0 0 0.304255 0 0 1 0 1 0.304255 0 0.304255 1 0.304255 1 0.304255 0 0.7088069 0 0.304255 1 0.7088069 0 0.7616099 1 0.7616099 1 0.7088069 0 1.21702 0 0.7616099 1 1.21702 0 1.21702 1 0 0 1.2 0 0 1 0 1 1.2 0 1.2 1 1.396425 -0.2920632 1.529627 -0.474638 1.589347 -0.2082274 1.529627 -0.474638 1.396425 -0.2920632 1.349981 -0.3913994 1.529627 -0.474638 1.349981 -0.3913994 1.245607 -0.4224087 1.122125 -0.3388221 0.792067 -0.330935 1.245607 -0.4224087 1.245607 -0.4224087 0.792067 -0.330935 -0.6253034 -1.714652 1.245607 -0.4224087 -0.6253034 -1.714652 1.529627 -0.474638 1.122125 -0.3388221 1.137947 -0.1936041 0.792067 -0.330935 1.137947 -0.1936041 0.7639488 0.6640298 0.6363183 0.6187435 1.137947 -0.1936041 0.6363183 0.6187435 0.792067 -0.330935 0.7639488 0.6640298 1.137947 -0.1936041 1.266044 -0.1348518 0.7639488 0.6640298 1.266044 -0.1348518 0.7935467 0.7918548 0.7935467 0.7918548 1.266044 -0.1348518 0.8317589 1.04567 0.7935467 0.7918548 0.8317589 1.04567 0.7239825 0.8876956 0.7239825 0.8876956 0.8317589 1.04567 0.6320946 0.9078788 0.6320946 0.9078788 0.8317589 1.04567 0.5316379 0.8385422 0.5316379 0.8385422 0.8317589 1.04567 0.358486 1.181895 0.5316379 0.8385422 0.358486 1.181895 0.5213883 0.7003013 0.5213883 0.7003013 0.358486 1.181895 -0.04042613 1.400048 0.5213883 0.7003013 -0.04042613 1.400048 0.792067 -0.330935 0.792067 -0.330935 -0.04042613 1.400048 -0.397033 1.728647 0.8317589 1.04567 1.266044 -0.1348518 1.589347 -0.2082274 1.589347 -0.2082274 1.266044 -0.1348518 1.369924 -0.1872175 1.589347 -0.2082274 1.369924 -0.1872175 1.396425 -0.2920632 -0.377068 -1.005935 -1.106536 -0.3426868 -1.145392 -0.4391963 -0.377068 -1.005935 -1.145392 -0.4391963 -0.7184278 -1.250638 -0.7184278 -1.250638 -1.145392 -0.4391963 -1.259651 -0.4831788 -0.7184278 -1.250638 -1.259651 -0.4831788 -0.7858629 -1.402379 -0.7858629 -1.402379 -1.259651 -0.4831788 -0.8838339 -1.633792 -0.7858629 -1.402379 -0.8838339 -1.633792 -0.6695336 -1.521307 -0.6695336 -1.521307 -0.8838339 -1.633792 -0.6253034 -1.714652 -0.6695336 -1.521307 -0.6253034 -1.714652 -0.5413075 -1.475202 -0.5413075 -1.475202 -0.6253034 -1.714652 -0.5061478 -1.368633 -0.5061478 -1.368633 -0.6253034 -1.714652 -0.377068 -1.005935 -0.5061478 -1.368633 -0.377068 -1.005935 -0.5748997 -1.258323 -0.5748997 -1.258323 -0.377068 -1.005935 -0.7184278 -1.250638 -0.8838339 -1.633792 -1.259651 -0.4831788 -1.587912 -0.3558813 -1.587912 -0.3558813 -1.259651 -0.4831788 -1.384528 -0.3873072 -1.587912 -0.3558813 -1.384528 -0.3873072 -1.333026 -0.2244095 -1.587912 -0.3558813 -1.333026 -0.2244095 -1.470425 0.125972 -1.333026 -0.2244095 -1.174899 -0.2190934 -1.470425 0.125972 -1.470425 0.125972 -1.174899 -0.2190934 -1.453928 0.5267698 -1.453928 0.5267698 -1.174899 -0.2190934 -0.377068 -1.005935 -0.377068 -1.005935 -1.174899 -0.2190934 -1.106536 -0.3426868 0.792067 -0.330935 0.6363183 0.6187435 0.5213883 0.7003013 0.792067 -0.330935 -0.377068 -1.005935 -0.6253034 -1.714652 -0.377068 -1.005935 -1.566168 1.053647 -1.453928 0.5267698 -0.4 1.4 -2 1.6 -1.35 1.4 -1.35 1.4 -2 1.6 -2 0.25 -1.35 1.4 -2 0.25 -1.35 0.45 -1.35 0.45 -2 0.25 -0.4 0.45 -0.4 0.45 -2 0.25 2.4 0.25 -0.4 0.45 2.4 0.25 -0.4 1.4 -0.4 1.4 2.4 0.25 2.4 1.6 -0.4 1.4 2.4 1.6 -2 1.6 0.9868499 -2.276306 0.8252707 -2.334829 2 -2.7 2 -2.7 0.8252707 -2.334829 -2.4 -2.7 0.8252707 -2.334829 0.7333701 -2.224348 -2.4 -2.7 -2.4 -2.7 0.7333701 -2.224348 0.7677907 -2.099652 -2.4 -2.7 0.7677907 -2.099652 -2.4 -0.825068 -2.4 -0.825068 0.7677907 -2.099652 0.7413577 -1.023391 0.7413577 -1.023391 0.7677907 -2.099652 0.8618624 -1.143106 0.8618624 -1.143106 0.7677907 -2.099652 0.8881381 -2.056894 0.8618624 -1.143106 0.8881381 -2.056894 0.9923645 -1.08293 0.9923645 -1.08293 0.8881381 -2.056894 0.9996784 -2.122418 0.9923645 -1.08293 0.9996784 -2.122418 2 -2.7 0.9996784 -2.122418 0.9868499 -2.276306 2 -2.7 -2.4 -0.825068 0.7413577 -1.023391 0.7974159 -0.8753231 -2.4 -0.825068 0.7974159 -0.8753231 1.6 2.400001 1.6 2.400001 0.7974159 -0.8753231 2 -0.3218 1.6 2.400001 2 -0.3218 3 1.000001 3 1.000001 2 -0.3218 3 -0.3218 0.7974159 -0.8753231 0.92473 -0.8651716 2 -0.3218 2 -0.3218 0.92473 -0.8651716 1.015028 -0.9570198 2 -0.3218 1.015028 -0.9570198 0.9923645 -1.08293 2 -0.3218 0.9923645 -1.08293 2 -2.7 -7.363 3 -7.363091 2.581936 1.6 3 1.6 3 -7.363091 2.581936 1.6 2.400001 1.6 2.400001 -7.363091 2.581936 -2.4 -0.825068 -2.4 -0.825068 -7.363091 2.581936 -5.399977 -0.8251078 -0.9247337 2.065171 -0.950515 1.117541 -0.792567 1.117629 -0.9247337 2.065171 -0.792567 1.117629 -0.7721591 2.104864 -0.7721591 2.104864 -0.792567 1.117629 2.4 2.374932 2.4 2.374932 -0.792567 1.117629 2.4 0.5 2.4 0.5 -0.792567 1.117629 -0.7286191 1.005273 2.4 0.5 -0.7286191 1.005273 -0.7830995 0.8895184 2.4 0.5 -0.7830995 0.8895184 -2 0.5 -2 0.5 -0.7830995 0.8895184 -0.9247305 0.8651711 -2 0.5 -0.9247305 0.8651711 -1.01663 0.9756515 -1.01663 0.9756515 -0.950515 1.117541 -2 0.5 -2 0.5 -0.950515 1.117541 -0.9247337 2.065171 -2 2.8782 -0.8987292 2.333235 -1.6 5.600001 -1.6 5.600001 -0.8987292 2.333235 2.4 2.374932 -1.6 5.600001 2.4 2.374932 5.399958 2.37486 2.4 2.374932 -0.8987292 2.333235 -0.744497 2.260175 2.4 2.374932 -0.744497 2.260175 -0.7721591 2.104864 -0.9247337 2.065171 -1.014991 2.194549 -2 0.5 -2 0.5 -1.014991 2.194549 -2 2.8782 -2 2.8782 -1.014991 2.194549 -0.8987292 2.333235 5.399958 2.37486 7.363028 5.781826 -1.6 5.600001 -1.6 5.600001 7.363028 5.781826 -1.6 6.2 -1.6 6.2 7.363028 5.781826 7.363 6.2 -1.6 5.600001 -3 4.200001 -2 2.8782 -2 2.8782 -3 4.200001 -3 2.8782 -0.06543195 1.463332 -1.003898 3.08654 -1.234567 0.788332 -1.234567 0.788332 -1.003898 3.08654 -2.172033 2.412071 -1.335944 -0.1872259 -0.290238 -1.041041 -0.08374595 1.346397 -0.08374595 1.346397 -0.290238 -1.041041 0.96196 0.492582 1.5 0.6744886 -1.5 0.675621 -1.5 -0.01752567 -1.5 -0.675621 1.5 -0.675621 -1.5 -0.01752567 -1.5 -0.01752567 1.5 -0.675621 1.5 0.6744886 -5.706324 11.23364 -5.915435 11.59583 -6.875038 10.55889 -6.875038 10.55889 -5.915435 11.59583 -7.084569 10.92083 -3.33636 -4.82875 -2.513635 -5.30375 -0.48636 0.107595 -0.48636 0.107595 -2.513635 -5.30375 0.336365 -0.367405 -2.868566 -5.489851 -3.35 -5.85 -2.4 -5.85 -2.868566 -5.489851 -2.4 -5.85 -2.74017 -5.39973 -2.74017 -5.39973 -2.4 -5.85 -2.74017 -4.199729 -2.74017 -5.39973 -2.74017 -4.199729 -2.797568 -5.23901 -3.35 -5.85 -2.868566 -5.489851 -3.005503 -5.410175 -3.35 -5.85 -3.005503 -5.410175 -3.008047 -4.175133 -3.008047 -4.175133 -3.005503 -5.410175 -2.97844 -5.255659 -3.008047 -4.175133 -2.97844 -5.255659 -2.868566 -4.289851 -2.868566 -4.289851 -2.97844 -5.255659 -2.797568 -5.23901 -2.868566 -4.289851 -2.797568 -5.23901 -2.74017 -4.199729 -3.35 -5.85 -3.008047 -4.175133 -3.35 -0.15 -3.008047 -4.175133 -2.917411 -4.016578 -3.35 -0.15 -3.35 -0.15 -2.917411 -4.016578 -2.4 -0.15 -2.4 -0.15 -2.917411 -4.016578 -2.764519 -4.058099 -2.764519 -4.058099 -2.74017 -4.199729 -2.4 -0.15 -2.4 -0.15 -2.74017 -4.199729 -2.4 -5.85 0.25 2.400001 1.6 2.400001 0.25 3 0.25 3 1.6 2.400001 1.6 3 0 0.25 -1.2 0.45 -8.963002 0.25 -8.963002 0.25 -1.2 0.45 -1.2 1.4 -8.963002 0.25 -1.2 1.4 -8.963002 1.6 -8.963002 1.6 -1.2 1.4 0 1.6 0 1.6 -1.2 1.4 -0.25 1.4 0 1.6 -0.25 1.4 0 0.25 0 0.25 -0.25 1.4 -0.25 0.45 0 0.25 -0.25 0.45 -1.2 0.45 3.33636 -4.82875 0.48636 0.107595 2.513635 -5.30375 2.513635 -5.30375 0.48636 0.107595 -0.336365 -0.367405 3.35 -5.85 2.880452 -5.489991 2.4 -5.85 3.35 -0.15 3.010228 -4.16333 3.35 -5.85 3.35 -5.85 3.010228 -4.16333 3.011704 -5.381296 2.4 -0.15 2.924728 -4.01517 3.35 -0.15 2.4 -5.85 2.734491 -4.192672 2.4 -0.15 2.4 -0.15 2.734491 -4.192672 2.771562 -4.055658 3.35 -0.15 2.924728 -4.01517 3.010228 -4.16333 3.011704 -5.381296 3.010228 -4.16333 2.974778 -5.242765 2.974778 -5.242765 3.010228 -4.16333 2.86167 -4.285227 2.974778 -5.242765 2.86167 -4.285227 2.850651 -5.20837 2.850651 -5.20837 2.86167 -4.285227 2.74017 -5.300269 2.74017 -5.300269 2.86167 -4.285227 2.734491 -4.192672 2.74017 -5.300269 2.734491 -4.192672 2.4 -5.85 2.74017 -5.300269 2.4 -5.85 2.750865 -5.427755 2.750865 -5.427755 2.4 -5.85 2.880452 -5.489991 2.771562 -4.055658 2.924728 -4.01517 2.4 -0.15 3.35 -5.85 3.011704 -5.381296 2.880452 -5.489991 4.75 -0.471239 4.95 -0.471239 4.75 -0.3793958 4.75 -0.3793958 4.95 -0.471239 4.95 -0.3467001 4.75 -0.3793958 4.95 -0.3467001 4.75 -0.240953 4.75 -0.240953 4.95 -0.3467001 4.95 -0.1708853 4.75 -0.240953 4.95 -0.1708853 4.75 -0.104004 4.75 -0.104004 4.95 -0.1708853 4.95 0.006728172 4.75 -0.104004 4.95 0.006728172 4.75 0.05307674 4.75 0.05307674 4.95 0.006728172 4.95 0.1825436 4.75 0.05307674 4.95 0.1825436 4.75 0.2101542 4.75 0.2101542 4.95 0.1825436 4.95 0.3797268 4.75 0.2101542 4.95 0.3797268 4.75 0.3857031 4.75 -0.4373006 4.95 -0.419198 4.75 -0.3003533 4.75 -0.3003533 4.95 -0.419198 4.95 -0.207858 4.75 -0.3003533 4.95 -0.207858 4.75 -0.1235207 4.75 -0.1235207 4.95 -0.207858 4.95 0.006728768 4.75 -0.1235207 4.95 0.006728768 4.75 0.05307978 4.75 0.05307978 4.95 0.006728768 4.95 0.182545 4.75 0.05307978 4.95 0.182545 4.75 0.2299062 4.75 0.2299062 4.95 0.182545 4.95 0.3396237 4.75 0.2299062 4.95 0.3396237 4.75 0.4283553 4.75 0.4283553 4.95 0.3396237 4.95 0.4551844 6.1 0.1455709 5.9 -0.005714654 6.1 -0.05307537 6.1 -0.05307537 5.9 -0.005714654 5.900001 -0.2018114 6.1 -0.05307537 5.900001 -0.2018114 6.099999 -0.2101545 6.099999 -0.2101545 5.900001 -0.2018114 6.1 -0.3485217 6.1 -0.3485217 5.900001 -0.2018114 5.9 -0.3587626 6.1 -0.3485217 5.9 -0.3587626 6.1 -0.4480254 6.1 -0.4480254 5.9 -0.3587626 5.9 -0.4551832 6.1 0.4451619 5.9 0.438206 6.1 0.3190633 6.1 0.3190633 5.9 0.438206 5.9 0.2886954 6.1 0.3190633 5.9 0.2886954 6.1 0.1455709 6.1 0.1455709 5.9 0.2886954 5.900001 0.1517488 6.1 0.1455709 5.900001 0.1517488 5.9 -0.005714654 6.099999 -0.01380461 5.9 0.01481479 6.1 -0.2097501 6.1 -0.2097501 5.9 0.01481479 5.9 -0.220804 6.1 -0.2097501 5.9 -0.220804 6.099999 -0.3877917 6.099999 -0.3877917 5.9 -0.220804 5.9 -0.4181647 6.099999 -0.3877917 5.9 -0.4181647 6.1 -0.471239 6.099999 0.4181625 5.9 0.471239 5.9 0.346702 6.099999 0.4181625 5.9 0.346702 6.1 0.2802234 6.1 0.2802234 5.9 0.346702 5.9 0.1914427 6.1 0.2802234 5.9 0.1914427 6.1 0.1432754 6.1 0.1432754 5.9 0.1914427 5.9 0.01481479 6.1 0.1432754 5.9 0.01481479 6.099999 -0.01380461</float_array>
          <technique_common>
            <accessor source="#front_tosional_manipulator_v4_001-mesh-map-0-array" count="2952" stride="2">
              <param name="S" type="float"/>
              <param name="T" type="float"/>
            </accessor>
          </technique_common>
        </source>
        <vertices id="front_tosional_manipulator_v4_001-mesh-vertices">
          <input semantic="POSITION" source="#front_tosional_manipulator_v4_001-mesh-positions"/>
        </vertices>
        <triangles material="Acetal_Resin__White__003-material" count="984">
          <input semantic="VERTEX" source="#front_tosional_manipulator_v4_001-mesh-vertices" offset="0"/>
          <input semantic="NORMAL" source="#front_tosional_manipulator_v4_001-mesh-normals" offset="1"/>
          <input semantic="TEXCOORD" source="#front_tosional_manipulator_v4_001-mesh-map-0" offset="2" set="0"/>
          <p>5 0 0 0 1 1 4 2 2 4 2 3 0 1 4 1 3 5 4 2 6 1 3 7 3 4 8 3 4 9 1 3 10 2 5 11 11 6 12 6 7 13 10 8 14 10 8 15 6 7 16 7 9 17 10 8 18 7 9 19 9 10 20 9 10 21 7 9 22 8 11 23 19 12 24 12 13 25 18 14 26 18 14 27 12 13 28 13 15 29 18 14 30 13 15 31 17 16 32 17 16 33 13 15 34 14 17 35 17 16 36 14 17 37 16 18 38 16 18 39 14 17 40 15 19 41 27 20 42 20 21 43 26 22 44 26 22 45 20 21 46 21 23 47 26 22 48 21 23 49 25 24 50 25 24 51 21 23 52 22 25 53 25 24 54 22 25 55 24 26 56 24 26 57 22 25 58 23 27 59 28 28 60 27 28 61 3 28 62 3 29 63 27 29 64 26 29 65 3 30 66 26 30 67 25 30 68 27 31 69 28 31 70 29 31 71 29 32 72 30 32 73 27 32 74 3 33 75 25 33 76 18 33 77 18 32 78 25 32 79 19 32 80 19 32 81 25 32 82 24 32 83 19 32 84 24 32 85 36 32 86 36 32 87 24 32 88 35 32 89 35 32 90 24 32 91 34 32 92 34 32 93 24 32 94 31 32 95 34 32 96 31 32 97 33 32 98 33 32 99 31 32 100 32 32 101 17 32 102 42 32 103 18 32 104 18 32 105 42 32 106 4 32 107 18 34 108 4 34 109 3 34 110 17 35 111 11 35 112 10 35 113 17 36 114 10 36 115 41 36 116 41 32 117 10 32 118 9 32 119 11 32 120 17 32 121 16 32 122 11 32 123 16 32 124 40 32 125 40 32 126 16 32 127 37 32 128 40 32 129 37 32 130 38 32 131 40 32 132 38 32 133 39 32 134 41 37 135 42 37 136 17 37 137 5 32 138 4 32 139 42 32 140 55 38 141 20 38 142 50 38 143 50 39 144 20 39 145 43 39 146 28 40 147 44 41 148 29 42 149 29 42 150 44 41 151 45 43 152 29 42 153 45 43 154 30 44 155 30 44 156 45 43 157 46 45 158 30 44 159 46 45 160 43 46 161 30 44 162 43 46 163 27 20 164 27 20 165 43 46 166 20 21 167 47 47 168 48 47 169 49 47 170 49 48 171 50 48 172 47 48 173 47 49 174 50 49 175 44 49 176 44 50 177 50 50 178 43 50 179 44 47 180 43 47 181 45 47 182 45 51 183 43 51 184 46 51 185 47 52 186 44 52 187 2 52 188 2 53 189 44 53 190 28 53 191 2 54 192 28 54 193 3 54 194 47 55 195 2 56 196 51 57 197 47 55 198 51 57 199 48 58 200 48 58 201 51 57 202 52 59 203 48 58 204 52 59 205 53 60 206 48 58 207 53 60 208 49 61 209 49 61 210 53 60 211 54 62 212 49 61 213 54 62 214 50 63 215 50 63 216 54 62 217 55 64 218 65 65 219 56 66 220 57 67 221 65 65 222 57 67 223 64 68 224 64 68 225 57 67 226 58 69 227 64 68 228 58 69 229 63 70 230 63 70 231 58 69 232 59 71 233 63 70 234 59 71 235 60 72 236 63 70 237 60 72 238 62 73 239 62 73 240 60 72 241 6 74 242 62 73 243 6 74 244 61 75 245 61 76 246 6 77 247 11 78 248 71 79 249 61 79 250 40 79 251 40 80 252 61 80 253 11 80 254 16 81 255 66 82 256 37 83 257 37 83 258 66 82 259 67 84 260 37 83 261 67 84 262 68 85 263 37 83 264 68 85 265 38 86 266 38 86 267 68 85 268 69 87 269 38 86 270 69 87 271 39 88 272 39 88 273 69 87 274 70 89 275 39 88 276 70 89 277 40 90 278 40 90 279 70 89 280 71 91 281 65 47 282 64 47 283 63 47 284 65 92 285 63 92 286 62 92 287 65 47 288 62 47 289 61 47 290 65 93 291 61 93 292 66 93 293 66 94 294 61 94 295 71 94 296 66 95 297 71 95 298 67 95 299 67 47 300 71 47 301 68 47 302 68 96 303 71 96 304 69 96 305 69 97 306 71 97 307 70 97 308 56 98 309 65 98 310 15 98 311 15 99 312 65 99 313 66 99 314 15 100 315 66 101 316 16 102 317 72 47 318 73 47 319 0 47 320 0 47 321 73 47 322 8 47 323 0 47 324 8 47 325 1 47 326 1 47 327 8 47 328 7 47 329 1 47 330 7 47 331 52 47 332 52 47 333 7 47 334 76 47 335 52 47 336 76 47 337 53 47 338 53 47 339 76 47 340 77 47 341 53 47 342 77 47 343 54 47 344 54 47 345 77 47 346 22 47 347 22 47 348 77 47 349 23 47 350 76 47 351 7 47 352 75 47 353 75 47 354 7 47 355 59 47 356 59 47 357 7 47 358 60 47 359 60 47 360 7 47 361 6 47 362 75 47 363 59 47 364 58 47 365 75 47 366 58 47 367 74 47 368 74 47 369 58 47 370 57 47 371 74 47 372 57 47 373 14 47 374 14 47 375 57 47 376 56 47 377 15 47 378 14 47 379 56 47 380 14 47 381 13 47 382 74 47 383 74 47 384 13 47 385 12 47 386 21 47 387 55 47 388 22 47 389 21 47 390 20 47 391 55 47 392 55 47 393 54 47 394 22 47 395 1 47 396 52 47 397 51 47 398 51 47 399 2 47 400 1 47 401 81 103 402 82 104 403 78 105 404 81 103 405 78 105 406 79 106 407 79 106 408 80 107 409 81 103 410 41 108 411 85 108 412 42 108 413 42 109 414 85 109 415 86 109 416 42 110 417 86 110 418 84 110 419 84 111 420 86 111 421 83 111 422 83 112 423 86 112 424 87 112 425 83 113 426 87 113 427 41 113 428 41 114 429 87 114 430 88 114 431 41 115 432 88 115 433 85 115 434 8 116 435 73 116 436 9 116 437 9 117 438 73 117 439 103 117 440 101 118 441 73 118 442 89 118 443 101 119 444 89 119 445 92 119 446 92 120 447 89 120 448 82 120 449 82 121 450 89 121 451 78 121 452 78 122 453 89 122 454 90 122 455 78 123 456 90 123 457 91 123 458 83 124 459 95 124 460 92 124 461 92 125 462 95 125 463 99 125 464 99 126 465 95 126 466 96 126 467 99 127 468 96 127 469 103 127 470 41 128 471 94 128 472 83 128 473 9 129 474 98 129 475 41 129 476 41 130 477 93 130 478 94 130 479 83 131 480 94 131 481 95 131 482 96 132 483 9 132 484 103 132 485 96 133 486 97 133 487 9 133 488 97 134 489 98 134 490 9 134 491 98 135 492 93 135 493 41 135 494 92 136 495 99 136 496 100 136 497 100 137 498 101 137 499 92 137 500 101 138 501 102 138 502 73 138 503 73 139 504 102 139 505 103 139 506 42 140 507 112 140 508 5 140 509 84 141 510 110 141 511 42 141 512 42 142 513 110 142 514 111 142 515 104 143 516 109 143 517 84 143 518 104 144 519 80 144 520 107 144 521 107 145 522 80 145 523 79 145 524 107 146 525 79 146 526 106 146 527 106 147 528 79 147 529 105 147 530 104 148 531 107 148 532 114 148 533 114 149 534 107 149 535 72 149 536 114 150 537 72 150 538 119 150 539 119 151 540 72 151 541 118 151 542 118 152 543 72 152 544 0 152 545 118 153 546 0 153 547 5 153 548 118 154 549 5 154 550 117 154 551 117 155 552 5 155 553 113 155 554 117 156 555 113 156 556 108 156 557 108 157 558 116 157 559 117 157 560 116 158 561 108 158 562 104 158 563 104 159 564 108 159 565 109 159 566 84 160 567 109 160 568 110 160 569 42 161 570 111 161 571 112 161 572 112 162 573 113 162 574 5 162 575 104 163 576 114 163 577 115 163 578 115 164 579 116 164 580 104 164 581 83 165 582 92 165 583 84 165 584 84 166 585 92 166 586 104 166 587 73 167 588 72 167 589 89 167 590 89 168 591 72 168 592 107 168 593 92 169 594 82 104 595 81 103 596 80 107 597 104 170 598 81 103 599 81 103 600 104 170 601 92 169 602 78 171 603 91 171 604 105 171 605 78 172 606 105 172 607 79 172 608 87 47 609 86 47 610 121 47 611 121 47 612 86 47 613 120 47 614 122 173 615 86 173 616 126 173 617 126 174 618 86 174 619 85 174 620 126 175 621 85 175 622 125 175 623 125 176 624 85 176 625 132 176 626 125 177 627 132 177 628 124 177 629 124 178 630 132 178 631 127 178 632 86 179 633 122 179 634 129 179 635 129 180 636 122 180 637 123 180 638 129 181 639 123 181 640 128 181 641 128 182 642 123 182 643 127 182 644 127 183 645 123 183 646 124 183 647 86 184 648 129 184 649 120 184 650 129 185 651 130 185 652 120 185 653 120 186 654 130 186 655 133 186 656 133 187 657 130 187 658 131 187 659 133 188 660 131 188 661 132 188 662 133 189 663 132 189 664 85 189 665 89 190 666 107 190 667 90 190 668 90 191 669 107 191 670 106 191 671 90 192 672 121 192 673 91 192 674 91 193 675 121 193 676 120 193 677 91 194 678 120 194 679 105 194 680 105 195 681 120 195 682 106 195 683 106 196 684 120 196 685 133 196 686 106 197 687 133 197 688 90 197 689 90 198 690 133 198 691 134 198 692 90 199 693 134 199 694 121 199 695 88 32 696 134 32 697 85 32 698 85 200 699 134 200 700 133 200 701 87 201 702 143 201 703 88 201 704 88 202 705 143 202 706 144 202 707 121 203 708 136 203 709 87 203 710 87 204 711 136 204 712 142 204 713 134 205 714 135 205 715 121 205 716 88 206 717 139 206 718 134 206 719 121 207 720 135 207 721 136 207 722 142 208 723 136 208 724 137 208 725 142 209 726 137 209 727 141 209 728 141 210 729 137 210 730 138 210 731 141 211 732 138 211 733 145 211 734 145 212 735 138 212 736 139 212 737 145 213 738 139 213 739 88 213 740 145 214 741 88 214 742 144 214 743 134 215 744 139 215 745 140 215 746 140 216 747 135 216 748 134 216 749 142 217 750 143 217 751 87 217 752 113 218 753 124 219 754 108 220 755 108 220 756 124 219 757 123 221 758 108 220 759 123 221 760 109 222 761 109 222 762 123 221 763 122 223 764 109 222 765 122 223 766 110 224 767 110 224 768 122 223 769 111 225 770 111 225 771 122 223 772 126 226 773 111 225 774 126 226 775 112 227 776 112 227 777 126 226 778 125 228 779 112 227 780 125 228 781 113 218 782 113 218 783 125 228 784 124 219 785 119 229 786 131 230 787 114 231 788 114 231 789 131 230 790 130 232 791 114 231 792 130 232 793 115 233 794 115 233 795 130 232 796 129 234 797 115 233 798 129 234 799 116 235 800 116 235 801 129 234 802 128 236 803 116 235 804 128 236 805 117 237 806 117 237 807 128 236 808 127 238 809 117 237 810 127 238 811 118 239 812 118 239 813 127 238 814 132 240 815 118 239 816 132 240 817 119 229 818 119 229 819 132 240 820 131 230 821 93 241 822 143 242 823 94 243 824 94 243 825 143 242 826 142 244 827 94 243 828 142 244 829 95 245 830 95 245 831 142 244 832 96 246 833 96 246 834 142 244 835 141 247 836 96 246 837 141 247 838 145 248 839 96 246 840 145 248 841 97 249 842 97 249 843 145 248 844 98 250 845 98 250 846 145 248 847 144 251 848 98 250 849 144 251 850 93 241 851 93 241 852 144 251 853 143 242 854 103 252 855 138 253 856 99 254 857 99 254 858 138 253 859 137 255 860 99 254 861 137 255 862 136 256 863 99 254 864 136 256 865 100 257 866 100 257 867 136 256 868 135 258 869 100 257 870 135 258 871 101 259 872 101 259 873 135 258 874 140 260 875 101 259 876 140 260 877 102 261 878 102 261 879 140 260 880 139 262 881 102 261 882 139 262 883 103 252 884 103 252 885 139 262 886 138 253 887 74 263 888 12 263 889 155 263 890 155 264 891 12 264 892 146 264 893 146 265 894 12 266 895 19 267 896 23 27 897 147 268 898 24 26 899 24 26 900 147 268 901 31 269 902 31 269 903 147 268 904 148 270 905 31 269 906 148 270 907 32 271 908 32 271 909 148 270 910 33 272 911 33 272 912 148 270 913 149 273 914 33 272 915 149 273 916 34 274 917 34 274 918 149 273 919 150 275 920 34 274 921 150 275 922 35 276 923 35 276 924 150 275 925 151 277 926 35 276 927 151 277 928 36 278 929 36 278 930 151 277 931 19 279 932 19 279 933 151 277 934 146 280 935 151 47 936 150 47 937 146 47 938 146 281 939 150 281 940 149 281 941 146 282 942 149 282 943 148 282 944 146 47 945 148 47 946 147 47 947 146 47 948 147 47 949 155 47 950 155 47 951 147 47 952 152 47 953 155 47 954 152 47 955 154 47 956 152 283 957 153 283 958 154 283 959 23 284 960 77 284 961 147 284 962 147 285 963 77 285 964 152 285 965 152 286 966 77 287 967 153 288 968 153 288 969 77 287 970 76 289 971 153 288 972 76 289 973 154 290 974 154 290 975 76 289 976 75 291 977 154 290 978 75 291 979 155 292 980 155 292 981 75 291 982 74 293 983 156 47 984 187 47 985 188 47 986 187 47 987 156 47 988 157 47 989 187 47 990 157 47 991 186 47 992 186 47 993 157 47 994 181 47 995 181 47 996 157 47 997 158 47 998 181 47 999 158 47 1000 180 47 1001 180 47 1002 158 47 1003 179 47 1004 179 47 1005 158 47 1006 159 47 1007 179 47 1008 159 47 1009 170 47 1010 179 294 1011 170 294 1012 162 294 1013 162 47 1014 170 47 1015 168 47 1016 168 47 1017 170 47 1018 171 47 1019 168 47 1020 171 47 1021 167 47 1022 167 47 1023 171 47 1024 172 47 1025 167 295 1026 172 295 1027 190 295 1028 170 296 1029 159 296 1030 169 296 1031 169 297 1032 159 297 1033 160 297 1034 169 298 1035 160 298 1036 189 298 1037 169 47 1038 189 47 1039 174 47 1040 174 47 1041 189 47 1042 173 47 1043 173 47 1044 189 47 1045 190 47 1046 173 47 1047 190 47 1048 172 47 1049 189 47 1050 160 47 1051 188 47 1052 160 47 1053 161 47 1054 188 47 1055 188 47 1056 161 47 1057 156 47 1058 179 299 1059 162 299 1060 178 299 1061 178 47 1062 162 47 1063 184 47 1064 178 47 1065 184 47 1066 185 47 1067 178 47 1068 185 47 1069 177 47 1070 177 47 1071 185 47 1072 186 47 1073 177 47 1074 186 47 1075 176 47 1076 176 47 1077 186 47 1078 175 47 1079 175 47 1080 186 47 1081 181 47 1082 184 300 1083 162 300 1084 194 300 1085 162 47 1086 163 47 1087 194 47 1088 194 47 1089 163 47 1090 193 47 1091 193 47 1092 163 47 1093 164 47 1094 193 301 1095 164 301 1096 192 301 1097 164 47 1098 165 47 1099 192 47 1100 192 47 1101 165 47 1102 191 47 1103 191 47 1104 165 47 1105 166 47 1106 191 47 1107 166 47 1108 167 47 1109 191 47 1110 167 47 1111 190 47 1112 196 47 1113 182 47 1114 195 47 1115 195 302 1116 182 302 1117 183 302 1118 195 47 1119 183 47 1120 194 47 1121 194 47 1122 183 47 1123 184 47 1124 200 303 1125 201 304 1126 197 305 1127 200 303 1128 197 305 1129 198 306 1130 198 306 1131 199 307 1132 200 303 1133 202 308 1134 175 309 1135 208 310 1136 207 311 1137 180 312 1138 206 313 1139 205 314 1140 206 313 1141 179 315 1142 205 314 1143 178 316 1144 204 317 1145 203 318 1146 204 317 1147 176 319 1148 203 318 1149 176 319 1150 202 308 1151 181 320 1152 208 310 1153 175 309 1154 175 309 1155 202 308 1156 176 319 1157 176 319 1158 204 317 1159 177 321 1160 178 316 1161 177 321 1162 204 317 1163 178 316 1164 205 314 1165 179 315 1166 179 315 1167 206 313 1168 180 312 1169 181 320 1170 180 312 1171 207 311 1172 181 320 1173 207 311 1174 208 310 1175 209 322 1176 169 323 1177 214 324 1178 214 324 1179 173 325 1180 213 326 1181 213 326 1182 173 325 1183 212 327 1184 212 327 1185 172 328 1186 211 329 1187 211 329 1188 171 330 1189 210 331 1190 210 331 1191 170 332 1192 209 322 1193 169 323 1194 209 322 1195 170 332 1196 170 332 1197 210 331 1198 171 330 1199 171 330 1200 211 329 1201 172 328 1202 172 328 1203 212 327 1204 173 325 1205 173 325 1206 214 324 1207 174 333 1208 174 333 1209 214 324 1210 169 323 1211 215 334 1212 162 335 1213 220 336 1214 220 336 1215 167 337 1216 219 338 1217 219 338 1218 166 339 1219 218 340 1220 218 340 1221 165 341 1222 217 342 1223 217 342 1224 164 343 1225 216 344 1226 216 344 1227 163 345 1228 215 334 1229 215 334 1230 163 345 1231 162 335 1232 168 346 1233 220 336 1234 162 335 1235 163 345 1236 216 344 1237 164 343 1238 164 343 1239 217 342 1240 165 341 1241 165 341 1242 218 340 1243 166 339 1244 167 337 1245 166 339 1246 219 338 1247 167 337 1248 220 336 1249 168 346 1250 227 347 1251 161 348 1252 226 349 1253 226 349 1254 160 350 1255 225 351 1256 225 351 1257 160 350 1258 159 352 1259 225 351 1260 159 352 1261 224 353 1262 224 353 1263 158 354 1264 223 355 1265 223 355 1266 157 356 1267 222 357 1268 156 358 1269 221 359 1270 222 357 1271 156 358 1272 222 357 1273 157 356 1274 157 356 1275 223 355 1276 158 354 1277 158 354 1278 224 353 1279 159 352 1280 160 350 1281 226 349 1282 161 348 1283 161 348 1284 227 347 1285 156 358 1286 156 358 1287 227 347 1288 221 359 1289 229 360 1290 188 361 1291 228 362 1292 228 362 1293 188 361 1294 187 363 1295 189 364 1296 188 364 1297 230 364 1298 230 365 1299 188 365 1300 229 365 1301 231 366 1302 190 367 1303 230 368 1304 230 368 1305 190 367 1306 189 369 1307 191 370 1308 190 370 1309 232 370 1310 232 371 1311 190 371 1312 231 371 1313 232 372 1314 192 373 1315 191 374 1316 195 375 1317 194 376 1318 235 377 1319 235 377 1320 194 376 1321 234 378 1322 234 378 1323 194 376 1324 193 379 1325 234 378 1326 193 379 1327 233 380 1328 233 380 1329 193 379 1330 192 381 1331 233 382 1332 192 373 1333 232 372 1334 186 383 1335 185 384 1336 239 385 1337 239 386 1338 185 387 1339 238 388 1340 238 388 1341 185 387 1342 184 389 1343 238 388 1344 184 389 1345 237 390 1346 237 390 1347 184 389 1348 183 391 1349 237 390 1350 183 391 1351 236 392 1352 187 393 1353 186 393 1354 228 393 1355 228 394 1356 186 394 1357 239 394 1358 221 32 1359 229 32 1360 228 32 1361 229 32 1362 221 32 1363 227 32 1364 227 32 1365 226 32 1366 229 32 1367 225 32 1368 240 32 1369 226 32 1370 226 32 1371 240 32 1372 230 32 1373 226 32 1374 230 32 1375 229 32 1376 225 32 1377 224 32 1378 240 32 1379 224 32 1380 207 32 1381 240 32 1382 240 32 1383 207 32 1384 206 32 1385 207 32 1386 224 32 1387 208 32 1388 208 32 1389 224 32 1390 223 32 1391 208 32 1392 223 32 1393 239 32 1394 208 32 1395 239 32 1396 202 32 1397 202 32 1398 239 32 1399 203 32 1400 203 32 1401 239 32 1402 204 32 1403 204 32 1404 239 32 1405 238 32 1406 204 32 1407 238 32 1408 205 32 1409 205 32 1410 238 32 1411 237 32 1412 205 32 1413 237 32 1414 240 32 1415 240 395 1416 237 395 1417 236 395 1418 239 32 1419 223 32 1420 228 32 1421 228 32 1422 223 32 1423 222 32 1424 228 32 1425 222 32 1426 221 32 1427 241 32 1428 215 32 1429 220 32 1430 241 32 1431 220 32 1432 211 32 1433 211 32 1434 220 32 1435 219 32 1436 211 32 1437 219 32 1438 212 32 1439 212 396 1440 219 396 1441 231 396 1442 212 397 1443 231 397 1444 213 397 1445 213 32 1446 231 32 1447 230 32 1448 213 32 1449 230 32 1450 214 32 1451 214 32 1452 230 32 1453 209 32 1454 209 398 1455 230 398 1456 241 398 1457 209 399 1458 241 399 1459 210 399 1460 210 32 1461 241 32 1462 211 32 1463 231 400 1464 219 400 1465 232 400 1466 219 32 1467 218 32 1468 232 32 1469 232 401 1470 218 401 1471 217 401 1472 232 402 1473 217 402 1474 233 402 1475 233 32 1476 217 32 1477 216 32 1478 233 403 1479 216 403 1480 234 403 1481 234 404 1482 216 404 1483 215 404 1484 234 405 1485 215 405 1486 241 405 1487 240 32 1488 206 32 1489 205 32 1490 240 406 1491 241 406 1492 230 406 1493 241 407 1494 235 407 1495 234 407 1496 243 408 1497 241 408 1498 242 408 1499 242 409 1500 241 409 1501 240 409 1502 242 410 1503 240 410 1504 245 410 1505 245 411 1506 240 411 1507 244 411 1508 244 412 1509 240 412 1510 246 412 1511 244 413 1512 246 413 1513 243 413 1514 243 414 1515 246 414 1516 247 414 1517 243 415 1518 247 415 1519 241 415 1520 253 416 1521 248 416 1522 240 416 1523 240 417 1524 248 417 1525 246 417 1526 248 418 1527 249 418 1528 246 418 1529 246 419 1530 249 419 1531 250 419 1532 246 420 1533 250 420 1534 260 420 1535 260 421 1536 250 421 1537 255 421 1538 255 422 1539 250 422 1540 254 422 1541 254 423 1542 250 423 1543 251 423 1544 254 424 1545 251 424 1546 259 424 1547 259 425 1548 251 425 1549 252 425 1550 259 426 1551 252 426 1552 240 426 1553 252 427 1554 253 427 1555 240 427 1556 260 428 1557 255 428 1558 256 428 1559 260 429 1560 256 429 1561 261 429 1562 261 430 1563 256 430 1564 236 430 1565 261 431 1566 236 431 1567 182 431 1568 182 432 1569 236 432 1570 183 432 1571 256 433 1572 257 433 1573 236 433 1574 236 434 1575 257 434 1576 258 434 1577 236 435 1578 258 435 1579 259 435 1580 236 436 1581 259 436 1582 240 436 1583 263 437 1584 197 437 1585 262 437 1586 262 438 1587 197 438 1588 261 438 1589 261 439 1590 197 439 1591 260 439 1592 260 440 1593 197 440 1594 201 440 1595 273 441 1596 269 441 1597 264 441 1598 273 442 1599 264 442 1600 272 442 1601 272 443 1602 264 443 1603 278 443 1604 278 444 1605 264 444 1606 247 444 1607 247 445 1608 264 445 1609 265 445 1610 247 446 1611 265 446 1612 266 446 1613 247 447 1614 266 447 1615 241 447 1616 241 448 1617 266 448 1618 267 448 1619 241 449 1620 267 449 1621 268 449 1622 268 450 1623 269 450 1624 241 450 1625 241 451 1626 269 451 1627 273 451 1628 235 452 1629 270 452 1630 277 452 1631 277 453 1632 270 453 1633 278 453 1634 277 454 1635 278 454 1636 199 454 1637 278 455 1638 270 455 1639 271 455 1640 278 456 1641 271 456 1642 272 456 1643 273 457 1644 274 457 1645 241 457 1646 241 458 1647 274 458 1648 235 458 1649 235 459 1650 274 459 1651 270 459 1652 199 460 1653 198 460 1654 277 460 1655 277 461 1656 198 461 1657 276 461 1658 276 462 1659 198 462 1660 275 462 1661 277 463 1662 196 463 1663 235 463 1664 235 464 1665 196 464 1666 195 464 1667 246 465 1668 260 465 1669 247 465 1670 247 466 1671 260 466 1672 278 466 1673 182 467 1674 196 467 1675 261 467 1676 261 468 1677 196 468 1678 277 468 1679 260 469 1680 201 304 1681 200 303 1682 199 307 1683 278 470 1684 200 303 1685 200 303 1686 278 470 1687 260 469 1688 197 471 1689 263 471 1690 198 471 1691 198 472 1692 263 472 1693 275 472 1694 244 473 1695 243 473 1696 280 473 1697 280 474 1698 243 474 1699 279 474 1700 285 475 1701 243 475 1702 242 475 1703 285 476 1704 242 476 1705 284 476 1706 284 477 1707 242 477 1708 289 477 1709 284 478 1710 289 478 1711 283 478 1712 243 479 1713 285 479 1714 281 479 1715 243 480 1716 281 480 1717 286 480 1718 286 481 1719 281 481 1720 282 481 1721 286 482 1722 282 482 1723 290 482 1724 290 483 1725 282 483 1726 283 483 1727 290 484 1728 283 484 1729 289 484 1730 243 485 1731 286 485 1732 279 485 1733 286 486 1734 287 486 1735 279 486 1736 279 487 1737 287 487 1738 291 487 1739 291 488 1740 287 488 1741 288 488 1742 288 489 1743 289 489 1744 291 489 1745 291 490 1746 289 490 1747 242 490 1748 261 47 1749 277 47 1750 262 47 1751 262 491 1752 277 491 1753 276 491 1754 262 492 1755 280 492 1756 263 492 1757 263 493 1758 280 493 1759 279 493 1760 263 494 1761 279 494 1762 275 494 1763 275 495 1764 279 495 1765 276 495 1766 276 496 1767 279 496 1768 291 496 1769 276 497 1770 291 497 1771 262 497 1772 262 498 1773 291 498 1774 292 498 1775 262 499 1776 292 499 1777 280 499 1778 245 500 1779 292 500 1780 242 500 1781 242 501 1782 292 501 1783 291 501 1784 244 502 1785 301 502 1786 245 502 1787 280 503 1788 294 503 1789 244 503 1790 244 504 1791 294 504 1792 300 504 1793 292 505 1794 293 505 1795 280 505 1796 245 506 1797 296 506 1798 292 506 1799 292 507 1800 296 507 1801 297 507 1802 280 508 1803 293 508 1804 294 508 1805 300 509 1806 294 509 1807 299 509 1808 299 510 1809 294 510 1810 295 510 1811 299 511 1812 295 511 1813 298 511 1814 298 512 1815 295 512 1816 303 512 1817 303 513 1818 295 513 1819 296 513 1820 303 514 1821 296 514 1822 245 514 1823 303 515 1824 245 515 1825 302 515 1826 302 516 1827 245 516 1828 301 516 1829 297 517 1830 293 517 1831 292 517 1832 244 447 1833 300 447 1834 301 447 1835 269 518 1836 283 519 1837 264 520 1838 264 520 1839 283 519 1840 282 521 1841 264 520 1842 282 521 1843 265 522 1844 265 522 1845 282 521 1846 281 523 1847 265 522 1848 281 523 1849 266 524 1850 266 524 1851 281 523 1852 285 525 1853 266 524 1854 285 525 1855 267 526 1856 267 526 1857 285 525 1858 284 527 1859 267 526 1860 284 527 1861 268 528 1862 268 528 1863 284 527 1864 283 519 1865 268 528 1866 283 519 1867 269 518 1868 270 529 1869 287 530 1870 271 531 1871 271 531 1872 287 530 1873 286 532 1874 271 531 1875 286 532 1876 272 533 1877 272 533 1878 286 532 1879 290 534 1880 272 533 1881 290 534 1882 273 535 1883 273 535 1884 290 534 1885 289 536 1886 273 535 1887 289 536 1888 274 537 1889 274 537 1890 289 536 1891 288 538 1892 274 537 1893 288 538 1894 270 529 1895 270 529 1896 288 538 1897 287 530 1898 253 539 1899 301 540 1900 248 541 1901 248 541 1902 301 540 1903 300 542 1904 248 541 1905 300 542 1906 249 543 1907 249 543 1908 300 542 1909 250 544 1910 250 544 1911 300 542 1912 299 545 1913 250 544 1914 299 545 1915 251 546 1916 251 546 1917 299 545 1918 298 547 1919 251 546 1920 298 547 1921 252 548 1922 252 548 1923 298 547 1924 303 549 1925 252 548 1926 303 549 1927 253 539 1928 253 539 1929 303 549 1930 302 550 1931 253 539 1932 302 550 1933 301 540 1934 254 551 1935 295 552 1936 255 553 1937 255 553 1938 295 552 1939 294 554 1940 255 553 1941 294 554 1942 256 555 1943 256 555 1944 294 554 1945 293 556 1946 256 555 1947 293 556 1948 257 557 1949 257 557 1950 293 556 1951 297 558 1952 257 557 1953 297 558 1954 258 559 1955 258 559 1956 297 558 1957 296 560 1958 258 559 1959 296 560 1960 259 561 1961 259 561 1962 296 560 1963 295 552 1964 259 561 1965 295 552 1966 254 551 1967 304 47 1968 336 47 1969 337 47 1970 336 47 1971 304 47 1972 305 47 1973 336 47 1974 305 47 1975 335 47 1976 335 47 1977 305 47 1978 306 47 1979 335 47 1980 306 47 1981 325 47 1982 325 47 1983 306 47 1984 330 47 1985 330 47 1986 306 47 1987 307 47 1988 330 47 1989 307 47 1990 329 47 1991 329 47 1992 307 47 1993 308 47 1994 329 47 1995 308 47 1996 318 47 1997 329 47 1998 318 47 1999 328 47 2000 328 47 2001 318 47 2002 319 47 2003 328 47 2004 319 47 2005 311 47 2006 311 47 2007 319 47 2008 316 47 2009 316 47 2010 319 47 2011 320 47 2012 316 47 2013 320 47 2014 315 47 2015 315 47 2016 320 47 2017 321 47 2018 315 47 2019 321 47 2020 339 47 2021 339 47 2022 321 47 2023 322 47 2024 318 47 2025 308 47 2026 317 47 2027 317 47 2028 308 47 2029 338 47 2030 317 47 2031 338 47 2032 324 47 2033 324 47 2034 338 47 2035 323 47 2036 323 47 2037 338 47 2038 339 47 2039 323 47 2040 339 47 2041 322 47 2042 308 47 2043 309 47 2044 338 47 2045 338 47 2046 309 47 2047 337 47 2048 337 47 2049 309 47 2050 310 47 2051 337 47 2052 310 47 2053 304 47 2054 328 47 2055 311 47 2056 333 47 2057 328 47 2058 333 47 2059 334 47 2060 328 47 2061 334 47 2062 327 47 2063 327 47 2064 334 47 2065 335 47 2066 327 47 2067 335 47 2068 326 47 2069 326 47 2070 335 47 2071 325 47 2072 333 47 2073 311 47 2074 342 47 2075 311 47 2076 312 47 2077 342 47 2078 342 47 2079 312 47 2080 341 47 2081 312 47 2082 313 47 2083 341 47 2084 341 47 2085 313 47 2086 340 47 2087 340 47 2088 313 47 2089 314 47 2090 314 47 2091 315 47 2092 340 47 2093 340 47 2094 315 47 2095 339 47 2096 344 47 2097 331 47 2098 343 47 2099 343 47 2100 331 47 2101 332 47 2102 343 47 2103 332 47 2104 342 47 2105 342 47 2106 332 47 2107 333 47 2108 348 562 2109 349 563 2110 345 564 2111 348 562 2112 345 564 2113 346 565 2114 346 565 2115 347 566 2116 348 562 2117 350 567 2118 325 568 2119 356 569 2120 356 569 2121 330 570 2122 355 571 2123 354 572 2124 355 571 2125 328 573 2126 354 572 2127 328 573 2128 353 574 2129 353 574 2130 327 575 2131 352 576 2132 325 568 2133 350 567 2134 326 577 2135 326 577 2136 350 567 2137 351 578 2138 326 577 2139 351 578 2140 352 576 2141 326 577 2142 352 576 2143 327 575 2144 327 575 2145 353 574 2146 328 573 2147 329 579 2148 328 573 2149 355 571 2150 329 579 2151 355 571 2152 330 570 2153 330 570 2154 356 569 2155 325 568 2156 357 580 2157 317 581 2158 362 582 2159 362 582 2160 324 583 2161 361 584 2162 360 585 2163 361 584 2164 322 586 2165 360 585 2166 322 586 2167 321 587 2168 360 585 2169 321 587 2170 320 588 2171 360 585 2172 320 588 2173 359 589 2174 359 589 2175 319 590 2176 358 591 2177 358 591 2178 319 590 2179 318 592 2180 358 591 2181 318 592 2182 357 580 2183 317 581 2184 357 580 2185 318 592 2186 319 590 2187 359 589 2188 320 588 2189 323 593 2190 322 586 2191 361 584 2192 323 593 2193 361 584 2194 324 583 2195 324 583 2196 362 582 2197 317 581 2198 368 594 2199 363 595 2200 316 596 2201 368 594 2202 316 596 2203 367 597 2204 367 597 2205 315 598 2206 366 599 2207 366 599 2208 313 600 2209 365 601 2210 365 601 2211 312 602 2212 364 603 2213 364 603 2214 312 602 2215 311 604 2216 364 603 2217 311 604 2218 363 595 2219 316 596 2220 363 595 2221 311 604 2222 312 602 2223 365 601 2224 313 600 2225 313 600 2226 366 599 2227 314 605 2228 314 605 2229 366 599 2230 315 598 2231 315 598 2232 367 597 2233 316 596 2234 369 606 2235 310 607 2236 375 608 2237 375 608 2238 310 607 2239 374 609 2240 374 609 2241 309 610 2242 373 611 2243 373 611 2244 309 610 2245 308 612 2246 373 611 2247 308 612 2248 372 613 2249 371 614 2250 372 613 2251 306 615 2252 371 614 2253 305 616 2254 370 617 2255 369 606 2256 370 617 2257 304 618 2258 310 607 2259 369 606 2260 304 618 2261 305 616 2262 304 618 2263 370 617 2264 305 616 2265 371 614 2266 306 615 2267 307 619 2268 306 615 2269 372 613 2270 307 619 2271 372 613 2272 308 612 2273 309 610 2274 374 609 2275 310 607 2276 377 620 2277 337 621 2278 376 622 2279 376 622 2280 337 621 2281 336 623 2282 338 624 2283 337 624 2284 378 624 2285 378 625 2286 337 625 2287 377 625 2288 379 626 2289 339 627 2290 378 628 2291 378 628 2292 339 627 2293 338 629 2294 340 630 2295 339 630 2296 380 630 2297 380 631 2298 339 631 2299 379 631 2300 343 632 2301 342 633 2302 383 634 2303 383 634 2304 342 633 2305 382 635 2306 382 635 2307 342 633 2308 341 636 2309 382 635 2310 341 636 2311 381 637 2312 381 637 2313 341 636 2314 340 638 2315 381 639 2316 340 640 2317 380 641 2318 335 642 2319 334 643 2320 387 644 2321 387 645 2322 334 646 2323 386 647 2324 386 647 2325 334 646 2326 333 648 2327 386 647 2328 333 648 2329 385 649 2330 385 649 2331 333 648 2332 332 650 2333 385 649 2334 332 650 2335 384 651 2336 336 652 2337 335 652 2338 376 652 2339 376 653 2340 335 653 2341 387 653 2342 369 32 2343 377 32 2344 376 32 2345 377 32 2346 369 32 2347 375 32 2348 377 32 2349 375 32 2350 374 32 2351 373 32 2352 388 32 2353 374 32 2354 374 32 2355 388 32 2356 378 32 2357 374 32 2358 378 32 2359 377 32 2360 373 32 2361 372 32 2362 388 32 2363 372 32 2364 356 32 2365 355 32 2366 372 32 2367 355 32 2368 388 32 2369 356 32 2370 372 32 2371 371 32 2372 356 32 2373 371 32 2374 350 32 2375 350 32 2376 371 32 2377 387 32 2378 350 32 2379 387 32 2380 351 32 2381 351 32 2382 387 32 2383 352 32 2384 352 32 2385 387 32 2386 353 32 2387 353 32 2388 387 32 2389 386 32 2390 353 32 2391 386 32 2392 354 32 2393 354 32 2394 386 32 2395 385 32 2396 354 32 2397 385 32 2398 388 32 2399 388 654 2400 385 654 2401 384 654 2402 387 32 2403 371 32 2404 376 32 2405 376 32 2406 371 32 2407 370 32 2408 376 32 2409 370 32 2410 369 32 2411 389 32 2412 363 32 2413 368 32 2414 389 32 2415 368 32 2416 359 32 2417 359 32 2418 368 32 2419 367 32 2420 359 32 2421 367 32 2422 360 32 2423 360 32 2424 367 32 2425 379 32 2426 360 32 2427 379 32 2428 361 32 2429 361 32 2430 379 32 2431 378 32 2432 361 32 2433 378 32 2434 362 32 2435 362 32 2436 378 32 2437 357 32 2438 357 32 2439 378 32 2440 389 32 2441 357 32 2442 389 32 2443 358 32 2444 358 32 2445 389 32 2446 359 32 2447 379 655 2448 367 655 2449 380 655 2450 380 32 2451 367 32 2452 366 32 2453 380 32 2454 366 32 2455 365 32 2456 380 32 2457 365 32 2458 381 32 2459 365 32 2460 364 32 2461 381 32 2462 381 32 2463 364 32 2464 382 32 2465 382 656 2466 364 656 2467 389 656 2468 389 32 2469 364 32 2470 363 32 2471 388 32 2472 355 32 2473 354 32 2474 388 32 2475 389 32 2476 378 32 2477 389 657 2478 383 657 2479 382 657 2480 391 658 2481 389 658 2482 390 658 2483 390 659 2484 389 659 2485 388 659 2486 390 660 2487 388 660 2488 393 660 2489 393 661 2490 388 661 2491 392 661 2492 392 662 2493 388 662 2494 394 662 2495 392 663 2496 394 663 2497 391 663 2498 391 664 2499 394 664 2500 395 664 2501 391 665 2502 395 665 2503 389 665 2504 401 666 2505 396 666 2506 388 666 2507 388 667 2508 396 667 2509 394 667 2510 396 668 2511 397 668 2512 394 668 2513 394 669 2514 397 669 2515 398 669 2516 394 670 2517 398 670 2518 408 670 2519 408 671 2520 398 671 2521 403 671 2522 403 672 2523 398 672 2524 402 672 2525 402 673 2526 398 673 2527 399 673 2528 402 674 2529 399 674 2530 407 674 2531 407 675 2532 399 675 2533 400 675 2534 407 676 2535 400 676 2536 388 676 2537 400 677 2538 401 677 2539 388 677 2540 408 678 2541 403 678 2542 404 678 2543 408 679 2544 404 679 2545 409 679 2546 409 680 2547 404 680 2548 384 680 2549 409 681 2550 384 681 2551 331 681 2552 331 682 2553 384 682 2554 332 682 2555 404 683 2556 405 683 2557 384 683 2558 384 684 2559 405 684 2560 406 684 2561 384 685 2562 406 685 2563 407 685 2564 384 686 2565 407 686 2566 388 686 2567 411 687 2568 345 687 2569 410 687 2570 410 688 2571 345 688 2572 409 688 2573 409 689 2574 345 689 2575 408 689 2576 408 690 2577 345 690 2578 349 690 2579 421 691 2580 417 691 2581 412 691 2582 421 692 2583 412 692 2584 420 692 2585 420 693 2586 412 693 2587 426 693 2588 426 694 2589 412 694 2590 395 694 2591 395 695 2592 412 695 2593 413 695 2594 395 696 2595 413 696 2596 414 696 2597 395 697 2598 414 697 2599 389 697 2600 389 698 2601 414 698 2602 415 698 2603 389 699 2604 415 699 2605 416 699 2606 416 700 2607 417 700 2608 389 700 2609 389 701 2610 417 701 2611 421 701 2612 383 702 2613 418 702 2614 425 702 2615 425 703 2616 418 703 2617 426 703 2618 425 704 2619 426 704 2620 347 704 2621 426 705 2622 418 705 2623 419 705 2624 426 706 2625 419 706 2626 420 706 2627 421 707 2628 422 707 2629 389 707 2630 389 708 2631 422 708 2632 383 708 2633 383 709 2634 422 709 2635 418 709 2636 347 710 2637 346 710 2638 425 710 2639 425 711 2640 346 711 2641 424 711 2642 424 712 2643 346 712 2644 423 712 2645 425 713 2646 344 713 2647 383 713 2648 383 714 2649 344 714 2650 343 714 2651 394 715 2652 408 715 2653 395 715 2654 395 716 2655 408 716 2656 426 716 2657 331 717 2658 344 717 2659 409 717 2660 409 718 2661 344 718 2662 425 718 2663 408 719 2664 349 563 2665 348 562 2666 347 566 2667 426 720 2668 348 562 2669 348 562 2670 426 720 2671 408 719 2672 345 721 2673 411 721 2674 346 721 2675 346 722 2676 411 722 2677 423 722 2678 392 47 2679 391 47 2680 428 47 2681 428 47 2682 391 47 2683 427 47 2684 433 723 2685 391 723 2686 390 723 2687 433 724 2688 390 724 2689 432 724 2690 432 725 2691 390 725 2692 437 725 2693 432 726 2694 437 726 2695 431 726 2696 391 727 2697 433 727 2698 429 727 2699 391 728 2700 429 728 2701 434 728 2702 434 729 2703 429 729 2704 430 729 2705 434 730 2706 430 730 2707 438 730 2708 438 731 2709 430 731 2710 431 731 2711 438 732 2712 431 732 2713 437 732 2714 391 733 2715 434 733 2716 427 733 2717 434 734 2718 435 734 2719 427 734 2720 427 735 2721 435 735 2722 439 735 2723 439 736 2724 435 736 2725 436 736 2726 436 737 2727 437 737 2728 439 737 2729 439 738 2730 437 738 2731 390 738 2732 409 739 2733 425 739 2734 410 739 2735 410 47 2736 425 47 2737 424 47 2738 410 740 2739 428 740 2740 411 740 2741 411 741 2742 428 741 2743 427 741 2744 411 742 2745 427 742 2746 423 742 2747 423 743 2748 427 743 2749 424 743 2750 424 743 2751 427 743 2752 439 743 2753 424 744 2754 439 744 2755 410 744 2756 410 745 2757 439 745 2758 440 745 2759 410 746 2760 440 746 2761 428 746 2762 393 32 2763 440 32 2764 390 32 2765 390 747 2766 440 747 2767 439 747 2768 392 748 2769 449 748 2770 393 748 2771 428 749 2772 442 749 2773 392 749 2774 392 750 2775 442 750 2776 448 750 2777 440 751 2778 441 751 2779 428 751 2780 393 752 2781 444 752 2782 440 752 2783 440 753 2784 444 753 2785 445 753 2786 428 754 2787 441 754 2788 442 754 2789 448 755 2790 442 755 2791 447 755 2792 447 756 2793 442 756 2794 443 756 2795 447 757 2796 443 757 2797 446 757 2798 446 758 2799 443 758 2800 451 758 2801 451 759 2802 443 759 2803 444 759 2804 451 760 2805 444 760 2806 393 760 2807 451 761 2808 393 761 2809 450 761 2810 450 762 2811 393 762 2812 449 762 2813 445 763 2814 441 763 2815 440 763 2816 392 764 2817 448 764 2818 449 764 2819 417 765 2820 431 766 2821 412 767 2822 412 767 2823 431 766 2824 430 768 2825 412 767 2826 430 768 2827 413 769 2828 413 769 2829 430 768 2830 429 770 2831 413 769 2832 429 770 2833 414 771 2834 414 771 2835 429 770 2836 433 772 2837 414 771 2838 433 772 2839 415 773 2840 415 773 2841 433 772 2842 432 774 2843 415 773 2844 432 774 2845 416 775 2846 416 775 2847 432 774 2848 431 766 2849 416 775 2850 431 766 2851 417 765 2852 418 776 2853 435 777 2854 419 778 2855 419 778 2856 435 777 2857 434 779 2858 419 778 2859 434 779 2860 420 780 2861 420 780 2862 434 779 2863 438 781 2864 420 780 2865 438 781 2866 421 782 2867 421 782 2868 438 781 2869 437 783 2870 421 782 2871 437 783 2872 422 784 2873 422 784 2874 437 783 2875 436 785 2876 422 784 2877 436 785 2878 418 776 2879 418 776 2880 436 785 2881 435 777 2882 401 786 2883 449 787 2884 396 788 2885 396 788 2886 449 787 2887 448 789 2888 396 788 2889 448 789 2890 397 790 2891 397 790 2892 448 789 2893 398 791 2894 398 791 2895 448 789 2896 447 792 2897 398 791 2898 447 792 2899 399 793 2900 399 793 2901 447 792 2902 446 794 2903 399 793 2904 446 794 2905 400 795 2906 400 795 2907 446 794 2908 451 796 2909 400 795 2910 451 796 2911 401 786 2912 401 786 2913 451 796 2914 450 797 2915 401 786 2916 450 797 2917 449 787 2918 402 798 2919 443 799 2920 403 800 2921 403 800 2922 443 799 2923 442 801 2924 403 800 2925 442 801 2926 404 802 2927 404 802 2928 442 801 2929 441 803 2930 404 802 2931 441 803 2932 405 804 2933 405 804 2934 441 803 2935 445 805 2936 405 804 2937 445 805 2938 406 806 2939 406 806 2940 445 805 2941 444 807 2942 406 806 2943 444 807 2944 407 808 2945 407 808 2946 444 807 2947 443 799 2948 407 808 2949 443 799 2950 402 798 2951</p>
        </triangles>
      </mesh>
    </geometry>
  </library_geometries>
  <library_visual_scenes>
    <visual_scene id="Scene" name="Scene">
      <node id="front_tosional_manipulator_v4" name="front_tosional_manipulator v4" type="NODE">
        <matrix sid="transform">0.005 0.008660254 0 0 -0.008660254 0.005 0 0 0 0 0.01 0.0075 0 0 0 1</matrix>
        <instance_geometry url="#front_tosional_manipulator_v4_001-mesh" name="front_tosional_manipulator v4">
          <bind_material>
            <technique_common>
              <instance_material symbol="Acetal_Resin__White__003-material" target="#Acetal_Resin__White__003-material">
                <bind_vertex_input semantic="front_tosional_manipulator_v4-mesh-map-0" input_semantic="TEXCOORD" input_set="0"/>
              </instance_material>
            </technique_common>
          </bind_material>
        </instance_geometry>
      </node>
    </visual_scene>
  </library_visual_scenes>
  <scene>
    <instance_visual_scene url="#Scene"/>
  </scene>
</COLLADA>